page_id,region_id,source_sheet,source_row,source_keyword,scope_origin,scope_status,generation_allowed,hold_reason,K_present,quality_status,structure_status,similarity_status,keyword_status
candidate:tutor:kr-b300-ad6c-kr-b300-ad6c-b0a8-ad6c:region_tutor,,대구,4,대구남구,HISTORICAL_894,READY_REMOVE_DUPLICATE_H1,true,,true,HISTORICAL,HISTORICAL,HISTORICAL,HISTORICAL
candidate:tutor:kr-b300-ad6c-kr-b300-ad6c-c911-ad6c-kr-ac80-b2e8-b3d9:region_tutor,,대구,11,검단동,HISTORICAL_894,READY_REMOVE_DUPLICATE_H1,true,,true,HISTORICAL,HISTORICAL,HISTORICAL,HISTORICAL
candidate:tutor:kr-b300-ad6c-kr-b300-ad6c-c911-ad6c-kr-ace0-c131-b3d9:region_tutor,,대구,12,고성동,HISTORICAL_894,READY_REMOVE_DUPLICATE_H1,true,,true,HISTORICAL,HISTORICAL,HISTORICAL,HISTORICAL
candidate:tutor:kr-b300-ad6c-kr-b300-ad6c-c911-ad6c-kr-ad6c-c554-b3d9:region_tutor,,대구,13,구암동,HISTORICAL_894,READY_REMOVE_DUPLICATE_H1,true,,true,HISTORICAL,HISTORICAL,HISTORICAL,HISTORICAL
candidate:tutor:kr-b300-ad6c-kr-b300-ad6c-c911-ad6c-kr-ad6d-c6b0-b3d9:region_tutor,,대구,14,국우동,HISTORICAL_894,READY_REMOVE_DUPLICATE_H1,true,,true,HISTORICAL,HISTORICAL,HISTORICAL,HISTORICAL
candidate:tutor:kr-b300-ad6c-kr-b300-ad6c-c911-ad6c-kr-b300-d604-b3d9:region_tutor,,대구,15,대현동,HISTORICAL_894,READY_REMOVE_DUPLICATE_H1,true,,true,HISTORICAL,HISTORICAL,HISTORICAL,HISTORICAL
candidate:tutor:kr-b300-ad6c-kr-b300-ad6c-c911-ad6c-kr-b300-ad6c-b3d9-cc9c-b3d9:region_tutor,,대구,16,대구동천동,HISTORICAL_894,READY_REMOVE_DUPLICATE_H1,true,,true,HISTORICAL,HISTORICAL,HISTORICAL,HISTORICAL
candidate:tutor:kr-b300-ad6c-kr-b300-ad6c-c911-ad6c-kr-bcf5-d604-b3d9:region_tutor,,대구,18,복현동,HISTORICAL_894,READY_REMOVE_DUPLICATE_H1,true,,true,HISTORICAL,HISTORICAL,HISTORICAL,HISTORICAL
candidate:tutor:kr-b300-ad6c-kr-b300-ad6c-c911-ad6c-kr-c0b0-aca9-b3d9:region_tutor,,대구,19,산격동,HISTORICAL_894,READY_REMOVE_DUPLICATE_H1,true,,true,HISTORICAL,HISTORICAL,HISTORICAL,HISTORICAL
candidate:tutor:kr-b300-ad6c-kr-b300-ad6c-c911-ad6c-kr-c74d-b0b4-b3d9:region_tutor,,대구,20,읍내동,HISTORICAL_894,HOLD_CONTENT_H1,false,content_section_h1,true,HISTORICAL,HISTORICAL,HISTORICAL,HISTORICAL
candidate:tutor:kr-b300-ad6c-kr-b300-ad6c-c911-ad6c-kr-ce68-c0b0-b3d9:region_tutor,,대구,22,침산동,HISTORICAL_894,READY_REMOVE_DUPLICATE_H1,true,,true,HISTORICAL,HISTORICAL,HISTORICAL,HISTORICAL
candidate:tutor:kr-b300-ad6c-kr-b300-ad6c-c911-ad6c-kr-b300-ba85-b3d9:region_tutor,,대구,24,대명동,HISTORICAL_894,READY_REMOVE_DUPLICATE_H1,true,,true,HISTORICAL,HISTORICAL,HISTORICAL,HISTORICAL
candidate:tutor:kr-b300-ad6c-kr-b300-ad6c-c911-ad6c-kr-bd09-b355-b3d9:region_tutor,,대구,25,봉덕동,HISTORICAL_894,READY_REMOVE_DUPLICATE_H1,true,,true,HISTORICAL,HISTORICAL,HISTORICAL,HISTORICAL
candidate:tutor:kr-b300-ad6c-kr-b300-ad6c-c911-ad6c-kr-ac10-c0bc-b3d9:region_tutor,,대구,27,감삼동,HISTORICAL_894,READY_REMOVE_DUPLICATE_H1,true,,true,HISTORICAL,HISTORICAL,HISTORICAL,HISTORICAL
candidate:tutor:kr-b300-ad6c-kr-b300-ad6c-c911-ad6c-kr-b3c4-c6d0-b3d9:region_tutor,,대구,29,도원동,HISTORICAL_894,READY_REMOVE_DUPLICATE_H1,true,,true,HISTORICAL,HISTORICAL,HISTORICAL,HISTORICAL
candidate:tutor:kr-b300-ad6c-kr-b300-ad6c-c911-ad6c-kr-b450-b958-b3d9:region_tutor,,대구,30,두류동,HISTORICAL_894,READY_REMOVE_DUPLICATE_H1,true,,true,HISTORICAL,HISTORICAL,HISTORICAL,HISTORICAL
candidate:tutor:kr-b300-ad6c-kr-b300-ad6c-c911-ad6c-kr-bcf8-b3d9:region_tutor,,대구,31,본동,HISTORICAL_894,HOLD_CONTENT_H1,false,content_section_h1,true,HISTORICAL,HISTORICAL,HISTORICAL,HISTORICAL
candidate:tutor:kr-b300-ad6c-kr-b300-ad6c-c911-ad6c-kr-c0c1-c778-b3d9:region_tutor,,대구,33,상인동,HISTORICAL_894,READY_REMOVE_DUPLICATE_H1,true,,true,HISTORICAL,HISTORICAL,HISTORICAL,HISTORICAL
candidate:tutor:kr-b300-ad6c-kr-b300-ad6c-c911-ad6c-kr-c131-b2f9-b3d9:region_tutor,,대구,34,성당동,HISTORICAL_894,READY_REMOVE_DUPLICATE_H1,true,,true,HISTORICAL,HISTORICAL,HISTORICAL,HISTORICAL
candidate:tutor:kr-b300-ad6c-kr-b300-ad6c-c911-ad6c-kr-c6a9-c0b0-b3d9:region_tutor,,대구,37,용산동,HISTORICAL_894,READY_REMOVE_DUPLICATE_H1,true,,true,HISTORICAL,HISTORICAL,HISTORICAL,HISTORICAL
candidate:tutor:kr-b300-ad6c-kr-b300-ad6c-c911-ad6c-kr-c720-cc9c-b3d9:region_tutor,,대구,39,유천동,HISTORICAL_894,READY_REMOVE_DUPLICATE_H1,true,,true,HISTORICAL,HISTORICAL,HISTORICAL,HISTORICAL
candidate:tutor:kr-b300-ad6c-kr-b300-ad6c-c911-ad6c-kr-c774-ace1-b3d9:region_tutor,,대구,40,이곡동,HISTORICAL_894,READY_REMOVE_DUPLICATE_H1,true,,true,HISTORICAL,HISTORICAL,HISTORICAL,HISTORICAL
candidate:tutor:kr-b300-ad6c-kr-b300-ad6c-c911-ad6c-kr-d654-c6d0-c74d:region_tutor,,대구,44,화원읍,HISTORICAL_894,READY_REMOVE_DUPLICATE_H1,true,,true,HISTORICAL,HISTORICAL,HISTORICAL,HISTORICAL
candidate:tutor:kr-b300-ad6c-kr-b300-ad6c-c911-ad6c-kr-b2e4-c0ac-c74d:region_tutor,,대구,45,다사읍,HISTORICAL_894,HOLD_CONTENT_H1,false,content_section_h1,true,HISTORICAL,HISTORICAL,HISTORICAL,HISTORICAL
candidate:tutor:kr-b300-ad6c-kr-b300-ad6c-c911-ad6c-kr-b300-ad6c-bd88-b85c-b3d9:region_tutor,,대구,48,대구불로동,HISTORICAL_894,READY_REMOVE_DUPLICATE_H1,true,,true,HISTORICAL,HISTORICAL,HISTORICAL,HISTORICAL
candidate:tutor:kr-b300-ad6c-kr-b300-ad6c-c911-ad6c-kr-b300-b9bc-b3d9:region_tutor,,대구,49,대림동,HISTORICAL_894,READY_REMOVE_DUPLICATE_H1,true,,true,HISTORICAL,HISTORICAL,HISTORICAL,HISTORICAL
candidate:tutor:kr-b300-ad6c-kr-b300-ad6c-c911-ad6c-kr-c0ac-bcf5-b3d9:region_tutor,,대구,51,사복동,HISTORICAL_894,HOLD_CONTENT_H1,false,content_section_h1,true,HISTORICAL,HISTORICAL,HISTORICAL,HISTORICAL
candidate:tutor:kr-b300-ad6c-kr-b300-ad6c-c911-ad6c-kr-c2e0-c11c-b3d9:region_tutor,,대구,52,신서동,HISTORICAL_894,READY_REMOVE_DUPLICATE_H1,true,,true,HISTORICAL,HISTORICAL,HISTORICAL,HISTORICAL
candidate:tutor:kr-b300-ad6c-kr-b300-ad6c-c911-ad6c-kr-c2e0-c554-b3d9:region_tutor,,대구,55,신암동,HISTORICAL_894,READY_REMOVE_DUPLICATE_H1,true,,true,HISTORICAL,HISTORICAL,HISTORICAL,HISTORICAL
candidate:tutor:kr-b300-ad6c-kr-b300-ad6c-c911-ad6c-kr-c9c0-bb18-b3d9:region_tutor,,대구,58,지묘동,HISTORICAL_894,HOLD_CONTENT_H1,false,content_section_h1,true,HISTORICAL,HISTORICAL,HISTORICAL,HISTORICAL
candidate:tutor:kr-b300-ad6c-kr-b300-ad6c-c911-ad6c-kr-d6a8-baa9-b3d9:region_tutor,,대구,59,효목동,HISTORICAL_894,READY_REMOVE_DUPLICATE_H1,true,,true,HISTORICAL,HISTORICAL,HISTORICAL,HISTORICAL
candidate:tutor:kr-b300-ad6c-kr-b300-ad6c-c911-ad6c-kr-b3d9-d638-b3d9:region_tutor,,대구,60,동호동,HISTORICAL_894,READY_REMOVE_DUPLICATE_H1,true,,true,HISTORICAL,HISTORICAL,HISTORICAL,HISTORICAL
candidate:tutor:kr-b300-ad6c-kr-b300-ad6c-c911-ad6c-kr-be44-c0b0-b3d9:region_tutor,,대구,61,비산동,HISTORICAL_894,HOLD_CONTENT_H1,false,content_section_h1,true,HISTORICAL,HISTORICAL,HISTORICAL,HISTORICAL
candidate:tutor:kr-b300-ad6c-kr-b300-ad6c-c911-ad6c-kr-d3c9-b9ac-b3d9:region_tutor,,대구,62,평리동,HISTORICAL_894,READY_REMOVE_DUPLICATE_H1,true,,true,HISTORICAL,HISTORICAL,HISTORICAL,HISTORICAL
candidate:tutor:kr-b300-ad6c-kr-b300-ad6c-c911-ad6c-kr-ac00-cc9c-b3d9:region_tutor,,대구,64,가천동,HISTORICAL_894,READY_REMOVE_DUPLICATE_H1,true,,true,HISTORICAL,HISTORICAL,HISTORICAL,HISTORICAL
candidate:tutor:kr-b300-ad6c-kr-b300-ad6c-c911-ad6c-kr-ace0-baa8-b3d9:region_tutor,,대구,65,고모동,HISTORICAL_894,READY_REMOVE_DUPLICATE_H1,true,,true,HISTORICAL,HISTORICAL,HISTORICAL,HISTORICAL
candidate:tutor:kr-b300-ad6c-kr-b300-ad6c-c911-ad6c-kr-b450-c0b0-b3d9:region_tutor,,대구,67,두산동,HISTORICAL_894,READY_REMOVE_DUPLICATE_H1,true,,true,HISTORICAL,HISTORICAL,HISTORICAL,HISTORICAL
candidate:tutor:kr-b300-ad6c-kr-b300-ad6c-c911-ad6c-kr-bc94-bb3c-b3d9:region_tutor,,대구,69,범물동,HISTORICAL_894,HOLD_CONTENT_H1,false,content_section_h1,true,HISTORICAL,HISTORICAL,HISTORICAL,HISTORICAL
candidate:tutor:kr-b300-ad6c-kr-b300-ad6c-c911-ad6c-kr-bc94-c5b4-b3d9:region_tutor,,대구,70,범어동,HISTORICAL_894,READY_REMOVE_DUPLICATE_H1,true,,true,HISTORICAL,HISTORICAL,HISTORICAL,HISTORICAL
candidate:tutor:kr-b300-ad6c-kr-b300-ad6c-c911-ad6c-kr-c0ac-c6d4-b3d9:region_tutor,,대구,72,사월동,HISTORICAL_894,HOLD_CONTENT_H1,false,content_section_h1,true,HISTORICAL,HISTORICAL,HISTORICAL,HISTORICAL
candidate:tutor:kr-b300-ad6c-kr-b300-ad6c-c911-ad6c-kr-c218-c131-b3d9:region_tutor,,대구,74,수성동,HISTORICAL_894,READY_REMOVE_DUPLICATE_H1,true,,true,HISTORICAL,HISTORICAL,HISTORICAL,HISTORICAL
candidate:tutor:kr-b300-ad6c-kr-b300-ad6c-c911-ad6c-kr-c2e0-b9e4-b3d9:region_tutor,,대구,76,신매동,HISTORICAL_894,READY_REMOVE_DUPLICATE_H1,true,,true,HISTORICAL,HISTORICAL,HISTORICAL,HISTORICAL
candidate:tutor:kr-b300-ad6c-kr-b300-ad6c-c911-ad6c-kr-b300-ad6c-c911-b3d9:region_tutor,,대구,77,대구중동,HISTORICAL_894,READY_REMOVE_DUPLICATE_H1,true,,true,HISTORICAL,HISTORICAL,HISTORICAL,HISTORICAL
candidate:tutor:kr-b300-ad6c-kr-b300-ad6c-c911-ad6c-kr-d30c-b3d9:region_tutor,,대구,79,파동,HISTORICAL_894,HOLD_CONTENT_H1,false,content_section_h1,true,HISTORICAL,HISTORICAL,HISTORICAL,HISTORICAL
candidate:tutor:kr-b300-ad6c-kr-b300-ad6c-c911-ad6c-kr-d669-ae08-b3d9:region_tutor,,대구,80,황금동,HISTORICAL_894,READY_REMOVE_DUPLICATE_H1,true,,true,HISTORICAL,HISTORICAL,HISTORICAL,HISTORICAL
candidate:tutor:kr-b300-ad6c-kr-b300-ad6c-c911-ad6c-kr-b300-ad6c-b0a8-c0b0-b3d9:region_tutor,,대구,81,대구남산동,HISTORICAL_894,READY_REMOVE_DUPLICATE_H1,true,,true,HISTORICAL,HISTORICAL,HISTORICAL,HISTORICAL
candidate:tutor:kr-b300-ad6c-kr-b300-ad6c-c911-ad6c-kr-b300-bd09-b3d9:region_tutor,,대구,82,대봉동,HISTORICAL_894,READY_REMOVE_DUPLICATE_H1,true,,true,HISTORICAL,HISTORICAL,HISTORICAL,HISTORICAL
candidate:tutor:kr-b300-ad6c-kr-b300-ad6c-c911-ad6c-kr-b3d9-c131-b85c:region_tutor,,대구,83,동성로,HISTORICAL_894,READY_REMOVE_DUPLICATE_H1,true,,true,HISTORICAL,HISTORICAL,HISTORICAL,HISTORICAL
candidate:tutor:kr-b300-ad6c-kr-b300-ad6c-c911-ad6c-kr-b3d9-c778-b3d9:region_tutor,,대구,84,동인동,HISTORICAL_894,READY_REMOVE_DUPLICATE_H1,true,,true,HISTORICAL,HISTORICAL,HISTORICAL,HISTORICAL
candidate:tutor:kr-b300-ad6c-kr-b300-ad6c-c911-ad6c-kr-bd09-c0b0-b3d9:region_tutor,,대구,85,봉산동,HISTORICAL_894,READY_REMOVE_DUPLICATE_H1,true,,true,HISTORICAL,HISTORICAL,HISTORICAL,HISTORICAL
candidate:tutor:kr-b300-ad6c-kr-b300-ad6c-c911-ad6c-kr-c0bc-b355-b3d9:region_tutor,,대구,86,삼덕동,HISTORICAL_894,READY_REMOVE_DUPLICATE_H1,true,,true,HISTORICAL,HISTORICAL,HISTORICAL,HISTORICAL
candidate:tutor:kr-b300-ad6c-kr-b300-ad6c-c911-ad6c-kr-c218-cc3d-b3d9:region_tutor,,대구,87,수창동,HISTORICAL_894,READY_REMOVE_DUPLICATE_H1,true,,true,HISTORICAL,HISTORICAL,HISTORICAL,HISTORICAL
candidate:tutor:kr-b300-ad6c-kr-b300-ad6c-c911-ad6c-kr-c54c-d30c-c2dc-d2f0:region_tutor,,대구,88,알파시티,HISTORICAL_894,READY_REMOVE_DUPLICATE_H1,true,,true,HISTORICAL,HISTORICAL,HISTORICAL,HISTORICAL
candidate:tutor:kr-b300-ad6c-kr-c5f0-d638-c9c0-ad6c:region_tutor,,대구,89,연호지구,HISTORICAL_894,READY_REMOVE_DUPLICATE_H1,true,,true,HISTORICAL,HISTORICAL,HISTORICAL,HISTORICAL
candidate:tutor:kr-b300-ad6c-kr-b300-ad6c-d601-c2e0-b3c4-c2dc:region_tutor,,대구,90,대구혁신도시,HISTORICAL_894,READY_REMOVE_DUPLICATE_H1,true,,true,HISTORICAL,HISTORICAL,HISTORICAL,HISTORICAL
candidate:tutor:kr-b300-ad6c-kr-b300-ad6c-d601-c2e0-b3c4-c2dc-kr-c548-c2ec:region_tutor,,대구,91,안심,HISTORICAL_894,READY_REMOVE_DUPLICATE_H1,true,,true,HISTORICAL,HISTORICAL,HISTORICAL,HISTORICAL
candidate:tutor:kr-b300-ad6c-kr-b300-ad6c-d601-c2e0-b3c4-c2dc-kr-c774-c2dc-c544-d3f4-b9ac-c2a4:region_tutor,,대구,93,이시아폴리스,HISTORICAL_894,READY_REMOVE_DUPLICATE_H1,true,,true,HISTORICAL,HISTORICAL,HISTORICAL,HISTORICAL
candidate:tutor:kr-b300-ad6c-kr-b300-ad6c-d601-c2e0-b3c4-c2dc-kr-bc18-c6d4-b2f9:region_tutor,,대구,94,반월당,HISTORICAL_894,READY_REMOVE_DUPLICATE_H1,true,,true,HISTORICAL,HISTORICAL,HISTORICAL,HISTORICAL
candidate:tutor:kr-b300-ad6c-kr-b300-ad6c-d601-c2e0-b3c4-c2dc-kr-d14c-d06c-b178-d3f4-b9ac-c2a4:region_tutor,,대구,95,테크노폴리스,HISTORICAL_894,READY_REMOVE_DUPLICATE_H1,true,,true,HISTORICAL,HISTORICAL,HISTORICAL,HISTORICAL
candidate:tutor:kr-b300-ad6c-kr-b300-ad6c-d601-c2e0-b3c4-c2dc-kr-b17c-acf5:region_tutor,,대구,96,논공,HISTORICAL_894,READY_REMOVE_DUPLICATE_H1,true,,true,HISTORICAL,HISTORICAL,HISTORICAL,HISTORICAL
candidate:tutor:kr-b300-ad6c-kr-b300-ad6c-d601-c2e0-b3c4-c2dc-kr-ad6c-c9c0:region_tutor,,대구,97,구지,HISTORICAL_894,READY_REMOVE_DUPLICATE_H1,true,,true,HISTORICAL,HISTORICAL,HISTORICAL,HISTORICAL
candidate:tutor:kr-b300-ad6c-kr-b300-ad6c-d601-c2e0-b3c4-c2dc-kr-bd80-c0b0:region_tutor,,대구,98,부산,HISTORICAL_894,READY_REMOVE_DUPLICATE_H1,true,,true,HISTORICAL,HISTORICAL,HISTORICAL,HISTORICAL
candidate:tutor:kr-b300-ad6c-kr-ae30-c7a5-ad70:region_tutor,,대구,100,기장군,HISTORICAL_894,READY_REMOVE_DUPLICATE_H1,true,,true,HISTORICAL,HISTORICAL,HISTORICAL,HISTORICAL
candidate:tutor:kr-b300-ad6c-kr-bd80-c0b0-b0a8-ad6c:region_tutor,,대구,101,부산남구,HISTORICAL_894,READY_REMOVE_DUPLICATE_H1,true,,true,HISTORICAL,HISTORICAL,HISTORICAL,HISTORICAL
candidate:tutor:kr-b300-ad6c-kr-b3d9-b798-ad6c:region_tutor,,대구,102,동래구,HISTORICAL_894,READY_REMOVE_DUPLICATE_H1,true,,true,HISTORICAL,HISTORICAL,HISTORICAL,HISTORICAL
candidate:tutor:kr-b300-ad6c-kr-bd80-c0b0-bd81-ad6c:region_tutor,,대구,104,부산북구,HISTORICAL_894,READY_REMOVE_DUPLICATE_H1,true,,true,HISTORICAL,HISTORICAL,HISTORICAL,HISTORICAL
candidate:tutor:kr-b300-ad6c-kr-c0ac-c0c1-ad6c:region_tutor,,대구,105,사상구,HISTORICAL_894,READY_REMOVE_DUPLICATE_H1,true,,true,HISTORICAL,HISTORICAL,HISTORICAL,HISTORICAL
candidate:tutor:kr-b300-ad6c-kr-c0ac-d558-ad6c:region_tutor,,대구,106,사하구,HISTORICAL_894,HOLD_CONTENT_H1,false,content_section_h1,true,HISTORICAL,HISTORICAL,HISTORICAL,HISTORICAL
candidate:tutor:kr-b300-ad6c-kr-c5f0-c81c-ad6c:region_tutor,,대구,108,연제구,HISTORICAL_894,READY_REMOVE_DUPLICATE_H1,true,,true,HISTORICAL,HISTORICAL,HISTORICAL,HISTORICAL
candidate:tutor:kr-b300-ad6c-kr-d574-c6b4-b300-ad6c:region_tutor,,대구,109,해운대구,HISTORICAL_894,READY_REMOVE_DUPLICATE_H1,true,,true,HISTORICAL,HISTORICAL,HISTORICAL,HISTORICAL
candidate:tutor:kr-b300-ad6c-kr-d574-c6b4-b300-ad6c-kr-ad6c-c11c-b3d9:region_tutor,,대구,110,구서동,HISTORICAL_894,READY_REMOVE_DUPLICATE_H1,true,,true,HISTORICAL,HISTORICAL,HISTORICAL,HISTORICAL
candidate:tutor:kr-b300-ad6c-kr-d574-c6b4-b300-ad6c-kr-ae08-c131-b3d9:region_tutor,,대구,112,금성동,HISTORICAL_894,READY_REMOVE_DUPLICATE_H1,true,,true,HISTORICAL,HISTORICAL,HISTORICAL,HISTORICAL
candidate:tutor:kr-b300-ad6c-kr-d574-c6b4-b300-ad6c-kr-bd80-c0b0-b0a8-c0b0-b3d9:region_tutor,,대구,113,부산남산동,HISTORICAL_894,READY_REMOVE_DUPLICATE_H1,true,,true,HISTORICAL,HISTORICAL,HISTORICAL,HISTORICAL
candidate:tutor:kr-b300-ad6c-kr-d574-c6b4-b300-ad6c-kr-b178-d3ec-b3d9:region_tutor,,대구,114,노포동,HISTORICAL_894,READY_REMOVE_DUPLICATE_H1,true,,true,HISTORICAL,HISTORICAL,HISTORICAL,HISTORICAL
candidate:tutor:kr-b300-ad6c-kr-d574-c6b4-b300-ad6c-kr-b450-ad6c-b3d9:region_tutor,,대구,115,두구동,HISTORICAL_894,READY_REMOVE_DUPLICATE_H1,true,,true,HISTORICAL,HISTORICAL,HISTORICAL,HISTORICAL
candidate:tutor:kr-b300-ad6c-kr-d574-c6b4-b300-ad6c-kr-bd80-ace1-b3d9:region_tutor,,대구,116,부곡동,HISTORICAL_894,READY_REMOVE_DUPLICATE_H1,true,,true,HISTORICAL,HISTORICAL,HISTORICAL,HISTORICAL
candidate:tutor:kr-b300-ad6c-kr-d574-c6b4-b300-ad6c-kr-c120-b3d9:region_tutor,,대구,118,선동,HISTORICAL_894,HOLD_CONTENT_H1,false,content_section_h1,true,HISTORICAL,HISTORICAL,HISTORICAL,HISTORICAL
candidate:tutor:kr-b300-ad6c-kr-d574-c6b4-b300-ad6c-kr-c624-b95c-b3d9:region_tutor,,대구,119,오륜동,HISTORICAL_894,READY_REMOVE_DUPLICATE_H1,true,,true,HISTORICAL,HISTORICAL,HISTORICAL,HISTORICAL
candidate:tutor:kr-b300-ad6c-kr-d574-c6b4-b300-ad6c-kr-c7a5-c804-b3d9:region_tutor,,대구,120,장전동,HISTORICAL_894,HOLD_CONTENT_H1,false,content_section_h1,true,HISTORICAL,HISTORICAL,HISTORICAL,HISTORICAL
candidate:tutor:kr-b300-ad6c-kr-d574-c6b4-b300-ad6c-kr-ae30-c7a5-c74d:region_tutor,,대구,121,기장읍,HISTORICAL_894,READY_REMOVE_DUPLICATE_H1,true,,true,HISTORICAL,HISTORICAL,HISTORICAL,HISTORICAL
candidate:tutor:kr-b300-ad6c-kr-d574-c6b4-b300-ad6c-kr-cca0-b9c8-ba74:region_tutor,,대구,123,철마면,HISTORICAL_894,READY_REMOVE_DUPLICATE_H1,true,,true,HISTORICAL,HISTORICAL,HISTORICAL,HISTORICAL
candidate:tutor:kr-b300-ad6c-kr-d574-c6b4-b300-ad6c-kr-b300-c5f0-b3d9:region_tutor,,대구,124,대연동,HISTORICAL_894,READY_REMOVE_DUPLICATE_H1,true,,true,HISTORICAL,HISTORICAL,HISTORICAL,HISTORICAL
candidate:tutor:kr-b300-ad6c-kr-d574-c6b4-b300-ad6c-kr-c6a9-b2f9-b3d9:region_tutor,,대구,125,용당동,HISTORICAL_894,READY_REMOVE_DUPLICATE_H1,true,,true,HISTORICAL,HISTORICAL,HISTORICAL,HISTORICAL
candidate:tutor:kr-b300-ad6c-kr-d574-c6b4-b300-ad6c-kr-c6a9-d638-b3d9:region_tutor,,대구,126,용호동,HISTORICAL_894,HOLD_CONTENT_H1,false,content_section_h1,true,HISTORICAL,HISTORICAL,HISTORICAL,HISTORICAL
candidate:tutor:kr-b300-ad6c-kr-d574-c6b4-b300-ad6c-kr-b099-bbfc-b3d9:region_tutor,,대구,127,낙민동,HISTORICAL_894,READY_REMOVE_DUPLICATE_H1,true,,true,HISTORICAL,HISTORICAL,HISTORICAL,HISTORICAL
candidate:tutor:kr-b300-ad6c-kr-d574-c6b4-b300-ad6c-kr-ba85-b95c-b3d9:region_tutor,,대구,128,명륜동,HISTORICAL_894,READY_REMOVE_DUPLICATE_H1,true,,true,HISTORICAL,HISTORICAL,HISTORICAL,HISTORICAL
candidate:tutor:kr-b300-ad6c-kr-d574-c6b4-b300-ad6c-kr-bd80-c0b0-c0ac-c9c1-b3d9:region_tutor,,대구,130,부산사직동,HISTORICAL_894,HOLD_CONTENT_H1,false,content_section_h1,true,HISTORICAL,HISTORICAL,HISTORICAL,HISTORICAL
candidate:tutor:kr-b300-ad6c-kr-d574-c6b4-b300-ad6c-kr-c218-c548-b3d9:region_tutor,,대구,131,수안동,HISTORICAL_894,READY_REMOVE_DUPLICATE_H1,true,,true,HISTORICAL,HISTORICAL,HISTORICAL,HISTORICAL
candidate:tutor:kr-b300-ad6c-kr-d574-c6b4-b300-ad6c-kr-c548-b77d-b3d9:region_tutor,,대구,132,안락동,HISTORICAL_894,READY_REMOVE_DUPLICATE_H1,true,,true,HISTORICAL,HISTORICAL,HISTORICAL,HISTORICAL
candidate:tutor:kr-b300-ad6c-kr-d574-c6b4-b300-ad6c-kr-c628-cc9c-b3d9:region_tutor,,대구,133,온천동,HISTORICAL_894,READY_REMOVE_DUPLICATE_H1,true,,true,HISTORICAL,HISTORICAL,HISTORICAL,HISTORICAL
candidate:tutor:kr-b300-ad6c-kr-d574-c6b4-b300-ad6c-kr-ac00-c57c-b3d9:region_tutor,,대구,134,가야동,HISTORICAL_894,READY_REMOVE_DUPLICATE_H1,true,,true,HISTORICAL,HISTORICAL,HISTORICAL,HISTORICAL
candidate:tutor:kr-b300-ad6c-kr-d574-c6b4-b300-ad6c-kr-ac1c-ae08-b3d9:region_tutor,,대구,135,개금동,HISTORICAL_894,READY_REMOVE_DUPLICATE_H1,true,,true,HISTORICAL,HISTORICAL,HISTORICAL,HISTORICAL
candidate:tutor:kr-b300-ad6c-kr-d574-c6b4-b300-ad6c-kr-b2f9-ac10-b3d9:region_tutor,,대구,136,당감동,HISTORICAL_894,READY_REMOVE_DUPLICATE_H1,true,,true,HISTORICAL,HISTORICAL,HISTORICAL,HISTORICAL
candidate:tutor:kr-b300-ad6c-kr-d574-c6b4-b300-ad6c-kr-bd80-c804-b3d9:region_tutor,,대구,138,부전동,HISTORICAL_894,READY_REMOVE_DUPLICATE_H1,true,,true,HISTORICAL,HISTORICAL,HISTORICAL,HISTORICAL
candidate:tutor:kr-b300-ad6c-kr-d574-c6b4-b300-ad6c-kr-c5f0-c9c0-b3d9:region_tutor,,대구,140,연지동,HISTORICAL_894,READY_REMOVE_DUPLICATE_H1,true,,true,HISTORICAL,HISTORICAL,HISTORICAL,HISTORICAL
candidate:tutor:kr-b300-ad6c-kr-d574-c6b4-b300-ad6c-kr-c804-d3ec-b3d9:region_tutor,,대구,141,전포동,HISTORICAL_894,READY_REMOVE_DUPLICATE_H1,true,,true,HISTORICAL,HISTORICAL,HISTORICAL,HISTORICAL
candidate:tutor:kr-b300-ad6c-kr-d574-c6b4-b300-ad6c-kr-cd08-c74d-b3d9:region_tutor,,대구,142,초읍동,HISTORICAL_894,READY_REMOVE_DUPLICATE_H1,true,,true,HISTORICAL,HISTORICAL,HISTORICAL,HISTORICAL
candidate:tutor:kr-b300-ad6c-kr-d574-c6b4-b300-ad6c-kr-ad6c-d3ec-b3d9:region_tutor,,대구,143,구포동,HISTORICAL_894,HOLD_CONTENT_H1,false,content_section_h1,true,HISTORICAL,HISTORICAL,HISTORICAL,HISTORICAL
candidate:tutor:kr-b300-ad6c-kr-d574-c6b4-b300-ad6c-kr-b355-cc9c-b3d9:region_tutor,,대구,144,덕천동,HISTORICAL_894,READY_REMOVE_DUPLICATE_H1,true,,true,HISTORICAL,HISTORICAL,HISTORICAL,HISTORICAL
candidate:tutor:kr-b300-ad6c-kr-d574-c6b4-b300-ad6c-kr-d654-ba85-b3d9:region_tutor,,대구,146,화명동,HISTORICAL_894,READY_REMOVE_DUPLICATE_H1,true,,true,HISTORICAL,HISTORICAL,HISTORICAL,HISTORICAL
candidate:tutor:kr-b300-ad6c-kr-d574-c6b4-b300-ad6c-kr-b355-d3ec-b3d9:region_tutor,,대구,148,덕포동,HISTORICAL_894,READY_REMOVE_DUPLICATE_H1,true,,true,HISTORICAL,HISTORICAL,HISTORICAL,HISTORICAL
candidate:tutor:kr-b300-ad6c-kr-d574-c6b4-b300-ad6c-kr-baa8-b77c-b3d9:region_tutor,,대구,149,모라동,HISTORICAL_894,READY_REMOVE_DUPLICATE_H1,true,,true,HISTORICAL,HISTORICAL,HISTORICAL,HISTORICAL
candidate:tutor:kr-b300-ad6c-kr-d574-c6b4-b300-ad6c-kr-c8fc-b840-b3d9:region_tutor,,대구,150,주례동,HISTORICAL_894,HOLD_CONTENT_H1,false,content_section_h1,true,HISTORICAL,HISTORICAL,HISTORICAL,HISTORICAL
candidate:tutor:kr-b300-ad6c-kr-d574-c6b4-b300-ad6c-kr-d559-c7a5-b3d9:region_tutor,,대구,151,학장동,HISTORICAL_894,READY_REMOVE_DUPLICATE_H1,true,,true,HISTORICAL,HISTORICAL,HISTORICAL,HISTORICAL
candidate:tutor:kr-b300-ad6c-kr-d574-c6b4-b300-ad6c-kr-b9dd-bbf8-b3d9:region_tutor,,대구,156,망미동,HISTORICAL_894,READY_REMOVE_DUPLICATE_H1,true,,true,HISTORICAL,HISTORICAL,HISTORICAL,HISTORICAL
candidate:tutor:kr-b300-ad6c-kr-d574-c6b4-b300-ad6c-kr-bbfc-b77d-b3d9:region_tutor,,대구,157,민락동,HISTORICAL_894,READY_REMOVE_DUPLICATE_H1,true,,true,HISTORICAL,HISTORICAL,HISTORICAL,HISTORICAL
candidate:tutor:kr-b300-ad6c-kr-d574-c6b4-b300-ad6c-kr-c5f0-c0b0-b3d9:region_tutor,,대구,159,연산동,HISTORICAL_894,READY_REMOVE_DUPLICATE_H1,true,,true,HISTORICAL,HISTORICAL,HISTORICAL,HISTORICAL
candidate:tutor:kr-b300-ad6c-kr-d574-c6b4-b300-ad6c-kr-bc18-c5ec-b3d9:region_tutor,,대구,160,반여동,HISTORICAL_894,READY_REMOVE_DUPLICATE_H1,true,,true,HISTORICAL,HISTORICAL,HISTORICAL,HISTORICAL
candidate:tutor:kr-b300-ad6c-kr-d574-c6b4-b300-ad6c-kr-bc18-c1a1-b3d9:region_tutor,,대구,161,반송동,HISTORICAL_894,READY_REMOVE_DUPLICATE_H1,true,,true,HISTORICAL,HISTORICAL,HISTORICAL,HISTORICAL
candidate:tutor:kr-b300-ad6c-kr-d574-c6b4-b300-ad6c-kr-c6b0-b3d9:region_tutor,,대구,162,우동,HISTORICAL_894,HOLD_CONTENT_H1,false,content_section_h1,true,HISTORICAL,HISTORICAL,HISTORICAL,HISTORICAL
candidate:tutor:kr-b300-ad6c-kr-d574-c6b4-b300-ad6c-kr-bd80-c0b0-c911-b3d9:region_tutor,,대구,163,부산중동,HISTORICAL_894,READY_REMOVE_DUPLICATE_H1,true,,true,HISTORICAL,HISTORICAL,HISTORICAL,HISTORICAL
candidate:tutor:kr-b300-ad6c-kr-d574-c6b4-b300-ad6c-kr-c88c-b3d9:region_tutor,,대구,164,좌동,HISTORICAL_894,READY_REMOVE_DUPLICATE_H1,true,,true,HISTORICAL,HISTORICAL,HISTORICAL,HISTORICAL
candidate:tutor:kr-b300-ad6c-kr-d574-c6b4-b300-ad6c-kr-b300-c804:region_tutor,,대구,166,대전,HISTORICAL_894,READY_REMOVE_DUPLICATE_H1,true,,true,HISTORICAL,HISTORICAL,HISTORICAL,HISTORICAL
candidate:tutor:kr-b300-ad6c-kr-b300-b355-ad6c:region_tutor,,대구,167,대덕구,HISTORICAL_894,READY_REMOVE_DUPLICATE_H1,true,,true,HISTORICAL,HISTORICAL,HISTORICAL,HISTORICAL
candidate:tutor:kr-b300-ad6c-kr-b300-c804-c11c-ad6c:region_tutor,,대구,169,대전서구,HISTORICAL_894,READY_REMOVE_DUPLICATE_H1,true,,true,HISTORICAL,HISTORICAL,HISTORICAL,HISTORICAL
candidate:tutor:kr-b300-ad6c-kr-c720-c131-ad6c:region_tutor,,대구,170,유성구,HISTORICAL_894,READY_REMOVE_DUPLICATE_H1,true,,true,HISTORICAL,HISTORICAL,HISTORICAL,HISTORICAL
candidate:tutor:kr-b300-ad6c-kr-b300-c804-c911-ad6c-kr-be44-b798-b3d9:region_tutor,,대구,172,비래동,HISTORICAL_894,READY_REMOVE_DUPLICATE_H1,true,,true,HISTORICAL,HISTORICAL,HISTORICAL,HISTORICAL
candidate:tutor:kr-b300-ad6c-kr-b300-c804-c911-ad6c-kr-c2e0-d0c4-c9c4-b3d9:region_tutor,,대구,173,신탄진동,HISTORICAL_894,READY_REMOVE_DUPLICATE_H1,true,,true,HISTORICAL,HISTORICAL,HISTORICAL,HISTORICAL
candidate:tutor:kr-b300-ad6c-kr-b300-c804-c911-ad6c-kr-c11d-bd09-b3d9:region_tutor,,대구,174,석봉동,HISTORICAL_894,READY_REMOVE_DUPLICATE_H1,true,,true,HISTORICAL,HISTORICAL,HISTORICAL,HISTORICAL
candidate:tutor:kr-b300-ad6c-kr-b300-c804-c911-ad6c-kr-c1a1-cd0c-b3d9:region_tutor,,대구,175,송촌동,HISTORICAL_894,READY_REMOVE_DUPLICATE_H1,true,,true,HISTORICAL,HISTORICAL,HISTORICAL,HISTORICAL
candidate:tutor:kr-b300-ad6c-kr-b300-c804-c911-ad6c-kr-b300-b3d9:region_tutor,,대구,177,대동,HISTORICAL_894,READY_REMOVE_DUPLICATE_H1,true,,true,HISTORICAL,HISTORICAL,HISTORICAL,HISTORICAL
candidate:tutor:kr-b300-ad6c-kr-b300-c804-c911-ad6c-kr-c0bc-c131-b3d9:region_tutor,,대구,178,삼성동,HISTORICAL_894,READY_REMOVE_DUPLICATE_H1,true,,true,HISTORICAL,HISTORICAL,HISTORICAL,HISTORICAL
candidate:tutor:kr-b300-ad6c-kr-b300-c804-c911-ad6c-kr-c131-b0a8-b3d9:region_tutor,,대구,179,성남동,HISTORICAL_894,READY_REMOVE_DUPLICATE_H1,true,,true,HISTORICAL,HISTORICAL,HISTORICAL,HISTORICAL
candidate:tutor:kr-b300-ad6c-kr-b300-c804-c911-ad6c-kr-cc9c-b3d9:region_tutor,,대구,181,천동,HISTORICAL_894,READY_REMOVE_DUPLICATE_H1,true,,true,HISTORICAL,HISTORICAL,HISTORICAL,HISTORICAL
candidate:tutor:kr-b300-ad6c-kr-b300-c804-c911-ad6c-kr-ac00-c218-c6d0-b3d9:region_tutor,,대구,182,가수원동,HISTORICAL_894,HOLD_CONTENT_H1,false,content_section_h1,true,HISTORICAL,HISTORICAL,HISTORICAL,HISTORICAL
candidate:tutor:kr-b300-ad6c-kr-b300-c804-c911-ad6c-kr-ac00-c7a5-b3d9:region_tutor,,대구,183,가장동,HISTORICAL_894,HOLD_CONTENT_H1,false,content_section_h1,true,HISTORICAL,HISTORICAL,HISTORICAL,HISTORICAL
candidate:tutor:kr-b300-ad6c-kr-b300-c804-c911-ad6c-kr-ac08-b9c8-b3d9:region_tutor,,대구,184,갈마동,HISTORICAL_894,READY_REMOVE_DUPLICATE_H1,true,,true,HISTORICAL,HISTORICAL,HISTORICAL,HISTORICAL
candidate:tutor:kr-b300-ad6c-kr-b300-c804-c911-ad6c-kr-ad00-c800-b3d9:region_tutor,,대구,185,관저동,HISTORICAL_894,HOLD_CONTENT_H1,false,content_section_h1,true,HISTORICAL,HISTORICAL,HISTORICAL,HISTORICAL
candidate:tutor:kr-b300-ad6c-kr-b300-c804-c911-ad6c-kr-ad34-c815-b3d9:region_tutor,,대구,186,괴정동,HISTORICAL_894,READY_REMOVE_DUPLICATE_H1,true,,true,HISTORICAL,HISTORICAL,HISTORICAL,HISTORICAL
candidate:tutor:kr-b300-ad6c-kr-b300-c804-c911-ad6c-kr-b0b4-b3d9:region_tutor,,대구,187,내동,HISTORICAL_894,READY_REMOVE_DUPLICATE_H1,true,,true,HISTORICAL,HISTORICAL,HISTORICAL,HISTORICAL
candidate:tutor:kr-b300-ad6c-kr-b300-c804-c911-ad6c-kr-b3c4-b9c8-b3d9:region_tutor,,대구,188,도마동,HISTORICAL_894,READY_REMOVE_DUPLICATE_H1,true,,true,HISTORICAL,HISTORICAL,HISTORICAL,HISTORICAL
candidate:tutor:kr-b300-ad6c-kr-b300-c804-c911-ad6c-kr-b3c4-c548-b3d9:region_tutor,,대구,189,도안동,HISTORICAL_894,HOLD_CONTENT_H1,false,content_section_h1,true,HISTORICAL,HISTORICAL,HISTORICAL,HISTORICAL
candidate:tutor:kr-b300-ad6c-kr-b300-c804-c911-ad6c-kr-b454-c0b0-b3d9:region_tutor,,대구,190,둔산동,HISTORICAL_894,READY_REMOVE_DUPLICATE_H1,true,,true,HISTORICAL,HISTORICAL,HISTORICAL,HISTORICAL
candidate:tutor:kr-b300-ad6c-kr-b300-c804-c911-ad6c-kr-b9cc-b144-b3d9:region_tutor,,대구,191,만년동,HISTORICAL_894,READY_REMOVE_DUPLICATE_H1,true,,true,HISTORICAL,HISTORICAL,HISTORICAL,HISTORICAL
candidate:tutor:kr-b300-ad6c-kr-b300-c804-c911-ad6c-kr-bcc0-b3d9:region_tutor,,대구,192,변동,HISTORICAL_894,READY_REMOVE_DUPLICATE_H1,true,,true,HISTORICAL,HISTORICAL,HISTORICAL,HISTORICAL
candidate:tutor:kr-b300-ad6c-kr-b300-c804-c911-ad6c-kr-c6d4-d3c9-b3d9:region_tutor,,대구,194,월평동,HISTORICAL_894,READY_REMOVE_DUPLICATE_H1,true,,true,HISTORICAL,HISTORICAL,HISTORICAL,HISTORICAL
candidate:tutor:kr-b300-ad6c-kr-b300-c804-c911-ad6c-kr-ad00-d3c9-b3d9:region_tutor,,대구,195,관평동,HISTORICAL_894,READY_REMOVE_DUPLICATE_H1,true,,true,HISTORICAL,HISTORICAL,HISTORICAL,HISTORICAL
candidate:tutor:kr-b300-ad6c-kr-b300-c804-c911-ad6c-kr-b178-c740-b3d9:region_tutor,,대구,196,노은동,HISTORICAL_894,READY_REMOVE_DUPLICATE_H1,true,,true,HISTORICAL,HISTORICAL,HISTORICAL,HISTORICAL
candidate:tutor:kr-b300-ad6c-kr-b300-c804-c911-ad6c-kr-ad81-b3d9:region_tutor,,대구,197,궁동,HISTORICAL_894,HOLD_CONTENT_H1,false,content_section_h1,true,HISTORICAL,HISTORICAL,HISTORICAL,HISTORICAL
candidate:tutor:kr-b300-ad6c-kr-b300-c804-c911-ad6c-kr-b300-c804-bd09-ba85-b3d9:region_tutor,,대구,200,대전봉명동,HISTORICAL_894,READY_REMOVE_DUPLICATE_H1,true,,true,HISTORICAL,HISTORICAL,HISTORICAL,HISTORICAL
candidate:tutor:kr-b300-ad6c-kr-b300-c804-c911-ad6c-kr-c1a1-ac15-b3d9:region_tutor,,대구,202,송강동,HISTORICAL_894,READY_REMOVE_DUPLICATE_H1,true,,true,HISTORICAL,HISTORICAL,HISTORICAL,HISTORICAL
candidate:tutor:kr-b300-ad6c-kr-b300-c804-c911-ad6c-kr-c7a5-b300-b3d9:region_tutor,,대구,205,장대동,HISTORICAL_894,READY_REMOVE_DUPLICATE_H1,true,,true,HISTORICAL,HISTORICAL,HISTORICAL,HISTORICAL
candidate:tutor:kr-b300-ad6c-kr-b300-c804-c911-ad6c-kr-b300-d765-b3d9:region_tutor,,대구,211,대흥동,HISTORICAL_894,HOLD_CONTENT_H1,false,content_section_h1,true,HISTORICAL,HISTORICAL,HISTORICAL,HISTORICAL
candidate:tutor:kr-b300-ad6c-kr-b300-c804-c911-ad6c-kr-bb38-d654-b3d9:region_tutor,,대구,212,문화동,HISTORICAL_894,READY_REMOVE_DUPLICATE_H1,true,,true,HISTORICAL,HISTORICAL,HISTORICAL,HISTORICAL
candidate:tutor:kr-b300-ad6c-kr-b300-c804-c911-ad6c-kr-c911-cd0c-b3d9:region_tutor,,대구,213,중촌동,HISTORICAL_894,HOLD_CONTENT_H1,false,content_section_h1,true,HISTORICAL,HISTORICAL,HISTORICAL,HISTORICAL
candidate:tutor:kr-b300-ad6c-kr-b300-c804-c911-ad6c-kr-b300-c804-d0dc-d3c9-b3d9:region_tutor,,대구,214,대전태평동,HISTORICAL_894,READY_REMOVE_DUPLICATE_H1,true,,true,HISTORICAL,HISTORICAL,HISTORICAL,HISTORICAL
candidate:tutor:kr-b300-ad6c-kr-b3c4-c548-c2e0-b3c4-c2dc:region_tutor,,대구,216,도안신도시,HISTORICAL_894,READY_REMOVE_DUPLICATE_H1,true,,true,HISTORICAL,HISTORICAL,HISTORICAL,HISTORICAL
candidate:tutor:kr-b300-ad6c-kr-b178-c740-c9c0-ad6c-kr-d14c-d06c-b178-bca8-b9ac:region_tutor,,대구,218,테크노벨리,HISTORICAL_894,HOLD_CONTENT_H1,false,content_section_h1,true,HISTORICAL,HISTORICAL,HISTORICAL,HISTORICAL
candidate:tutor:kr-b300-ad6c-kr-b178-c740-c9c0-ad6c-kr-c740-d589-b3d9:region_tutor,,대구,219,은행동,HISTORICAL_894,HOLD_CONTENT_H1,false,content_section_h1,true,HISTORICAL,HISTORICAL,HISTORICAL,HISTORICAL
candidate:tutor:kr-b300-ad6c-kr-b178-c740-c9c0-ad6c-kr-c120-d654-b3d9:region_tutor,,대구,220,선화동,HISTORICAL_894,READY_REMOVE_DUPLICATE_H1,true,,true,HISTORICAL,HISTORICAL,HISTORICAL,HISTORICAL
candidate:tutor:kr-b300-ad6c-kr-b178-c740-c9c0-ad6c-kr-ad11-c8fc:region_tutor,,대구,221,광주,HISTORICAL_894,READY_REMOVE_DUPLICATE_H1,true,,true,HISTORICAL,HISTORICAL,HISTORICAL,HISTORICAL
candidate:tutor:kr-b300-ad6c-kr-ad11-c0b0-ad6c:region_tutor,,대구,222,광산구,HISTORICAL_894,READY_REMOVE_DUPLICATE_H1,true,,true,HISTORICAL,HISTORICAL,HISTORICAL,HISTORICAL
candidate:tutor:kr-b300-ad6c-kr-ad11-c8fc-c11c-ad6c:region_tutor,,대구,225,광주서구,HISTORICAL_894,READY_REMOVE_DUPLICATE_H1,true,,true,HISTORICAL,HISTORICAL,HISTORICAL,HISTORICAL
candidate:tutor:kr-b300-ad6c-kr-ad11-c8fc-c11c-ad6c-kr-c120-c554-b3d9:region_tutor,,대구,227,선암동,HISTORICAL_894,READY_REMOVE_DUPLICATE_H1,true,,true,HISTORICAL,HISTORICAL,HISTORICAL,HISTORICAL
candidate:tutor:kr-b300-ad6c-kr-ad11-c8fc-c11c-ad6c-kr-c2e0-cc3d-b3d9:region_tutor,,대구,232,신창동,HISTORICAL_894,READY_REMOVE_DUPLICATE_H1,true,,true,HISTORICAL,HISTORICAL,HISTORICAL,HISTORICAL
candidate:tutor:kr-b300-ad6c-kr-ad11-c8fc-c11c-ad6c-kr-c6d4-ace1-b3d9:region_tutor,,대구,233,월곡동,HISTORICAL_894,READY_REMOVE_DUPLICATE_H1,true,,true,HISTORICAL,HISTORICAL,HISTORICAL,HISTORICAL
candidate:tutor:kr-b300-ad6c-kr-ad11-c8fc-c11c-ad6c-kr-d751-c11d-b3d9:region_tutor,,대구,234,흑석동,HISTORICAL_894,READY_REMOVE_DUPLICATE_H1,true,,true,HISTORICAL,HISTORICAL,HISTORICAL,HISTORICAL
candidate:tutor:kr-b300-ad6c-kr-ad11-c8fc-c11c-ad6c-kr-c218-c644-b3d9:region_tutor,,대구,235,수완동,HISTORICAL_894,READY_REMOVE_DUPLICATE_H1,true,,true,HISTORICAL,HISTORICAL,HISTORICAL,HISTORICAL
candidate:tutor:kr-b300-ad6c-kr-ad11-c8fc-c11c-ad6c-kr-ad11-c8fc-c1a1-c815-b3d9:region_tutor,,대구,236,광주송정동,HISTORICAL_894,HOLD_CONTENT_H1,false,content_section_h1,true,HISTORICAL,HISTORICAL,HISTORICAL,HISTORICAL
candidate:tutor:kr-b300-ad6c-kr-ad11-c8fc-c11c-ad6c-kr-c2e0-ac00-b3d9:region_tutor,,대구,237,신가동,HISTORICAL_894,READY_REMOVE_DUPLICATE_H1,true,,true,HISTORICAL,HISTORICAL,HISTORICAL,HISTORICAL
candidate:tutor:kr-b300-ad6c-kr-ad11-c8fc-c11c-ad6c-kr-c30d-c554-b3d9:region_tutor,,대구,238,쌍암동,HISTORICAL_894,READY_REMOVE_DUPLICATE_H1,true,,true,HISTORICAL,HISTORICAL,HISTORICAL,HISTORICAL
candidate:tutor:kr-b300-ad6c-kr-ad11-c8fc-c11c-ad6c-kr-ad11-c8fc-c6b4-b0a8-b3d9:region_tutor,,대구,239,광주운남동,HISTORICAL_894,READY_REMOVE_DUPLICATE_H1,true,,true,HISTORICAL,HISTORICAL,HISTORICAL,HISTORICAL
candidate:tutor:kr-b300-ad6c-kr-ad11-c8fc-c11c-ad6c-kr-d558-b0a8-b3d9:region_tutor,,대구,240,하남동,HISTORICAL_894,READY_REMOVE_DUPLICATE_H1,true,,true,HISTORICAL,HISTORICAL,HISTORICAL,HISTORICAL
candidate:tutor:kr-b300-ad6c-kr-ad11-c8fc-c11c-ad6c-kr-bc29-b9bc-b3d9:region_tutor,,대구,241,방림동,HISTORICAL_894,READY_REMOVE_DUPLICATE_H1,true,,true,HISTORICAL,HISTORICAL,HISTORICAL,HISTORICAL
candidate:tutor:kr-b300-ad6c-kr-ad11-c8fc-c11c-ad6c-kr-bd09-c120-b3d9:region_tutor,,대구,242,봉선동,HISTORICAL_894,HOLD_CONTENT_H1,false,content_section_h1,true,HISTORICAL,HISTORICAL,HISTORICAL,HISTORICAL
candidate:tutor:kr-b300-ad6c-kr-ad11-c8fc-c11c-ad6c-kr-c6d4-c0b0-b3d9:region_tutor,,대구,243,월산동,HISTORICAL_894,READY_REMOVE_DUPLICATE_H1,true,,true,HISTORICAL,HISTORICAL,HISTORICAL,HISTORICAL
candidate:tutor:kr-b300-ad6c-kr-ad11-c8fc-c11c-ad6c-kr-d589-c554-b3d9:region_tutor,,대구,244,행암동,HISTORICAL_894,READY_REMOVE_DUPLICATE_H1,true,,true,HISTORICAL,HISTORICAL,HISTORICAL,HISTORICAL
candidate:tutor:kr-b300-ad6c-kr-ad11-c8fc-c11c-ad6c-kr-b450-c554-b3d9:region_tutor,,대구,247,두암동,HISTORICAL_894,READY_REMOVE_DUPLICATE_H1,true,,true,HISTORICAL,HISTORICAL,HISTORICAL,HISTORICAL
candidate:tutor:kr-b300-ad6c-kr-ad11-c8fc-c11c-ad6c-kr-b9e4-ace1-b3d9:region_tutor,,대구,248,매곡동,HISTORICAL_894,READY_REMOVE_DUPLICATE_H1,true,,true,HISTORICAL,HISTORICAL,HISTORICAL,HISTORICAL
candidate:tutor:kr-b300-ad6c-kr-ad11-c8fc-c11c-ad6c-kr-bb38-d765-b3d9:region_tutor,,대구,249,문흥동,HISTORICAL_894,READY_REMOVE_DUPLICATE_H1,true,,true,HISTORICAL,HISTORICAL,HISTORICAL,HISTORICAL
candidate:tutor:kr-b300-ad6c-kr-ad11-c8fc-c11c-ad6c-kr-c2e0-c6a9-b3d9:region_tutor,,대구,251,신용동,HISTORICAL_894,READY_REMOVE_DUPLICATE_H1,true,,true,HISTORICAL,HISTORICAL,HISTORICAL,HISTORICAL
candidate:tutor:kr-b300-ad6c-kr-ad11-c8fc-c11c-ad6c-kr-c624-ce58-b3d9:region_tutor,,대구,253,오치동,HISTORICAL_894,READY_REMOVE_DUPLICATE_H1,true,,true,HISTORICAL,HISTORICAL,HISTORICAL,HISTORICAL
candidate:tutor:kr-b300-ad6c-kr-ad11-c8fc-c11c-ad6c-kr-ad11-c8fc-c6b0-c0b0-b3d9:region_tutor,,대구,255,광주우산동,HISTORICAL_894,READY_REMOVE_DUPLICATE_H1,true,,true,HISTORICAL,HISTORICAL,HISTORICAL,HISTORICAL
candidate:tutor:kr-b300-ad6c-kr-ad11-c8fc-c11c-ad6c-kr-c6b4-c554-b3d9:region_tutor,,대구,256,운암동,HISTORICAL_894,READY_REMOVE_DUPLICATE_H1,true,,true,HISTORICAL,HISTORICAL,HISTORICAL,HISTORICAL
candidate:tutor:kr-b300-ad6c-kr-ad11-c8fc-c11c-ad6c-kr-d48d-d5a5-b3d9:region_tutor,,대구,258,풍향동,HISTORICAL_894,READY_REMOVE_DUPLICATE_H1,true,,true,HISTORICAL,HISTORICAL,HISTORICAL,HISTORICAL
candidate:tutor:kr-b300-ad6c-kr-ad11-c8fc-c11c-ad6c-kr-ad11-cc9c-b3d9:region_tutor,,대구,259,광천동,HISTORICAL_894,READY_REMOVE_DUPLICATE_H1,true,,true,HISTORICAL,HISTORICAL,HISTORICAL,HISTORICAL
candidate:tutor:kr-b300-ad6c-kr-ad11-c8fc-c11c-ad6c-kr-ae08-d638-b3d9:region_tutor,,대구,260,금호동,HISTORICAL_894,HOLD_CONTENT_H1,false,content_section_h1,true,HISTORICAL,HISTORICAL,HISTORICAL,HISTORICAL
candidate:tutor:kr-b300-ad6c-kr-ad11-c8fc-c11c-ad6c-kr-b0b4-bc29-b3d9:region_tutor,,대구,261,내방동,HISTORICAL_894,READY_REMOVE_DUPLICATE_H1,true,,true,HISTORICAL,HISTORICAL,HISTORICAL,HISTORICAL
candidate:tutor:kr-b300-ad6c-kr-ad11-c8fc-c11c-ad6c-kr-ad11-c8fc-b3d9-cc9c-b3d9:region_tutor,,대구,262,광주동천동,HISTORICAL_894,READY_REMOVE_DUPLICATE_H1,true,,true,HISTORICAL,HISTORICAL,HISTORICAL,HISTORICAL
candidate:tutor:kr-b300-ad6c-kr-ad11-c8fc-c11c-ad6c-kr-c30d-cd0c-b3d9:region_tutor,,대구,263,쌍촌동,HISTORICAL_894,READY_REMOVE_DUPLICATE_H1,true,,true,HISTORICAL,HISTORICAL,HISTORICAL,HISTORICAL
candidate:tutor:kr-b300-ad6c-kr-ad11-c8fc-c11c-ad6c-kr-ce58-d3c9-b3d9:region_tutor,,대구,264,치평동,HISTORICAL_894,READY_REMOVE_DUPLICATE_H1,true,,true,HISTORICAL,HISTORICAL,HISTORICAL,HISTORICAL
candidate:tutor:kr-b300-ad6c-kr-ad11-c8fc-c11c-ad6c-kr-d48d-c554-b3d9:region_tutor,,대구,265,풍암동,HISTORICAL_894,READY_REMOVE_DUPLICATE_H1,true,,true,HISTORICAL,HISTORICAL,HISTORICAL,HISTORICAL
candidate:tutor:kr-b300-ad6c-kr-ad11-c8fc-c11c-ad6c-kr-d654-c815-b3d9:region_tutor,,대구,266,화정동,HISTORICAL_894,READY_REMOVE_DUPLICATE_H1,true,,true,HISTORICAL,HISTORICAL,HISTORICAL,HISTORICAL
candidate:tutor:kr-b300-ad6c-kr-ad11-c8fc-c11c-ad6c-kr-c720-cd0c-b3d9:region_tutor,,대구,267,유촌동,HISTORICAL_894,READY_REMOVE_DUPLICATE_H1,true,,true,HISTORICAL,HISTORICAL,HISTORICAL,HISTORICAL
candidate:tutor:kr-b300-ad6c-kr-c0c1-bb34-c9c0-ad6c:region_tutor,,대구,268,상무지구,HISTORICAL_894,READY_REMOVE_DUPLICATE_H1,true,,true,HISTORICAL,HISTORICAL,HISTORICAL,HISTORICAL
candidate:tutor:kr-b300-ad6c-kr-ae08-d638-c9c0-ad6c:region_tutor,,대구,269,금호지구,HISTORICAL_894,READY_REMOVE_DUPLICATE_H1,true,,true,HISTORICAL,HISTORICAL,HISTORICAL,HISTORICAL
candidate:tutor:kr-b300-ad6c-kr-c9c4-c6d4-c9c0-ad6c:region_tutor,,대구,272,진월지구,HISTORICAL_894,READY_REMOVE_DUPLICATE_H1,true,,true,HISTORICAL,HISTORICAL,HISTORICAL,HISTORICAL
candidate:tutor:kr-b300-ad6c-kr-ad11-c8fc-d6a8-cc9c-c9c0-ad6c:region_tutor,,대구,273,광주효천지구,HISTORICAL_894,READY_REMOVE_DUPLICATE_H1,true,,true,HISTORICAL,HISTORICAL,HISTORICAL,HISTORICAL
candidate:tutor:kr-b300-ad6c-kr-c77c-ace1-c9c0-ad6c:region_tutor,,대구,275,일곡지구,HISTORICAL_894,READY_REMOVE_DUPLICATE_H1,true,,true,HISTORICAL,HISTORICAL,HISTORICAL,HISTORICAL
candidate:tutor:kr-b300-ad6c-kr-c591-c0b0-c9c0-ad6c:region_tutor,,대구,276,양산지구,HISTORICAL_894,READY_REMOVE_DUPLICATE_H1,true,,true,HISTORICAL,HISTORICAL,HISTORICAL,HISTORICAL
candidate:tutor:kr-b300-ad6c-kr-c218-c644-c9c0-ad6c:region_tutor,,대구,277,수완지구,HISTORICAL_894,HOLD_CONTENT_H1,false,content_section_h1,true,HISTORICAL,HISTORICAL,HISTORICAL,HISTORICAL
candidate:tutor:kr-b300-ad6c-kr-d558-b0a8-c9c0-ad6c:region_tutor,,대구,278,하남지구,HISTORICAL_894,READY_REMOVE_DUPLICATE_H1,true,,true,HISTORICAL,HISTORICAL,HISTORICAL,HISTORICAL
candidate:tutor:kr-b300-ad6c-2:region_tutor,,대구,279,첨단2지구,HISTORICAL_894,READY_REMOVE_DUPLICATE_H1,true,,true,HISTORICAL,HISTORICAL,HISTORICAL,HISTORICAL
candidate:tutor:kr-b300-ad6c-kr-c120-c6b4-c9c0-ad6c:region_tutor,,대구,280,선운지구,HISTORICAL_894,READY_REMOVE_DUPLICATE_H1,true,,true,HISTORICAL,HISTORICAL,HISTORICAL,HISTORICAL
candidate:tutor:kr-b300-ad6c-kr-c120-c6b4-c9c0-ad6c-kr-c804-c8fc:region_tutor,,대구,281,전주,HISTORICAL_894,READY_REMOVE_DUPLICATE_H1,true,,true,HISTORICAL,HISTORICAL,HISTORICAL,HISTORICAL
candidate:tutor:kr-b300-ad6c-kr-b355-c9c4-ad6c:region_tutor,,대구,282,덕진구,HISTORICAL_894,READY_REMOVE_DUPLICATE_H1,true,,true,HISTORICAL,HISTORICAL,HISTORICAL,HISTORICAL
candidate:tutor:kr-b300-ad6c-kr-c644-c0b0-ad6c:region_tutor,,대구,283,완산구,HISTORICAL_894,READY_REMOVE_DUPLICATE_H1,true,,true,HISTORICAL,HISTORICAL,HISTORICAL,HISTORICAL
candidate:tutor:kr-b300-ad6c-kr-c644-c0b0-ad6c-kr-b355-c9c4-b3d9:region_tutor,,대구,284,덕진동,HISTORICAL_894,READY_REMOVE_DUPLICATE_H1,true,,true,HISTORICAL,HISTORICAL,HISTORICAL,HISTORICAL
candidate:tutor:kr-b300-ad6c-kr-c644-c0b0-ad6c-kr-bc18-c6d4-b3d9:region_tutor,,대구,285,반월동,HISTORICAL_894,READY_REMOVE_DUPLICATE_H1,true,,true,HISTORICAL,HISTORICAL,HISTORICAL,HISTORICAL
candidate:tutor:kr-b300-ad6c-kr-c644-c0b0-ad6c-kr-c5ec-c758-b3d9:region_tutor,,대구,286,여의동,HISTORICAL_894,READY_REMOVE_DUPLICATE_H1,true,,true,HISTORICAL,HISTORICAL,HISTORICAL,HISTORICAL
candidate:tutor:kr-b300-ad6c-kr-c644-c0b0-ad6c-kr-c6b0-c544-b3d9:region_tutor,,대구,287,우아동,HISTORICAL_894,READY_REMOVE_DUPLICATE_H1,true,,true,HISTORICAL,HISTORICAL,HISTORICAL,HISTORICAL
candidate:tutor:kr-b300-ad6c-kr-c644-c0b0-ad6c-kr-c778-d6c4-b3d9:region_tutor,,대구,288,인후동,HISTORICAL_894,READY_REMOVE_DUPLICATE_H1,true,,true,HISTORICAL,HISTORICAL,HISTORICAL,HISTORICAL
candidate:tutor:kr-b300-ad6c-kr-c644-c0b0-ad6c-kr-c804-c8fc-c911-b3d9:region_tutor,,대구,289,전주중동,HISTORICAL_894,READY_REMOVE_DUPLICATE_H1,true,,true,HISTORICAL,HISTORICAL,HISTORICAL,HISTORICAL
candidate:tutor:kr-b300-ad6c-kr-c644-c0b0-ad6c-kr-ae08-c554-b3d9:region_tutor,,대구,290,금암동,HISTORICAL_894,HOLD_CONTENT_H1,false,content_section_h1,true,HISTORICAL,HISTORICAL,HISTORICAL,HISTORICAL
candidate:tutor:kr-b300-ad6c-kr-c644-c0b0-ad6c-kr-c1a1-cc9c-b3d9:region_tutor,,대구,291,송천동,HISTORICAL_894,READY_REMOVE_DUPLICATE_H1,true,,true,HISTORICAL,HISTORICAL,HISTORICAL,HISTORICAL
candidate:tutor:kr-b300-ad6c-kr-c644-c0b0-ad6c-kr-c9c4-bd81-b3d9:region_tutor,,대구,292,진북동,HISTORICAL_894,READY_REMOVE_DUPLICATE_H1,true,,true,HISTORICAL,HISTORICAL,HISTORICAL,HISTORICAL
candidate:tutor:kr-b300-ad6c-kr-c644-c0b0-ad6c-kr-b9cc-c1a1-b3d9:region_tutor,,대구,293,만송동,HISTORICAL_894,READY_REMOVE_DUPLICATE_H1,true,,true,HISTORICAL,HISTORICAL,HISTORICAL,HISTORICAL
candidate:tutor:kr-b300-ad6c-kr-c644-c0b0-ad6c-kr-c7a5-b3d9:region_tutor,,대구,294,장동,HISTORICAL_894,READY_REMOVE_DUPLICATE_H1,true,,true,HISTORICAL,HISTORICAL,HISTORICAL,HISTORICAL
candidate:tutor:kr-b300-ad6c-kr-c644-c0b0-ad6c-kr-c0bc-cc9c-b3d9:region_tutor,,대구,295,삼천동,HISTORICAL_894,READY_REMOVE_DUPLICATE_H1,true,,true,HISTORICAL,HISTORICAL,HISTORICAL,HISTORICAL
candidate:tutor:kr-b300-ad6c-kr-c644-c0b0-ad6c-kr-c11c-c2e0-b3d9:region_tutor,,대구,296,서신동,HISTORICAL_894,HOLD_CONTENT_H1,false,content_section_h1,true,HISTORICAL,HISTORICAL,HISTORICAL,HISTORICAL
candidate:tutor:kr-b300-ad6c-kr-c644-c0b0-ad6c-kr-c11c-c644-c2e0-b3d9:region_tutor,,대구,297,서완신동,HISTORICAL_894,HOLD_CONTENT_H1,false,content_section_h1,true,HISTORICAL,HISTORICAL,HISTORICAL,HISTORICAL
candidate:tutor:kr-b300-ad6c-kr-c644-c0b0-ad6c-kr-c911-d654-c0b0-b3d9:region_tutor,,대구,298,중화산동,HISTORICAL_894,READY_REMOVE_DUPLICATE_H1,true,,true,HISTORICAL,HISTORICAL,HISTORICAL,HISTORICAL
candidate:tutor:kr-b300-ad6c-kr-c644-c0b0-ad6c-kr-c804-c8fc-d0dc-d3c9-b3d9:region_tutor,,대구,299,전주태평동,HISTORICAL_894,READY_REMOVE_DUPLICATE_H1,true,,true,HISTORICAL,HISTORICAL,HISTORICAL,HISTORICAL
candidate:tutor:kr-b300-ad6c-kr-c644-c0b0-ad6c-kr-d3c9-d654-b3d9:region_tutor,,대구,300,평화동,HISTORICAL_894,READY_REMOVE_DUPLICATE_H1,true,,true,HISTORICAL,HISTORICAL,HISTORICAL,HISTORICAL
candidate:tutor:kr-b300-ad6c-kr-c644-c0b0-ad6c-kr-d48d-b0a8-b3d9:region_tutor,,대구,301,풍남동,HISTORICAL_894,READY_REMOVE_DUPLICATE_H1,true,,true,HISTORICAL,HISTORICAL,HISTORICAL,HISTORICAL
candidate:tutor:kr-b300-ad6c-kr-c644-c0b0-ad6c-kr-d6a8-c790-b3d9:region_tutor,,대구,302,효자동,HISTORICAL_894,READY_REMOVE_DUPLICATE_H1,true,,true,HISTORICAL,HISTORICAL,HISTORICAL,HISTORICAL
candidate:tutor:kr-b300-ad6c-kr-d6a8-c790-c9c0-ad6c:region_tutor,,대구,303,효자지구,HISTORICAL_894,READY_REMOVE_DUPLICATE_H1,true,,true,HISTORICAL,HISTORICAL,HISTORICAL,HISTORICAL
candidate:tutor:kr-b300-ad6c-kr-d6a8-c790-c9c0-ad6c-kr-c2e0-c2dc-ac00-c9c0:region_tutor,,대구,304,신시가지,HISTORICAL_894,HOLD_CONTENT_H1,false,content_section_h1,true,HISTORICAL,HISTORICAL,HISTORICAL,HISTORICAL
candidate:tutor:kr-b300-ad6c-kr-d6a8-c790-c9c0-ad6c-kr-c11c-bd80-c2e0-c2dc-ac00-c9c0:region_tutor,,대구,305,서부신시가지,HISTORICAL_894,READY_REMOVE_DUPLICATE_H1,true,,true,HISTORICAL,HISTORICAL,HISTORICAL,HISTORICAL
candidate:tutor:kr-b300-ad6c-kr-c804-c8fc-d6a8-cc9c-c9c0-ad6c-kr-d48d-b0a8-bb38:region_tutor,,대구,307,풍남문,HISTORICAL_894,READY_REMOVE_DUPLICATE_H1,true,,true,HISTORICAL,HISTORICAL,HISTORICAL,HISTORICAL
candidate:tutor:kr-b300-ad6c-kr-c1a1-cc9c-c9c0-ad6c:region_tutor,,대구,308,송천지구,HISTORICAL_894,READY_REMOVE_DUPLICATE_H1,true,,true,HISTORICAL,HISTORICAL,HISTORICAL,HISTORICAL
candidate:tutor:kr-b300-ad6c-kr-c804-c8fc-d601-c2e0-b3c4-c2dc:region_tutor,,대구,310,전주혁신도시,HISTORICAL_894,READY_REMOVE_DUPLICATE_H1,true,,true,HISTORICAL,HISTORICAL,HISTORICAL,HISTORICAL
candidate:tutor:kr-b300-ad6c-kr-b9cc-c131-c9c0-ad6c:region_tutor,,대구,311,만성지구,HISTORICAL_894,READY_REMOVE_DUPLICATE_H1,true,,true,HISTORICAL,HISTORICAL,HISTORICAL,HISTORICAL
candidate:tutor:kr-b300-ad6c-kr-b9cc-c131-c9c0-ad6c-kr-c6d0-c8fc:region_tutor,,대구,312,원주,HISTORICAL_894,READY_REMOVE_DUPLICATE_H1,true,,true,HISTORICAL,HISTORICAL,HISTORICAL,HISTORICAL
candidate:tutor:kr-b300-ad6c-kr-b9cc-c131-c9c0-ad6c-kr-bb34-c2e4-b3d9:region_tutor,,대구,314,무실동,HISTORICAL_894,READY_REMOVE_DUPLICATE_H1,true,,true,HISTORICAL,HISTORICAL,HISTORICAL,HISTORICAL
candidate:tutor:kr-b300-ad6c-kr-b9cc-c131-c9c0-ad6c-kr-ac1c-c6b4-b3d9:region_tutor,,대구,315,개운동,HISTORICAL_894,READY_REMOVE_DUPLICATE_H1,true,,true,HISTORICAL,HISTORICAL,HISTORICAL,HISTORICAL
candidate:tutor:kr-b300-ad6c-kr-b9cc-c131-c9c0-ad6c-kr-b2e8-ad6c-b3d9:region_tutor,,대구,316,단구동,HISTORICAL_894,READY_REMOVE_DUPLICATE_H1,true,,true,HISTORICAL,HISTORICAL,HISTORICAL,HISTORICAL
candidate:tutor:kr-b300-ad6c-kr-b9cc-c131-c9c0-ad6c-kr-c6d0-c8fc-c6b0-c0b0-b3d9:region_tutor,,대구,318,원주우산동,HISTORICAL_894,READY_REMOVE_DUPLICATE_H1,true,,true,HISTORICAL,HISTORICAL,HISTORICAL,HISTORICAL
candidate:tutor:kr-b300-ad6c-kr-b9cc-c131-c9c0-ad6c-kr-d559-c131-b3d9:region_tutor,,대구,319,학성동,HISTORICAL_894,READY_REMOVE_DUPLICATE_H1,true,,true,HISTORICAL,HISTORICAL,HISTORICAL,HISTORICAL
candidate:tutor:kr-b300-ad6c-kr-b9cc-c131-c9c0-ad6c-kr-d589-ad6c-b3d9:region_tutor,,대구,320,행구동,HISTORICAL_894,READY_REMOVE_DUPLICATE_H1,true,,true,HISTORICAL,HISTORICAL,HISTORICAL,HISTORICAL
candidate:tutor:kr-b300-ad6c-kr-c6d0-c8fc-d601-c2e0-b3c4-c2dc:region_tutor,,대구,322,원주혁신도시,HISTORICAL_894,READY_REMOVE_DUPLICATE_H1,true,,true,HISTORICAL,HISTORICAL,HISTORICAL,HISTORICAL
candidate:tutor:kr-b300-ad6c-kr-bc18-ace1-c9c0-ad6c:region_tutor,,대구,326,반곡지구,HISTORICAL_894,READY_REMOVE_DUPLICATE_H1,true,,true,HISTORICAL,HISTORICAL,HISTORICAL,HISTORICAL
candidate:tutor:kr-b300-ad6c-kr-c9c0-c815-c9c0-ad6c-kr-cd98-cc9c:region_tutor,,대구,328,춘천,HISTORICAL_894,READY_REMOVE_DUPLICATE_H1,true,,true,HISTORICAL,HISTORICAL,HISTORICAL,HISTORICAL
candidate:tutor:kr-b300-ad6c-kr-c9c0-c815-c9c0-ad6c-kr-ad50-b3d9:region_tutor,,대구,329,교동,HISTORICAL_894,READY_REMOVE_DUPLICATE_H1,true,,true,HISTORICAL,HISTORICAL,HISTORICAL,HISTORICAL
candidate:tutor:kr-b300-ad6c-kr-c9c0-c815-c9c0-ad6c-kr-adfc-d654-b3d9:region_tutor,,대구,330,근화동,HISTORICAL_894,READY_REMOVE_DUPLICATE_H1,true,,true,HISTORICAL,HISTORICAL,HISTORICAL,HISTORICAL
candidate:tutor:kr-b300-ad6c-kr-c9c0-c815-c9c0-ad6c-kr-c628-c758-b3d9:region_tutor,,대구,336,온의동,HISTORICAL_894,READY_REMOVE_DUPLICATE_H1,true,,true,HISTORICAL,HISTORICAL,HISTORICAL,HISTORICAL
candidate:tutor:kr-b300-ad6c-kr-c9c0-c815-c9c0-ad6c-kr-d6c4-d3c9-b3d9:region_tutor,,대구,337,후평동,HISTORICAL_894,READY_REMOVE_DUPLICATE_H1,true,,true,HISTORICAL,HISTORICAL,HISTORICAL,HISTORICAL
candidate:tutor:kr-b300-ad6c-kr-c9c0-c815-c9c0-ad6c-kr-d1f4-acc4-b3d9:region_tutor,,대구,338,퇴계동,HISTORICAL_894,HOLD_CONTENT_H1,false,content_section_h1,true,HISTORICAL,HISTORICAL,HISTORICAL,HISTORICAL
candidate:tutor:kr-b300-ad6c-kr-c9c0-c815-c9c0-ad6c-kr-ce60-c804-b3d9:region_tutor,,대구,339,칠전동,HISTORICAL_894,READY_REMOVE_DUPLICATE_H1,true,,true,HISTORICAL,HISTORICAL,HISTORICAL,HISTORICAL
candidate:tutor:kr-b300-ad6c-kr-d1f4-acc4-c9c0-ad6c:region_tutor,,대구,340,퇴계지구,HISTORICAL_894,HOLD_CONTENT_H1,false,content_section_h1,true,HISTORICAL,HISTORICAL,HISTORICAL,HISTORICAL
candidate:tutor:kr-b300-ad6c-kr-c11d-c0ac-c9c0-ad6c:region_tutor,,대구,341,석사지구,HISTORICAL_894,READY_REMOVE_DUPLICATE_H1,true,,true,HISTORICAL,HISTORICAL,HISTORICAL,HISTORICAL
candidate:tutor:kr-b300-ad6c-kr-d6c4-d3c9-c9c0-ad6c:region_tutor,,대구,342,후평지구,HISTORICAL_894,READY_REMOVE_DUPLICATE_H1,true,,true,HISTORICAL,HISTORICAL,HISTORICAL,HISTORICAL
candidate:tutor:kr-b300-ad6c-kr-c6b0-b450-c9c0-ad6c:region_tutor,,대구,345,우두지구,HISTORICAL_894,READY_REMOVE_DUPLICATE_H1,true,,true,HISTORICAL,HISTORICAL,HISTORICAL,HISTORICAL
candidate:tutor:kr-b300-ad6c-kr-c18c-c591-c9c0-ad6c:region_tutor,,대구,346,소양지구,HISTORICAL_894,READY_REMOVE_DUPLICATE_H1,true,,true,HISTORICAL,HISTORICAL,HISTORICAL,HISTORICAL
candidate:tutor:kr-b300-ad6c-kr-acc4-c591-ad6c:region_tutor,,대구,348,계양구,HISTORICAL_894,READY_REMOVE_DUPLICATE_H1,true,,true,HISTORICAL,HISTORICAL,HISTORICAL,HISTORICAL
candidate:tutor:kr-b300-ad6c-kr-b0a8-b3d9-ad6c:region_tutor,,대구,349,남동구,HISTORICAL_894,READY_REMOVE_DUPLICATE_H1,true,,true,HISTORICAL,HISTORICAL,HISTORICAL,HISTORICAL
candidate:tutor:kr-b300-ad6c-kr-bbf8-cd94-d640-ad6c:region_tutor,,대구,350,미추홀구,HISTORICAL_894,HOLD_CONTENT_H1,false,content_section_h1,true,HISTORICAL,HISTORICAL,HISTORICAL,HISTORICAL
candidate:tutor:kr-b300-ad6c-kr-bd80-d3c9-ad6c:region_tutor,,대구,351,부평구,HISTORICAL_894,READY_REMOVE_DUPLICATE_H1,true,,true,HISTORICAL,HISTORICAL,HISTORICAL,HISTORICAL
candidate:tutor:kr-b300-ad6c-kr-c778-cc9c-c11c-ad6c:region_tutor,,대구,352,인천서구,HISTORICAL_894,HOLD_CONTENT_H1,false,content_section_h1,true,HISTORICAL,HISTORICAL,HISTORICAL,HISTORICAL
candidate:tutor:kr-b300-ad6c-kr-c778-cc9c-c911-ad6c:region_tutor,,대구,354,인천중구,HISTORICAL_894,READY_REMOVE_DUPLICATE_H1,true,,true,HISTORICAL,HISTORICAL,HISTORICAL,HISTORICAL
candidate:tutor:kr-b300-ad6c-kr-c778-cc9c-b3d9-ad6c-kr-c791-c804-b3d9:region_tutor,,대구,356,작전동,HISTORICAL_894,READY_REMOVE_DUPLICATE_H1,true,,true,HISTORICAL,HISTORICAL,HISTORICAL,HISTORICAL
candidate:tutor:kr-b300-ad6c-kr-c778-cc9c-b3d9-ad6c-kr-acc4-c0b0-b3d9:region_tutor,,대구,357,계산동,HISTORICAL_894,READY_REMOVE_DUPLICATE_H1,true,,true,HISTORICAL,HISTORICAL,HISTORICAL,HISTORICAL
candidate:tutor:kr-b300-ad6c-kr-c778-cc9c-b3d9-ad6c-kr-bcd1-bc29-b3d9:region_tutor,,대구,359,병방동,HISTORICAL_894,READY_REMOVE_DUPLICATE_H1,true,,true,HISTORICAL,HISTORICAL,HISTORICAL,HISTORICAL
candidate:tutor:kr-b300-ad6c-kr-c778-cc9c-b3d9-ad6c-kr-ad6c-c6d4-b3d9:region_tutor,,대구,361,구월동,HISTORICAL_894,READY_REMOVE_DUPLICATE_H1,true,,true,HISTORICAL,HISTORICAL,HISTORICAL,HISTORICAL
candidate:tutor:kr-b300-ad6c-kr-c778-cc9c-b3d9-ad6c-kr-b17c-d604-b3d9:region_tutor,,대구,363,논현동,HISTORICAL_894,READY_REMOVE_DUPLICATE_H1,true,,true,HISTORICAL,HISTORICAL,HISTORICAL,HISTORICAL
candidate:tutor:kr-b300-ad6c-kr-c778-cc9c-b3d9-ad6c-kr-b3c4-b9bc-b3d9:region_tutor,,대구,364,도림동,HISTORICAL_894,READY_REMOVE_DUPLICATE_H1,true,,true,HISTORICAL,HISTORICAL,HISTORICAL,HISTORICAL
candidate:tutor:kr-b300-ad6c-kr-c778-cc9c-b3d9-ad6c-kr-c11c-cc3d-b3d9:region_tutor,,대구,365,서창동,HISTORICAL_894,READY_REMOVE_DUPLICATE_H1,true,,true,HISTORICAL,HISTORICAL,HISTORICAL,HISTORICAL
candidate:tutor:kr-b300-ad6c-kr-c778-cc9c-b3d9-ad6c-kr-b3c4-d654-b3d9:region_tutor,,대구,366,도화동,HISTORICAL_894,HOLD_CONTENT_H1,false,content_section_h1,true,HISTORICAL,HISTORICAL,HISTORICAL,HISTORICAL
candidate:tutor:kr-b300-ad6c-kr-c778-cc9c-b3d9-ad6c-kr-c778-cc9c-bb38-d559-b3d9:region_tutor,,대구,368,인천문학동,HISTORICAL_894,READY_REMOVE_DUPLICATE_H1,true,,true,HISTORICAL,HISTORICAL,HISTORICAL,HISTORICAL
candidate:tutor:kr-b300-ad6c-kr-c778-cc9c-b3d9-ad6c-kr-c6a9-d604-b3d9:region_tutor,,대구,369,용현동,HISTORICAL_894,HOLD_CONTENT_H1,false,content_section_h1,true,HISTORICAL,HISTORICAL,HISTORICAL,HISTORICAL
candidate:tutor:kr-b300-ad6c-kr-c778-cc9c-b3d9-ad6c-kr-c8fc-c548-b3d9:region_tutor,,대구,370,주안동,HISTORICAL_894,READY_REMOVE_DUPLICATE_H1,true,,true,HISTORICAL,HISTORICAL,HISTORICAL,HISTORICAL
candidate:tutor:kr-b300-ad6c-kr-c778-cc9c-b3d9-ad6c-kr-d559-c775-b3d9:region_tutor,,대구,371,학익동,HISTORICAL_894,READY_REMOVE_DUPLICATE_H1,true,,true,HISTORICAL,HISTORICAL,HISTORICAL,HISTORICAL
candidate:tutor:kr-b300-ad6c-kr-c778-cc9c-b3d9-ad6c-kr-ac08-c0b0-b3d9:region_tutor,,대구,372,갈산동,HISTORICAL_894,READY_REMOVE_DUPLICATE_H1,true,,true,HISTORICAL,HISTORICAL,HISTORICAL,HISTORICAL
candidate:tutor:kr-b300-ad6c-kr-c778-cc9c-b3d9-ad6c-kr-bd80-ac1c-b3d9:region_tutor,,대구,373,부개동,HISTORICAL_894,HOLD_CONTENT_H1,false,content_section_h1,true,HISTORICAL,HISTORICAL,HISTORICAL,HISTORICAL
candidate:tutor:kr-b300-ad6c-kr-c778-cc9c-b3d9-ad6c-kr-bd80-d3c9-b3d9:region_tutor,,대구,374,부평동,HISTORICAL_894,READY_REMOVE_DUPLICATE_H1,true,,true,HISTORICAL,HISTORICAL,HISTORICAL,HISTORICAL
candidate:tutor:kr-b300-ad6c-kr-c778-cc9c-b3d9-ad6c-kr-c0b0-ace1-b3d9:region_tutor,,대구,375,산곡동,HISTORICAL_894,HOLD_CONTENT_H1,false,content_section_h1,true,HISTORICAL,HISTORICAL,HISTORICAL,HISTORICAL
candidate:tutor:kr-b300-ad6c-kr-c778-cc9c-b3d9-ad6c-kr-c77c-c2e0-b3d9:region_tutor,,대구,377,일신동,HISTORICAL_894,READY_REMOVE_DUPLICATE_H1,true,,true,HISTORICAL,HISTORICAL,HISTORICAL,HISTORICAL
candidate:tutor:kr-b300-ad6c-kr-c778-cc9c-b3d9-ad6c-kr-ac00-c88c-b3d9:region_tutor,,대구,379,가좌동,HISTORICAL_894,READY_REMOVE_DUPLICATE_H1,true,,true,HISTORICAL,HISTORICAL,HISTORICAL,HISTORICAL
candidate:tutor:kr-b300-ad6c-kr-c778-cc9c-b3d9-ad6c-kr-b2f9-d558-b3d9:region_tutor,,대구,380,당하동,HISTORICAL_894,READY_REMOVE_DUPLICATE_H1,true,,true,HISTORICAL,HISTORICAL,HISTORICAL,HISTORICAL
candidate:tutor:kr-b300-ad6c-kr-c778-cc9c-b3d9-ad6c-kr-b9c8-c804-b3d9:region_tutor,,대구,381,마전동,HISTORICAL_894,READY_REMOVE_DUPLICATE_H1,true,,true,HISTORICAL,HISTORICAL,HISTORICAL,HISTORICAL
candidate:tutor:kr-b300-ad6c-kr-c778-cc9c-b3d9-ad6c-kr-c778-cc9c-bd88-b85c-b3d9:region_tutor,,대구,382,인천불로동,HISTORICAL_894,HOLD_CONTENT_H1,false,content_section_h1,true,HISTORICAL,HISTORICAL,HISTORICAL,HISTORICAL
candidate:tutor:kr-b300-ad6c-kr-c778-cc9c-b3d9-ad6c-kr-c11d-b0a8-b3d9:region_tutor,,대구,383,석남동,HISTORICAL_894,READY_REMOVE_DUPLICATE_H1,true,,true,HISTORICAL,HISTORICAL,HISTORICAL,HISTORICAL
candidate:tutor:kr-b300-ad6c-kr-c778-cc9c-b3d9-ad6c-kr-c2e0-d604-b3d9:region_tutor,,대구,384,신현동,HISTORICAL_894,READY_REMOVE_DUPLICATE_H1,true,,true,HISTORICAL,HISTORICAL,HISTORICAL,HISTORICAL
candidate:tutor:kr-b300-ad6c-kr-c778-cc9c-b3d9-ad6c-kr-c6d0-b2f9-b3d9:region_tutor,,대구,385,원당동,HISTORICAL_894,READY_REMOVE_DUPLICATE_H1,true,,true,HISTORICAL,HISTORICAL,HISTORICAL,HISTORICAL
candidate:tutor:kr-b300-ad6c-kr-c778-cc9c-b3d9-ad6c-kr-ccad-b77c-b3d9:region_tutor,,대구,386,청라동,HISTORICAL_894,READY_REMOVE_DUPLICATE_H1,true,,true,HISTORICAL,HISTORICAL,HISTORICAL,HISTORICAL
candidate:tutor:kr-b300-ad6c-kr-c778-cc9c-b3d9-ad6c-kr-c120-d559-b3d9:region_tutor,,대구,387,선학동,HISTORICAL_894,READY_REMOVE_DUPLICATE_H1,true,,true,HISTORICAL,HISTORICAL,HISTORICAL,HISTORICAL
candidate:tutor:kr-b300-ad6c-kr-c778-cc9c-b3d9-ad6c-kr-b3d9-cd98-b3d9:region_tutor,,대구,388,동춘동,HISTORICAL_894,READY_REMOVE_DUPLICATE_H1,true,,true,HISTORICAL,HISTORICAL,HISTORICAL,HISTORICAL
candidate:tutor:kr-b300-ad6c-kr-c778-cc9c-b3d9-ad6c-kr-c1a1-b3c4-b3d9:region_tutor,,대구,389,송도동,HISTORICAL_894,READY_REMOVE_DUPLICATE_H1,true,,true,HISTORICAL,HISTORICAL,HISTORICAL,HISTORICAL
candidate:tutor:kr-b300-ad6c-kr-c778-cc9c-b3d9-ad6c-kr-c5f0-c218-b3d9:region_tutor,,대구,390,연수동,HISTORICAL_894,READY_REMOVE_DUPLICATE_H1,true,,true,HISTORICAL,HISTORICAL,HISTORICAL,HISTORICAL
candidate:tutor:kr-b300-ad6c-kr-c778-cc9c-b3d9-ad6c-kr-c625-b828-b3d9:region_tutor,,대구,391,옥련동,HISTORICAL_894,READY_REMOVE_DUPLICATE_H1,true,,true,HISTORICAL,HISTORICAL,HISTORICAL,HISTORICAL
candidate:tutor:kr-b300-ad6c-kr-c778-cc9c-b3d9-ad6c-kr-ccad-d559-b3d9:region_tutor,,대구,392,청학동,HISTORICAL_894,READY_REMOVE_DUPLICATE_H1,true,,true,HISTORICAL,HISTORICAL,HISTORICAL,HISTORICAL
candidate:tutor:kr-b300-ad6c-kr-c778-cc9c-b3d9-ad6c-kr-c778-cc9c-c6b4-b0a8-b3d9:region_tutor,,대구,393,인천운남동,HISTORICAL_894,READY_REMOVE_DUPLICATE_H1,true,,true,HISTORICAL,HISTORICAL,HISTORICAL,HISTORICAL
candidate:tutor:kr-b300-ad6c-kr-c778-cc9c-b3d9-ad6c-kr-c6b4-bd81-b3d9:region_tutor,,대구,394,운북동,HISTORICAL_894,READY_REMOVE_DUPLICATE_H1,true,,true,HISTORICAL,HISTORICAL,HISTORICAL,HISTORICAL
candidate:tutor:kr-b300-ad6c-kr-c778-cc9c-b3d9-ad6c-kr-c911-c0b0-b3d9:region_tutor,,대구,396,중산동,HISTORICAL_894,HOLD_CONTENT_H1,false,content_section_h1,true,HISTORICAL,HISTORICAL,HISTORICAL,HISTORICAL
candidate:tutor:kr-b300-ad6c-kr-c1a1-b3c4-ad6d-c81c-b3c4-c2dc:region_tutor,,대구,397,송도국제도시,HISTORICAL_894,READY_REMOVE_DUPLICATE_H1,true,,true,HISTORICAL,HISTORICAL,HISTORICAL,HISTORICAL
candidate:tutor:kr-b300-ad6c-kr-ccad-b77c-ad6d-c81c-b3c4-c2dc:region_tutor,,대구,398,청라국제도시,HISTORICAL_894,READY_REMOVE_DUPLICATE_H1,true,,true,HISTORICAL,HISTORICAL,HISTORICAL,HISTORICAL
candidate:tutor:kr-b300-ad6c-kr-c601-c885-ad6d-c81c-b3c4-c2dc:region_tutor,,대구,399,영종국제도시,HISTORICAL_894,READY_REMOVE_DUPLICATE_H1,true,,true,HISTORICAL,HISTORICAL,HISTORICAL,HISTORICAL
candidate:tutor:kr-b300-ad6c-kr-ac80-c554-c9c0-ad6c:region_tutor,,대구,402,검암지구,HISTORICAL_894,READY_REMOVE_DUPLICATE_H1,true,,true,HISTORICAL,HISTORICAL,HISTORICAL,HISTORICAL
candidate:tutor:kr-b300-ad6c-kr-ac00-c815-c9c0-ad6c:region_tutor,,대구,403,가정지구,HISTORICAL_894,READY_REMOVE_DUPLICATE_H1,true,,true,HISTORICAL,HISTORICAL,HISTORICAL,HISTORICAL
candidate:tutor:kr-b300-ad6c-kr-c5f0-d76c-c9c0-ad6c:region_tutor,,대구,404,연희지구,HISTORICAL_894,READY_REMOVE_DUPLICATE_H1,true,,true,HISTORICAL,HISTORICAL,HISTORICAL,HISTORICAL
candidate:tutor:kr-b300-ad6c-kr-ad6c-c6d4-c9c0-ad6c:region_tutor,,대구,406,구월지구,HISTORICAL_894,READY_REMOVE_DUPLICATE_H1,true,,true,HISTORICAL,HISTORICAL,HISTORICAL,HISTORICAL
candidate:tutor:kr-b300-ad6c-kr-c8fc-c548-c9c0-ad6c:region_tutor,,대구,408,주안지구,HISTORICAL_894,READY_REMOVE_DUPLICATE_H1,true,,true,HISTORICAL,HISTORICAL,HISTORICAL,HISTORICAL
candidate:tutor:kr-b300-ad6c-kr-bd80-d3c9-c9c0-ad6c:region_tutor,,대구,409,부평지구,HISTORICAL_894,HOLD_CONTENT_H1,false,content_section_h1,true,HISTORICAL,HISTORICAL,HISTORICAL,HISTORICAL
candidate:tutor:kr-b300-ad6c-kr-c0bc-c0b0-c9c0-ad6c:region_tutor,,대구,410,삼산지구,HISTORICAL_894,READY_REMOVE_DUPLICATE_H1,true,,true,HISTORICAL,HISTORICAL,HISTORICAL,HISTORICAL
candidate:tutor:kr-b300-ad6c-kr-acc4-c0b0-c9c0-ad6c:region_tutor,,대구,411,계산지구,HISTORICAL_894,READY_REMOVE_DUPLICATE_H1,true,,true,HISTORICAL,HISTORICAL,HISTORICAL,HISTORICAL
candidate:tutor:kr-b300-ad6c-kr-c791-c804-c9c0-ad6c:region_tutor,,대구,412,작전지구,HISTORICAL_894,READY_REMOVE_DUPLICATE_H1,true,,true,HISTORICAL,HISTORICAL,HISTORICAL,HISTORICAL
candidate:tutor:kr-b300-ad6c-kr-c6d0-b2f9-c9c0-ad6c:region_tutor,,대구,414,원당지구,HISTORICAL_894,READY_REMOVE_DUPLICATE_H1,true,,true,HISTORICAL,HISTORICAL,HISTORICAL,HISTORICAL
candidate:tutor:kr-b300-ad6c-kr-b9c8-c804-c9c0-ad6c:region_tutor,,대구,415,마전지구,HISTORICAL_894,HOLD_CONTENT_H1,false,content_section_h1,true,HISTORICAL,HISTORICAL,HISTORICAL,HISTORICAL
candidate:tutor:kr-b300-ad6c-kr-b2f9-d558-c9c0-ad6c:region_tutor,,대구,416,당하지구,HISTORICAL_894,READY_REMOVE_DUPLICATE_H1,true,,true,HISTORICAL,HISTORICAL,HISTORICAL,HISTORICAL
candidate:tutor:kr-b300-ad6c-kr-c6a9-d604-c9c0-ad6c:region_tutor,,대구,417,용현지구,HISTORICAL_894,READY_REMOVE_DUPLICATE_H1,true,,true,HISTORICAL,HISTORICAL,HISTORICAL,HISTORICAL
candidate:tutor:kr-b300-ad6c-kr-d559-c775-c9c0-ad6c:region_tutor,,대구,418,학익지구,HISTORICAL_894,READY_REMOVE_DUPLICATE_H1,true,,true,HISTORICAL,HISTORICAL,HISTORICAL,HISTORICAL
candidate:tutor:kr-b300-ad6c-kr-b3c4-d654-c9c0-ad6c:region_tutor,,대구,419,도화지구,HISTORICAL_894,READY_REMOVE_DUPLICATE_H1,true,,true,HISTORICAL,HISTORICAL,HISTORICAL,HISTORICAL
candidate:tutor:kr-b300-ad6c-kr-b3d9-cd98-c9c0-ad6c:region_tutor,,대구,421,동춘지구,HISTORICAL_894,READY_REMOVE_DUPLICATE_H1,true,,true,HISTORICAL,HISTORICAL,HISTORICAL,HISTORICAL
candidate:tutor:kr-b300-ad6c-kr-c625-b828-c9c0-ad6c:region_tutor,,대구,422,옥련지구,HISTORICAL_894,READY_REMOVE_DUPLICATE_H1,true,,true,HISTORICAL,HISTORICAL,HISTORICAL,HISTORICAL
candidate:tutor:kr-b300-ad6c-kr-c1a1-d604-c9c0-ad6c:region_tutor,,대구,425,송현지구,HISTORICAL_894,READY_REMOVE_DUPLICATE_H1,true,,true,HISTORICAL,HISTORICAL,HISTORICAL,HISTORICAL
candidate:tutor:kr-b300-ad6c-kr-c1a1-b9bc-c9c0-ad6c:region_tutor,,대구,426,송림지구,HISTORICAL_894,READY_REMOVE_DUPLICATE_H1,true,,true,HISTORICAL,HISTORICAL,HISTORICAL,HISTORICAL
candidate:tutor:kr-b300-ad6c-kr-ac04-c11d-c9c0-ad6c-kr-bd80-d3c9:region_tutor,,대구,428,부평,HISTORICAL_894,READY_REMOVE_DUPLICATE_H1,true,,true,HISTORICAL,HISTORICAL,HISTORICAL,HISTORICAL
candidate:tutor:kr-b300-ad6c-kr-b3d9-b0a8-ad6c:region_tutor,,대구,430,동남구,HISTORICAL_894,HOLD_CONTENT_H1,false,content_section_h1,true,HISTORICAL,HISTORICAL,HISTORICAL,HISTORICAL
candidate:tutor:kr-b300-ad6c-kr-c11c-bd81-ad6c:region_tutor,,대구,431,서북구,HISTORICAL_894,READY_REMOVE_DUPLICATE_H1,true,,true,HISTORICAL,HISTORICAL,HISTORICAL,HISTORICAL
candidate:tutor:kr-b300-ad6c-kr-c11c-bd81-ad6c-kr-ad6c-c131-b3d9:region_tutor,,대구,432,구성동,HISTORICAL_894,READY_REMOVE_DUPLICATE_H1,true,,true,HISTORICAL,HISTORICAL,HISTORICAL,HISTORICAL
candidate:tutor:kr-b300-ad6c-kr-c11c-bd81-ad6c-kr-c6a9-ace1-b3d9:region_tutor,,대구,434,용곡동,HISTORICAL_894,HOLD_CONTENT_H1,false,content_section_h1,true,HISTORICAL,HISTORICAL,HISTORICAL,HISTORICAL
candidate:tutor:kr-b300-ad6c-kr-c11c-bd81-ad6c-kr-c2e0-bc29-b3d9:region_tutor,,대구,435,신방동,HISTORICAL_894,READY_REMOVE_DUPLICATE_H1,true,,true,HISTORICAL,HISTORICAL,HISTORICAL,HISTORICAL
candidate:tutor:kr-b300-ad6c-kr-c11c-bd81-ad6c-kr-b450-c815-b3d9:region_tutor,,대구,438,두정동,HISTORICAL_894,READY_REMOVE_DUPLICATE_H1,true,,true,HISTORICAL,HISTORICAL,HISTORICAL,HISTORICAL
candidate:tutor:kr-b300-ad6c-kr-c11c-bd81-ad6c-kr-bc31-c11d-b3d9:region_tutor,,대구,439,백석동,HISTORICAL_894,READY_REMOVE_DUPLICATE_H1,true,,true,HISTORICAL,HISTORICAL,HISTORICAL,HISTORICAL
candidate:tutor:kr-b300-ad6c-kr-c11c-bd81-ad6c-kr-bd80-b300-b3d9:region_tutor,,대구,440,부대동,HISTORICAL_894,READY_REMOVE_DUPLICATE_H1,true,,true,HISTORICAL,HISTORICAL,HISTORICAL,HISTORICAL
candidate:tutor:kr-b300-ad6c-kr-c11c-bd81-ad6c-kr-c30d-c6a9-b3d9:region_tutor,,대구,442,쌍용동,HISTORICAL_894,HOLD_CONTENT_H1,false,content_section_h1,true,HISTORICAL,HISTORICAL,HISTORICAL,HISTORICAL
candidate:tutor:kr-b300-ad6c-kr-c11c-bd81-ad6c-kr-cc28-c554-b3d9:region_tutor,,대구,445,차암동,HISTORICAL_894,READY_REMOVE_DUPLICATE_H1,true,,true,HISTORICAL,HISTORICAL,HISTORICAL,HISTORICAL
candidate:tutor:kr-b300-ad6c-kr-bd88-b2f9-c9c0-ad6c:region_tutor,,대구,446,불당지구,HISTORICAL_894,READY_REMOVE_DUPLICATE_H1,true,,true,HISTORICAL,HISTORICAL,HISTORICAL,HISTORICAL
candidate:tutor:kr-b300-ad6c-kr-bd88-b2f9-c2e0-b3c4-c2dc:region_tutor,,대구,447,불당신도시,HISTORICAL_894,READY_REMOVE_DUPLICATE_H1,true,,true,HISTORICAL,HISTORICAL,HISTORICAL,HISTORICAL
candidate:tutor:kr-b300-ad6c-kr-d0d5-c815-c9c0-ad6c:region_tutor,,대구,449,탕정지구,HISTORICAL_894,READY_REMOVE_DUPLICATE_H1,true,,true,HISTORICAL,HISTORICAL,HISTORICAL,HISTORICAL
candidate:tutor:kr-b300-ad6c-kr-bc31-c11d-c9c0-ad6c:region_tutor,,대구,450,백석지구,HISTORICAL_894,READY_REMOVE_DUPLICATE_H1,true,,true,HISTORICAL,HISTORICAL,HISTORICAL,HISTORICAL
candidate:tutor:kr-b300-ad6c-kr-c131-c131-c9c0-ad6c:region_tutor,,대구,452,성성지구,HISTORICAL_894,READY_REMOVE_DUPLICATE_H1,true,,true,HISTORICAL,HISTORICAL,HISTORICAL,HISTORICAL
candidate:tutor:kr-b300-ad6c-kr-c9c1-c0b0-c9c0-ad6c-kr-c131-d658-c0dd-d65c-ad8c:region_tutor,,대구,454,성환생활권,HISTORICAL_894,READY_REMOVE_DUPLICATE_H1,true,,true,HISTORICAL,HISTORICAL,HISTORICAL,HISTORICAL
candidate:tutor:kr-b300-ad6c-kr-ccad-b2f9-c9c0-ad6c-kr-b450-c815-c0dd-d65c-ad8c:region_tutor,,대구,458,두정생활권,HISTORICAL_894,READY_REMOVE_DUPLICATE_H1,true,,true,HISTORICAL,HISTORICAL,HISTORICAL,HISTORICAL
candidate:tutor:kr-b300-ad6c-kr-cc28-c554-c9c0-ad6c:region_tutor,,대구,459,차암지구,HISTORICAL_894,READY_REMOVE_DUPLICATE_H1,true,,true,HISTORICAL,HISTORICAL,HISTORICAL,HISTORICAL
candidate:tutor:kr-b300-ad6c-kr-cc28-c554-c9c0-ad6c-kr-ccad-c8fc:region_tutor,,대구,460,청주,HISTORICAL_894,READY_REMOVE_DUPLICATE_H1,true,,true,HISTORICAL,HISTORICAL,HISTORICAL,HISTORICAL
candidate:tutor:kr-b300-ad6c-kr-c0c1-b2f9-ad6c:region_tutor,,대구,461,상당구,HISTORICAL_894,READY_REMOVE_DUPLICATE_H1,true,,true,HISTORICAL,HISTORICAL,HISTORICAL,HISTORICAL
candidate:tutor:kr-b300-ad6c-kr-c11c-c6d0-ad6c:region_tutor,,대구,462,서원구,HISTORICAL_894,READY_REMOVE_DUPLICATE_H1,true,,true,HISTORICAL,HISTORICAL,HISTORICAL,HISTORICAL
candidate:tutor:kr-b300-ad6c-kr-ccad-c6d0-ad6c:region_tutor,,대구,463,청원구,HISTORICAL_894,READY_REMOVE_DUPLICATE_H1,true,,true,HISTORICAL,HISTORICAL,HISTORICAL,HISTORICAL
candidate:tutor:kr-b300-ad6c-kr-d765-b355-ad6c:region_tutor,,대구,464,흥덕구,HISTORICAL_894,READY_REMOVE_DUPLICATE_H1,true,,true,HISTORICAL,HISTORICAL,HISTORICAL,HISTORICAL
candidate:tutor:kr-b300-ad6c-kr-d765-b355-ad6c-kr-ae08-cc9c-b3d9:region_tutor,,대구,465,금천동,HISTORICAL_894,READY_REMOVE_DUPLICATE_H1,true,,true,HISTORICAL,HISTORICAL,HISTORICAL,HISTORICAL
candidate:tutor:kr-b300-ad6c-kr-d765-b355-ad6c-kr-bc29-c11c-b3d9:region_tutor,,대구,466,방서동,HISTORICAL_894,READY_REMOVE_DUPLICATE_H1,true,,true,HISTORICAL,HISTORICAL,HISTORICAL,HISTORICAL
candidate:tutor:kr-b300-ad6c-kr-d765-b355-ad6c-kr-c6a9-b2f4-b3d9:region_tutor,,대구,467,용담동,HISTORICAL_894,READY_REMOVE_DUPLICATE_H1,true,,true,HISTORICAL,HISTORICAL,HISTORICAL,HISTORICAL
candidate:tutor:kr-b300-ad6c-kr-d765-b355-ad6c-kr-c6a9-c554-b3d9:region_tutor,,대구,468,용암동,HISTORICAL_894,HOLD_CONTENT_H1,false,content_section_h1,true,HISTORICAL,HISTORICAL,HISTORICAL,HISTORICAL
candidate:tutor:kr-b300-ad6c-kr-d765-b355-ad6c-kr-c6a9-c815-b3d9:region_tutor,,대구,469,용정동,HISTORICAL_894,READY_REMOVE_DUPLICATE_H1,true,,true,HISTORICAL,HISTORICAL,HISTORICAL,HISTORICAL
candidate:tutor:kr-b300-ad6c-kr-d765-b355-ad6c-kr-d0d1-b3d9:region_tutor,,대구,470,탑동,HISTORICAL_894,READY_REMOVE_DUPLICATE_H1,true,,true,HISTORICAL,HISTORICAL,HISTORICAL,HISTORICAL
candidate:tutor:kr-b300-ad6c-kr-d765-b355-ad6c-kr-ac1c-c2e0-b3d9:region_tutor,,대구,471,개신동,HISTORICAL_894,READY_REMOVE_DUPLICATE_H1,true,,true,HISTORICAL,HISTORICAL,HISTORICAL,HISTORICAL
candidate:tutor:kr-b300-ad6c-kr-d765-b355-ad6c-kr-bd84-d3c9-b3d9:region_tutor,,대구,472,분평동,HISTORICAL_894,HOLD_CONTENT_H1,false,content_section_h1,true,HISTORICAL,HISTORICAL,HISTORICAL,HISTORICAL
candidate:tutor:kr-b300-ad6c-kr-d765-b355-ad6c-kr-ccad-c8fc-c0ac-c9c1-b3d9:region_tutor,,대구,473,청주사직동,HISTORICAL_894,READY_REMOVE_DUPLICATE_H1,true,,true,HISTORICAL,HISTORICAL,HISTORICAL,HISTORICAL
candidate:tutor:kr-b300-ad6c-kr-d765-b355-ad6c-kr-c0ac-cc3d-b3d9:region_tutor,,대구,474,사창동,HISTORICAL_894,READY_REMOVE_DUPLICATE_H1,true,,true,HISTORICAL,HISTORICAL,HISTORICAL,HISTORICAL
candidate:tutor:kr-b300-ad6c-kr-d765-b355-ad6c-kr-c131-d654-b3d9:region_tutor,,대구,476,성화동,HISTORICAL_894,READY_REMOVE_DUPLICATE_H1,true,,true,HISTORICAL,HISTORICAL,HISTORICAL,HISTORICAL
candidate:tutor:kr-b300-ad6c-kr-d765-b355-ad6c-kr-c218-ace1-b3d9:region_tutor,,대구,477,수곡동,HISTORICAL_894,READY_REMOVE_DUPLICATE_H1,true,,true,HISTORICAL,HISTORICAL,HISTORICAL,HISTORICAL
candidate:tutor:kr-b300-ad6c-kr-d765-b355-ad6c-kr-c8fd-b9bc-b3d9:region_tutor,,대구,478,죽림동,HISTORICAL_894,READY_REMOVE_DUPLICATE_H1,true,,true,HISTORICAL,HISTORICAL,HISTORICAL,HISTORICAL
candidate:tutor:kr-b300-ad6c-kr-d765-b355-ad6c-kr-b0b4-b355-b3d9:region_tutor,,대구,479,내덕동,HISTORICAL_894,READY_REMOVE_DUPLICATE_H1,true,,true,HISTORICAL,HISTORICAL,HISTORICAL,HISTORICAL
candidate:tutor:kr-b300-ad6c-kr-d765-b355-ad6c-kr-ac00-acbd-b3d9:region_tutor,,대구,480,가경동,HISTORICAL_894,READY_REMOVE_DUPLICATE_H1,true,,true,HISTORICAL,HISTORICAL,HISTORICAL,HISTORICAL
candidate:tutor:kr-b300-ad6c-kr-d765-b355-ad6c-kr-ac15-c11c-b3d9:region_tutor,,대구,481,강서동,HISTORICAL_894,READY_REMOVE_DUPLICATE_H1,true,,true,HISTORICAL,HISTORICAL,HISTORICAL,HISTORICAL
candidate:tutor:kr-b300-ad6c-kr-d765-b355-ad6c-kr-bcf5-b300-b3d9:region_tutor,,대구,482,복대동,HISTORICAL_894,READY_REMOVE_DUPLICATE_H1,true,,true,HISTORICAL,HISTORICAL,HISTORICAL,HISTORICAL
candidate:tutor:kr-b300-ad6c-kr-d765-b355-ad6c-kr-ccad-c8fc-bd09-ba85-b3d9:region_tutor,,대구,483,청주봉명동,HISTORICAL_894,READY_REMOVE_DUPLICATE_H1,true,,true,HISTORICAL,HISTORICAL,HISTORICAL,HISTORICAL
candidate:tutor:kr-b300-ad6c-kr-d765-b355-ad6c-kr-be44-d558-b3d9:region_tutor,,대구,484,비하동,HISTORICAL_894,HOLD_CONTENT_H1,false,content_section_h1,true,HISTORICAL,HISTORICAL,HISTORICAL,HISTORICAL
candidate:tutor:kr-b300-ad6c-kr-d765-b355-ad6c-kr-ccad-c8fc-c1a1-c815-b3d9:region_tutor,,대구,485,청주송정동,HISTORICAL_894,READY_REMOVE_DUPLICATE_H1,true,,true,HISTORICAL,HISTORICAL,HISTORICAL,HISTORICAL
candidate:tutor:kr-b300-c804-kr-b3d9-ad6c-kr-c6d0-b3d9:region_tutor,,대전,2,대전동구 원동,HISTORICAL_894,READY_REMOVE_DUPLICATE_H1,true,,true,HISTORICAL,HISTORICAL,HISTORICAL,HISTORICAL
candidate:tutor:kr-b300-c804-kr-b3d9-ad6c-kr-d6a8-b3d9:region_tutor,,대전,4,대전동구 효동,HISTORICAL_894,READY_REMOVE_DUPLICATE_H1,true,,true,HISTORICAL,HISTORICAL,HISTORICAL,HISTORICAL
candidate:tutor:kr-b300-c804-kr-b3d9-ad6c-kr-ac00-c624-b3d9:region_tutor,,대전,6,가오동,HISTORICAL_894,READY_REMOVE_DUPLICATE_H1,true,,true,HISTORICAL,HISTORICAL,HISTORICAL,HISTORICAL
candidate:tutor:kr-b300-c804-kr-b3d9-ad6c-kr-c2e0-d765-b3d9:region_tutor,,대전,7,신흥동,HISTORICAL_894,READY_REMOVE_DUPLICATE_H1,true,,true,HISTORICAL,HISTORICAL,HISTORICAL,HISTORICAL
candidate:tutor:kr-b300-c804-kr-b3d9-ad6c-kr-d310-c554-b3d9:region_tutor,,대전,8,판암동,HISTORICAL_894,READY_REMOVE_DUPLICATE_H1,true,,true,HISTORICAL,HISTORICAL,HISTORICAL,HISTORICAL
candidate:tutor:kr-b300-c804-kr-b3d9-ad6c-kr-c6a9-c6b4-b3d9:region_tutor,,대전,10,용운동,HISTORICAL_894,READY_REMOVE_DUPLICATE_H1,true,,true,HISTORICAL,HISTORICAL,HISTORICAL,HISTORICAL
candidate:tutor:kr-b300-c804-kr-b3d9-ad6c-kr-b300-b3d9:region_tutor,,대전,11,대전동구 대동,HISTORICAL_894,READY_REMOVE_DUPLICATE_H1,true,,true,HISTORICAL,HISTORICAL,HISTORICAL,HISTORICAL
candidate:tutor:kr-b300-c804-kr-b3d9-ad6c-kr-c790-c591-b3d9:region_tutor,,대전,12,자양동,HISTORICAL_894,READY_REMOVE_DUPLICATE_H1,true,,true,HISTORICAL,HISTORICAL,HISTORICAL,HISTORICAL
candidate:tutor:kr-b300-c804-kr-b3d9-ad6c-kr-c2e0-c548-b3d9:region_tutor,,대전,13,신안동,HISTORICAL_894,READY_REMOVE_DUPLICATE_H1,true,,true,HISTORICAL,HISTORICAL,HISTORICAL,HISTORICAL
candidate:tutor:kr-b300-c804-kr-b3d9-ad6c-kr-c18c-c81c-b3d9:region_tutor,,대전,14,소제동,HISTORICAL_894,READY_REMOVE_DUPLICATE_H1,true,,true,HISTORICAL,HISTORICAL,HISTORICAL,HISTORICAL
candidate:tutor:kr-b300-c804-kr-b3d9-ad6c-kr-ac00-c591-b3d9:region_tutor,,대전,15,가양동,HISTORICAL_894,READY_REMOVE_DUPLICATE_H1,true,,true,HISTORICAL,HISTORICAL,HISTORICAL,HISTORICAL
candidate:tutor:kr-b300-c804-kr-b3d9-ad6c-kr-c6a9-c804-b3d9:region_tutor,,대전,16,용전동,HISTORICAL_894,READY_REMOVE_DUPLICATE_H1,true,,true,HISTORICAL,HISTORICAL,HISTORICAL,HISTORICAL
candidate:tutor:kr-b300-c804-kr-b3d9-ad6c-kr-c131-b0a8-b3d9:region_tutor,,대전,17,성남동,HISTORICAL_894,READY_REMOVE_DUPLICATE_H1,true,,true,HISTORICAL,HISTORICAL,HISTORICAL,HISTORICAL
candidate:tutor:kr-b300-c804-kr-b3d9-ad6c-kr-d64d-b3c4-b3d9:region_tutor,,대전,18,홍도동,HISTORICAL_894,READY_REMOVE_DUPLICATE_H1,true,,true,HISTORICAL,HISTORICAL,HISTORICAL,HISTORICAL
candidate:tutor:kr-b300-c804-kr-b3d9-ad6c-kr-c0bc-c131-b3d9:region_tutor,,대전,19,삼성동,HISTORICAL_894,READY_REMOVE_DUPLICATE_H1,true,,true,HISTORICAL,HISTORICAL,HISTORICAL,HISTORICAL
candidate:tutor:kr-b300-c804-kr-b3d9-ad6c-kr-c815-b3d9:region_tutor,,대전,20,대전동구 정동,HISTORICAL_894,READY_REMOVE_DUPLICATE_H1,true,,true,HISTORICAL,HISTORICAL,HISTORICAL,HISTORICAL
candidate:tutor:kr-b300-c804-kr-b3d9-ad6c-kr-c911-b3d9:region_tutor,,대전,21,대전동구 중동,HISTORICAL_894,READY_REMOVE_DUPLICATE_H1,true,,true,HISTORICAL,HISTORICAL,HISTORICAL,HISTORICAL
candidate:tutor:kr-b300-c804-kr-b3d9-ad6c-kr-cd94-b3d9:region_tutor,,대전,22,대전동구 추동,HISTORICAL_894,READY_REMOVE_DUPLICATE_H1,true,,true,HISTORICAL,HISTORICAL,HISTORICAL,HISTORICAL
candidate:tutor:kr-b300-c804-kr-b3d9-ad6c-kr-be44-b8e1-b3d9:region_tutor,,대전,23,비룡동,HISTORICAL_894,READY_REMOVE_DUPLICATE_H1,true,,true,HISTORICAL,HISTORICAL,HISTORICAL,HISTORICAL
candidate:tutor:kr-b300-c804-kr-b3d9-ad6c-kr-c8fc-c0b0-b3d9:region_tutor,,대전,24,주산동,HISTORICAL_894,READY_REMOVE_DUPLICATE_H1,true,,true,HISTORICAL,HISTORICAL,HISTORICAL,HISTORICAL
candidate:tutor:kr-b300-c804-kr-b3d9-ad6c-kr-c6a9-acc4-b3d9:region_tutor,,대전,25,대전동구 용계동,HISTORICAL_894,READY_REMOVE_DUPLICATE_H1,true,,true,HISTORICAL,HISTORICAL,HISTORICAL,HISTORICAL
candidate:tutor:kr-b300-c804-kr-b3d9-ad6c-kr-b9c8-c0b0-b3d9:region_tutor,,대전,26,마산동,HISTORICAL_894,READY_REMOVE_DUPLICATE_H1,true,,true,HISTORICAL,HISTORICAL,HISTORICAL,HISTORICAL
candidate:tutor:kr-b300-c804-kr-b3d9-ad6c-kr-d6a8-d3c9-b3d9:region_tutor,,대전,27,효평동,HISTORICAL_894,READY_REMOVE_DUPLICATE_H1,true,,true,HISTORICAL,HISTORICAL,HISTORICAL,HISTORICAL
candidate:tutor:kr-b300-c804-kr-b3d9-ad6c-kr-c9c1-b3d9:region_tutor,,대전,28,대전동구 직동,HISTORICAL_894,READY_REMOVE_DUPLICATE_H1,true,,true,HISTORICAL,HISTORICAL,HISTORICAL,HISTORICAL
candidate:tutor:kr-b300-c804-kr-b3d9-ad6c-kr-c138-cc9c-b3d9:region_tutor,,대전,29,세천동,HISTORICAL_894,READY_REMOVE_DUPLICATE_H1,true,,true,HISTORICAL,HISTORICAL,HISTORICAL,HISTORICAL
candidate:tutor:kr-b300-c804-kr-b3d9-ad6c-kr-c2e0-c0c1-b3d9:region_tutor,,대전,30,신상동,HISTORICAL_894,READY_REMOVE_DUPLICATE_H1,true,,true,HISTORICAL,HISTORICAL,HISTORICAL,HISTORICAL
candidate:tutor:kr-b300-c804-kr-b3d9-ad6c-kr-c2e0-cd0c-b3d9:region_tutor,,대전,32,신촌동,HISTORICAL_894,HOLD_K_STRUCTURE,false,structure_review,true,HISTORICAL,HISTORICAL,HISTORICAL,HISTORICAL
candidate:tutor:kr-b300-c804-kr-b3d9-ad6c-kr-c0ac-c131-b3d9:region_tutor,,대전,33,사성동,HISTORICAL_894,READY_REMOVE_DUPLICATE_H1,true,,true,HISTORICAL,HISTORICAL,HISTORICAL,HISTORICAL
candidate:tutor:kr-b300-c804-kr-b3d9-ad6c-kr-b0b4-d0d1-b3d9:region_tutor,,대전,34,내탑동,HISTORICAL_894,READY_REMOVE_DUPLICATE_H1,true,,true,HISTORICAL,HISTORICAL,HISTORICAL,HISTORICAL
candidate:tutor:kr-b300-c804-kr-b3d9-ad6c-kr-c624-b3d9:region_tutor,,대전,35,대전동구 오동,HISTORICAL_894,READY_REMOVE_DUPLICATE_H1,true,,true,HISTORICAL,HISTORICAL,HISTORICAL,HISTORICAL
candidate:tutor:kr-b300-c804-kr-b3d9-ad6c-kr-c8fc-cd0c-b3d9:region_tutor,,대전,36,주촌동,HISTORICAL_894,READY_REMOVE_DUPLICATE_H1,true,,true,HISTORICAL,HISTORICAL,HISTORICAL,HISTORICAL
candidate:tutor:kr-b300-c804-kr-b3d9-ad6c-kr-b0ad-c6d4-b3d9:region_tutor,,대전,37,낭월동,HISTORICAL_894,READY_REMOVE_DUPLICATE_H1,true,,true,HISTORICAL,HISTORICAL,HISTORICAL,HISTORICAL
candidate:tutor:kr-b300-c804-kr-b3d9-ad6c-kr-b300-bcc4-b3d9:region_tutor,,대전,38,대별동,HISTORICAL_894,READY_REMOVE_DUPLICATE_H1,true,,true,HISTORICAL,HISTORICAL,HISTORICAL,HISTORICAL
candidate:tutor:kr-b300-c804-kr-b3d9-ad6c-kr-c774-c0ac-b3d9:region_tutor,,대전,39,이사동,HISTORICAL_894,READY_REMOVE_DUPLICATE_H1,true,,true,HISTORICAL,HISTORICAL,HISTORICAL,HISTORICAL
candidate:tutor:kr-b300-c804-kr-b3d9-ad6c-kr-b300-c131-b3d9:region_tutor,,대전,40,대성동,HISTORICAL_894,READY_REMOVE_DUPLICATE_H1,true,,true,HISTORICAL,HISTORICAL,HISTORICAL,HISTORICAL
candidate:tutor:kr-b300-c804-kr-c911-ad6c-kr-c740-d589-b3d9:region_tutor,,대전,41,은행동,HISTORICAL_894,READY_REMOVE_DUPLICATE_H1,true,,true,HISTORICAL,HISTORICAL,HISTORICAL,HISTORICAL
candidate:tutor:kr-b300-c804-kr-c911-ad6c-kr-c120-d654-b3d9:region_tutor,,대전,42,선화동,HISTORICAL_894,READY_REMOVE_DUPLICATE_H1,true,,true,HISTORICAL,HISTORICAL,HISTORICAL,HISTORICAL
candidate:tutor:kr-b300-c804-kr-c911-ad6c-kr-baa9-b3d9:region_tutor,,대전,43,대전중구 목동,HISTORICAL_894,READY_REMOVE_DUPLICATE_H1,true,,true,HISTORICAL,HISTORICAL,HISTORICAL,HISTORICAL
candidate:tutor:kr-b300-c804-kr-c911-ad6c-kr-c911-cd0c-b3d9:region_tutor,,대전,44,중촌동,HISTORICAL_894,READY_REMOVE_DUPLICATE_H1,true,,true,HISTORICAL,HISTORICAL,HISTORICAL,HISTORICAL
candidate:tutor:kr-b300-c804-kr-c911-ad6c-kr-b300-d765-b3d9:region_tutor,,대전,45,대흥동,HISTORICAL_894,READY_REMOVE_DUPLICATE_H1,true,,true,HISTORICAL,HISTORICAL,HISTORICAL,HISTORICAL
candidate:tutor:kr-b300-c804-kr-c911-ad6c-kr-bb38-cc3d-b3d9:region_tutor,,대전,46,문창동,HISTORICAL_894,READY_REMOVE_DUPLICATE_H1,true,,true,HISTORICAL,HISTORICAL,HISTORICAL,HISTORICAL
candidate:tutor:kr-b300-c804-kr-c911-ad6c-kr-c11d-ad50-b3d9:region_tutor,,대전,47,석교동,HISTORICAL_894,READY_REMOVE_DUPLICATE_H1,true,,true,HISTORICAL,HISTORICAL,HISTORICAL,HISTORICAL
candidate:tutor:kr-b300-c804-kr-c911-ad6c-kr-c625-acc4-b3d9:region_tutor,,대전,49,옥계동,HISTORICAL_894,READY_REMOVE_DUPLICATE_H1,true,,true,HISTORICAL,HISTORICAL,HISTORICAL,HISTORICAL
candidate:tutor:kr-b300-c804-kr-c911-ad6c-kr-b300-c0ac-b3d9:region_tutor,,대전,50,대사동,HISTORICAL_894,READY_REMOVE_DUPLICATE_H1,true,,true,HISTORICAL,HISTORICAL,HISTORICAL,HISTORICAL
candidate:tutor:kr-b300-c804-kr-c911-ad6c-kr-bd80-c0ac-b3d9:region_tutor,,대전,51,부사동,HISTORICAL_894,READY_REMOVE_DUPLICATE_H1,true,,true,HISTORICAL,HISTORICAL,HISTORICAL,HISTORICAL
candidate:tutor:kr-b300-c804-kr-c911-ad6c-kr-c6a9-b450-b3d9:region_tutor,,대전,52,용두동,HISTORICAL_894,READY_REMOVE_DUPLICATE_H1,true,,true,HISTORICAL,HISTORICAL,HISTORICAL,HISTORICAL
candidate:tutor:kr-b300-c804-kr-c911-ad6c-kr-d0dc-d3c9-b3d9:region_tutor,,대전,54,태평동,HISTORICAL_894,READY_REMOVE_DUPLICATE_H1,true,,true,HISTORICAL,HISTORICAL,HISTORICAL,HISTORICAL
candidate:tutor:kr-b300-c804-kr-c911-ad6c-kr-c720-cc9c-b3d9:region_tutor,,대전,55,유천동,HISTORICAL_894,READY_REMOVE_DUPLICATE_H1,true,,true,HISTORICAL,HISTORICAL,HISTORICAL,HISTORICAL
candidate:tutor:kr-b300-c804-kr-c911-ad6c-kr-bb38-d654-b3d9:region_tutor,,대전,56,문화동,HISTORICAL_894,READY_REMOVE_DUPLICATE_H1,true,,true,HISTORICAL,HISTORICAL,HISTORICAL,HISTORICAL
candidate:tutor:kr-b300-c804-kr-c911-ad6c-kr-c0b0-c131-b3d9:region_tutor,,대전,57,산성동,HISTORICAL_894,READY_REMOVE_DUPLICATE_H1,true,,true,HISTORICAL,HISTORICAL,HISTORICAL,HISTORICAL
candidate:tutor:kr-b300-c804-kr-c911-ad6c-kr-c0ac-c815-b3d9:region_tutor,,대전,58,사정동,HISTORICAL_894,READY_REMOVE_DUPLICATE_H1,true,,true,HISTORICAL,HISTORICAL,HISTORICAL,HISTORICAL
candidate:tutor:kr-b300-c804-kr-c911-ad6c-kr-c548-c601-b3d9:region_tutor,,대전,59,안영동,HISTORICAL_894,READY_REMOVE_DUPLICATE_H1,true,,true,HISTORICAL,HISTORICAL,HISTORICAL,HISTORICAL
candidate:tutor:kr-b300-c804-kr-c911-ad6c-kr-bb34-c218-b3d9:region_tutor,,대전,60,무수동,HISTORICAL_894,READY_REMOVE_DUPLICATE_H1,true,,true,HISTORICAL,HISTORICAL,HISTORICAL,HISTORICAL
candidate:tutor:kr-b300-c804-kr-c911-ad6c-kr-ad6c-c644-b3d9:region_tutor,,대전,61,구완동,HISTORICAL_894,READY_REMOVE_DUPLICATE_H1,true,,true,HISTORICAL,HISTORICAL,HISTORICAL,HISTORICAL
candidate:tutor:kr-b300-c804-kr-c911-ad6c-kr-ce68-c0b0-b3d9:region_tutor,,대전,62,침산동,HISTORICAL_894,READY_REMOVE_DUPLICATE_H1,true,,true,HISTORICAL,HISTORICAL,HISTORICAL,HISTORICAL
candidate:tutor:kr-b300-c804-kr-c911-ad6c-kr-baa9-b2ec-b3d9:region_tutor,,대전,63,목달동,HISTORICAL_894,READY_REMOVE_DUPLICATE_H1,true,,true,HISTORICAL,HISTORICAL,HISTORICAL,HISTORICAL
candidate:tutor:kr-b300-c804-kr-c911-ad6c-kr-c815-c0dd-b3d9:region_tutor,,대전,64,정생동,HISTORICAL_894,READY_REMOVE_DUPLICATE_H1,true,,true,HISTORICAL,HISTORICAL,HISTORICAL,HISTORICAL
candidate:tutor:kr-b300-c804-kr-c911-ad6c-kr-c5b4-b0a8-b3d9:region_tutor,,대전,65,어남동,HISTORICAL_894,READY_REMOVE_DUPLICATE_H1,true,,true,HISTORICAL,HISTORICAL,HISTORICAL,HISTORICAL
candidate:tutor:kr-b300-c804-kr-c911-ad6c-kr-ae08-b3d9:region_tutor,,대전,66,대전중구 금동,HISTORICAL_894,READY_REMOVE_DUPLICATE_H1,true,,true,HISTORICAL,HISTORICAL,HISTORICAL,HISTORICAL
candidate:tutor:kr-b300-c804-kr-c11c-ad6c-kr-bcf5-c218-b3d9:region_tutor,,대전,67,복수동,HISTORICAL_894,READY_REMOVE_DUPLICATE_H1,true,,true,HISTORICAL,HISTORICAL,HISTORICAL,HISTORICAL
candidate:tutor:kr-b300-c804-kr-c11c-ad6c-kr-b3c4-b9c8-b3d9:region_tutor,,대전,69,도마동,HISTORICAL_894,READY_REMOVE_DUPLICATE_H1,true,,true,HISTORICAL,HISTORICAL,HISTORICAL,HISTORICAL
candidate:tutor:kr-b300-c804-kr-c11c-ad6c-kr-c815-b9bc-b3d9:region_tutor,,대전,70,정림동,HISTORICAL_894,READY_REMOVE_DUPLICATE_H1,true,,true,HISTORICAL,HISTORICAL,HISTORICAL,HISTORICAL
candidate:tutor:kr-b300-c804-kr-c11c-ad6c-kr-c6a9-bb38-b3d9:region_tutor,,대전,71,용문동,HISTORICAL_894,READY_REMOVE_DUPLICATE_H1,true,,true,HISTORICAL,HISTORICAL,HISTORICAL,HISTORICAL
candidate:tutor:kr-b300-c804-kr-c11c-ad6c-kr-d0c4-bc29-b3d9:region_tutor,,대전,72,탄방동,HISTORICAL_894,READY_REMOVE_DUPLICATE_H1,true,,true,HISTORICAL,HISTORICAL,HISTORICAL,HISTORICAL
candidate:tutor:kr-b300-c804-kr-c11c-ad6c-kr-ad34-c815-b3d9:region_tutor,,대전,73,괴정동,HISTORICAL_894,READY_REMOVE_DUPLICATE_H1,true,,true,HISTORICAL,HISTORICAL,HISTORICAL,HISTORICAL
candidate:tutor:kr-b300-c804-kr-c11c-ad6c-kr-ac00-c7a5-b3d9:region_tutor,,대전,74,가장동,HISTORICAL_894,READY_REMOVE_DUPLICATE_H1,true,,true,HISTORICAL,HISTORICAL,HISTORICAL,HISTORICAL
candidate:tutor:kr-b300-c804-kr-c11c-ad6c-kr-b0b4-b3d9:region_tutor,,대전,75,대전서구 내동,HISTORICAL_894,READY_REMOVE_DUPLICATE_H1,true,,true,HISTORICAL,HISTORICAL,HISTORICAL,HISTORICAL
candidate:tutor:kr-b300-c804-kr-c11c-ad6c-kr-ac08-b9c8-b3d9:region_tutor,,대전,76,갈마동,HISTORICAL_894,READY_REMOVE_DUPLICATE_H1,true,,true,HISTORICAL,HISTORICAL,HISTORICAL,HISTORICAL
candidate:tutor:kr-b300-c804-kr-c11c-ad6c-kr-b454-c0b0-b3d9:region_tutor,,대전,77,둔산동,HISTORICAL_894,READY_REMOVE_DUPLICATE_H1,true,,true,HISTORICAL,HISTORICAL,HISTORICAL,HISTORICAL
candidate:tutor:kr-b300-c804-kr-c11c-ad6c-kr-c6d4-d3c9-b3d9:region_tutor,,대전,78,월평동,HISTORICAL_894,READY_REMOVE_DUPLICATE_H1,true,,true,HISTORICAL,HISTORICAL,HISTORICAL,HISTORICAL
candidate:tutor:kr-b300-c804-kr-c11c-ad6c-kr-ac00-c218-c6d0-b3d9:region_tutor,,대전,79,가수원동,HISTORICAL_894,READY_REMOVE_DUPLICATE_H1,true,,true,HISTORICAL,HISTORICAL,HISTORICAL,HISTORICAL
candidate:tutor:kr-b300-c804-kr-c11c-ad6c-kr-ad00-c800-b3d9:region_tutor,,대전,81,관저동,HISTORICAL_894,READY_REMOVE_DUPLICATE_H1,true,,true,HISTORICAL,HISTORICAL,HISTORICAL,HISTORICAL
candidate:tutor:kr-b300-c804-kr-c11c-ad6c-kr-d751-c11d-b3d9:region_tutor,,대전,82,흑석동,HISTORICAL_894,READY_REMOVE_DUPLICATE_H1,true,,true,HISTORICAL,HISTORICAL,HISTORICAL,HISTORICAL
candidate:tutor:kr-b300-c804-kr-c11c-ad6c-kr-b9e4-b178-b3d9:region_tutor,,대전,83,매노동,HISTORICAL_894,READY_REMOVE_DUPLICATE_H1,true,,true,HISTORICAL,HISTORICAL,HISTORICAL,HISTORICAL
candidate:tutor:kr-b300-c804-kr-c11c-ad6c-kr-c0b0-c9c1-b3d9:region_tutor,,대전,84,산직동,HISTORICAL_894,READY_REMOVE_DUPLICATE_H1,true,,true,HISTORICAL,HISTORICAL,HISTORICAL,HISTORICAL
candidate:tutor:kr-b300-c804-kr-c11c-ad6c-kr-c7a5-c548-b3d9:region_tutor,,대전,85,장안동,HISTORICAL_894,READY_REMOVE_DUPLICATE_H1,true,,true,HISTORICAL,HISTORICAL,HISTORICAL,HISTORICAL
candidate:tutor:kr-b300-c804-kr-c11c-ad6c-kr-d3c9-cd0c-b3d9:region_tutor,,대전,86,대전서구 평촌동,HISTORICAL_894,READY_REMOVE_DUPLICATE_H1,true,,true,HISTORICAL,HISTORICAL,HISTORICAL,HISTORICAL
candidate:tutor:kr-b300-c804-kr-c624-b3d9:region_tutor,,대전,87,대전서구 오동,HISTORICAL_894,READY_REMOVE_DUPLICATE_H1,true,,true,HISTORICAL,HISTORICAL,HISTORICAL,HISTORICAL
candidate:tutor:kr-b300-c804-kr-c11c-ad6c-kr-c6b0-ba85-b3d9:region_tutor,,대전,88,우명동,HISTORICAL_894,READY_REMOVE_DUPLICATE_H1,true,,true,HISTORICAL,HISTORICAL,HISTORICAL,HISTORICAL
candidate:tutor:kr-b300-c804-kr-c720-c131-ad6c-kr-c6d0-b0b4-b3d9:region_tutor,,대전,90,원내동,HISTORICAL_894,READY_REMOVE_DUPLICATE_H1,true,,true,HISTORICAL,HISTORICAL,HISTORICAL,HISTORICAL
candidate:tutor:kr-b300-c804-kr-c720-c131-ad6c-kr-b300-c815-b3d9:region_tutor,,대전,92,대정동,HISTORICAL_894,READY_REMOVE_DUPLICATE_H1,true,,true,HISTORICAL,HISTORICAL,HISTORICAL,HISTORICAL
candidate:tutor:kr-b300-c804-kr-c6a9-acc4-b3d9:region_tutor,,대전,93,대전유성구 용계동,HISTORICAL_894,READY_REMOVE_DUPLICATE_H1,true,,true,HISTORICAL,HISTORICAL,HISTORICAL,HISTORICAL
candidate:tutor:kr-b300-c804-kr-c720-c131-ad6c-kr-acc4-c0b0-b3d9:region_tutor,,대전,95,계산동,HISTORICAL_894,READY_REMOVE_DUPLICATE_H1,true,,true,HISTORICAL,HISTORICAL,HISTORICAL,HISTORICAL
candidate:tutor:kr-b300-c804-kr-c720-c131-ad6c-kr-c131-bd81-b3d9:region_tutor,,대전,96,성북동,HISTORICAL_894,READY_REMOVE_DUPLICATE_H1,true,,true,HISTORICAL,HISTORICAL,HISTORICAL,HISTORICAL
candidate:tutor:kr-b300-c804-kr-c720-c131-ad6c-kr-c138-b3d9:region_tutor,,대전,97,대전유성구 세동,HISTORICAL_894,READY_REMOVE_DUPLICATE_H1,true,,true,HISTORICAL,HISTORICAL,HISTORICAL,HISTORICAL
candidate:tutor:kr-b300-c804-kr-c720-c131-ad6c-kr-c1a1-c815-b3d9:region_tutor,,대전,98,송정동,HISTORICAL_894,READY_REMOVE_DUPLICATE_H1,true,,true,HISTORICAL,HISTORICAL,HISTORICAL,HISTORICAL
candidate:tutor:kr-b300-c804-kr-c720-c131-ad6c-kr-bc29-b3d9:region_tutor,,대전,99,대전유성구 방동,HISTORICAL_894,READY_REMOVE_DUPLICATE_H1,true,,true,HISTORICAL,HISTORICAL,HISTORICAL,HISTORICAL
candidate:tutor:kr-b300-c804-kr-c720-c131-ad6c-kr-bd09-ba85-b3d9:region_tutor,,대전,100,봉명동,HISTORICAL_894,READY_REMOVE_DUPLICATE_H1,true,,true,HISTORICAL,HISTORICAL,HISTORICAL,HISTORICAL
candidate:tutor:kr-b300-c804-kr-c720-c131-ad6c-kr-ad6c-c554-b3d9:region_tutor,,대전,101,구암동,HISTORICAL_894,READY_REMOVE_DUPLICATE_H1,true,,true,HISTORICAL,HISTORICAL,HISTORICAL,HISTORICAL
candidate:tutor:kr-b300-c804-kr-c720-c131-ad6c-kr-b355-ba85-b3d9:region_tutor,,대전,102,덕명동,HISTORICAL_894,READY_REMOVE_DUPLICATE_H1,true,,true,HISTORICAL,HISTORICAL,HISTORICAL,HISTORICAL
candidate:tutor:kr-b300-c804-kr-c720-c131-ad6c-kr-c0c1-b300-b3d9:region_tutor,,대전,104,상대동,HISTORICAL_894,READY_REMOVE_DUPLICATE_H1,true,,true,HISTORICAL,HISTORICAL,HISTORICAL,HISTORICAL
candidate:tutor:kr-b300-c804-kr-c720-c131-ad6c-kr-c7a5-b300-b3d9:region_tutor,,대전,106,장대동,HISTORICAL_894,READY_REMOVE_DUPLICATE_H1,true,,true,HISTORICAL,HISTORICAL,HISTORICAL,HISTORICAL
candidate:tutor:kr-b300-c804-kr-c720-c131-ad6c-kr-ac11-b3d9:region_tutor,,대전,107,대전유성구 갑동,HISTORICAL_894,READY_REMOVE_DUPLICATE_H1,true,,true,HISTORICAL,HISTORICAL,HISTORICAL,HISTORICAL
candidate:tutor:kr-b300-c804-kr-c720-c131-ad6c-kr-c9c0-c871-b3d9:region_tutor,,대전,109,지족동,HISTORICAL_894,READY_REMOVE_DUPLICATE_H1,true,,true,HISTORICAL,HISTORICAL,HISTORICAL,HISTORICAL
candidate:tutor:kr-b300-c804-kr-c720-c131-ad6c-kr-c8fd-b3d9:region_tutor,,대전,110,대전유성구 죽동,HISTORICAL_894,READY_REMOVE_DUPLICATE_H1,true,,true,HISTORICAL,HISTORICAL,HISTORICAL,HISTORICAL
candidate:tutor:kr-b300-c804-kr-c720-c131-ad6c-kr-ad81-b3d9:region_tutor,,대전,111,대전유성구 궁동,HISTORICAL_894,READY_REMOVE_DUPLICATE_H1,true,,true,HISTORICAL,HISTORICAL,HISTORICAL,HISTORICAL
candidate:tutor:kr-b300-c804-kr-c720-c131-ad6c-kr-c5b4-c740-b3d9:region_tutor,,대전,112,어은동,HISTORICAL_894,READY_REMOVE_DUPLICATE_H1,true,,true,HISTORICAL,HISTORICAL,HISTORICAL,HISTORICAL
candidate:tutor:kr-b300-c804-kr-c720-c131-ad6c-kr-ad6c-c131-b3d9:region_tutor,,대전,113,구성동,HISTORICAL_894,READY_REMOVE_DUPLICATE_H1,true,,true,HISTORICAL,HISTORICAL,HISTORICAL,HISTORICAL
candidate:tutor:kr-b300-c804-kr-c720-c131-ad6c-kr-c2e0-c131-b3d9:region_tutor,,대전,114,신성동,HISTORICAL_894,READY_REMOVE_DUPLICATE_H1,true,,true,HISTORICAL,HISTORICAL,HISTORICAL,HISTORICAL
candidate:tutor:kr-b300-c804-kr-c720-c131-ad6c-kr-ac00-c815-b3d9:region_tutor,,대전,115,가정동,HISTORICAL_894,READY_REMOVE_DUPLICATE_H1,true,,true,HISTORICAL,HISTORICAL,HISTORICAL,HISTORICAL
candidate:tutor:kr-b300-c804-kr-c720-c131-ad6c-kr-b3c4-b8e1-b3d9:region_tutor,,대전,116,도룡동,HISTORICAL_894,READY_REMOVE_DUPLICATE_H1,true,,true,HISTORICAL,HISTORICAL,HISTORICAL,HISTORICAL
candidate:tutor:kr-b300-c804-kr-c720-c131-ad6c-kr-c7a5-b3d9:region_tutor,,대전,117,대전유성구 장동,HISTORICAL_894,READY_REMOVE_DUPLICATE_H1,true,,true,HISTORICAL,HISTORICAL,HISTORICAL,HISTORICAL
candidate:tutor:kr-b300-c804-kr-c720-c131-ad6c-kr-b355-c9c4-b3d9:region_tutor,,대전,118,덕진동,HISTORICAL_894,READY_REMOVE_DUPLICATE_H1,true,,true,HISTORICAL,HISTORICAL,HISTORICAL,HISTORICAL
candidate:tutor:kr-b300-c804-kr-c720-c131-ad6c-kr-d558-ae30-b3d9:region_tutor,,대전,119,하기동,HISTORICAL_894,READY_REMOVE_DUPLICATE_H1,true,,true,HISTORICAL,HISTORICAL,HISTORICAL,HISTORICAL
candidate:tutor:kr-b300-c804-kr-c720-c131-ad6c-kr-cd94-baa9-b3d9:region_tutor,,대전,120,추목동,HISTORICAL_894,READY_REMOVE_DUPLICATE_H1,true,,true,HISTORICAL,HISTORICAL,HISTORICAL,HISTORICAL
candidate:tutor:kr-b300-c804-kr-c720-c131-ad6c-kr-c790-c6b4-b3d9:region_tutor,,대전,121,자운동,HISTORICAL_894,READY_REMOVE_DUPLICATE_H1,true,,true,HISTORICAL,HISTORICAL,HISTORICAL,HISTORICAL
candidate:tutor:kr-b300-c804-kr-c720-c131-ad6c-kr-c2e0-bd09-b3d9:region_tutor,,대전,122,신봉동,HISTORICAL_894,READY_REMOVE_DUPLICATE_H1,true,,true,HISTORICAL,HISTORICAL,HISTORICAL,HISTORICAL
candidate:tutor:kr-b300-c804-kr-c720-c131-ad6c-kr-c218-b0a8-b3d9:region_tutor,,대전,123,수남동,HISTORICAL_894,READY_REMOVE_DUPLICATE_H1,true,,true,HISTORICAL,HISTORICAL,HISTORICAL,HISTORICAL
candidate:tutor:kr-b300-c804-kr-c720-c131-ad6c-kr-c548-c0b0-b3d9:region_tutor,,대전,124,안산동,HISTORICAL_894,READY_REMOVE_DUPLICATE_H1,true,,true,HISTORICAL,HISTORICAL,HISTORICAL,HISTORICAL
candidate:tutor:kr-b300-c804-kr-c720-c131-ad6c-kr-c678-c0bc-b3d9:region_tutor,,대전,125,외삼동,HISTORICAL_894,READY_REMOVE_DUPLICATE_H1,true,,true,HISTORICAL,HISTORICAL,HISTORICAL,HISTORICAL
candidate:tutor:kr-b300-c804-kr-c720-c131-ad6c-kr-bc18-c11d-b3d9:region_tutor,,대전,126,반석동,HISTORICAL_894,READY_REMOVE_DUPLICATE_H1,true,,true,HISTORICAL,HISTORICAL,HISTORICAL,HISTORICAL
candidate:tutor:kr-b300-c804-kr-c720-c131-ad6c-kr-bb38-c9c0-b3d9:region_tutor,,대전,127,문지동,HISTORICAL_894,READY_REMOVE_DUPLICATE_H1,true,,true,HISTORICAL,HISTORICAL,HISTORICAL,HISTORICAL
candidate:tutor:kr-b300-c804-kr-c720-c131-ad6c-kr-c804-bbfc-b3d9:region_tutor,,대전,128,전민동,HISTORICAL_894,READY_REMOVE_DUPLICATE_H1,true,,true,HISTORICAL,HISTORICAL,HISTORICAL,HISTORICAL
candidate:tutor:kr-b300-c804-kr-c720-c131-ad6c-kr-c6d0-cd0c-b3d9:region_tutor,,대전,129,원촌동,HISTORICAL_894,READY_REMOVE_DUPLICATE_H1,true,,true,HISTORICAL,HISTORICAL,HISTORICAL,HISTORICAL
candidate:tutor:kr-b300-c804-kr-c720-c131-ad6c-kr-d0d1-b9bd-b3d9:region_tutor,,대전,130,탑립동,HISTORICAL_894,READY_REMOVE_DUPLICATE_H1,true,,true,HISTORICAL,HISTORICAL,HISTORICAL,HISTORICAL
candidate:tutor:kr-b300-c804-kr-c720-c131-ad6c-kr-c6a9-c0b0-b3d9:region_tutor,,대전,131,용산동,HISTORICAL_894,READY_REMOVE_DUPLICATE_H1,true,,true,HISTORICAL,HISTORICAL,HISTORICAL,HISTORICAL
candidate:tutor:kr-b300-c804-kr-c720-c131-ad6c-kr-bd09-c0b0-b3d9:region_tutor,,대전,132,봉산동,HISTORICAL_894,READY_REMOVE_DUPLICATE_H1,true,,true,HISTORICAL,HISTORICAL,HISTORICAL,HISTORICAL
candidate:tutor:kr-b300-c804-kr-c720-c131-ad6c-kr-ad00-d3c9-b3d9:region_tutor,,대전,133,관평동,HISTORICAL_894,READY_REMOVE_DUPLICATE_H1,true,,true,HISTORICAL,HISTORICAL,HISTORICAL,HISTORICAL
candidate:tutor:kr-b300-c804-kr-c720-c131-ad6c-kr-d654-c554-b3d9:region_tutor,,대전,134,화암동,HISTORICAL_894,READY_REMOVE_DUPLICATE_H1,true,,true,HISTORICAL,HISTORICAL,HISTORICAL,HISTORICAL
candidate:tutor:kr-b300-c804-kr-b300-b355-ad6c-kr-c624-c815-b3d9:region_tutor,,대전,135,오정동,HISTORICAL_894,READY_REMOVE_DUPLICATE_H1,true,,true,HISTORICAL,HISTORICAL,HISTORICAL,HISTORICAL
candidate:tutor:kr-b300-c804-kr-b300-b355-ad6c-kr-b300-d654-b3d9:region_tutor,,대전,136,대화동,HISTORICAL_894,READY_REMOVE_DUPLICATE_H1,true,,true,HISTORICAL,HISTORICAL,HISTORICAL,HISTORICAL
candidate:tutor:kr-b300-c804-kr-b300-b355-ad6c-kr-c74d-b0b4-b3d9:region_tutor,,대전,137,읍내동,HISTORICAL_894,READY_REMOVE_DUPLICATE_H1,true,,true,HISTORICAL,HISTORICAL,HISTORICAL,HISTORICAL
candidate:tutor:kr-b300-c804-kr-b300-b355-ad6c-kr-c5f0-cd95-b3d9:region_tutor,,대전,138,연축동,HISTORICAL_894,READY_REMOVE_DUPLICATE_H1,true,,true,HISTORICAL,HISTORICAL,HISTORICAL,HISTORICAL
candidate:tutor:kr-b300-c804-kr-b300-b355-ad6c-kr-c2e0-b300-b3d9:region_tutor,,대전,139,신대동,HISTORICAL_894,READY_REMOVE_DUPLICATE_H1,true,,true,HISTORICAL,HISTORICAL,HISTORICAL,HISTORICAL
candidate:tutor:kr-b300-c804-kr-b300-b355-ad6c-kr-c640-b3d9:region_tutor,,대전,140,대전대덕구 와동,HISTORICAL_894,READY_REMOVE_DUPLICATE_H1,true,,true,HISTORICAL,HISTORICAL,HISTORICAL,HISTORICAL
candidate:tutor:kr-b300-c804-kr-b300-b355-ad6c-kr-c1a1-cd0c-b3d9:region_tutor,,대전,141,송촌동,HISTORICAL_894,READY_REMOVE_DUPLICATE_H1,true,,true,HISTORICAL,HISTORICAL,HISTORICAL,HISTORICAL
candidate:tutor:kr-b300-c804-kr-b300-b355-ad6c-kr-c911-b9ac-b3d9:region_tutor,,대전,143,중리동,HISTORICAL_894,READY_REMOVE_DUPLICATE_H1,true,,true,HISTORICAL,HISTORICAL,HISTORICAL,HISTORICAL
candidate:tutor:kr-b300-c804-kr-b300-b355-ad6c-kr-c11d-bd09-b3d9:region_tutor,,대전,145,석봉동,HISTORICAL_894,READY_REMOVE_DUPLICATE_H1,true,,true,HISTORICAL,HISTORICAL,HISTORICAL,HISTORICAL
candidate:tutor:kr-b300-c804-kr-b300-b355-ad6c-kr-baa9-c0c1-b3d9:region_tutor,,대전,146,목상동,HISTORICAL_894,READY_REMOVE_DUPLICATE_H1,true,,true,HISTORICAL,HISTORICAL,HISTORICAL,HISTORICAL
candidate:tutor:kr-b300-c804-kr-b300-b355-ad6c-kr-bb38-d3c9-b3d9:region_tutor,,대전,147,문평동,HISTORICAL_894,READY_REMOVE_DUPLICATE_H1,true,,true,HISTORICAL,HISTORICAL,HISTORICAL,HISTORICAL
candidate:tutor:kr-b300-c804-kr-b300-b355-ad6c-kr-c2e0-c77c-b3d9:region_tutor,,대전,148,신일동,HISTORICAL_894,READY_REMOVE_DUPLICATE_H1,true,,true,HISTORICAL,HISTORICAL,HISTORICAL,HISTORICAL
candidate:tutor:kr-b300-c804-kr-b300-b355-ad6c-kr-b355-c554-b3d9:region_tutor,,대전,149,덕암동,HISTORICAL_894,READY_REMOVE_DUPLICATE_H1,true,,true,HISTORICAL,HISTORICAL,HISTORICAL,HISTORICAL
candidate:tutor:kr-b300-c804-kr-b300-b355-ad6c-kr-c0c1-c11c-b3d9:region_tutor,,대전,150,상서동,HISTORICAL_894,READY_REMOVE_DUPLICATE_H1,true,,true,HISTORICAL,HISTORICAL,HISTORICAL,HISTORICAL
candidate:tutor:kr-b300-c804-kr-c7a5-b3d9:region_tutor,,대전,152,대전대덕구 장동,HISTORICAL_894,READY_REMOVE_DUPLICATE_H1,true,,true,HISTORICAL,HISTORICAL,HISTORICAL,HISTORICAL
candidate:tutor:kr-b300-c804-kr-b300-b355-ad6c-kr-c6a9-d638-b3d9:region_tutor,,대전,153,용호동,HISTORICAL_894,READY_REMOVE_DUPLICATE_H1,true,,true,HISTORICAL,HISTORICAL,HISTORICAL,HISTORICAL
candidate:tutor:kr-b300-c804-kr-b300-b355-ad6c-kr-c774-d604-b3d9:region_tutor,,대전,154,이현동,HISTORICAL_894,READY_REMOVE_DUPLICATE_H1,true,,true,HISTORICAL,HISTORICAL,HISTORICAL,HISTORICAL
candidate:tutor:kr-b300-c804-kr-b300-b355-ad6c-kr-ac08-c804-b3d9:region_tutor,,대전,155,갈전동,HISTORICAL_894,READY_REMOVE_DUPLICATE_H1,true,,true,HISTORICAL,HISTORICAL,HISTORICAL,HISTORICAL
candidate:tutor:kr-b300-c804-kr-b300-b355-ad6c-kr-bd80-c218-b3d9:region_tutor,,대전,156,부수동,HISTORICAL_894,READY_REMOVE_DUPLICATE_H1,true,,true,HISTORICAL,HISTORICAL,HISTORICAL,HISTORICAL
candidate:tutor:kr-b300-c804-kr-b300-b355-ad6c-kr-d669-d638-b3d9:region_tutor,,대전,157,황호동,HISTORICAL_894,READY_REMOVE_DUPLICATE_H1,true,,true,HISTORICAL,HISTORICAL,HISTORICAL,HISTORICAL
candidate:tutor:kr-b300-c804-kr-c0bc-c815-b3d9:region_tutor,,대전,158,대전대덕구 삼정동,HISTORICAL_894,READY_REMOVE_DUPLICATE_H1,true,,true,HISTORICAL,HISTORICAL,HISTORICAL,HISTORICAL
candidate:tutor:kr-b300-ad6c:region_tutor,,대구,2,대구,HISTORICAL_894,READY_AS_IS,true,,true,HISTORICAL,HISTORICAL,HISTORICAL,HISTORICAL
candidate:tutor:kr-b300-ad6c-kr-b300-ad6c-bd81-ad6c:region_tutor,,대구,3,대구북구,HISTORICAL_894,READY_AS_IS,true,,true,HISTORICAL,HISTORICAL,HISTORICAL,HISTORICAL
candidate:tutor:kr-b300-ad6c-kr-b2ec-c11c-ad6c:region_tutor,,대구,5,달서구,HISTORICAL_894,READY_AS_IS,true,,true,HISTORICAL,HISTORICAL,HISTORICAL,HISTORICAL
candidate:tutor:kr-b300-ad6c-kr-b2ec-c131-ad70:region_tutor,,대구,6,달성군,HISTORICAL_894,READY_AS_IS,true,,true,HISTORICAL,HISTORICAL,HISTORICAL,HISTORICAL
candidate:tutor:kr-b300-ad6c-kr-b300-ad6c-b3d9-ad6c:region_tutor,,대구,7,대구동구,HISTORICAL_894,READY_AS_IS,true,,true,HISTORICAL,HISTORICAL,HISTORICAL,HISTORICAL
candidate:tutor:kr-b300-ad6c-kr-b300-ad6c-c11c-ad6c:region_tutor,,대구,8,대구서구,HISTORICAL_894,READY_AS_IS,true,,true,HISTORICAL,HISTORICAL,HISTORICAL,HISTORICAL
candidate:tutor:kr-b300-ad6c-kr-c218-c131-ad6c:region_tutor,,대구,9,수성구,HISTORICAL_894,READY_AS_IS,true,,true,HISTORICAL,HISTORICAL,HISTORICAL,HISTORICAL
candidate:tutor:kr-b300-ad6c-kr-b300-ad6c-c911-ad6c:region_tutor,,대구,10,대구중구,HISTORICAL_894,READY_AS_IS,true,,true,HISTORICAL,HISTORICAL,HISTORICAL,HISTORICAL
candidate:tutor:kr-b300-ad6c-kr-b300-ad6c-c911-ad6c-kr-b9e4-cc9c-b3d9:region_tutor,,대구,17,매천동,HISTORICAL_894,READY_AS_IS,true,,true,HISTORICAL,HISTORICAL,HISTORICAL,HISTORICAL
candidate:tutor:kr-b300-ad6c-kr-b300-ad6c-c911-ad6c-kr-ce60-c131-b3d9:region_tutor,,대구,21,칠성동,HISTORICAL_894,READY_AS_IS,true,,true,HISTORICAL,HISTORICAL,HISTORICAL,HISTORICAL
candidate:tutor:kr-b300-ad6c-kr-b300-ad6c-c911-ad6c-kr-d0dc-c804-b3d9:region_tutor,,대구,23,태전동,HISTORICAL_894,READY_AS_IS,true,,true,HISTORICAL,HISTORICAL,HISTORICAL,HISTORICAL
candidate:tutor:kr-b300-ad6c-kr-b300-ad6c-c911-ad6c-kr-c774-cc9c-b3d9:region_tutor,,대구,26,이천동,HISTORICAL_894,READY_AS_IS,true,,true,HISTORICAL,HISTORICAL,HISTORICAL,HISTORICAL
candidate:tutor:kr-b300-ad6c-kr-b300-ad6c-c911-ad6c-kr-b300-ace1-b3d9:region_tutor,,대구,28,대곡동,HISTORICAL_894,READY_AS_IS,true,,true,HISTORICAL,HISTORICAL,HISTORICAL,HISTORICAL
candidate:tutor:kr-b300-ad6c-kr-b300-ad6c-c911-ad6c-kr-bcf8-b9ac-b3d9:region_tutor,,대구,32,본리동,HISTORICAL_894,READY_AS_IS,true,,true,HISTORICAL,HISTORICAL,HISTORICAL,HISTORICAL
candidate:tutor:kr-b300-ad6c-kr-b300-ad6c-c911-ad6c-kr-c1a1-d604-b3d9:region_tutor,,대구,35,송현동,HISTORICAL_894,READY_AS_IS,true,,true,HISTORICAL,HISTORICAL,HISTORICAL,HISTORICAL
candidate:tutor:kr-b300-ad6c-kr-b300-ad6c-c911-ad6c-kr-c2e0-b2f9-b3d9:region_tutor,,대구,36,신당동,HISTORICAL_894,READY_AS_IS,true,,true,HISTORICAL,HISTORICAL,HISTORICAL,HISTORICAL
candidate:tutor:kr-b300-ad6c-kr-b300-ad6c-c911-ad6c-kr-c6d4-c131-b3d9:region_tutor,,대구,38,월성동,HISTORICAL_894,READY_AS_IS,true,,true,HISTORICAL,HISTORICAL,HISTORICAL,HISTORICAL
candidate:tutor:kr-b300-ad6c-kr-b300-ad6c-c911-ad6c-kr-c7a5-ae30-b3d9:region_tutor,,대구,41,장기동,HISTORICAL_894,READY_AS_IS,true,,true,HISTORICAL,HISTORICAL,HISTORICAL,HISTORICAL
candidate:tutor:kr-b300-ad6c-kr-b300-ad6c-c911-ad6c-kr-c8fd-c804-b3d9:region_tutor,,대구,42,죽전동,HISTORICAL_894,READY_AS_IS,true,,true,HISTORICAL,HISTORICAL,HISTORICAL,HISTORICAL
candidate:tutor:kr-b300-ad6c-kr-b300-ad6c-c911-ad6c-kr-c9c4-cc9c-b3d9:region_tutor,,대구,43,진천동,HISTORICAL_894,READY_AS_IS,true,,true,HISTORICAL,HISTORICAL,HISTORICAL,HISTORICAL
candidate:tutor:kr-b300-ad6c-kr-b300-ad6c-c911-ad6c-kr-ac01-c0b0-b3d9:region_tutor,,대구,46,각산동,HISTORICAL_894,READY_AS_IS,true,,true,HISTORICAL,HISTORICAL,HISTORICAL,HISTORICAL
candidate:tutor:kr-b300-ad6c-kr-b300-ad6c-c911-ad6c-kr-ad34-c804-b3d9:region_tutor,,대구,47,괴전동,HISTORICAL_894,READY_AS_IS,true,,true,HISTORICAL,HISTORICAL,HISTORICAL,HISTORICAL
candidate:tutor:kr-b300-ad6c-kr-b300-ad6c-c911-ad6c-kr-bd09-bb34-b3d9:region_tutor,,대구,50,봉무동,HISTORICAL_894,READY_AS_IS,true,,true,HISTORICAL,HISTORICAL,HISTORICAL,HISTORICAL
candidate:tutor:kr-b300-ad6c-kr-b300-ad6c-c911-ad6c-kr-c2e0-ae30-b3d9:region_tutor,,대구,53,신기동,HISTORICAL_894,READY_AS_IS,true,,true,HISTORICAL,HISTORICAL,HISTORICAL,HISTORICAL
candidate:tutor:kr-b300-ad6c-kr-b300-ad6c-c911-ad6c-kr-c2e0-cc9c-b3d9:region_tutor,,대구,54,신천동,HISTORICAL_894,READY_AS_IS,true,,true,HISTORICAL,HISTORICAL,HISTORICAL,HISTORICAL
candidate:tutor:kr-b300-ad6c-kr-b300-ad6c-c911-ad6c-kr-c728-c554-b3d9:region_tutor,,대구,56,율암동,HISTORICAL_894,READY_AS_IS,true,,true,HISTORICAL,HISTORICAL,HISTORICAL,HISTORICAL
candidate:tutor:kr-b300-ad6c-kr-b300-ad6c-c911-ad6c-kr-c728-d558-b3d9:region_tutor,,대구,57,율하동,HISTORICAL_894,READY_AS_IS,true,,true,HISTORICAL,HISTORICAL,HISTORICAL,HISTORICAL
candidate:tutor:kr-b300-ad6c-kr-b300-ad6c-c911-ad6c-kr-c6d0-b300-b3d9:region_tutor,,대구,63,원대동,HISTORICAL_894,READY_AS_IS,true,,true,HISTORICAL,HISTORICAL,HISTORICAL,HISTORICAL
candidate:tutor:kr-b300-ad6c-kr-b300-ad6c-c911-ad6c-kr-b178-bcc0-b3d9:region_tutor,,대구,66,노변동,HISTORICAL_894,READY_AS_IS,true,,true,HISTORICAL,HISTORICAL,HISTORICAL,HISTORICAL
candidate:tutor:kr-b300-ad6c-kr-b300-ad6c-c911-ad6c-kr-b9cc-cd0c-b3d9:region_tutor,,대구,68,만촌동,HISTORICAL_894,READY_AS_IS,true,,true,HISTORICAL,HISTORICAL,HISTORICAL,HISTORICAL
candidate:tutor:kr-b300-ad6c-kr-b300-ad6c-c911-ad6c-kr-b9e4-d638-b3d9:region_tutor,,대구,71,매호동,HISTORICAL_894,READY_AS_IS,true,,true,HISTORICAL,HISTORICAL,HISTORICAL,HISTORICAL
candidate:tutor:kr-b300-ad6c-kr-b300-ad6c-c911-ad6c-kr-c0c1-b3d9:region_tutor,,대구,73,상동,HISTORICAL_894,READY_AS_IS,true,,true,HISTORICAL,HISTORICAL,HISTORICAL,HISTORICAL
candidate:tutor:kr-b300-ad6c-kr-b300-ad6c-c911-ad6c-kr-c2dc-c9c0-b3d9:region_tutor,,대구,75,시지동,HISTORICAL_894,READY_AS_IS,true,,true,HISTORICAL,HISTORICAL,HISTORICAL,HISTORICAL
candidate:tutor:kr-b300-ad6c-kr-b300-ad6c-c911-ad6c-kr-c9c0-c0b0-b3d9:region_tutor,,대구,78,지산동,HISTORICAL_894,READY_AS_IS,true,,true,HISTORICAL,HISTORICAL,HISTORICAL,HISTORICAL
candidate:tutor:kr-b300-ad6c-kr-b300-ad6c-d601-c2e0-b3c4-c2dc-kr-d314-acf5-c0b0:region_tutor,,대구,92,팔공산,HISTORICAL_894,READY_AS_IS,true,,true,HISTORICAL,HISTORICAL,HISTORICAL,HISTORICAL
candidate:tutor:kr-b300-ad6c-kr-ae08-c815-ad6c:region_tutor,,대구,99,금정구,HISTORICAL_894,READY_AS_IS,true,,true,HISTORICAL,HISTORICAL,HISTORICAL,HISTORICAL
candidate:tutor:kr-b300-ad6c-kr-c9c4-ad6c:region_tutor,,대구,103,진구,HISTORICAL_894,READY_AS_IS,true,,true,HISTORICAL,HISTORICAL,HISTORICAL,HISTORICAL
candidate:tutor:kr-b300-ad6c-kr-c218-c601-ad6c:region_tutor,,대구,107,수영구,HISTORICAL_894,READY_AS_IS,true,,true,HISTORICAL,HISTORICAL,HISTORICAL,HISTORICAL
candidate:tutor:kr-b300-ad6c-kr-d574-c6b4-b300-ad6c-kr-ae08-c0ac-b3d9:region_tutor,,대구,111,금사동,HISTORICAL_894,READY_AS_IS,true,,true,HISTORICAL,HISTORICAL,HISTORICAL,HISTORICAL
candidate:tutor:kr-b300-ad6c-kr-d574-c6b4-b300-ad6c-kr-c11c-b3d9:region_tutor,,대구,117,서동,HISTORICAL_894,READY_AS_IS,true,,true,HISTORICAL,HISTORICAL,HISTORICAL,HISTORICAL
candidate:tutor:kr-b300-ad6c-kr-d574-c6b4-b300-ad6c-kr-c7a5-c548-c74d:region_tutor,,대구,122,장안읍,HISTORICAL_894,READY_AS_IS,true,,true,HISTORICAL,HISTORICAL,HISTORICAL,HISTORICAL
candidate:tutor:kr-b300-ad6c-kr-d574-c6b4-b300-ad6c-kr-ba85-c7a5-b3d9:region_tutor,,대구,129,명장동,HISTORICAL_894,READY_AS_IS,true,,true,HISTORICAL,HISTORICAL,HISTORICAL,HISTORICAL
candidate:tutor:kr-b300-ad6c-kr-d574-c6b4-b300-ad6c-kr-bd80-c554-b3d9:region_tutor,,대구,137,부암동,HISTORICAL_894,READY_AS_IS,true,,true,HISTORICAL,HISTORICAL,HISTORICAL,HISTORICAL
candidate:tutor:kr-b300-ad6c-kr-d574-c6b4-b300-ad6c-kr-c591-c815-b3d9:region_tutor,,대구,139,양정동,HISTORICAL_894,READY_AS_IS,true,,true,HISTORICAL,HISTORICAL,HISTORICAL,HISTORICAL
candidate:tutor:kr-b300-ad6c-kr-d574-c6b4-b300-ad6c-kr-b9cc-b355-b3d9:region_tutor,,대구,145,만덕동,HISTORICAL_894,READY_AS_IS,true,,true,HISTORICAL,HISTORICAL,HISTORICAL,HISTORICAL
candidate:tutor:kr-b300-ad6c-kr-d574-c6b4-b300-ad6c-kr-ac10-c804-b3d9:region_tutor,,대구,147,감전동,HISTORICAL_894,READY_AS_IS,true,,true,HISTORICAL,HISTORICAL,HISTORICAL,HISTORICAL
candidate:tutor:kr-b300-ad6c-kr-d574-c6b4-b300-ad6c-kr-c2e0-d3c9-b3d9:region_tutor,,대구,152,신평동,HISTORICAL_894,READY_AS_IS,true,,true,HISTORICAL,HISTORICAL,HISTORICAL,HISTORICAL
candidate:tutor:kr-b300-ad6c-kr-d574-c6b4-b300-ad6c-kr-d558-b2e8-b3d9:region_tutor,,대구,153,하단동,HISTORICAL_894,READY_AS_IS,true,,true,HISTORICAL,HISTORICAL,HISTORICAL,HISTORICAL
candidate:tutor:kr-b300-ad6c-kr-d574-c6b4-b300-ad6c-kr-ad11-c548-b3d9:region_tutor,,대구,154,광안동,HISTORICAL_894,READY_AS_IS,true,,true,HISTORICAL,HISTORICAL,HISTORICAL,HISTORICAL
candidate:tutor:kr-b300-ad6c-kr-d574-c6b4-b300-ad6c-kr-b0a8-cc9c-b3d9:region_tutor,,대구,155,남천동,HISTORICAL_894,READY_AS_IS,true,,true,HISTORICAL,HISTORICAL,HISTORICAL,HISTORICAL
candidate:tutor:kr-b300-ad6c-kr-d574-c6b4-b300-ad6c-kr-ac70-c81c-b3d9:region_tutor,,대구,158,거제동,HISTORICAL_894,READY_AS_IS,true,,true,HISTORICAL,HISTORICAL,HISTORICAL,HISTORICAL
candidate:tutor:kr-b300-ad6c-kr-d574-c6b4-b300-ad6c-kr-c7ac-c1a1-b3d9:region_tutor,,대구,165,재송동,HISTORICAL_894,READY_AS_IS,true,,true,HISTORICAL,HISTORICAL,HISTORICAL,HISTORICAL
candidate:tutor:kr-b300-ad6c-kr-b300-c804-b3d9-ad6c:region_tutor,,대구,168,대전동구,HISTORICAL_894,READY_AS_IS,true,,true,HISTORICAL,HISTORICAL,HISTORICAL,HISTORICAL
candidate:tutor:kr-b300-ad6c-kr-b300-c804-c911-ad6c:region_tutor,,대구,171,대전중구,HISTORICAL_894,READY_AS_IS,true,,true,HISTORICAL,HISTORICAL,HISTORICAL,HISTORICAL
candidate:tutor:kr-b300-ad6c-kr-b300-c804-c911-ad6c-kr-ac00-c591-b3d9:region_tutor,,대구,176,가양동,HISTORICAL_894,READY_AS_IS,true,,true,HISTORICAL,HISTORICAL,HISTORICAL,HISTORICAL
candidate:tutor:kr-b300-ad6c-kr-b300-c804-c911-ad6c-kr-c2e0-d765-b3d9:region_tutor,,대구,180,신흥동,HISTORICAL_894,READY_AS_IS,true,,true,HISTORICAL,HISTORICAL,HISTORICAL,HISTORICAL
candidate:tutor:kr-b300-ad6c-kr-b300-c804-c911-ad6c-kr-bcf5-c218-b3d9:region_tutor,,대구,193,복수동,HISTORICAL_894,READY_AS_IS,true,,true,HISTORICAL,HISTORICAL,HISTORICAL,HISTORICAL
candidate:tutor:kr-b300-ad6c-kr-b300-c804-c911-ad6c-kr-b355-ba85-b3d9:region_tutor,,대구,198,덕명동,HISTORICAL_894,READY_AS_IS,true,,true,HISTORICAL,HISTORICAL,HISTORICAL,HISTORICAL
candidate:tutor:kr-b300-ad6c-kr-b300-c804-c911-ad6c-kr-bc18-c11d-b3d9:region_tutor,,대구,199,반석동,HISTORICAL_894,READY_AS_IS,true,,true,HISTORICAL,HISTORICAL,HISTORICAL,HISTORICAL
candidate:tutor:kr-b300-ad6c-kr-b300-c804-c911-ad6c-kr-c0c1-b300-b3d9:region_tutor,,대구,201,상대동,HISTORICAL_894,READY_AS_IS,true,,true,HISTORICAL,HISTORICAL,HISTORICAL,HISTORICAL
candidate:tutor:kr-b300-ad6c-kr-b300-c804-c911-ad6c-kr-c6d0-b0b4-b3d9:region_tutor,,대구,203,원내동,HISTORICAL_894,READY_AS_IS,true,,true,HISTORICAL,HISTORICAL,HISTORICAL,HISTORICAL
candidate:tutor:kr-b300-ad6c-kr-b300-c804-c911-ad6c-kr-c6d0-c2e0-d765-b3d9:region_tutor,,대구,204,원신흥동,HISTORICAL_894,READY_AS_IS,true,,true,HISTORICAL,HISTORICAL,HISTORICAL,HISTORICAL
candidate:tutor:kr-b300-ad6c-kr-b300-c804-c911-ad6c-kr-c804-bbfc-b3d9:region_tutor,,대구,206,전민동,HISTORICAL_894,READY_AS_IS,true,,true,HISTORICAL,HISTORICAL,HISTORICAL,HISTORICAL
candidate:tutor:kr-b300-ad6c-kr-b300-c804-c911-ad6c-kr-c8fd-b3d9:region_tutor,,대구,207,죽동,HISTORICAL_894,READY_AS_IS,true,,true,HISTORICAL,HISTORICAL,HISTORICAL,HISTORICAL
candidate:tutor:kr-b300-ad6c-kr-b300-c804-c911-ad6c-kr-c9c0-c871-b3d9:region_tutor,,대구,208,지족동,HISTORICAL_894,READY_AS_IS,true,,true,HISTORICAL,HISTORICAL,HISTORICAL,HISTORICAL
candidate:tutor:kr-b300-ad6c-kr-b300-c804-c911-ad6c-kr-d558-ae30-b3d9:region_tutor,,대구,209,하기동,HISTORICAL_894,READY_AS_IS,true,,true,HISTORICAL,HISTORICAL,HISTORICAL,HISTORICAL
candidate:tutor:kr-b300-ad6c-kr-b300-c804-c911-ad6c-kr-b300-c0ac-b3d9:region_tutor,,대구,210,대사동,HISTORICAL_894,READY_AS_IS,true,,true,HISTORICAL,HISTORICAL,HISTORICAL,HISTORICAL
candidate:tutor:kr-b300-ad6c-kr-b454-c0b0-c2e0-b3c4-c2dc:region_tutor,,대구,215,둔산신도시,HISTORICAL_894,READY_AS_IS,true,,true,HISTORICAL,HISTORICAL,HISTORICAL,HISTORICAL
candidate:tutor:kr-b300-ad6c-kr-b178-c740-c9c0-ad6c:region_tutor,,대구,217,노은지구,HISTORICAL_894,READY_AS_IS,true,,true,HISTORICAL,HISTORICAL,HISTORICAL,HISTORICAL
candidate:tutor:kr-b300-ad6c-kr-ad11-c8fc-b0a8-ad6c:region_tutor,,대구,223,광주남구,HISTORICAL_894,READY_AS_IS,true,,true,HISTORICAL,HISTORICAL,HISTORICAL,HISTORICAL
candidate:tutor:kr-b300-ad6c-kr-ad11-c8fc-bd81-ad6c:region_tutor,,대구,224,광주북구,HISTORICAL_894,READY_AS_IS,true,,true,HISTORICAL,HISTORICAL,HISTORICAL,HISTORICAL
candidate:tutor:kr-b300-ad6c-kr-ad11-c8fc-c11c-ad6c-kr-c0b0-c815-b3d9:region_tutor,,대구,226,산정동,HISTORICAL_894,READY_AS_IS,true,,true,HISTORICAL,HISTORICAL,HISTORICAL,HISTORICAL
candidate:tutor:kr-b300-ad6c-kr-ad11-c8fc-c11c-ad6c-kr-c18c-cd0c-b3d9:region_tutor,,대구,228,소촌동,HISTORICAL_894,READY_AS_IS,true,,true,HISTORICAL,HISTORICAL,HISTORICAL,HISTORICAL
candidate:tutor:kr-b300-ad6c-kr-ad11-c8fc-c11c-ad6c-kr-c2e0-b8e1-b3d9:region_tutor,,대구,229,신룡동,HISTORICAL_894,READY_AS_IS,true,,true,HISTORICAL,HISTORICAL,HISTORICAL,HISTORICAL
candidate:tutor:kr-b300-ad6c-kr-ad11-c8fc-c11c-ad6c-kr-c6d4-acc4-b3d9:region_tutor,,대구,230,월계동,HISTORICAL_894,READY_AS_IS,true,,true,HISTORICAL,HISTORICAL,HISTORICAL,HISTORICAL
candidate:tutor:kr-b300-ad6c-kr-ad11-c8fc-c11c-ad6c-kr-c7a5-b355-b3d9:region_tutor,,대구,231,장덕동,HISTORICAL_894,READY_AS_IS,true,,true,HISTORICAL,HISTORICAL,HISTORICAL,HISTORICAL
candidate:tutor:kr-b300-ad6c-kr-ad11-c8fc-c11c-ad6c-kr-c8fc-c6d4-b3d9:region_tutor,,대구,245,주월동,HISTORICAL_894,READY_AS_IS,true,,true,HISTORICAL,HISTORICAL,HISTORICAL,HISTORICAL
candidate:tutor:kr-b300-ad6c-kr-ad11-c8fc-c11c-ad6c-kr-ac01-d654-b3d9:region_tutor,,대구,246,각화동,HISTORICAL_894,READY_AS_IS,true,,true,HISTORICAL,HISTORICAL,HISTORICAL,HISTORICAL
candidate:tutor:kr-b300-ad6c-kr-ad11-c8fc-c11c-ad6c-kr-c0bc-ac01-b3d9:region_tutor,,대구,250,삼각동,HISTORICAL_894,READY_AS_IS,true,,true,HISTORICAL,HISTORICAL,HISTORICAL,HISTORICAL
candidate:tutor:kr-b300-ad6c-kr-ad11-c8fc-c11c-ad6c-kr-c591-c0b0-b3d9:region_tutor,,대구,252,양산동,HISTORICAL_894,READY_AS_IS,true,,true,HISTORICAL,HISTORICAL,HISTORICAL,HISTORICAL
candidate:tutor:kr-b300-ad6c-kr-ad11-c8fc-c11c-ad6c-kr-c6a9-bd09-b3d9:region_tutor,,대구,254,용봉동,HISTORICAL_894,READY_AS_IS,true,,true,HISTORICAL,HISTORICAL,HISTORICAL,HISTORICAL
candidate:tutor:kr-b300-ad6c-kr-ad11-c8fc-c11c-ad6c-kr-c77c-ace1-b3d9:region_tutor,,대구,257,일곡동,HISTORICAL_894,READY_AS_IS,true,,true,HISTORICAL,HISTORICAL,HISTORICAL,HISTORICAL
candidate:tutor:kr-b300-ad6c-kr-d48d-c554-c9c0-ad6c:region_tutor,,대구,270,풍암지구,HISTORICAL_894,READY_AS_IS,true,,true,HISTORICAL,HISTORICAL,HISTORICAL,HISTORICAL
candidate:tutor:kr-b300-ad6c-kr-bd09-c120-c9c0-ad6c:region_tutor,,대구,271,봉선지구,HISTORICAL_894,READY_AS_IS,true,,true,HISTORICAL,HISTORICAL,HISTORICAL,HISTORICAL
candidate:tutor:kr-b300-ad6c-kr-cca8-b2e8-c9c0-ad6c:region_tutor,,대구,274,첨단지구,HISTORICAL_894,READY_AS_IS,true,,true,HISTORICAL,HISTORICAL,HISTORICAL,HISTORICAL
candidate:tutor:kr-b300-ad6c-kr-c804-c8fc-d6a8-cc9c-c9c0-ad6c:region_tutor,,대구,306,전주효천지구,HISTORICAL_894,READY_AS_IS,true,,true,HISTORICAL,HISTORICAL,HISTORICAL,HISTORICAL
candidate:tutor:kr-b300-ad6c-kr-c1a1-cc9c-c9c0-ad6c-kr-c5d0-cf54-c2dc-d2f0:region_tutor,,대구,309,에코시티,HISTORICAL_894,READY_AS_IS,true,,true,HISTORICAL,HISTORICAL,HISTORICAL,HISTORICAL
candidate:tutor:kr-b300-ad6c-kr-b9cc-c131-c9c0-ad6c-kr-b2e8-acc4-b3d9:region_tutor,,대구,313,단계동,HISTORICAL_894,READY_AS_IS,true,,true,HISTORICAL,HISTORICAL,HISTORICAL,HISTORICAL
candidate:tutor:kr-b300-ad6c-kr-b9cc-c131-c9c0-ad6c-kr-bc18-ace1-b3d9:region_tutor,,대구,317,반곡동,HISTORICAL_894,READY_AS_IS,true,,true,HISTORICAL,HISTORICAL,HISTORICAL,HISTORICAL
candidate:tutor:kr-b300-ad6c-kr-bb34-c2e4-c9c0-ad6c:region_tutor,,대구,321,무실지구,HISTORICAL_894,READY_AS_IS,true,,true,HISTORICAL,HISTORICAL,HISTORICAL,HISTORICAL
candidate:tutor:kr-b300-ad6c-kr-ae30-c5c5-b3c4-c2dc:region_tutor,,대구,323,기업도시,HISTORICAL_894,READY_AS_IS,true,,true,HISTORICAL,HISTORICAL,HISTORICAL,HISTORICAL
candidate:tutor:kr-b300-ad6c-kr-b2e8-acc4-c9c0-ad6c:region_tutor,,대구,324,단계지구,HISTORICAL_894,READY_AS_IS,true,,true,HISTORICAL,HISTORICAL,HISTORICAL,HISTORICAL
candidate:tutor:kr-b300-ad6c-kr-b2e8-ad6c-c9c0-ad6c:region_tutor,,대구,325,단구지구,HISTORICAL_894,READY_AS_IS,true,,true,HISTORICAL,HISTORICAL,HISTORICAL,HISTORICAL
candidate:tutor:kr-b300-ad6c-kr-c9c0-c815-c9c0-ad6c:region_tutor,,대구,327,지정지구,HISTORICAL_894,READY_AS_IS,true,,true,HISTORICAL,HISTORICAL,HISTORICAL,HISTORICAL
candidate:tutor:kr-b300-ad6c-kr-c9c0-c815-c9c0-ad6c-kr-b3d9-ba74:region_tutor,,대구,331,동면,HISTORICAL_894,READY_AS_IS,true,,true,HISTORICAL,HISTORICAL,HISTORICAL,HISTORICAL
candidate:tutor:kr-b300-ad6c-kr-c9c0-c815-c9c0-ad6c-kr-c11d-c0ac-b3d9:region_tutor,,대구,332,석사동,HISTORICAL_894,READY_AS_IS,true,,true,HISTORICAL,HISTORICAL,HISTORICAL,HISTORICAL
candidate:tutor:kr-b300-ad6c-kr-c9c0-c815-c9c0-ad6c-kr-c18c-c591-b85c:region_tutor,,대구,333,소양로,HISTORICAL_894,READY_AS_IS,true,,true,HISTORICAL,HISTORICAL,HISTORICAL,HISTORICAL
candidate:tutor:kr-b300-ad6c-kr-c9c0-c815-c9c0-ad6c-kr-c57d-c0ac-b3d9:region_tutor,,대구,334,약사동,HISTORICAL_894,READY_AS_IS,true,,true,HISTORICAL,HISTORICAL,HISTORICAL,HISTORICAL
candidate:tutor:kr-b300-ad6c-kr-c9c0-c815-c9c0-ad6c-kr-c6b0-b450-b3d9:region_tutor,,대구,335,우두동,HISTORICAL_894,READY_AS_IS,true,,true,HISTORICAL,HISTORICAL,HISTORICAL,HISTORICAL
candidate:tutor:kr-b300-ad6c-kr-c628-c758-c9c0-ad6c:region_tutor,,대구,343,온의지구,HISTORICAL_894,READY_AS_IS,true,,true,HISTORICAL,HISTORICAL,HISTORICAL,HISTORICAL
candidate:tutor:kr-b300-ad6c-kr-ac70-b450-c9c0-ad6c:region_tutor,,대구,344,거두지구,HISTORICAL_894,READY_AS_IS,true,,true,HISTORICAL,HISTORICAL,HISTORICAL,HISTORICAL
candidate:tutor:kr-b300-ad6c-kr-c18c-c591-c9c0-ad6c-kr-c778-cc9c:region_tutor,,대구,347,인천,HISTORICAL_894,READY_AS_IS,true,,true,HISTORICAL,HISTORICAL,HISTORICAL,HISTORICAL
candidate:tutor:kr-b300-ad6c-kr-c5f0-c218-ad6c:region_tutor,,대구,353,연수구,HISTORICAL_894,READY_AS_IS,true,,true,HISTORICAL,HISTORICAL,HISTORICAL,HISTORICAL
candidate:tutor:kr-b300-ad6c-kr-c778-cc9c-b3d9-ad6c:region_tutor,,대구,355,인천동구,HISTORICAL_894,READY_AS_IS,true,,true,HISTORICAL,HISTORICAL,HISTORICAL,HISTORICAL
candidate:tutor:kr-b300-ad6c-kr-c778-cc9c-b3d9-ad6c-kr-c784-d559-b3d9:region_tutor,,대구,358,임학동,HISTORICAL_894,READY_AS_IS,true,,true,HISTORICAL,HISTORICAL,HISTORICAL,HISTORICAL
candidate:tutor:kr-b300-ad6c-kr-c778-cc9c-b3d9-ad6c-kr-ac04-c11d-b3d9:region_tutor,,대구,360,간석동,HISTORICAL_894,READY_AS_IS,true,,true,HISTORICAL,HISTORICAL,HISTORICAL,HISTORICAL
candidate:tutor:kr-b300-ad6c-kr-c778-cc9c-b3d9-ad6c-kr-b0a8-cd0c-b3d9:region_tutor,,대구,362,남촌동,HISTORICAL_894,READY_AS_IS,true,,true,HISTORICAL,HISTORICAL,HISTORICAL,HISTORICAL
candidate:tutor:kr-b300-ad6c-kr-c778-cc9c-b3d9-ad6c-kr-ad00-ad50-b3d9:region_tutor,,대구,367,관교동,HISTORICAL_894,READY_AS_IS,true,,true,HISTORICAL,HISTORICAL,HISTORICAL,HISTORICAL
candidate:tutor:kr-b300-ad6c-kr-c778-cc9c-b3d9-ad6c-kr-c0bc-c0b0-b3d9:region_tutor,,대구,376,삼산동,HISTORICAL_894,READY_AS_IS,true,,true,HISTORICAL,HISTORICAL,HISTORICAL,HISTORICAL
candidate:tutor:kr-b300-ad6c-kr-c778-cc9c-b3d9-ad6c-kr-ccad-cc9c-b3d9:region_tutor,,대구,378,청천동,HISTORICAL_894,READY_AS_IS,true,,true,HISTORICAL,HISTORICAL,HISTORICAL,HISTORICAL
candidate:tutor:kr-b300-ad6c-kr-c778-cc9c-b3d9-ad6c-kr-c6b4-c11c-b3d9:region_tutor,,대구,395,운서동,HISTORICAL_894,READY_AS_IS,true,,true,HISTORICAL,HISTORICAL,HISTORICAL,HISTORICAL
candidate:tutor:kr-b300-ad6c-kr-ac80-b2e8-c2e0-b3c4-c2dc:region_tutor,,대구,400,검단신도시,HISTORICAL_894,READY_AS_IS,true,,true,HISTORICAL,HISTORICAL,HISTORICAL,HISTORICAL
candidate:tutor:kr-b300-ad6c-kr-ac80-b2e8-c2e0-b3c4-c2dc-kr-b8e8-c6d0-c2dc-d2f0:region_tutor,,대구,401,루원시티,HISTORICAL_894,READY_AS_IS,true,,true,HISTORICAL,HISTORICAL,HISTORICAL,HISTORICAL
candidate:tutor:kr-b300-ad6c-kr-b17c-d604-c9c0-ad6c:region_tutor,,대구,405,논현지구,HISTORICAL_894,READY_AS_IS,true,,true,HISTORICAL,HISTORICAL,HISTORICAL,HISTORICAL
candidate:tutor:kr-b300-ad6c-kr-b9cc-c218-c9c0-ad6c:region_tutor,,대구,407,만수지구,HISTORICAL_894,READY_AS_IS,true,,true,HISTORICAL,HISTORICAL,HISTORICAL,HISTORICAL
candidate:tutor:kr-b300-ad6c-kr-bd88-b85c-c9c0-ad6c:region_tutor,,대구,413,불로지구,HISTORICAL_894,READY_AS_IS,true,,true,HISTORICAL,HISTORICAL,HISTORICAL,HISTORICAL
candidate:tutor:kr-b300-ad6c-kr-c22d-c758-c9c0-ad6c:region_tutor,,대구,420,숭의지구,HISTORICAL_894,READY_AS_IS,true,,true,HISTORICAL,HISTORICAL,HISTORICAL,HISTORICAL
candidate:tutor:kr-b300-ad6c-kr-ccad-d559-c9c0-ad6c:region_tutor,,대구,423,청학지구,HISTORICAL_894,READY_AS_IS,true,,true,HISTORICAL,HISTORICAL,HISTORICAL,HISTORICAL
candidate:tutor:kr-b300-ad6c-kr-c5f0-c218-c9c0-ad6c:region_tutor,,대구,424,연수지구,HISTORICAL_894,READY_AS_IS,true,,true,HISTORICAL,HISTORICAL,HISTORICAL,HISTORICAL
candidate:tutor:kr-b300-ad6c-kr-ac04-c11d-c9c0-ad6c:region_tutor,,대구,427,간석지구,HISTORICAL_894,READY_AS_IS,true,,true,HISTORICAL,HISTORICAL,HISTORICAL,HISTORICAL
candidate:tutor:kr-b300-ad6c-kr-ac04-c11d-c9c0-ad6c-kr-cc9c-c548:region_tutor,,대구,429,천안,HISTORICAL_894,READY_AS_IS,true,,true,HISTORICAL,HISTORICAL,HISTORICAL,HISTORICAL
candidate:tutor:kr-b300-ad6c-kr-c11c-bd81-ad6c-kr-cc9c-c548-bb38-d559-b3d9:region_tutor,,대구,433,천안문학동,HISTORICAL_894,READY_AS_IS,true,,true,HISTORICAL,HISTORICAL,HISTORICAL,HISTORICAL
candidate:tutor:kr-b300-ad6c-kr-c11c-bd81-ad6c-kr-ccad-b2f9-b3d9:region_tutor,,대구,436,청당동,HISTORICAL_894,READY_AS_IS,true,,true,HISTORICAL,HISTORICAL,HISTORICAL,HISTORICAL
candidate:tutor:kr-b300-ad6c-kr-c11c-bd81-ad6c-kr-ccad-c218-b3d9:region_tutor,,대구,437,청수동,HISTORICAL_894,READY_AS_IS,true,,true,HISTORICAL,HISTORICAL,HISTORICAL,HISTORICAL
candidate:tutor:kr-b300-ad6c-kr-c11c-bd81-ad6c-kr-bd88-b2f9-b3d9:region_tutor,,대구,441,불당동,HISTORICAL_894,READY_AS_IS,true,,true,HISTORICAL,HISTORICAL,HISTORICAL,HISTORICAL
candidate:tutor:kr-b300-ad6c-kr-c11c-bd81-ad6c-kr-c131-c131-b3d9:region_tutor,,대구,443,성성동,HISTORICAL_894,READY_AS_IS,true,,true,HISTORICAL,HISTORICAL,HISTORICAL,HISTORICAL
candidate:tutor:kr-b300-ad6c-kr-c11c-bd81-ad6c-kr-c131-c815-b3d9:region_tutor,,대구,444,성정동,HISTORICAL_894,READY_AS_IS,true,,true,HISTORICAL,HISTORICAL,HISTORICAL,HISTORICAL
candidate:tutor:kr-b300-ad6c-kr-c544-c0b0-d0d5-c815-c2e0-b3c4-c2dc:region_tutor,,대구,448,아산탕정신도시,HISTORICAL_894,READY_AS_IS,true,,true,HISTORICAL,HISTORICAL,HISTORICAL,HISTORICAL
candidate:tutor:kr-b300-ad6c-kr-c30d-c6a9-c9c0-ad6c:region_tutor,,대구,451,쌍용지구,HISTORICAL_894,READY_AS_IS,true,,true,HISTORICAL,HISTORICAL,HISTORICAL,HISTORICAL
candidate:tutor:kr-b300-ad6c-kr-c9c1-c0b0-c9c0-ad6c:region_tutor,,대구,453,직산지구,HISTORICAL_894,READY_AS_IS,true,,true,HISTORICAL,HISTORICAL,HISTORICAL,HISTORICAL
candidate:tutor:kr-b300-ad6c-kr-ccad-c218-c9c0-ad6c:region_tutor,,대구,455,청수지구,HISTORICAL_894,READY_AS_IS,true,,true,HISTORICAL,HISTORICAL,HISTORICAL,HISTORICAL
candidate:tutor:kr-b300-ad6c-kr-c2e0-bc29-c9c0-ad6c:region_tutor,,대구,456,신방지구,HISTORICAL_894,READY_AS_IS,true,,true,HISTORICAL,HISTORICAL,HISTORICAL,HISTORICAL
candidate:tutor:kr-b300-ad6c-kr-ccad-b2f9-c9c0-ad6c:region_tutor,,대구,457,청당지구,HISTORICAL_894,READY_AS_IS,true,,true,HISTORICAL,HISTORICAL,HISTORICAL,HISTORICAL
candidate:tutor:kr-b300-ad6c-kr-d765-b355-ad6c-kr-c0b0-b0a8-b3d9:region_tutor,,대구,475,산남동,HISTORICAL_894,READY_AS_IS,true,,true,HISTORICAL,HISTORICAL,HISTORICAL,HISTORICAL
candidate:tutor:kr-b300-c804-kr-b3d9-ad6c-kr-c778-b3d9:region_tutor,,대전,3,대전동구 인동,HISTORICAL_894,READY_AS_IS,true,,true,HISTORICAL,HISTORICAL,HISTORICAL,HISTORICAL
candidate:tutor:kr-b300-c804-kr-b3d9-ad6c-kr-cc9c-b3d9:region_tutor,,대전,5,대전동구 천동,HISTORICAL_894,READY_AS_IS,true,,true,HISTORICAL,HISTORICAL,HISTORICAL,HISTORICAL
candidate:tutor:kr-b300-c804-kr-b3d9-ad6c-kr-c0bc-c815-b3d9:region_tutor,,대전,9,대전동구 삼정동,HISTORICAL_894,READY_AS_IS,true,,true,HISTORICAL,HISTORICAL,HISTORICAL,HISTORICAL
candidate:tutor:kr-b300-c804-kr-b3d9-ad6c-kr-c2e0-d558-b3d9:region_tutor,,대전,31,신하동,HISTORICAL_894,READY_AS_IS,true,,true,HISTORICAL,HISTORICAL,HISTORICAL,HISTORICAL
candidate:tutor:kr-b300-c804-kr-c911-ad6c-kr-d638-b3d9:region_tutor,,대전,48,대전중구 호동,HISTORICAL_894,READY_AS_IS,true,,true,HISTORICAL,HISTORICAL,HISTORICAL,HISTORICAL
candidate:tutor:kr-b300-c804-kr-c911-ad6c-kr-c624-b958-b3d9:region_tutor,,대전,53,오류동,HISTORICAL_894,READY_AS_IS,true,,true,HISTORICAL,HISTORICAL,HISTORICAL,HISTORICAL
candidate:tutor:kr-b300-c804-kr-c11c-ad6c-kr-bcc0-b3d9:region_tutor,,대전,68,대전서구 변동,HISTORICAL_894,READY_AS_IS,true,,true,HISTORICAL,HISTORICAL,HISTORICAL,HISTORICAL
candidate:tutor:kr-b300-c804-kr-c11c-ad6c-kr-b3c4-c548-b3d9:region_tutor,,대전,80,도안동,HISTORICAL_894,READY_AS_IS,true,,true,HISTORICAL,HISTORICAL,HISTORICAL,HISTORICAL
candidate:tutor:kr-b300-c804-kr-c11c-ad6c-kr-c6d0-c815-b3d9:region_tutor,,대전,89,원정동,HISTORICAL_894,READY_AS_IS,true,,true,HISTORICAL,HISTORICAL,HISTORICAL,HISTORICAL
candidate:tutor:kr-b300-c804-kr-c720-c131-ad6c-kr-ad50-cd0c-b3d9:region_tutor,,대전,91,교촌동,HISTORICAL_894,READY_AS_IS,true,,true,HISTORICAL,HISTORICAL,HISTORICAL,HISTORICAL
candidate:tutor:kr-b300-c804-kr-c720-c131-ad6c-kr-d559-d558-b3d9:region_tutor,,대전,94,학하동,HISTORICAL_894,READY_AS_IS,true,,true,HISTORICAL,HISTORICAL,HISTORICAL,HISTORICAL
candidate:tutor:kr-b300-c804-kr-c720-c131-ad6c-kr-c6d0-c2e0-d765-b3d9:region_tutor,,대전,103,원신흥동,HISTORICAL_894,READY_AS_IS,true,,true,HISTORICAL,HISTORICAL,HISTORICAL,HISTORICAL
candidate:tutor:kr-b300-c804-kr-c720-c131-ad6c-kr-bcf5-c6a9-b3d9:region_tutor,,대전,105,복용동,HISTORICAL_894,READY_AS_IS,true,,true,HISTORICAL,HISTORICAL,HISTORICAL,HISTORICAL
candidate:tutor:kr-b300-c804-kr-c720-c131-ad6c-kr-b178-c740-b3d9:region_tutor,,대전,108,노은동,HISTORICAL_894,READY_AS_IS,true,,true,HISTORICAL,HISTORICAL,HISTORICAL,HISTORICAL
candidate:tutor:kr-b300-c804-kr-b300-b355-ad6c-kr-bc95-b3d9:region_tutor,,대전,142,대전대덕구 법동,HISTORICAL_894,READY_AS_IS,true,,true,HISTORICAL,HISTORICAL,HISTORICAL,HISTORICAL
candidate:tutor:kr-b300-c804-kr-b300-b355-ad6c-kr-be44-b798-b3d9:region_tutor,,대전,144,비래동,HISTORICAL_894,READY_AS_IS,true,,true,HISTORICAL,HISTORICAL,HISTORICAL,HISTORICAL
candidate:tutor:kr-b300-c804-kr-d3c9-cd0c-b3d9:region_tutor,,대전,151,대전대덕구 평촌동,HISTORICAL_894,READY_AS_IS,true,,true,HISTORICAL,HISTORICAL,HISTORICAL,HISTORICAL
candidate:tutor:kr-b300-c804-kr-b300-b355-ad6c-kr-bbf8-d638-b3d9:region_tutor,,대전,159,미호동,HISTORICAL_894,READY_AS_IS,true,,true,HISTORICAL,HISTORICAL,HISTORICAL,HISTORICAL
candidate:tutor:kr-c778-cc9c:region_tutor,,인천,2,인천과외,HISTORICAL_894,READY_AS_IS,true,,true,HISTORICAL,HISTORICAL,HISTORICAL,HISTORICAL
candidate:tutor:kr-c778-cc9c-kr-c778-cc9c-c911-ad6c:region_tutor,,인천,3,인천중구과외,HISTORICAL_894,READY_AS_IS,true,,true,HISTORICAL,HISTORICAL,HISTORICAL,HISTORICAL
candidate:tutor:kr-c778-cc9c-kr-c778-cc9c-b3d9-ad6c:region_tutor,,인천,4,인천동구과외,HISTORICAL_894,READY_AS_IS,true,,true,HISTORICAL,HISTORICAL,HISTORICAL,HISTORICAL
candidate:tutor:kr-c778-cc9c-kr-bbf8-cd94-d640-ad6c:region_tutor,,인천,5,미추홀구과외,HISTORICAL_894,READY_AS_IS,true,,true,HISTORICAL,HISTORICAL,HISTORICAL,HISTORICAL
candidate:tutor:kr-c778-cc9c-kr-c778-cc9c-b0a8-b3d9-ad6c:region_tutor,,인천,6,인천남동구과외,HISTORICAL_894,READY_AS_IS,true,,true,HISTORICAL,HISTORICAL,HISTORICAL,HISTORICAL
candidate:tutor:kr-c778-cc9c-kr-bd80-d3c9-ad6c:region_tutor,,인천,7,부평구과외,HISTORICAL_894,READY_AS_IS,true,,true,HISTORICAL,HISTORICAL,HISTORICAL,HISTORICAL
candidate:tutor:kr-c778-cc9c-kr-acc4-c591-ad6c:region_tutor,,인천,8,계양구과외,HISTORICAL_894,READY_AS_IS,true,,true,HISTORICAL,HISTORICAL,HISTORICAL,HISTORICAL
candidate:tutor:kr-c778-cc9c-kr-c778-cc9c-c11c-ad6c:region_tutor,,인천,9,인천서구과외,HISTORICAL_894,READY_AS_IS,true,,true,HISTORICAL,HISTORICAL,HISTORICAL,HISTORICAL
candidate:tutor:kr-c778-cc9c-kr-c778-cc9c-ac15-d654-ad70:region_tutor,,인천,10,인천강화군과외,HISTORICAL_894,READY_AS_IS,true,,true,HISTORICAL,HISTORICAL,HISTORICAL,HISTORICAL
candidate:tutor:kr-c778-cc9c-kr-c778-cc9c-c639-c9c4-ad70:region_tutor,,인천,11,인천옹진군과외,HISTORICAL_894,READY_AS_IS,true,,true,HISTORICAL,HISTORICAL,HISTORICAL,HISTORICAL
candidate:tutor:kr-c778-cc9c-kr-c778-cc9c-c639-c9c4-ad70-kr-c911-c559-b3d9:region_tutor,,인천,12,중앙동과외,HISTORICAL_894,READY_AS_IS,true,,true,HISTORICAL,HISTORICAL,HISTORICAL,HISTORICAL
candidate:tutor:kr-c778-cc9c-kr-c778-cc9c-c639-c9c4-ad70-kr-d574-c548-b3d9:region_tutor,,인천,13,해안동과외,HISTORICAL_894,READY_AS_IS,true,,true,HISTORICAL,HISTORICAL,HISTORICAL,HISTORICAL
candidate:tutor:kr-c778-cc9c-kr-c778-cc9c-c639-c9c4-ad70-kr-ad00-b3d9:region_tutor,,인천,14,관동과외,HISTORICAL_894,READY_AS_IS,true,,true,HISTORICAL,HISTORICAL,HISTORICAL,HISTORICAL
candidate:tutor:kr-c778-cc9c-kr-c778-cc9c-c639-c9c4-ad70-kr-d56d-b3d9:region_tutor,,인천,15,항동과외,HISTORICAL_894,READY_AS_IS,true,,true,HISTORICAL,HISTORICAL,HISTORICAL,HISTORICAL
candidate:tutor:kr-c778-cc9c-kr-c778-cc9c-c639-c9c4-ad70-kr-c2e0-d3ec-b3d9:region_tutor,,인천,16,신포동과외,HISTORICAL_894,READY_AS_IS,true,,true,HISTORICAL,HISTORICAL,HISTORICAL,HISTORICAL
candidate:tutor:kr-c778-cc9c-kr-c778-cc9c-c639-c9c4-ad70-kr-b2f5-b3d9:region_tutor,,인천,17,답동과외,HISTORICAL_894,READY_AS_IS,true,,true,HISTORICAL,HISTORICAL,HISTORICAL,HISTORICAL
candidate:tutor:kr-c778-cc9c-kr-c778-cc9c-c639-c9c4-ad70-kr-b0b4-b3d9:region_tutor,,인천,18,내동과외,HISTORICAL_894,READY_AS_IS,true,,true,HISTORICAL,HISTORICAL,HISTORICAL,HISTORICAL
candidate:tutor:kr-c778-cc9c-kr-c778-cc9c-c639-c9c4-ad70-kr-acbd-b3d9:region_tutor,,인천,19,경동과외,HISTORICAL_894,READY_AS_IS,true,,true,HISTORICAL,HISTORICAL,HISTORICAL,HISTORICAL
candidate:tutor:kr-c778-cc9c-kr-c778-cc9c-c639-c9c4-ad70-kr-c6a9-b3d9:region_tutor,,인천,20,용동과외,HISTORICAL_894,READY_AS_IS,true,,true,HISTORICAL,HISTORICAL,HISTORICAL,HISTORICAL
candidate:tutor:kr-c778-cc9c-kr-c778-cc9c-c639-c9c4-ad70-kr-c778-d604-b3d9:region_tutor,,인천,21,인현동과외,HISTORICAL_894,READY_AS_IS,true,,true,HISTORICAL,HISTORICAL,HISTORICAL,HISTORICAL
candidate:tutor:kr-c778-cc9c-kr-c778-cc9c-c639-c9c4-ad70-kr-c804-b3d9:region_tutor,,인천,22,전동과외,HISTORICAL_894,READY_AS_IS,true,,true,HISTORICAL,HISTORICAL,HISTORICAL,HISTORICAL
candidate:tutor:kr-c778-cc9c-kr-c778-cc9c-c639-c9c4-ad70-kr-bd81-c131-b3d9:region_tutor,,인천,23,북성동과외,HISTORICAL_894,READY_AS_IS,true,,true,HISTORICAL,HISTORICAL,HISTORICAL,HISTORICAL
candidate:tutor:kr-c778-cc9c-kr-c778-cc9c-c639-c9c4-ad70-kr-c120-b9b0-b3d9:region_tutor,,인천,24,선린동과외,HISTORICAL_894,READY_AS_IS,true,,true,HISTORICAL,HISTORICAL,HISTORICAL,HISTORICAL
candidate:tutor:kr-c778-cc9c-kr-c778-cc9c-c639-c9c4-ad70-kr-c1a1-c6d4-b3d9:region_tutor,,인천,25,송월동과외,HISTORICAL_894,READY_AS_IS,true,,true,HISTORICAL,HISTORICAL,HISTORICAL,HISTORICAL
candidate:tutor:kr-c778-cc9c-kr-c778-cc9c-c639-c9c4-ad70-kr-c720-b3d9:region_tutor,,인천,26,유동과외,HISTORICAL_894,READY_AS_IS,true,,true,HISTORICAL,HISTORICAL,HISTORICAL,HISTORICAL
candidate:tutor:kr-c778-cc9c-kr-c778-cc9c-c639-c9c4-ad70-kr-c728-baa9-b3d9:region_tutor,,인천,27,율목동과외,HISTORICAL_894,READY_AS_IS,true,,true,HISTORICAL,HISTORICAL,HISTORICAL,HISTORICAL
candidate:tutor:kr-c778-cc9c-kr-c778-cc9c-c639-c9c4-ad70-kr-b3c4-c6d0-b3d9:region_tutor,,인천,28,도원동과외,HISTORICAL_894,READY_AS_IS,true,,true,HISTORICAL,HISTORICAL,HISTORICAL,HISTORICAL
candidate:tutor:kr-c778-cc9c-kr-c778-cc9c-c639-c9c4-ad70-kr-c2e0-d765-b3d9:region_tutor,,인천,29,신흥동과외,HISTORICAL_894,READY_AS_IS,true,,true,HISTORICAL,HISTORICAL,HISTORICAL,HISTORICAL
candidate:tutor:kr-c778-cc9c-kr-c778-cc9c-c639-c9c4-ad70-kr-c120-d654-b3d9:region_tutor,,인천,30,선화동과외,HISTORICAL_894,READY_AS_IS,true,,true,HISTORICAL,HISTORICAL,HISTORICAL,HISTORICAL
candidate:tutor:kr-c778-cc9c-kr-c778-cc9c-c639-c9c4-ad70-kr-c6b4-c11c-b3d9:region_tutor,,인천,32,운서동과외,HISTORICAL_894,READY_AS_IS,true,,true,HISTORICAL,HISTORICAL,HISTORICAL,HISTORICAL
candidate:tutor:kr-c778-cc9c-kr-c778-cc9c-c639-c9c4-ad70-kr-c6b4-b0a8-b3d9:region_tutor,,인천,33,운남동과외,HISTORICAL_894,READY_AS_IS,true,,true,HISTORICAL,HISTORICAL,HISTORICAL,HISTORICAL
candidate:tutor:kr-c778-cc9c-kr-c778-cc9c-c639-c9c4-ad70-kr-c6b4-bd81-b3d9:region_tutor,,인천,34,운북동과외,HISTORICAL_894,READY_AS_IS,true,,true,HISTORICAL,HISTORICAL,HISTORICAL,HISTORICAL
candidate:tutor:kr-c778-cc9c-kr-c778-cc9c-c639-c9c4-ad70-kr-c911-c0b0-b3d9:region_tutor,,인천,35,중산동과외,HISTORICAL_894,READY_AS_IS,true,,true,HISTORICAL,HISTORICAL,HISTORICAL,HISTORICAL
candidate:tutor:kr-c778-cc9c-kr-c778-cc9c-c639-c9c4-ad70-kr-b0a8-bd81-b3d9:region_tutor,,인천,36,남북동과외,HISTORICAL_894,READY_AS_IS,true,,true,HISTORICAL,HISTORICAL,HISTORICAL,HISTORICAL
candidate:tutor:kr-c778-cc9c-kr-c778-cc9c-c639-c9c4-ad70-kr-b355-ad50-b3d9:region_tutor,,인천,37,덕교동과외,HISTORICAL_894,READY_AS_IS,true,,true,HISTORICAL,HISTORICAL,HISTORICAL,HISTORICAL
candidate:tutor:kr-c778-cc9c-kr-c778-cc9c-c639-c9c4-ad70-kr-c744-c655-b3d9:region_tutor,,인천,38,을왕동과외,HISTORICAL_894,READY_AS_IS,true,,true,HISTORICAL,HISTORICAL,HISTORICAL,HISTORICAL
candidate:tutor:kr-c778-cc9c-kr-c778-cc9c-c639-c9c4-ad70-kr-bb34-c758-b3d9:region_tutor,,인천,39,무의동과외,HISTORICAL_894,READY_AS_IS,true,,true,HISTORICAL,HISTORICAL,HISTORICAL,HISTORICAL
candidate:tutor:kr-c778-cc9c-kr-c778-cc9c-c639-c9c4-ad70-kr-b9cc-c11d-b3d9:region_tutor,,인천,40,만석동과외,HISTORICAL_894,READY_AS_IS,true,,true,HISTORICAL,HISTORICAL,HISTORICAL,HISTORICAL
candidate:tutor:kr-c778-cc9c-kr-c778-cc9c-c639-c9c4-ad70-kr-d654-c218-b3d9:region_tutor,,인천,41,화수동과외,HISTORICAL_894,READY_AS_IS,true,,true,HISTORICAL,HISTORICAL,HISTORICAL,HISTORICAL
candidate:tutor:kr-c778-cc9c-kr-c778-cc9c-c639-c9c4-ad70-kr-c1a1-d604-b3d9:region_tutor,,인천,42,송현동과외,HISTORICAL_894,READY_AS_IS,true,,true,HISTORICAL,HISTORICAL,HISTORICAL,HISTORICAL
candidate:tutor:kr-c778-cc9c-kr-c778-cc9c-c639-c9c4-ad70-kr-d654-d3c9-b3d9:region_tutor,,인천,43,화평동과외,HISTORICAL_894,READY_AS_IS,true,,true,HISTORICAL,HISTORICAL,HISTORICAL,HISTORICAL
candidate:tutor:kr-c778-cc9c-kr-c778-cc9c-c639-c9c4-ad70-kr-cc3d-c601-b3d9:region_tutor,,인천,44,창영동과외,HISTORICAL_894,READY_AS_IS,true,,true,HISTORICAL,HISTORICAL,HISTORICAL,HISTORICAL
candidate:tutor:kr-c778-cc9c-kr-c778-cc9c-c639-c9c4-ad70-kr-ae08-ace1-b3d9:region_tutor,,인천,45,금곡동과외,HISTORICAL_894,READY_AS_IS,true,,true,HISTORICAL,HISTORICAL,HISTORICAL,HISTORICAL
candidate:tutor:kr-c778-cc9c-kr-c778-cc9c-c639-c9c4-ad70-kr-c1a1-b9bc-b3d9:region_tutor,,인천,46,송림동과외,HISTORICAL_894,READY_AS_IS,true,,true,HISTORICAL,HISTORICAL,HISTORICAL,HISTORICAL
candidate:tutor:kr-c778-cc9c-kr-c778-cc9c-c639-c9c4-ad70-kr-c22d-c758-b3d9:region_tutor,,인천,47,숭의동과외,HISTORICAL_894,READY_AS_IS,true,,true,HISTORICAL,HISTORICAL,HISTORICAL,HISTORICAL
candidate:tutor:kr-c778-cc9c-kr-c778-cc9c-c639-c9c4-ad70-kr-c6a9-d604-b3d9:region_tutor,,인천,48,용현동과외,HISTORICAL_894,READY_AS_IS,true,,true,HISTORICAL,HISTORICAL,HISTORICAL,HISTORICAL
candidate:tutor:kr-c778-cc9c-kr-c778-cc9c-c639-c9c4-ad70-kr-d559-c775-b3d9:region_tutor,,인천,49,학익동과외,HISTORICAL_894,READY_AS_IS,true,,true,HISTORICAL,HISTORICAL,HISTORICAL,HISTORICAL
candidate:tutor:kr-c778-cc9c-kr-c778-cc9c-c639-c9c4-ad70-kr-b3c4-d654-b3d9:region_tutor,,인천,50,도화동과외,HISTORICAL_894,READY_AS_IS,true,,true,HISTORICAL,HISTORICAL,HISTORICAL,HISTORICAL
candidate:tutor:kr-c778-cc9c-kr-c778-cc9c-c639-c9c4-ad70-kr-c8fc-c548-b3d9:region_tutor,,인천,51,주안동과외,HISTORICAL_894,READY_AS_IS,true,,true,HISTORICAL,HISTORICAL,HISTORICAL,HISTORICAL
candidate:tutor:kr-c778-cc9c-kr-c778-cc9c-c639-c9c4-ad70-kr-ad00-ad50-b3d9:region_tutor,,인천,52,관교동과외,HISTORICAL_894,READY_AS_IS,true,,true,HISTORICAL,HISTORICAL,HISTORICAL,HISTORICAL
candidate:tutor:kr-c778-cc9c-kr-c778-cc9c-c639-c9c4-ad70-kr-bb38-d559-b3d9:region_tutor,,인천,53,문학동과외,HISTORICAL_894,READY_AS_IS,true,,true,HISTORICAL,HISTORICAL,HISTORICAL,HISTORICAL
candidate:tutor:kr-c778-cc9c-kr-c778-cc9c-c639-c9c4-ad70-kr-c625-b828-b3d9:region_tutor,,인천,54,옥련동과외,HISTORICAL_894,READY_AS_IS,true,,true,HISTORICAL,HISTORICAL,HISTORICAL,HISTORICAL
candidate:tutor:kr-c778-cc9c-kr-c778-cc9c-c639-c9c4-ad70-kr-c120-d559-b3d9:region_tutor,,인천,55,선학동과외,HISTORICAL_894,READY_AS_IS,true,,true,HISTORICAL,HISTORICAL,HISTORICAL,HISTORICAL
candidate:tutor:kr-c778-cc9c-kr-c778-cc9c-c639-c9c4-ad70-kr-c5f0-c218-b3d9:region_tutor,,인천,56,연수동과외,HISTORICAL_894,READY_AS_IS,true,,true,HISTORICAL,HISTORICAL,HISTORICAL,HISTORICAL
candidate:tutor:kr-c778-cc9c-kr-c778-cc9c-c639-c9c4-ad70-kr-ccad-d559-b3d9:region_tutor,,인천,57,청학동과외,HISTORICAL_894,READY_AS_IS,true,,true,HISTORICAL,HISTORICAL,HISTORICAL,HISTORICAL
candidate:tutor:kr-c778-cc9c-kr-c778-cc9c-c639-c9c4-ad70-kr-b3d9-cd98-b3d9:region_tutor,,인천,58,동춘동과외,HISTORICAL_894,READY_AS_IS,true,,true,HISTORICAL,HISTORICAL,HISTORICAL,HISTORICAL
candidate:tutor:kr-c778-cc9c-kr-c778-cc9c-c639-c9c4-ad70-kr-c1a1-b3c4-b3d9:region_tutor,,인천,59,송도동과외,HISTORICAL_894,READY_AS_IS,true,,true,HISTORICAL,HISTORICAL,HISTORICAL,HISTORICAL
candidate:tutor:kr-c778-cc9c-kr-c778-cc9c-c639-c9c4-ad70-kr-ad6c-c6d4-b3d9:region_tutor,,인천,60,구월동과외,HISTORICAL_894,READY_AS_IS,true,,true,HISTORICAL,HISTORICAL,HISTORICAL,HISTORICAL
candidate:tutor:kr-c778-cc9c-kr-c778-cc9c-c639-c9c4-ad70-kr-ac04-c11d-b3d9:region_tutor,,인천,61,간석동과외,HISTORICAL_894,READY_AS_IS,true,,true,HISTORICAL,HISTORICAL,HISTORICAL,HISTORICAL
candidate:tutor:kr-c778-cc9c-kr-c778-cc9c-c639-c9c4-ad70-kr-b9cc-c218-b3d9:region_tutor,,인천,62,만수동과외,HISTORICAL_894,READY_AS_IS,true,,true,HISTORICAL,HISTORICAL,HISTORICAL,HISTORICAL
candidate:tutor:kr-c778-cc9c-kr-c778-cc9c-c639-c9c4-ad70-kr-c7a5-c218-b3d9:region_tutor,,인천,63,장수동과외,HISTORICAL_894,READY_AS_IS,true,,true,HISTORICAL,HISTORICAL,HISTORICAL,HISTORICAL
candidate:tutor:kr-c778-cc9c-kr-c778-cc9c-c639-c9c4-ad70-kr-c11c-cc3d-b3d9:region_tutor,,인천,64,서창동과외,HISTORICAL_894,READY_AS_IS,true,,true,HISTORICAL,HISTORICAL,HISTORICAL,HISTORICAL
candidate:tutor:kr-c778-cc9c-kr-c778-cc9c-c639-c9c4-ad70-kr-c6b4-c5f0-b3d9:region_tutor,,인천,65,운연동과외,HISTORICAL_894,READY_AS_IS,true,,true,HISTORICAL,HISTORICAL,HISTORICAL,HISTORICAL
candidate:tutor:kr-c778-cc9c-kr-c778-cc9c-c639-c9c4-ad70-kr-b0a8-cd0c-b3d9:region_tutor,,인천,66,남촌동과외,HISTORICAL_894,READY_AS_IS,true,,true,HISTORICAL,HISTORICAL,HISTORICAL,HISTORICAL
candidate:tutor:kr-c778-cc9c-kr-c778-cc9c-c639-c9c4-ad70-kr-c218-c0b0-b3d9:region_tutor,,인천,67,수산동과외,HISTORICAL_894,READY_AS_IS,true,,true,HISTORICAL,HISTORICAL,HISTORICAL,HISTORICAL
candidate:tutor:kr-c778-cc9c-kr-c778-cc9c-c639-c9c4-ad70-kr-b3c4-b9bc-b3d9:region_tutor,,인천,68,도림동과외,HISTORICAL_894,READY_AS_IS,true,,true,HISTORICAL,HISTORICAL,HISTORICAL,HISTORICAL
candidate:tutor:kr-c778-cc9c-kr-c778-cc9c-c639-c9c4-ad70-kr-b17c-d604-b3d9:region_tutor,,인천,69,논현동과외,HISTORICAL_894,READY_AS_IS,true,,true,HISTORICAL,HISTORICAL,HISTORICAL,HISTORICAL
candidate:tutor:kr-c778-cc9c-kr-c778-cc9c-c639-c9c4-ad70-kr-ace0-c794-b3d9:region_tutor,,인천,70,고잔동과외,HISTORICAL_894,READY_AS_IS,true,,true,HISTORICAL,HISTORICAL,HISTORICAL,HISTORICAL
candidate:tutor:kr-c778-cc9c-kr-c778-cc9c-c639-c9c4-ad70-kr-bd80-d3c9-b3d9:region_tutor,,인천,71,부평동과외,HISTORICAL_894,READY_AS_IS,true,,true,HISTORICAL,HISTORICAL,HISTORICAL,HISTORICAL
candidate:tutor:kr-c778-cc9c-kr-c778-cc9c-c639-c9c4-ad70-kr-c2ed-c815-b3d9:region_tutor,,인천,72,십정동과외,HISTORICAL_894,READY_AS_IS,true,,true,HISTORICAL,HISTORICAL,HISTORICAL,HISTORICAL
candidate:tutor:kr-c778-cc9c-kr-c778-cc9c-c639-c9c4-ad70-kr-c0b0-ace1-b3d9:region_tutor,,인천,73,산곡동과외,HISTORICAL_894,READY_AS_IS,true,,true,HISTORICAL,HISTORICAL,HISTORICAL,HISTORICAL
candidate:tutor:kr-c778-cc9c-kr-c778-cc9c-c639-c9c4-ad70-kr-ccad-cc9c-b3d9:region_tutor,,인천,74,청천동과외,HISTORICAL_894,READY_AS_IS,true,,true,HISTORICAL,HISTORICAL,HISTORICAL,HISTORICAL
candidate:tutor:kr-c778-cc9c-kr-c778-cc9c-c639-c9c4-ad70-kr-ac08-c0b0-b3d9:region_tutor,,인천,75,갈산동과외,HISTORICAL_894,READY_AS_IS,true,,true,HISTORICAL,HISTORICAL,HISTORICAL,HISTORICAL
candidate:tutor:kr-c778-cc9c-kr-c778-cc9c-c639-c9c4-ad70-kr-c0bc-c0b0-b3d9:region_tutor,,인천,76,삼산동과외,HISTORICAL_894,READY_AS_IS,true,,true,HISTORICAL,HISTORICAL,HISTORICAL,HISTORICAL
candidate:tutor:kr-c778-cc9c-kr-c778-cc9c-c639-c9c4-ad70-kr-bd80-ac1c-b3d9:region_tutor,,인천,77,부개동과외,HISTORICAL_894,READY_AS_IS,true,,true,HISTORICAL,HISTORICAL,HISTORICAL,HISTORICAL
candidate:tutor:kr-c778-cc9c-kr-c778-cc9c-c639-c9c4-ad70-kr-c77c-c2e0-b3d9:region_tutor,,인천,78,일신동과외,HISTORICAL_894,READY_AS_IS,true,,true,HISTORICAL,HISTORICAL,HISTORICAL,HISTORICAL
candidate:tutor:kr-c778-cc9c-kr-c778-cc9c-c639-c9c4-ad70-kr-ad6c-c0b0-b3d9:region_tutor,,인천,79,구산동과외,HISTORICAL_894,READY_AS_IS,true,,true,HISTORICAL,HISTORICAL,HISTORICAL,HISTORICAL
candidate:tutor:kr-c778-cc9c-kr-c778-cc9c-c639-c9c4-ad70-kr-d6a8-c131-b3d9:region_tutor,,인천,80,효성동과외,HISTORICAL_894,READY_AS_IS,true,,true,HISTORICAL,HISTORICAL,HISTORICAL,HISTORICAL
candidate:tutor:kr-c778-cc9c-kr-c778-cc9c-c639-c9c4-ad70-kr-acc4-c0b0-b3d9:region_tutor,,인천,81,계산동과외,HISTORICAL_894,READY_AS_IS,true,,true,HISTORICAL,HISTORICAL,HISTORICAL,HISTORICAL
candidate:tutor:kr-c778-cc9c-kr-c778-cc9c-c639-c9c4-ad70-kr-c791-c804-b3d9:region_tutor,,인천,82,작전동과외,HISTORICAL_894,READY_AS_IS,true,,true,HISTORICAL,HISTORICAL,HISTORICAL,HISTORICAL
candidate:tutor:kr-c778-cc9c-kr-c778-cc9c-c639-c9c4-ad70-kr-c11c-c6b4-b3d9:region_tutor,,인천,83,서운동과외,HISTORICAL_894,READY_AS_IS,true,,true,HISTORICAL,HISTORICAL,HISTORICAL,HISTORICAL
candidate:tutor:kr-c778-cc9c-kr-c778-cc9c-c639-c9c4-ad70-kr-c784-d559-b3d9:region_tutor,,인천,84,임학동과외,HISTORICAL_894,READY_AS_IS,true,,true,HISTORICAL,HISTORICAL,HISTORICAL,HISTORICAL
candidate:tutor:kr-c778-cc9c-kr-c778-cc9c-c639-c9c4-ad70-kr-c6a9-c885-b3d9:region_tutor,,인천,85,용종동과외,HISTORICAL_894,READY_AS_IS,true,,true,HISTORICAL,HISTORICAL,HISTORICAL,HISTORICAL
candidate:tutor:kr-c778-cc9c-kr-c778-cc9c-c639-c9c4-ad70-kr-bcd1-bc29-b3d9:region_tutor,,인천,86,병방동과외,HISTORICAL_894,READY_AS_IS,true,,true,HISTORICAL,HISTORICAL,HISTORICAL,HISTORICAL
candidate:tutor:kr-c778-cc9c-kr-c778-cc9c-c639-c9c4-ad70-kr-bc29-cd95-b3d9:region_tutor,,인천,87,방축동과외,HISTORICAL_894,READY_AS_IS,true,,true,HISTORICAL,HISTORICAL,HISTORICAL,HISTORICAL
candidate:tutor:kr-c778-cc9c-kr-c778-cc9c-c639-c9c4-ad70-kr-bc15-cd0c-b3d9:region_tutor,,인천,88,박촌동과외,HISTORICAL_894,READY_AS_IS,true,,true,HISTORICAL,HISTORICAL,HISTORICAL,HISTORICAL
candidate:tutor:kr-c778-cc9c-kr-c778-cc9c-c639-c9c4-ad70-kr-b3d9-c591-b3d9:region_tutor,,인천,89,동양동과외,HISTORICAL_894,READY_AS_IS,true,,true,HISTORICAL,HISTORICAL,HISTORICAL,HISTORICAL
candidate:tutor:kr-c778-cc9c-kr-c778-cc9c-c639-c9c4-ad70-kr-ade4-d604-b3d9:region_tutor,,인천,90,귤현동과외,HISTORICAL_894,READY_AS_IS,true,,true,HISTORICAL,HISTORICAL,HISTORICAL,HISTORICAL
candidate:tutor:kr-c778-cc9c-kr-c778-cc9c-c639-c9c4-ad70-kr-c0c1-c57c-b3d9:region_tutor,,인천,91,상야동과외,HISTORICAL_894,READY_AS_IS,true,,true,HISTORICAL,HISTORICAL,HISTORICAL,HISTORICAL
candidate:tutor:kr-c778-cc9c-kr-c778-cc9c-c639-c9c4-ad70-kr-d558-c57c-b3d9:region_tutor,,인천,92,하야동과외,HISTORICAL_894,READY_AS_IS,true,,true,HISTORICAL,HISTORICAL,HISTORICAL,HISTORICAL
candidate:tutor:kr-c778-cc9c-kr-c778-cc9c-c639-c9c4-ad70-kr-d3c9-b3d9:region_tutor,,인천,93,평동과외,HISTORICAL_894,READY_AS_IS,true,,true,HISTORICAL,HISTORICAL,HISTORICAL,HISTORICAL
candidate:tutor:kr-c778-cc9c-kr-c778-cc9c-c639-c9c4-ad70-kr-b178-c624-c9c0-b3d9:region_tutor,,인천,94,노오지동과외,HISTORICAL_894,READY_AS_IS,true,,true,HISTORICAL,HISTORICAL,HISTORICAL,HISTORICAL
candidate:tutor:kr-c778-cc9c-kr-c778-cc9c-c639-c9c4-ad70-kr-c120-c8fc-c9c0-b3d9:region_tutor,,인천,95,선주지동과외,HISTORICAL_894,READY_AS_IS,true,,true,HISTORICAL,HISTORICAL,HISTORICAL,HISTORICAL
candidate:tutor:kr-c778-cc9c-kr-c778-cc9c-c639-c9c4-ad70-kr-c774-d654-b3d9:region_tutor,,인천,96,이화동과외,HISTORICAL_894,READY_AS_IS,true,,true,HISTORICAL,HISTORICAL,HISTORICAL,HISTORICAL
candidate:tutor:kr-c778-cc9c-kr-c778-cc9c-c639-c9c4-ad70-kr-c624-b958-b3d9:region_tutor,,인천,97,오류동과외,HISTORICAL_894,READY_AS_IS,true,,true,HISTORICAL,HISTORICAL,HISTORICAL,HISTORICAL
candidate:tutor:kr-c778-cc9c-kr-c778-cc9c-c639-c9c4-ad70-kr-ac08-d604-b3d9:region_tutor,,인천,98,갈현동과외,HISTORICAL_894,READY_AS_IS,true,,true,HISTORICAL,HISTORICAL,HISTORICAL,HISTORICAL
candidate:tutor:kr-c778-cc9c-kr-c778-cc9c-c639-c9c4-ad70-kr-b451-c2e4-b3d9:region_tutor,,인천,99,둑실동과외,HISTORICAL_894,READY_AS_IS,true,,true,HISTORICAL,HISTORICAL,HISTORICAL,HISTORICAL
candidate:tutor:kr-c778-cc9c-kr-c778-cc9c-c639-c9c4-ad70-kr-baa9-c0c1-b3d9:region_tutor,,인천,100,목상동과외,HISTORICAL_894,READY_AS_IS,true,,true,HISTORICAL,HISTORICAL,HISTORICAL,HISTORICAL
candidate:tutor:kr-c778-cc9c-kr-c778-cc9c-c639-c9c4-ad70-kr-b2e4-b0a8-b3d9:region_tutor,,인천,101,다남동과외,HISTORICAL_894,READY_AS_IS,true,,true,HISTORICAL,HISTORICAL,HISTORICAL,HISTORICAL
candidate:tutor:kr-c778-cc9c-kr-c778-cc9c-c639-c9c4-ad70-kr-c7a5-ae30-b3d9:region_tutor,,인천,102,장기동과외,HISTORICAL_894,READY_AS_IS,true,,true,HISTORICAL,HISTORICAL,HISTORICAL,HISTORICAL
candidate:tutor:kr-c778-cc9c-kr-c778-cc9c-c639-c9c4-ad70-kr-ac00-c815-b3d9:region_tutor,,인천,103,가정동과외,HISTORICAL_894,READY_AS_IS,true,,true,HISTORICAL,HISTORICAL,HISTORICAL,HISTORICAL
candidate:tutor:kr-c778-cc9c-kr-c778-cc9c-c639-c9c4-ad70-kr-ac00-c88c-b3d9:region_tutor,,인천,104,가좌동과외,HISTORICAL_894,READY_AS_IS,true,,true,HISTORICAL,HISTORICAL,HISTORICAL,HISTORICAL
candidate:tutor:kr-c778-cc9c-kr-c778-cc9c-c639-c9c4-ad70-kr-ac80-c554-b3d9:region_tutor,,인천,105,검암동과외,HISTORICAL_894,READY_AS_IS,true,,true,HISTORICAL,HISTORICAL,HISTORICAL,HISTORICAL
candidate:tutor:kr-c778-cc9c-kr-c778-cc9c-c639-c9c4-ad70-kr-acbd-c11c-b3d9:region_tutor,,인천,106,경서동과외,HISTORICAL_894,READY_AS_IS,true,,true,HISTORICAL,HISTORICAL,HISTORICAL,HISTORICAL
candidate:tutor:kr-c778-cc9c-kr-c778-cc9c-c639-c9c4-ad70-kr-acf5-cd0c-b3d9:region_tutor,,인천,107,공촌동과외,HISTORICAL_894,READY_AS_IS,true,,true,HISTORICAL,HISTORICAL,HISTORICAL,HISTORICAL
candidate:tutor:kr-c778-cc9c-kr-c778-cc9c-c639-c9c4-ad70-kr-b2f9-d558-b3d9:region_tutor,,인천,109,당하동과외,HISTORICAL_894,READY_AS_IS,true,,true,HISTORICAL,HISTORICAL,HISTORICAL,HISTORICAL
candidate:tutor:kr-c778-cc9c-kr-c778-cc9c-c639-c9c4-ad70-kr-b9c8-c804-b3d9:region_tutor,,인천,110,마전동과외,HISTORICAL_894,READY_AS_IS,true,,true,HISTORICAL,HISTORICAL,HISTORICAL,HISTORICAL
candidate:tutor:kr-c778-cc9c-kr-c778-cc9c-c639-c9c4-ad70-kr-bc31-c11d-b3d9:region_tutor,,인천,111,백석동과외,HISTORICAL_894,READY_AS_IS,true,,true,HISTORICAL,HISTORICAL,HISTORICAL,HISTORICAL
candidate:tutor:kr-c778-cc9c-kr-c778-cc9c-c639-c9c4-ad70-kr-bd88-b85c-b3d9:region_tutor,,인천,112,불로동과외,HISTORICAL_894,READY_AS_IS,true,,true,HISTORICAL,HISTORICAL,HISTORICAL,HISTORICAL
candidate:tutor:kr-c778-cc9c-kr-c778-cc9c-c639-c9c4-ad70-kr-c11d-b0a8-b3d9:region_tutor,,인천,113,석남동과외,HISTORICAL_894,READY_AS_IS,true,,true,HISTORICAL,HISTORICAL,HISTORICAL,HISTORICAL
candidate:tutor:kr-c778-cc9c-kr-c778-cc9c-c639-c9c4-ad70-kr-c2dc-cc9c-b3d9:region_tutor,,인천,114,시천동과외,HISTORICAL_894,READY_AS_IS,true,,true,HISTORICAL,HISTORICAL,HISTORICAL,HISTORICAL
candidate:tutor:kr-c778-cc9c-kr-c778-cc9c-c639-c9c4-ad70-kr-c2e0-d604-b3d9:region_tutor,,인천,115,신현동과외,HISTORICAL_894,READY_AS_IS,true,,true,HISTORICAL,HISTORICAL,HISTORICAL,HISTORICAL
candidate:tutor:kr-c778-cc9c-kr-c778-cc9c-c639-c9c4-ad70-kr-c5f0-d76c-b3d9:region_tutor,,인천,116,연희동과외,HISTORICAL_894,READY_AS_IS,true,,true,HISTORICAL,HISTORICAL,HISTORICAL,HISTORICAL
candidate:tutor:kr-c778-cc9c-kr-c778-cc9c-c639-c9c4-ad70-kr-c655-ae38-b3d9:region_tutor,,인천,118,왕길동과외,HISTORICAL_894,READY_AS_IS,true,,true,HISTORICAL,HISTORICAL,HISTORICAL,HISTORICAL
candidate:tutor:kr-c778-cc9c-kr-c778-cc9c-c639-c9c4-ad70-kr-c6d0-b2f9-b3d9:region_tutor,,인천,119,원당동과외,HISTORICAL_894,READY_AS_IS,true,,true,HISTORICAL,HISTORICAL,HISTORICAL,HISTORICAL
candidate:tutor:kr-c778-cc9c-kr-c778-cc9c-c639-c9c4-ad70-kr-ccad-b77c-b3d9:region_tutor,,인천,120,청라동과외,HISTORICAL_894,READY_AS_IS,true,,true,HISTORICAL,HISTORICAL,HISTORICAL,HISTORICAL
candidate:tutor:kr-c778-cc9c-kr-c778-cc9c-c639-c9c4-ad70-kr-ac15-d654-c74d:region_tutor,,인천,121,강화읍과외,HISTORICAL_894,READY_AS_IS,true,,true,HISTORICAL,HISTORICAL,HISTORICAL,HISTORICAL
candidate:tutor:kr-c778-cc9c-kr-c778-cc9c-c639-c9c4-ad70-kr-c120-c6d0-ba74:region_tutor,,인천,122,선원면과외,HISTORICAL_894,READY_AS_IS,true,,true,HISTORICAL,HISTORICAL,HISTORICAL,HISTORICAL
candidate:tutor:kr-c778-cc9c-kr-c778-cc9c-c639-c9c4-ad70-kr-bd88-c740-ba74:region_tutor,,인천,123,불은면과외,HISTORICAL_894,READY_AS_IS,true,,true,HISTORICAL,HISTORICAL,HISTORICAL,HISTORICAL
candidate:tutor:kr-c778-cc9c-kr-c778-cc9c-c639-c9c4-ad70-kr-ae38-c0c1-ba74:region_tutor,,인천,124,길상면과외,HISTORICAL_894,READY_AS_IS,true,,true,HISTORICAL,HISTORICAL,HISTORICAL,HISTORICAL
candidate:tutor:kr-c778-cc9c-kr-c778-cc9c-c639-c9c4-ad70-kr-d654-b3c4-ba74:region_tutor,,인천,125,화도면과외,HISTORICAL_894,READY_AS_IS,true,,true,HISTORICAL,HISTORICAL,HISTORICAL,HISTORICAL
candidate:tutor:kr-c778-cc9c-kr-c778-cc9c-c639-c9c4-ad70-kr-c591-b3c4-ba74:region_tutor,,인천,126,양도면과외,HISTORICAL_894,READY_AS_IS,true,,true,HISTORICAL,HISTORICAL,HISTORICAL,HISTORICAL
candidate:tutor:kr-c778-cc9c-kr-c778-cc9c-c639-c9c4-ad70-kr-b0b4-ac00-ba74:region_tutor,,인천,127,내가면과외,HISTORICAL_894,READY_AS_IS,true,,true,HISTORICAL,HISTORICAL,HISTORICAL,HISTORICAL
candidate:tutor:kr-c778-cc9c-kr-c778-cc9c-c639-c9c4-ad70-kr-d558-c810-ba74:region_tutor,,인천,128,하점면과외,HISTORICAL_894,READY_AS_IS,true,,true,HISTORICAL,HISTORICAL,HISTORICAL,HISTORICAL
candidate:tutor:kr-c778-cc9c-kr-c778-cc9c-c639-c9c4-ad70-kr-c591-c0ac-ba74:region_tutor,,인천,129,양사면과외,HISTORICAL_894,READY_AS_IS,true,,true,HISTORICAL,HISTORICAL,HISTORICAL,HISTORICAL
candidate:tutor:kr-c778-cc9c-kr-c778-cc9c-c639-c9c4-ad70-kr-c1a1-d574-ba74:region_tutor,,인천,130,송해면과외,HISTORICAL_894,READY_AS_IS,true,,true,HISTORICAL,HISTORICAL,HISTORICAL,HISTORICAL
candidate:tutor:kr-c778-cc9c-kr-c778-cc9c-c639-c9c4-ad70-kr-ad50-b3d9-ba74:region_tutor,,인천,131,교동면과외,HISTORICAL_894,READY_AS_IS,true,,true,HISTORICAL,HISTORICAL,HISTORICAL,HISTORICAL
candidate:tutor:kr-c778-cc9c-kr-c778-cc9c-c639-c9c4-ad70-kr-c0bc-c0b0-ba74:region_tutor,,인천,132,삼산면과외,HISTORICAL_894,READY_AS_IS,true,,true,HISTORICAL,HISTORICAL,HISTORICAL,HISTORICAL
candidate:tutor:kr-c778-cc9c-kr-c778-cc9c-c639-c9c4-ad70-kr-c11c-b3c4-ba74:region_tutor,,인천,133,서도면과외,HISTORICAL_894,READY_AS_IS,true,,true,HISTORICAL,HISTORICAL,HISTORICAL,HISTORICAL
candidate:tutor:kr-c778-cc9c-kr-c778-cc9c-c639-c9c4-ad70-kr-bd81-b3c4-ba74:region_tutor,,인천,134,북도면과외,HISTORICAL_894,READY_AS_IS,true,,true,HISTORICAL,HISTORICAL,HISTORICAL,HISTORICAL
candidate:tutor:kr-c778-cc9c-kr-c778-cc9c-c639-c9c4-ad70-kr-bc31-b839-ba74:region_tutor,,인천,135,백령면과외,HISTORICAL_894,READY_AS_IS,true,,true,HISTORICAL,HISTORICAL,HISTORICAL,HISTORICAL
candidate:tutor:kr-c778-cc9c-kr-c778-cc9c-c639-c9c4-ad70-kr-b300-ccad-ba74:region_tutor,,인천,136,대청면과외,HISTORICAL_894,READY_AS_IS,true,,true,HISTORICAL,HISTORICAL,HISTORICAL,HISTORICAL
candidate:tutor:kr-c778-cc9c-kr-c778-cc9c-c639-c9c4-ad70-kr-b355-c801-ba74:region_tutor,,인천,137,덕적면과외,HISTORICAL_894,READY_AS_IS,true,,true,HISTORICAL,HISTORICAL,HISTORICAL,HISTORICAL
candidate:tutor:kr-c778-cc9c-kr-c778-cc9c-c639-c9c4-ad70-kr-c790-c6d4-ba74:region_tutor,,인천,138,자월면과외,HISTORICAL_894,READY_AS_IS,true,,true,HISTORICAL,HISTORICAL,HISTORICAL,HISTORICAL
candidate:tutor:kr-c778-cc9c-kr-c778-cc9c-c639-c9c4-ad70-kr-c601-d765-ba74:region_tutor,,인천,139,영흥면과외,HISTORICAL_894,READY_AS_IS,true,,true,HISTORICAL,HISTORICAL,HISTORICAL,HISTORICAL
candidate:tutor:kr-c778-cc9c-kr-c778-cc9c-c639-c9c4-ad70-kr-c5f0-d3c9-ba74:region_tutor,,인천,140,연평면과외,HISTORICAL_894,READY_AS_IS,true,,true,HISTORICAL,HISTORICAL,HISTORICAL,HISTORICAL
candidate:tutor:kr-ad11-c8fc:region_tutor,,광주,2,광주과외,HISTORICAL_894,READY_AS_IS,true,,true,HISTORICAL,HISTORICAL,HISTORICAL,HISTORICAL
candidate:tutor:kr-ad11-c8fc-kr-ad11-c8fc-b3d9-ad6c:region_tutor,,광주,3,광주동구과외,HISTORICAL_894,READY_AS_IS,true,,true,HISTORICAL,HISTORICAL,HISTORICAL,HISTORICAL
candidate:tutor:kr-ad11-c8fc-kr-ad11-c8fc-c11c-ad6c:region_tutor,,광주,4,광주서구과외,HISTORICAL_894,READY_AS_IS,true,,true,HISTORICAL,HISTORICAL,HISTORICAL,HISTORICAL
candidate:tutor:kr-ad11-c8fc-kr-ad11-c8fc-b0a8-ad6c:region_tutor,,광주,5,광주남구과외,HISTORICAL_894,READY_AS_IS,true,,true,HISTORICAL,HISTORICAL,HISTORICAL,HISTORICAL
candidate:tutor:kr-ad11-c8fc-kr-ad11-c8fc-bd81-ad6c:region_tutor,,광주,6,광주북구과외,HISTORICAL_894,READY_AS_IS,true,,true,HISTORICAL,HISTORICAL,HISTORICAL,HISTORICAL
candidate:tutor:kr-ad11-c8fc-kr-ad11-c0b0-ad6c:region_tutor,,광주,7,광산구과외,HISTORICAL_894,READY_AS_IS,true,,true,HISTORICAL,HISTORICAL,HISTORICAL,HISTORICAL
candidate:tutor:kr-ad11-c8fc-kr-ad11-c0b0-ad6c-kr-b300-c778-b3d9:region_tutor,,광주,8,대인동과외,HISTORICAL_894,READY_AS_IS,true,,true,HISTORICAL,HISTORICAL,HISTORICAL,HISTORICAL
candidate:tutor:kr-ad11-c8fc-kr-ad11-c0b0-ad6c-kr-ae08-b0a8-b85c:region_tutor,,광주,9,금남로과외,HISTORICAL_894,READY_AS_IS,true,,true,HISTORICAL,HISTORICAL,HISTORICAL,HISTORICAL
candidate:tutor:kr-ad11-c8fc-kr-ad11-c0b0-ad6c-kr-cda9-c7a5-b85c:region_tutor,,광주,10,충장로과외,HISTORICAL_894,READY_AS_IS,true,,true,HISTORICAL,HISTORICAL,HISTORICAL,HISTORICAL
candidate:tutor:kr-ad11-c8fc-kr-ad11-c0b0-ad6c-kr-c218-ae30-b3d9:region_tutor,,광주,11,수기동과외,HISTORICAL_894,READY_AS_IS,true,,true,HISTORICAL,HISTORICAL,HISTORICAL,HISTORICAL
candidate:tutor:kr-ad11-c8fc-kr-ad11-c0b0-ad6c-kr-bd88-b85c-b3d9:region_tutor,,광주,12,불로동과외,HISTORICAL_894,READY_AS_IS,true,,true,HISTORICAL,HISTORICAL,HISTORICAL,HISTORICAL
candidate:tutor:kr-ad11-c8fc-kr-ad11-c0b0-ad6c-kr-d669-ae08-b3d9:region_tutor,,광주,13,황금동과외,HISTORICAL_894,READY_AS_IS,true,,true,HISTORICAL,HISTORICAL,HISTORICAL,HISTORICAL
candidate:tutor:kr-ad11-c8fc-kr-ad11-c0b0-ad6c-kr-ad81-b3d9:region_tutor,,광주,14,궁동과외,HISTORICAL_894,READY_AS_IS,true,,true,HISTORICAL,HISTORICAL,HISTORICAL,HISTORICAL
candidate:tutor:kr-ad11-c8fc-kr-ad11-c0b0-ad6c-kr-c7a5-b3d9:region_tutor,,광주,15,장동과외,HISTORICAL_894,READY_AS_IS,true,,true,HISTORICAL,HISTORICAL,HISTORICAL,HISTORICAL
candidate:tutor:kr-ad11-c8fc-kr-ad11-c0b0-ad6c-kr-b3d9-ba85-b3d9:region_tutor,,광주,16,동명동과외,HISTORICAL_894,READY_AS_IS,true,,true,HISTORICAL,HISTORICAL,HISTORICAL,HISTORICAL
candidate:tutor:kr-ad11-c8fc-kr-ad11-c0b0-ad6c-kr-acc4-b9bc-b3d9:region_tutor,,광주,17,계림동과외,HISTORICAL_894,READY_AS_IS,true,,true,HISTORICAL,HISTORICAL,HISTORICAL,HISTORICAL
candidate:tutor:kr-ad11-c8fc-kr-ad11-c0b0-ad6c-kr-c0b0-c218-b3d9:region_tutor,,광주,18,산수동과외,HISTORICAL_894,READY_AS_IS,true,,true,HISTORICAL,HISTORICAL,HISTORICAL,HISTORICAL
candidate:tutor:kr-ad11-c8fc-kr-ad11-c0b0-ad6c-kr-c9c0-c0b0-b3d9:region_tutor,,광주,19,지산동과외,HISTORICAL_894,READY_AS_IS,true,,true,HISTORICAL,HISTORICAL,HISTORICAL,HISTORICAL
candidate:tutor:kr-ad11-c8fc-kr-ad11-c0b0-ad6c-kr-d559-b3d9:region_tutor,,광주,20,학동과외,HISTORICAL_894,READY_AS_IS,true,,true,HISTORICAL,HISTORICAL,HISTORICAL,HISTORICAL
candidate:tutor:kr-ad11-c8fc-kr-ad11-c0b0-ad6c-kr-c18c-d0dc-b3d9:region_tutor,,광주,21,소태동과외,HISTORICAL_894,READY_AS_IS,true,,true,HISTORICAL,HISTORICAL,HISTORICAL,HISTORICAL
candidate:tutor:kr-ad11-c8fc-kr-ad11-c0b0-ad6c-kr-c6a9-c5f0-b3d9:region_tutor,,광주,22,용연동과외,HISTORICAL_894,READY_AS_IS,true,,true,HISTORICAL,HISTORICAL,HISTORICAL,HISTORICAL
candidate:tutor:kr-ad11-c8fc-kr-ad11-c0b0-ad6c-kr-c6b4-b9bc-b3d9:region_tutor,,광주,23,운림동과외,HISTORICAL_894,READY_AS_IS,true,,true,HISTORICAL,HISTORICAL,HISTORICAL,HISTORICAL
candidate:tutor:kr-ad11-c8fc-kr-ad11-c0b0-ad6c-kr-c120-ad50-b3d9:region_tutor,,광주,24,선교동과외,HISTORICAL_894,READY_AS_IS,true,,true,HISTORICAL,HISTORICAL,HISTORICAL,HISTORICAL
candidate:tutor:kr-ad11-c8fc-kr-ad11-c0b0-ad6c-kr-b0b4-b0a8-b3d9:region_tutor,,광주,25,내남동과외,HISTORICAL_894,READY_AS_IS,true,,true,HISTORICAL,HISTORICAL,HISTORICAL,HISTORICAL
candidate:tutor:kr-ad11-c8fc-kr-ad11-c0b0-ad6c-kr-c6a9-c0b0-b3d9:region_tutor,,광주,26,용산동과외,HISTORICAL_894,READY_AS_IS,true,,true,HISTORICAL,HISTORICAL,HISTORICAL,HISTORICAL
candidate:tutor:kr-ad11-c8fc-kr-ad11-c0b0-ad6c-kr-c591-b3d9:region_tutor,,광주,27,양동과외,HISTORICAL_894,READY_AS_IS,true,,true,HISTORICAL,HISTORICAL,HISTORICAL,HISTORICAL
candidate:tutor:kr-ad11-c8fc-kr-ad11-c0b0-ad6c-kr-b18d-c131-b3d9:region_tutor,,광주,28,농성동과외,HISTORICAL_894,READY_AS_IS,true,,true,HISTORICAL,HISTORICAL,HISTORICAL,HISTORICAL
candidate:tutor:kr-ad11-c8fc-kr-ad11-c0b0-ad6c-kr-ad11-cc9c-b3d9:region_tutor,,광주,29,광천동과외,HISTORICAL_894,READY_AS_IS,true,,true,HISTORICAL,HISTORICAL,HISTORICAL,HISTORICAL
candidate:tutor:kr-ad11-c8fc-kr-ad11-c0b0-ad6c-kr-c720-cd0c-b3d9:region_tutor,,광주,30,유촌동과외,HISTORICAL_894,READY_AS_IS,true,,true,HISTORICAL,HISTORICAL,HISTORICAL,HISTORICAL
candidate:tutor:kr-ad11-c8fc-kr-ad11-c0b0-ad6c-kr-b355-d765-b3d9:region_tutor,,광주,31,덕흥동과외,HISTORICAL_894,READY_AS_IS,true,,true,HISTORICAL,HISTORICAL,HISTORICAL,HISTORICAL
candidate:tutor:kr-ad11-c8fc-kr-ad11-c0b0-ad6c-kr-c30d-cd0c-b3d9:region_tutor,,광주,32,쌍촌동과외,HISTORICAL_894,READY_AS_IS,true,,true,HISTORICAL,HISTORICAL,HISTORICAL,HISTORICAL
candidate:tutor:kr-ad11-c8fc-kr-ad11-c0b0-ad6c-kr-d654-c815-b3d9:region_tutor,,광주,33,화정동과외,HISTORICAL_894,READY_AS_IS,true,,true,HISTORICAL,HISTORICAL,HISTORICAL,HISTORICAL
candidate:tutor:kr-ad11-c8fc-kr-ad11-c0b0-ad6c-kr-ce58-d3c9-b3d9:region_tutor,,광주,34,치평동과외,HISTORICAL_894,READY_AS_IS,true,,true,HISTORICAL,HISTORICAL,HISTORICAL,HISTORICAL
candidate:tutor:kr-ad11-c8fc-kr-ad11-c0b0-ad6c-kr-b0b4-bc29-b3d9:region_tutor,,광주,35,내방동과외,HISTORICAL_894,READY_AS_IS,true,,true,HISTORICAL,HISTORICAL,HISTORICAL,HISTORICAL
candidate:tutor:kr-ad11-c8fc-kr-ad11-c0b0-ad6c-kr-ae08-d638-b3d9:region_tutor,,광주,36,금호동과외,HISTORICAL_894,READY_AS_IS,true,,true,HISTORICAL,HISTORICAL,HISTORICAL,HISTORICAL
candidate:tutor:kr-ad11-c8fc-kr-ad11-c0b0-ad6c-kr-d48d-c554-b3d9:region_tutor,,광주,37,풍암동과외,HISTORICAL_894,READY_AS_IS,true,,true,HISTORICAL,HISTORICAL,HISTORICAL,HISTORICAL
candidate:tutor:kr-ad11-c8fc-kr-ad11-c0b0-ad6c-kr-b9e4-c6d4-b3d9:region_tutor,,광주,38,매월동과외,HISTORICAL_894,READY_AS_IS,true,,true,HISTORICAL,HISTORICAL,HISTORICAL,HISTORICAL
candidate:tutor:kr-ad11-c8fc-kr-ad11-c0b0-ad6c-kr-b3d9-cc9c-b3d9:region_tutor,,광주,39,동천동과외,HISTORICAL_894,READY_AS_IS,true,,true,HISTORICAL,HISTORICAL,HISTORICAL,HISTORICAL
candidate:tutor:kr-ad11-c8fc-kr-ad11-c0b0-ad6c-kr-b9c8-b975-b3d9:region_tutor,,광주,40,마륵동과외,HISTORICAL_894,READY_AS_IS,true,,true,HISTORICAL,HISTORICAL,HISTORICAL,HISTORICAL
candidate:tutor:kr-ad11-c8fc-kr-ad11-c0b0-ad6c-kr-c138-d558-b3d9:region_tutor,,광주,41,세하동과외,HISTORICAL_894,READY_AS_IS,true,,true,HISTORICAL,HISTORICAL,HISTORICAL,HISTORICAL
candidate:tutor:kr-ad11-c8fc-kr-ad11-c0b0-ad6c-kr-c0ac-b3d9:region_tutor,,광주,42,사동과외,HISTORICAL_894,READY_AS_IS,true,,true,HISTORICAL,HISTORICAL,HISTORICAL,HISTORICAL
candidate:tutor:kr-ad11-c8fc-kr-ad11-c0b0-ad6c-kr-ad6c-b3d9:region_tutor,,광주,43,구동과외,HISTORICAL_894,READY_AS_IS,true,,true,HISTORICAL,HISTORICAL,HISTORICAL,HISTORICAL
candidate:tutor:kr-ad11-c8fc-kr-ad11-c0b0-ad6c-kr-c11c-b3d9:region_tutor,,광주,44,서동과외,HISTORICAL_894,READY_AS_IS,true,,true,HISTORICAL,HISTORICAL,HISTORICAL,HISTORICAL
candidate:tutor:kr-ad11-c8fc-kr-ad11-c0b0-ad6c-kr-c6d4-c0b0-b3d9:region_tutor,,광주,45,월산동과외,HISTORICAL_894,READY_AS_IS,true,,true,HISTORICAL,HISTORICAL,HISTORICAL,HISTORICAL
candidate:tutor:kr-ad11-c8fc-kr-ad11-c0b0-ad6c-kr-bc31-c6b4-b3d9:region_tutor,,광주,46,백운동과외,HISTORICAL_894,READY_AS_IS,true,,true,HISTORICAL,HISTORICAL,HISTORICAL,HISTORICAL
candidate:tutor:kr-ad11-c8fc-kr-ad11-c0b0-ad6c-kr-c8fc-c6d4-b3d9:region_tutor,,광주,47,주월동과외,HISTORICAL_894,READY_AS_IS,true,,true,HISTORICAL,HISTORICAL,HISTORICAL,HISTORICAL
candidate:tutor:kr-ad11-c8fc-kr-ad11-c0b0-ad6c-kr-c9c4-c6d4-b3d9:region_tutor,,광주,48,진월동과외,HISTORICAL_894,READY_AS_IS,true,,true,HISTORICAL,HISTORICAL,HISTORICAL,HISTORICAL
candidate:tutor:kr-ad11-c8fc-kr-ad11-c0b0-ad6c-kr-bd09-c120-b3d9:region_tutor,,광주,49,봉선동과외,HISTORICAL_894,READY_AS_IS,true,,true,HISTORICAL,HISTORICAL,HISTORICAL,HISTORICAL
candidate:tutor:kr-ad11-c8fc-kr-ad11-c0b0-ad6c-kr-bc29-b9bc-b3d9:region_tutor,,광주,50,방림동과외,HISTORICAL_894,READY_AS_IS,true,,true,HISTORICAL,HISTORICAL,HISTORICAL,HISTORICAL
candidate:tutor:kr-ad11-c8fc-kr-ad11-c0b0-ad6c-kr-c591-b9bc-b3d9:region_tutor,,광주,51,양림동과외,HISTORICAL_894,READY_AS_IS,true,,true,HISTORICAL,HISTORICAL,HISTORICAL,HISTORICAL
candidate:tutor:kr-ad11-c8fc-kr-ad11-c0b0-ad6c-kr-b178-b300-b3d9:region_tutor,,광주,52,노대동과외,HISTORICAL_894,READY_AS_IS,true,,true,HISTORICAL,HISTORICAL,HISTORICAL,HISTORICAL
candidate:tutor:kr-ad11-c8fc-kr-ad11-c0b0-ad6c-kr-d589-c554-b3d9:region_tutor,,광주,53,행암동과외,HISTORICAL_894,READY_AS_IS,true,,true,HISTORICAL,HISTORICAL,HISTORICAL,HISTORICAL
candidate:tutor:kr-ad11-c8fc-kr-ad11-c0b0-ad6c-kr-c1a1-d558-b3d9:region_tutor,,광주,54,송하동과외,HISTORICAL_894,READY_AS_IS,true,,true,HISTORICAL,HISTORICAL,HISTORICAL,HISTORICAL
candidate:tutor:kr-ad11-c8fc-kr-ad11-c0b0-ad6c-kr-c784-c554-b3d9:region_tutor,,광주,55,임암동과외,HISTORICAL_894,READY_AS_IS,true,,true,HISTORICAL,HISTORICAL,HISTORICAL,HISTORICAL
candidate:tutor:kr-ad11-c8fc-kr-ad11-c0b0-ad6c-kr-c555-cd0c-b3d9:region_tutor,,광주,56,압촌동과외,HISTORICAL_894,READY_AS_IS,true,,true,HISTORICAL,HISTORICAL,HISTORICAL,HISTORICAL
candidate:tutor:kr-ad11-c8fc-kr-ad11-c0b0-ad6c-kr-c6d0-c0b0-b3d9:region_tutor,,광주,57,원산동과외,HISTORICAL_894,READY_AS_IS,true,,true,HISTORICAL,HISTORICAL,HISTORICAL,HISTORICAL
candidate:tutor:kr-ad11-c8fc-kr-ad11-c0b0-ad6c-kr-c911-d765-b3d9:region_tutor,,광주,58,중흥동과외,HISTORICAL_894,READY_AS_IS,true,,true,HISTORICAL,HISTORICAL,HISTORICAL,HISTORICAL
candidate:tutor:kr-ad11-c8fc-kr-ad11-c0b0-ad6c-kr-c720-b3d9:region_tutor,,광주,59,유동과외,HISTORICAL_894,READY_AS_IS,true,,true,HISTORICAL,HISTORICAL,HISTORICAL,HISTORICAL
candidate:tutor:kr-ad11-c8fc-kr-ad11-c0b0-ad6c-kr-b204-bb38-b3d9:region_tutor,,광주,60,누문동과외,HISTORICAL_894,READY_AS_IS,true,,true,HISTORICAL,HISTORICAL,HISTORICAL,HISTORICAL
candidate:tutor:kr-ad11-c8fc-kr-ad11-c0b0-ad6c-kr-c784-b3d9:region_tutor,,광주,61,임동과외,HISTORICAL_894,READY_AS_IS,true,,true,HISTORICAL,HISTORICAL,HISTORICAL,HISTORICAL
candidate:tutor:kr-ad11-c8fc-kr-ad11-c0b0-ad6c-kr-c2e0-c548-b3d9:region_tutor,,광주,62,신안동과외,HISTORICAL_894,READY_AS_IS,true,,true,HISTORICAL,HISTORICAL,HISTORICAL,HISTORICAL
candidate:tutor:kr-ad11-c8fc-kr-ad11-c0b0-ad6c-kr-c6a9-bd09-b3d9:region_tutor,,광주,63,용봉동과외,HISTORICAL_894,READY_AS_IS,true,,true,HISTORICAL,HISTORICAL,HISTORICAL,HISTORICAL
candidate:tutor:kr-ad11-c8fc-kr-ad11-c0b0-ad6c-kr-c6b4-c554-b3d9:region_tutor,,광주,64,운암동과외,HISTORICAL_894,READY_AS_IS,true,,true,HISTORICAL,HISTORICAL,HISTORICAL,HISTORICAL
candidate:tutor:kr-ad11-c8fc-kr-ad11-c0b0-ad6c-kr-bd81-ad6c-b3d9-b9bc-b3d9:region_tutor,,광주,65,북구동림동과외,HISTORICAL_894,READY_AS_IS,true,,true,HISTORICAL,HISTORICAL,HISTORICAL,HISTORICAL
candidate:tutor:kr-ad11-c8fc-kr-ad11-c0b0-ad6c-kr-c0bc-ac01-b3d9:region_tutor,,광주,66,삼각동과외,HISTORICAL_894,READY_AS_IS,true,,true,HISTORICAL,HISTORICAL,HISTORICAL,HISTORICAL
candidate:tutor:kr-ad11-c8fc-kr-ad11-c0b0-ad6c-kr-b9e4-ace1-b3d9:region_tutor,,광주,67,매곡동과외,HISTORICAL_894,READY_AS_IS,true,,true,HISTORICAL,HISTORICAL,HISTORICAL,HISTORICAL
candidate:tutor:kr-ad11-c8fc-kr-ad11-c0b0-ad6c-kr-c624-ce58-b3d9:region_tutor,,광주,68,오치동과외,HISTORICAL_894,READY_AS_IS,true,,true,HISTORICAL,HISTORICAL,HISTORICAL,HISTORICAL
candidate:tutor:kr-ad11-c8fc-kr-ad11-c0b0-ad6c-kr-bb38-d765-b3d9:region_tutor,,광주,69,문흥동과외,HISTORICAL_894,READY_AS_IS,true,,true,HISTORICAL,HISTORICAL,HISTORICAL,HISTORICAL
candidate:tutor:kr-ad11-c8fc-kr-ad11-c0b0-ad6c-kr-b450-c554-b3d9:region_tutor,,광주,70,두암동과외,HISTORICAL_894,READY_AS_IS,true,,true,HISTORICAL,HISTORICAL,HISTORICAL,HISTORICAL
candidate:tutor:kr-ad11-c8fc-kr-ad11-c0b0-ad6c-kr-ac01-d654-b3d9:region_tutor,,광주,71,각화동과외,HISTORICAL_894,READY_AS_IS,true,,true,HISTORICAL,HISTORICAL,HISTORICAL,HISTORICAL
candidate:tutor:kr-ad11-c8fc-kr-ad11-c0b0-ad6c-kr-c77c-ace1-b3d9:region_tutor,,광주,72,일곡동과외,HISTORICAL_894,READY_AS_IS,true,,true,HISTORICAL,HISTORICAL,HISTORICAL,HISTORICAL
candidate:tutor:kr-ad11-c8fc-kr-ad11-c0b0-ad6c-kr-c591-c0b0-b3d9:region_tutor,,광주,73,양산동과외,HISTORICAL_894,READY_AS_IS,true,,true,HISTORICAL,HISTORICAL,HISTORICAL,HISTORICAL
candidate:tutor:kr-ad11-c8fc-kr-ad11-c0b0-ad6c-kr-c5f0-c81c-b3d9:region_tutor,,광주,74,연제동과외,HISTORICAL_894,READY_AS_IS,true,,true,HISTORICAL,HISTORICAL,HISTORICAL,HISTORICAL
candidate:tutor:kr-ad11-c8fc-kr-ad11-c0b0-ad6c-kr-c2e0-c6a9-b3d9:region_tutor,,광주,75,신용동과외,HISTORICAL_894,READY_AS_IS,true,,true,HISTORICAL,HISTORICAL,HISTORICAL,HISTORICAL
candidate:tutor:kr-ad11-c8fc-kr-ad11-c0b0-ad6c-kr-c6a9-b450-b3d9:region_tutor,,광주,76,용두동과외,HISTORICAL_894,READY_AS_IS,true,,true,HISTORICAL,HISTORICAL,HISTORICAL,HISTORICAL
candidate:tutor:kr-ad11-c8fc-kr-ad11-c0b0-ad6c-kr-bcf8-cd0c-b3d9:region_tutor,,광주,77,본촌동과외,HISTORICAL_894,READY_AS_IS,true,,true,HISTORICAL,HISTORICAL,HISTORICAL,HISTORICAL
candidate:tutor:kr-ad11-c8fc-kr-ad11-c0b0-ad6c-kr-c6d4-cd9c-b3d9:region_tutor,,광주,78,월출동과외,HISTORICAL_894,READY_AS_IS,true,,true,HISTORICAL,HISTORICAL,HISTORICAL,HISTORICAL
candidate:tutor:kr-ad11-c8fc-kr-ad11-c0b0-ad6c-kr-b300-cd0c-b3d9:region_tutor,,광주,79,대촌동과외,HISTORICAL_894,READY_AS_IS,true,,true,HISTORICAL,HISTORICAL,HISTORICAL,HISTORICAL
candidate:tutor:kr-ad11-c8fc-kr-ad11-c0b0-ad6c-kr-c624-b8e1-b3d9:region_tutor,,광주,80,오룡동과외,HISTORICAL_894,READY_AS_IS,true,,true,HISTORICAL,HISTORICAL,HISTORICAL,HISTORICAL
candidate:tutor:kr-ad11-c8fc-kr-ad11-c0b0-ad6c-kr-c9c0-c57c-b3d9:region_tutor,,광주,81,지야동과외,HISTORICAL_894,READY_AS_IS,true,,true,HISTORICAL,HISTORICAL,HISTORICAL,HISTORICAL
candidate:tutor:kr-ad11-c8fc-kr-ad11-c0b0-ad6c-kr-d0dc-b839-b3d9:region_tutor,,광주,82,태령동과외,HISTORICAL_894,READY_AS_IS,true,,true,HISTORICAL,HISTORICAL,HISTORICAL,HISTORICAL
candidate:tutor:kr-ad11-c8fc-kr-ad11-c0b0-ad6c-kr-c218-ace1-b3d9:region_tutor,,광주,83,수곡동과외,HISTORICAL_894,READY_AS_IS,true,,true,HISTORICAL,HISTORICAL,HISTORICAL,HISTORICAL
candidate:tutor:kr-ad11-c8fc-kr-ad11-c0b0-ad6c-kr-d6a8-b839-b3d9:region_tutor,,광주,84,효령동과외,HISTORICAL_894,READY_AS_IS,true,,true,HISTORICAL,HISTORICAL,HISTORICAL,HISTORICAL
candidate:tutor:kr-ad11-c8fc-kr-ad11-c0b0-ad6c-kr-c1a1-c815-b3d9:region_tutor,,광주,85,송정동과외,HISTORICAL_894,READY_AS_IS,true,,true,HISTORICAL,HISTORICAL,HISTORICAL,HISTORICAL
candidate:tutor:kr-ad11-c8fc-kr-ad11-c0b0-ad6c-kr-b3c4-c0b0-b3d9:region_tutor,,광주,86,도산동과외,HISTORICAL_894,READY_AS_IS,true,,true,HISTORICAL,HISTORICAL,HISTORICAL,HISTORICAL
candidate:tutor:kr-ad11-c8fc-kr-ad11-c0b0-ad6c-kr-c2e0-d765-b3d9:region_tutor,,광주,87,신흥동과외,HISTORICAL_894,READY_AS_IS,true,,true,HISTORICAL,HISTORICAL,HISTORICAL,HISTORICAL
candidate:tutor:kr-ad11-c8fc-kr-ad11-c0b0-ad6c-kr-c6b0-c0b0-b3d9:region_tutor,,광주,88,우산동과외,HISTORICAL_894,READY_AS_IS,true,,true,HISTORICAL,HISTORICAL,HISTORICAL,HISTORICAL
candidate:tutor:kr-ad11-c8fc-kr-ad11-c0b0-ad6c-kr-c6d4-ace1-b3d9:region_tutor,,광주,89,월곡동과외,HISTORICAL_894,READY_AS_IS,true,,true,HISTORICAL,HISTORICAL,HISTORICAL,HISTORICAL
candidate:tutor:kr-ad11-c8fc-kr-ad11-c0b0-ad6c-kr-c6b4-b0a8-b3d9:region_tutor,,광주,90,운남동과외,HISTORICAL_894,READY_AS_IS,true,,true,HISTORICAL,HISTORICAL,HISTORICAL,HISTORICAL
candidate:tutor:kr-ad11-c8fc-kr-ad11-c0b0-ad6c-kr-c30d-c554-b3d9:region_tutor,,광주,91,쌍암동과외,HISTORICAL_894,READY_AS_IS,true,,true,HISTORICAL,HISTORICAL,HISTORICAL,HISTORICAL
candidate:tutor:kr-ad11-c8fc-kr-ad11-c0b0-ad6c-kr-c0b0-c6d4-b3d9:region_tutor,,광주,92,산월동과외,HISTORICAL_894,READY_AS_IS,true,,true,HISTORICAL,HISTORICAL,HISTORICAL,HISTORICAL
candidate:tutor:kr-ad11-c8fc-kr-ad11-c0b0-ad6c-kr-c2e0-cc3d-b3d9:region_tutor,,광주,93,신창동과외,HISTORICAL_894,READY_AS_IS,true,,true,HISTORICAL,HISTORICAL,HISTORICAL,HISTORICAL
candidate:tutor:kr-ad11-c8fc-kr-ad11-c0b0-ad6c-kr-c2e0-ac00-b3d9:region_tutor,,광주,94,신가동과외,HISTORICAL_894,READY_AS_IS,true,,true,HISTORICAL,HISTORICAL,HISTORICAL,HISTORICAL
candidate:tutor:kr-ad11-c8fc-kr-ad11-c0b0-ad6c-kr-c218-c644-b3d9:region_tutor,,광주,95,수완동과외,HISTORICAL_894,READY_AS_IS,true,,true,HISTORICAL,HISTORICAL,HISTORICAL,HISTORICAL
candidate:tutor:kr-ad11-c8fc-kr-ad11-c0b0-ad6c-kr-c7a5-b355-b3d9:region_tutor,,광주,96,장덕동과외,HISTORICAL_894,READY_AS_IS,true,,true,HISTORICAL,HISTORICAL,HISTORICAL,HISTORICAL
candidate:tutor:kr-ad11-c8fc-kr-ad11-c0b0-ad6c-kr-d751-c11d-b3d9:region_tutor,,광주,97,흑석동과외,HISTORICAL_894,READY_AS_IS,true,,true,HISTORICAL,HISTORICAL,HISTORICAL,HISTORICAL
candidate:tutor:kr-ad11-c8fc-kr-ad11-c0b0-ad6c-kr-d558-b0a8-b3d9:region_tutor,,광주,98,하남동과외,HISTORICAL_894,READY_AS_IS,true,,true,HISTORICAL,HISTORICAL,HISTORICAL,HISTORICAL
candidate:tutor:kr-ad11-c8fc-kr-ad11-c0b0-ad6c-kr-c7a5-c218-b3d9:region_tutor,,광주,99,장수동과외,HISTORICAL_894,READY_AS_IS,true,,true,HISTORICAL,HISTORICAL,HISTORICAL,HISTORICAL
candidate:tutor:kr-ad11-c8fc-kr-ad11-c0b0-ad6c-kr-c548-ccad-b3d9:region_tutor,,광주,100,안청동과외,HISTORICAL_894,READY_AS_IS,true,,true,HISTORICAL,HISTORICAL,HISTORICAL,HISTORICAL
candidate:tutor:kr-ad11-c8fc-kr-ad11-c0b0-ad6c-kr-c624-c120-b3d9:region_tutor,,광주,101,오선동과외,HISTORICAL_894,READY_AS_IS,true,,true,HISTORICAL,HISTORICAL,HISTORICAL,HISTORICAL
candidate:tutor:kr-ad11-c8fc-kr-ad11-c0b0-ad6c-kr-be44-c544-b3d9:region_tutor,,광주,102,비아동과외,HISTORICAL_894,READY_AS_IS,true,,true,HISTORICAL,HISTORICAL,HISTORICAL,HISTORICAL
candidate:tutor:kr-ad11-c8fc-kr-ad11-c0b0-ad6c-kr-c6d4-c804-b3d9:region_tutor,,광주,103,월전동과외,HISTORICAL_894,READY_AS_IS,true,,true,HISTORICAL,HISTORICAL,HISTORICAL,HISTORICAL
candidate:tutor:kr-ad11-c8fc-kr-ad11-c0b0-ad6c-kr-ace0-b8e1-b3d9:region_tutor,,광주,104,고룡동과외,HISTORICAL_894,READY_AS_IS,true,,true,HISTORICAL,HISTORICAL,HISTORICAL,HISTORICAL
candidate:tutor:kr-ad11-c8fc-kr-ad11-c0b0-ad6c-kr-c9c0-c8fd-b3d9:region_tutor,,광주,105,지죽동과외,HISTORICAL_894,READY_AS_IS,true,,true,HISTORICAL,HISTORICAL,HISTORICAL,HISTORICAL
candidate:tutor:kr-ad11-c8fc-kr-ad11-c0b0-ad6c-kr-c6a9-b3d9:region_tutor,,광주,106,용동과외,HISTORICAL_894,READY_AS_IS,true,,true,HISTORICAL,HISTORICAL,HISTORICAL,HISTORICAL
candidate:tutor:kr-ad11-c8fc-kr-ad11-c0b0-ad6c-kr-ba85-d654-b3d9:region_tutor,,광주,107,명화동과외,HISTORICAL_894,READY_AS_IS,true,,true,HISTORICAL,HISTORICAL,HISTORICAL,HISTORICAL
candidate:tutor:kr-ad11-c8fc-kr-ad11-c0b0-ad6c-kr-ad11-c0b0-ad6c-b3d9-b9bc-b3d9:region_tutor,,광주,108,광산구동림동과외,HISTORICAL_894,READY_AS_IS,true,,true,HISTORICAL,HISTORICAL,HISTORICAL,HISTORICAL
candidate:tutor:kr-ad11-c8fc-kr-ad11-c0b0-ad6c-kr-c120-c554-b3d9:region_tutor,,광주,109,선암동과외,HISTORICAL_894,READY_AS_IS,true,,true,HISTORICAL,HISTORICAL,HISTORICAL,HISTORICAL
candidate:tutor:kr-ad11-c8fc-kr-ad11-c0b0-ad6c-kr-d3c9-b3d9:region_tutor,,광주,110,평동과외,HISTORICAL_894,READY_AS_IS,true,,true,HISTORICAL,HISTORICAL,HISTORICAL,HISTORICAL
candidate:tutor:kr-ad11-c8fc-kr-ad11-c0b0-ad6c-kr-c625-b3d9:region_tutor,,광주,111,옥동과외,HISTORICAL_894,READY_AS_IS,true,,true,HISTORICAL,HISTORICAL,HISTORICAL,HISTORICAL
candidate:tutor:kr-ad11-c8fc-kr-ad11-c0b0-ad6c-kr-c0bc-ac70-b3d9:region_tutor,,광주,112,삼거동과외,HISTORICAL_894,READY_AS_IS,true,,true,HISTORICAL,HISTORICAL,HISTORICAL,HISTORICAL
candidate:tutor:kr-ad11-c8fc-kr-ad11-c0b0-ad6c-kr-bcf8-b355-b3d9:region_tutor,,광주,113,본덕동과외,HISTORICAL_894,READY_AS_IS,true,,true,HISTORICAL,HISTORICAL,HISTORICAL,HISTORICAL
candidate:tutor:kr-ad11-c8fc-kr-ad11-c0b0-ad6c-kr-bcf5-b8e1-b3d9:region_tutor,,광주,114,복룡동과외,HISTORICAL_894,READY_AS_IS,true,,true,HISTORICAL,HISTORICAL,HISTORICAL,HISTORICAL
candidate:tutor:kr-ad11-c8fc-kr-ad11-c0b0-ad6c-kr-c784-ace1-b3d9:region_tutor,,광주,115,임곡동과외,HISTORICAL_894,READY_AS_IS,true,,true,HISTORICAL,HISTORICAL,HISTORICAL,HISTORICAL
candidate:tutor:kr-ad11-c8fc-kr-ad11-c0b0-ad6c-kr-b3d9-d638-b3d9:region_tutor,,광주,116,동호동과외,HISTORICAL_894,READY_AS_IS,true,,true,HISTORICAL,HISTORICAL,HISTORICAL,HISTORICAL
candidate:tutor:kr-ad11-c8fc-kr-ad11-c0b0-ad6c-kr-c0bc-b3c4-b3d9:region_tutor,,광주,117,삼도동과외,HISTORICAL_894,READY_AS_IS,true,,true,HISTORICAL,HISTORICAL,HISTORICAL,HISTORICAL
candidate:tutor:seoul:region_tutor,seoul,서울,2,서울과외,NEW_K_1051,READY_AS_IS,true,,true,PASS,PASS,PASS,PASS
candidate:tutor:seoul-gangnam:region_tutor,seoul-gangnam,서울,3,강남구과외,NEW_K_1051,READY_AS_IS,true,,true,PASS,PASS,PASS,PASS
candidate:tutor:seoul-kr-ac15-b3d9-ad6c:region_tutor,seoul-kr-ac15-b3d9-ad6c,서울,4,강동구과외,NEW_K_1051,READY_AS_IS,true,,true,PASS,PASS,PASS,PASS
candidate:tutor:seoul-kr-ac15-bd81-ad6c:region_tutor,seoul-kr-ac15-bd81-ad6c,서울,5,강북구과외,NEW_K_1051,READY_AS_IS,true,,true,PASS,PASS,PASS,PASS
candidate:tutor:seoul-kr-ac15-c11c-ad6c:region_tutor,seoul-kr-ac15-c11c-ad6c,서울,6,강서구과외,NEW_K_1051,READY_AS_IS,true,,true,PASS,PASS,PASS,PASS
candidate:tutor:seoul-kr-ad00-c545-ad6c:region_tutor,seoul-kr-ad00-c545-ad6c,서울,7,관악구과외,NEW_K_1051,READY_AS_IS,true,,true,PASS,PASS,PASS,PASS
candidate:tutor:seoul-kr-ad11-c9c4-ad6c:region_tutor,seoul-kr-ad11-c9c4-ad6c,서울,8,광진구과외,NEW_K_1051,READY_AS_IS,true,,true,PASS,PASS,PASS,PASS
candidate:tutor:seoul-kr-ad6c-b85c-ad6c:region_tutor,seoul-kr-ad6c-b85c-ad6c,서울,9,구로구과외,NEW_K_1051,READY_AS_IS,true,,true,PASS,PASS,PASS,PASS
candidate:tutor:seoul-kr-ae08-cc9c-ad6c:region_tutor,seoul-kr-ae08-cc9c-ad6c,서울,10,금천구과외,NEW_K_1051,READY_AS_IS,true,,true,PASS,PASS,PASS,PASS
candidate:tutor:seoul-kr-b178-c6d0-ad6c:region_tutor,seoul-kr-b178-c6d0-ad6c,서울,11,노원구과외,NEW_K_1051,READY_AS_IS,true,,true,PASS,PASS,PASS,PASS
candidate:tutor:seoul-kr-b3c4-bd09-ad6c:region_tutor,seoul-kr-b3c4-bd09-ad6c,서울,12,도봉구과외,NEW_K_1051,READY_AS_IS,true,,true,PASS,PASS,PASS,PASS
candidate:tutor:seoul-kr-b3d9-b300-bb38-ad6c:region_tutor,seoul-kr-b3d9-b300-bb38-ad6c,서울,13,동대문구과외,NEW_K_1051,READY_AS_IS,true,,true,PASS,PASS,PASS,PASS
candidate:tutor:seoul-kr-b3d9-c791-ad6c:region_tutor,seoul-kr-b3d9-c791-ad6c,서울,14,동작구과외,NEW_K_1051,READY_AS_IS,true,,true,PASS,PASS,PASS,PASS
candidate:tutor:seoul-kr-b9c8-d3ec-ad6c:region_tutor,seoul-kr-b9c8-d3ec-ad6c,서울,15,마포구과외,NEW_K_1051,READY_AS_IS,true,,true,PASS,PASS,PASS,PASS
candidate:tutor:seoul-kr-c11c-b300-bb38-ad6c:region_tutor,seoul-kr-c11c-b300-bb38-ad6c,서울,16,서대문구과외,NEW_K_1051,READY_AS_IS,true,,true,PASS,PASS,PASS,PASS
candidate:tutor:seoul-kr-c11c-cd08-ad6c:region_tutor,seoul-kr-c11c-cd08-ad6c,서울,17,서초구과외,NEW_K_1051,READY_AS_IS,true,,true,PASS,PASS,PASS,PASS
candidate:tutor:seoul-kr-c131-b3d9-ad6c:region_tutor,seoul-kr-c131-b3d9-ad6c,서울,18,성동구과외,NEW_K_1051,READY_AS_IS,true,,true,PASS,PASS,PASS,PASS
candidate:tutor:seoul-kr-c131-bd81-ad6c:region_tutor,seoul-kr-c131-bd81-ad6c,서울,19,성북구과외,NEW_K_1051,READY_AS_IS,true,,true,PASS,PASS,PASS,PASS
candidate:tutor:seoul-kr-c1a1-d30c-ad6c:region_tutor,seoul-kr-c1a1-d30c-ad6c,서울,20,송파구과외,NEW_K_1051,READY_AS_IS,true,,true,PASS,PASS,PASS,PASS
candidate:tutor:seoul-kr-c591-cc9c-ad6c:region_tutor,seoul-kr-c591-cc9c-ad6c,서울,21,양천구과외,NEW_K_1051,READY_AS_IS,true,,true,PASS,PASS,PASS,PASS
candidate:tutor:seoul-kr-c601-b4f1-d3ec-ad6c:region_tutor,seoul-kr-c601-b4f1-d3ec-ad6c,서울,22,영등포구과외,NEW_K_1051,READY_AS_IS,true,,true,PASS,PASS,PASS,PASS
candidate:tutor:seoul-kr-c6a9-c0b0-ad6c:region_tutor,seoul-kr-c6a9-c0b0-ad6c,서울,23,용산구과외,NEW_K_1051,READY_AS_IS,true,,true,PASS,PASS,PASS,PASS
candidate:tutor:seoul-kr-c740-d3c9-ad6c:region_tutor,seoul-kr-c740-d3c9-ad6c,서울,24,은평구과외,NEW_K_1051,READY_AS_IS,true,,true,PASS,PASS,PASS,PASS
candidate:tutor:seoul-kr-c885-b85c-ad6c:region_tutor,seoul-kr-c885-b85c-ad6c,서울,25,종로구과외,NEW_K_1051,READY_AS_IS,true,,true,PASS,PASS,PASS,PASS
candidate:tutor:seoul-kr-c11c-c6b8-c911-ad6c:region_tutor,seoul-kr-c11c-c6b8-c911-ad6c,서울,26,서울중구과외,NEW_K_1051,READY_AS_IS,true,,true,PASS,PASS,PASS,PASS
candidate:tutor:seoul-kr-c911-b791-ad6c:region_tutor,seoul-kr-c911-b791-ad6c,서울,27,중랑구과외,NEW_K_1051,READY_AS_IS,true,,true,PASS,PASS,PASS,PASS
candidate:tutor:seoul-gangnam-kr-ac1c-d3ec-b3d9:region_tutor,seoul-gangnam-kr-ac1c-d3ec-b3d9,서울,28,개포동과외,NEW_K_1051,READY_AS_IS,true,,true,PASS,PASS,PASS,PASS
candidate:tutor:seoul-gangnam-kr-b17c-d604-b3d9:region_tutor,seoul-gangnam-kr-b17c-d604-b3d9,서울,29,논현동과외,NEW_K_1051,READY_AS_IS,true,,true,PASS,PASS,PASS,PASS
candidate:tutor:seoul-gangnam-daechi:region_tutor,seoul-gangnam-daechi,서울,30,대치동과외,NEW_K_1051,READY_AS_IS,true,,true,PASS,PASS,PASS,PASS
candidate:tutor:seoul-kr-c911-b791-ad6c-kr-b3c4-ace1-b3d9:region_tutor,seoul-kr-c911-b791-ad6c-kr-b3c4-ace1-b3d9,서울,31,도곡동과외,NEW_K_1051,READY_AS_IS,true,,true,PASS,PASS,PASS,PASS
candidate:tutor:seoul-kr-c911-b791-ad6c-kr-c0bc-c131-b3d9:region_tutor,seoul-kr-c911-b791-ad6c-kr-c0bc-c131-b3d9,서울,32,삼성동과외,NEW_K_1051,READY_AS_IS,true,,true,PASS,PASS,PASS,PASS
candidate:tutor:seoul-kr-c911-b791-ad6c-kr-c138-ace1-b3d9:region_tutor,seoul-kr-c911-b791-ad6c-kr-c138-ace1-b3d9,서울,33,세곡동과외,NEW_K_1051,READY_AS_IS,true,,true,PASS,PASS,PASS,PASS
candidate:tutor:seoul-kr-c911-b791-ad6c-kr-c218-c11c-b3d9:region_tutor,seoul-kr-c911-b791-ad6c-kr-c218-c11c-b3d9,서울,34,수서동과외,NEW_K_1051,READY_AS_IS,true,,true,PASS,PASS,PASS,PASS
candidate:tutor:seoul-kr-c911-b791-ad6c-kr-c2e0-c0ac-b3d9:region_tutor,seoul-kr-c911-b791-ad6c-kr-c2e0-c0ac-b3d9,서울,35,강남구 신사동과외,NEW_K_1051,READY_AS_IS,true,,true,PASS,PASS,PASS,PASS
candidate:tutor:seoul-kr-c911-b791-ad6c-kr-c555-ad6c-c815-b3d9:region_tutor,seoul-kr-c911-b791-ad6c-kr-c555-ad6c-c815-b3d9,서울,36,압구정동과외,NEW_K_1051,READY_AS_IS,true,,true,PASS,PASS,PASS,PASS
candidate:tutor:seoul-kr-c911-b791-ad6c-kr-c5ed-c0bc-b3d9:region_tutor,seoul-kr-c911-b791-ad6c-kr-c5ed-c0bc-b3d9,서울,37,역삼동과외,NEW_K_1051,READY_AS_IS,true,,true,PASS,PASS,PASS,PASS
candidate:tutor:seoul-kr-c911-b791-ad6c-kr-c728-d604-b3d9:region_tutor,seoul-kr-c911-b791-ad6c-kr-c728-d604-b3d9,서울,38,율현동과외,NEW_K_1051,READY_AS_IS,true,,true,PASS,PASS,PASS,PASS
candidate:tutor:seoul-kr-c911-b791-ad6c-kr-c77c-c6d0-b3d9:region_tutor,seoul-kr-c911-b791-ad6c-kr-c77c-c6d0-b3d9,서울,39,일원동과외,NEW_K_1051,READY_AS_IS,true,,true,PASS,PASS,PASS,PASS
candidate:tutor:seoul-kr-c911-b791-ad6c-kr-c790-ace1-b3d9:region_tutor,seoul-kr-c911-b791-ad6c-kr-c790-ace1-b3d9,서울,40,자곡동과외,NEW_K_1051,READY_AS_IS,true,,true,PASS,PASS,PASS,PASS
candidate:tutor:seoul-kr-c911-b791-ad6c-kr-ccad-b2f4-b3d9:region_tutor,seoul-kr-c911-b791-ad6c-kr-ccad-b2f4-b3d9,서울,41,청담동과외,NEW_K_1051,READY_AS_IS,true,,true,PASS,PASS,PASS,PASS
candidate:tutor:seoul-kr-c911-b791-ad6c-kr-ac15-c77c-b3d9:region_tutor,seoul-kr-c911-b791-ad6c-kr-ac15-c77c-b3d9,서울,42,강일동과외,NEW_K_1051,READY_AS_IS,true,,true,PASS,PASS,PASS,PASS
candidate:tutor:seoul-kr-c911-b791-ad6c-kr-ace0-b355-b3d9:region_tutor,seoul-kr-c911-b791-ad6c-kr-ace0-b355-b3d9,서울,43,고덕동과외,NEW_K_1051,READY_AS_IS,true,,true,PASS,PASS,PASS,PASS
candidate:tutor:seoul-kr-c911-b791-ad6c-kr-ae38-b3d9:region_tutor,seoul-kr-c911-b791-ad6c-kr-ae38-b3d9,서울,44,강동구 길동과외,NEW_K_1051,READY_AS_IS,true,,true,PASS,PASS,PASS,PASS
candidate:tutor:seoul-kr-c911-b791-ad6c-kr-b454-cd0c-b3d9:region_tutor,seoul-kr-c911-b791-ad6c-kr-b454-cd0c-b3d9,서울,45,둔촌동과외,NEW_K_1051,READY_AS_IS,true,,true,PASS,PASS,PASS,PASS
candidate:tutor:seoul-kr-c911-b791-ad6c-kr-ba85-c77c-b3d9:region_tutor,seoul-kr-c911-b791-ad6c-kr-ba85-c77c-b3d9,서울,46,명일동과외,NEW_K_1051,READY_AS_IS,true,,true,PASS,PASS,PASS,PASS
candidate:tutor:seoul-kr-c911-b791-ad6c-kr-c0c1-c77c-b3d9:region_tutor,seoul-kr-c911-b791-ad6c-kr-c0c1-c77c-b3d9,서울,47,상일동과외,NEW_K_1051,READY_AS_IS,true,,true,PASS,PASS,PASS,PASS
candidate:tutor:seoul-kr-c911-b791-ad6c-kr-c131-b0b4-b3d9:region_tutor,seoul-kr-c911-b791-ad6c-kr-c131-b0b4-b3d9,서울,48,성내동과외,NEW_K_1051,READY_AS_IS,true,,true,PASS,PASS,PASS,PASS
candidate:tutor:seoul-kr-c911-b791-ad6c-kr-c554-c0ac-b3d9:region_tutor,seoul-kr-c911-b791-ad6c-kr-c554-c0ac-b3d9,서울,49,암사동과외,NEW_K_1051,READY_AS_IS,true,,true,PASS,PASS,PASS,PASS
candidate:tutor:seoul-kr-c911-b791-ad6c-kr-cc9c-d638-b3d9:region_tutor,seoul-kr-c911-b791-ad6c-kr-cc9c-d638-b3d9,서울,50,천호동과외,NEW_K_1051,READY_AS_IS,true,,true,PASS,PASS,PASS,PASS
candidate:tutor:seoul-kr-c911-b791-ad6c-kr-bbf8-c544-b3d9:region_tutor,seoul-kr-c911-b791-ad6c-kr-bbf8-c544-b3d9,서울,51,미아동과외,NEW_K_1051,READY_AS_IS,true,,true,PASS,PASS,PASS,PASS
candidate:tutor:seoul-kr-c911-b791-ad6c-kr-bc88-b3d9:region_tutor,seoul-kr-c911-b791-ad6c-kr-bc88-b3d9,서울,52,강북구 번동과외,NEW_K_1051,READY_AS_IS,true,,true,PASS,PASS,PASS,PASS
candidate:tutor:seoul-kr-c911-b791-ad6c-kr-c218-c720-b3d9:region_tutor,seoul-kr-c911-b791-ad6c-kr-c218-c720-b3d9,서울,53,수유동과외,NEW_K_1051,READY_AS_IS,true,,true,PASS,PASS,PASS,PASS
candidate:tutor:seoul-kr-c911-b791-ad6c-kr-c6b0-c774-b3d9:region_tutor,seoul-kr-c911-b791-ad6c-kr-c6b0-c774-b3d9,서울,54,우이동과외,NEW_K_1051,READY_AS_IS,true,,true,PASS,PASS,PASS,PASS
candidate:tutor:seoul-kr-c911-b791-ad6c-kr-ac00-c591-b3d9:region_tutor,seoul-kr-c911-b791-ad6c-kr-ac00-c591-b3d9,서울,55,가양동과외,NEW_K_1051,READY_AS_IS,true,,true,PASS,PASS,PASS,PASS
candidate:tutor:seoul-kr-c911-b791-ad6c-kr-ac1c-d654-b3d9:region_tutor,seoul-kr-c911-b791-ad6c-kr-ac1c-d654-b3d9,서울,56,개화동과외,NEW_K_1051,READY_AS_IS,true,,true,PASS,PASS,PASS,PASS
candidate:tutor:seoul-kr-c911-b791-ad6c-kr-acf5-d56d-b3d9:region_tutor,seoul-kr-c911-b791-ad6c-kr-acf5-d56d-b3d9,서울,57,공항동과외,NEW_K_1051,READY_AS_IS,true,,true,PASS,PASS,PASS,PASS
candidate:tutor:seoul-kr-c911-b791-ad6c-kr-acfc-d574-b3d9:region_tutor,seoul-kr-c911-b791-ad6c-kr-acfc-d574-b3d9,서울,58,과해동과외,NEW_K_1051,READY_AS_IS,true,,true,PASS,PASS,PASS,PASS
candidate:tutor:seoul-kr-c911-b791-ad6c-kr-b0b4-bc1c-c0b0-b3d9:region_tutor,seoul-kr-c911-b791-ad6c-kr-b0b4-bc1c-c0b0-b3d9,서울,59,내발산동과외,NEW_K_1051,READY_AS_IS,true,,true,PASS,PASS,PASS,PASS
candidate:tutor:seoul-kr-c911-b791-ad6c-kr-b4f1-cd0c-b3d9:region_tutor,seoul-kr-c911-b791-ad6c-kr-b4f1-cd0c-b3d9,서울,60,등촌동과외,NEW_K_1051,READY_AS_IS,true,,true,PASS,PASS,PASS,PASS
candidate:tutor:seoul-kr-c911-b791-ad6c-kr-b9c8-ace1-b3d9:region_tutor,seoul-kr-c911-b791-ad6c-kr-b9c8-ace1-b3d9,서울,61,마곡동과외,NEW_K_1051,READY_AS_IS,true,,true,PASS,PASS,PASS,PASS
candidate:tutor:seoul-kr-c911-b791-ad6c-kr-bc29-d654-b3d9:region_tutor,seoul-kr-c911-b791-ad6c-kr-bc29-d654-b3d9,서울,62,방화동과외,NEW_K_1051,READY_AS_IS,true,,true,PASS,PASS,PASS,PASS
candidate:tutor:seoul-kr-c911-b791-ad6c-kr-c5fc-cc3d-b3d9:region_tutor,seoul-kr-c911-b791-ad6c-kr-c5fc-cc3d-b3d9,서울,63,염창동과외,NEW_K_1051,READY_AS_IS,true,,true,PASS,PASS,PASS,PASS
candidate:tutor:seoul-kr-c911-b791-ad6c-kr-c624-ace1-b3d9:region_tutor,seoul-kr-c911-b791-ad6c-kr-c624-ace1-b3d9,서울,64,오곡동과외,NEW_K_1051,READY_AS_IS,true,,true,PASS,PASS,PASS,PASS
candidate:tutor:seoul-kr-c911-b791-ad6c-kr-c624-c1e0-b3d9:region_tutor,seoul-kr-c911-b791-ad6c-kr-c624-c1e0-b3d9,서울,65,오쇠동과외,NEW_K_1051,READY_AS_IS,true,,true,PASS,PASS,PASS,PASS
candidate:tutor:seoul-kr-c911-b791-ad6c-kr-c678-bc1c-c0b0-b3d9:region_tutor,seoul-kr-c911-b791-ad6c-kr-c678-bc1c-c0b0-b3d9,서울,66,외발산동과외,NEW_K_1051,READY_AS_IS,true,,true,PASS,PASS,PASS,PASS
candidate:tutor:seoul-kr-c911-b791-ad6c-kr-d654-ace1-b3d9:region_tutor,seoul-kr-c911-b791-ad6c-kr-d654-ace1-b3d9,서울,67,화곡동과외,NEW_K_1051,READY_AS_IS,true,,true,PASS,PASS,PASS,PASS
candidate:tutor:seoul-kr-c911-b791-ad6c-kr-b0a8-d604-b3d9:region_tutor,seoul-kr-c911-b791-ad6c-kr-b0a8-d604-b3d9,서울,68,남현동과외,NEW_K_1051,READY_AS_IS,true,,true,PASS,PASS,PASS,PASS
candidate:tutor:seoul-kr-c911-b791-ad6c-kr-bd09-cc9c-b3d9:region_tutor,seoul-kr-c911-b791-ad6c-kr-bd09-cc9c-b3d9,서울,69,봉천동과외,NEW_K_1051,READY_AS_IS,true,,true,PASS,PASS,PASS,PASS
candidate:tutor:seoul-kr-c911-b791-ad6c-kr-c2e0-b9bc-b3d9:region_tutor,seoul-kr-c911-b791-ad6c-kr-c2e0-b9bc-b3d9,서울,70,신림동과외,NEW_K_1051,READY_AS_IS,true,,true,PASS,PASS,PASS,PASS
candidate:tutor:seoul-kr-c911-b791-ad6c-kr-ad11-c7a5-b3d9:region_tutor,seoul-kr-c911-b791-ad6c-kr-ad11-c7a5-b3d9,서울,71,광장동과외,NEW_K_1051,READY_AS_IS,true,,true,PASS,PASS,PASS,PASS
candidate:tutor:seoul-kr-c911-b791-ad6c-kr-ad6c-c758-b3d9:region_tutor,seoul-kr-c911-b791-ad6c-kr-ad6c-c758-b3d9,서울,72,구의동과외,NEW_K_1051,READY_AS_IS,true,,true,PASS,PASS,PASS,PASS
candidate:tutor:seoul-kr-c911-b791-ad6c-kr-ad70-c790-b3d9:region_tutor,seoul-kr-c911-b791-ad6c-kr-ad70-c790-b3d9,서울,73,군자동과외,NEW_K_1051,READY_AS_IS,true,,true,PASS,PASS,PASS,PASS
candidate:tutor:seoul-kr-c911-b791-ad6c-kr-b2a5-b3d9:region_tutor,seoul-kr-c911-b791-ad6c-kr-b2a5-b3d9,서울,74,광진구 능동과외,NEW_K_1051,READY_AS_IS,true,,true,PASS,PASS,PASS,PASS
candidate:tutor:seoul-kr-c911-b791-ad6c-kr-c790-c591-b3d9:region_tutor,seoul-kr-c911-b791-ad6c-kr-c790-c591-b3d9,서울,75,자양동과외,NEW_K_1051,READY_AS_IS,true,,true,PASS,PASS,PASS,PASS
candidate:tutor:seoul-kr-c911-b791-ad6c-kr-c911-ace1-b3d9:region_tutor,seoul-kr-c911-b791-ad6c-kr-c911-ace1-b3d9,서울,76,중곡동과외,NEW_K_1051,READY_AS_IS,true,,true,PASS,PASS,PASS,PASS
candidate:tutor:seoul-kr-c911-b791-ad6c-kr-d654-c591-b3d9:region_tutor,seoul-kr-c911-b791-ad6c-kr-d654-c591-b3d9,서울,77,화양동과외,NEW_K_1051,READY_AS_IS,true,,true,PASS,PASS,PASS,PASS
candidate:tutor:seoul-kr-c911-b791-ad6c-kr-ac00-b9ac-bd09-b3d9:region_tutor,seoul-kr-c911-b791-ad6c-kr-ac00-b9ac-bd09-b3d9,서울,78,가리봉동과외,NEW_K_1051,READY_AS_IS,true,,true,PASS,PASS,PASS,PASS
candidate:tutor:seoul-kr-c911-b791-ad6c-kr-ac1c-bd09-b3d9:region_tutor,seoul-kr-c911-b791-ad6c-kr-ac1c-bd09-b3d9,서울,79,개봉동과외,NEW_K_1051,READY_AS_IS,true,,true,PASS,PASS,PASS,PASS
candidate:tutor:seoul-kr-c911-b791-ad6c-kr-ace0-cc99-b3d9:region_tutor,seoul-kr-c911-b791-ad6c-kr-ace0-cc99-b3d9,서울,80,고척동과외,NEW_K_1051,READY_AS_IS,true,,true,PASS,PASS,PASS,PASS
candidate:tutor:seoul-kr-c911-b791-ad6c-kr-ad6c-b85c-b3d9:region_tutor,seoul-kr-c911-b791-ad6c-kr-ad6c-b85c-b3d9,서울,81,구로동과외,NEW_K_1051,READY_AS_IS,true,,true,PASS,PASS,PASS,PASS
candidate:tutor:seoul-kr-c911-b791-ad6c-kr-ad81-b3d9:region_tutor,seoul-kr-c911-b791-ad6c-kr-ad81-b3d9,서울,82,구로구 궁동과외,NEW_K_1051,READY_AS_IS,true,,true,PASS,PASS,PASS,PASS
candidate:tutor:seoul-kr-c911-b791-ad6c-kr-c2e0-b3c4-b9bc-b3d9:region_tutor,seoul-kr-c911-b791-ad6c-kr-c2e0-b3c4-b9bc-b3d9,서울,83,신도림동과외,NEW_K_1051,READY_AS_IS,true,,true,PASS,PASS,PASS,PASS
candidate:tutor:seoul-kr-c911-b791-ad6c-kr-c624-b958-b3d9:region_tutor,seoul-kr-c911-b791-ad6c-kr-c624-b958-b3d9,서울,84,오류동과외,NEW_K_1051,READY_AS_IS,true,,true,PASS,PASS,PASS,PASS
candidate:tutor:seoul-kr-c911-b791-ad6c-kr-c628-c218-b3d9:region_tutor,seoul-kr-c911-b791-ad6c-kr-c628-c218-b3d9,서울,85,온수동과외,NEW_K_1051,READY_AS_IS,true,,true,PASS,PASS,PASS,PASS
candidate:tutor:seoul-kr-c911-b791-ad6c-kr-cc9c-c655-b3d9:region_tutor,seoul-kr-c911-b791-ad6c-kr-cc9c-c655-b3d9,서울,86,천왕동과외,NEW_K_1051,READY_AS_IS,true,,true,PASS,PASS,PASS,PASS
candidate:tutor:seoul-kr-c911-b791-ad6c-kr-d56d-b3d9:region_tutor,seoul-kr-c911-b791-ad6c-kr-d56d-b3d9,서울,87,구로구 항동과외,NEW_K_1051,READY_AS_IS,true,,true,PASS,PASS,PASS,PASS
candidate:tutor:seoul-kr-c911-b791-ad6c-kr-ac00-c0b0-b3d9:region_tutor,seoul-kr-c911-b791-ad6c-kr-ac00-c0b0-b3d9,서울,88,가산동과외,NEW_K_1051,READY_AS_IS,true,,true,PASS,PASS,PASS,PASS
candidate:tutor:seoul-kr-c911-b791-ad6c-kr-b3c5-c0b0-b3d9:region_tutor,seoul-kr-c911-b791-ad6c-kr-b3c5-c0b0-b3d9,서울,89,독산동과외,NEW_K_1051,READY_AS_IS,true,,true,PASS,PASS,PASS,PASS
candidate:tutor:seoul-kr-c911-b791-ad6c-kr-c2dc-d765-b3d9:region_tutor,seoul-kr-c911-b791-ad6c-kr-c2dc-d765-b3d9,서울,90,시흥동과외,NEW_K_1051,READY_AS_IS,true,,true,PASS,PASS,PASS,PASS
candidate:tutor:seoul-kr-c911-b791-ad6c-kr-acf5-b989-b3d9:region_tutor,seoul-kr-c911-b791-ad6c-kr-acf5-b989-b3d9,서울,91,공릉동과외,NEW_K_1051,READY_AS_IS,true,,true,PASS,PASS,PASS,PASS
candidate:tutor:seoul-kr-c911-b791-ad6c-kr-c0c1-acc4-b3d9:region_tutor,seoul-kr-c911-b791-ad6c-kr-c0c1-acc4-b3d9,서울,92,상계동과외,NEW_K_1051,READY_AS_IS,true,,true,PASS,PASS,PASS,PASS
candidate:tutor:seoul-kr-c911-b791-ad6c-kr-c6d4-acc4-b3d9:region_tutor,seoul-kr-c911-b791-ad6c-kr-c6d4-acc4-b3d9,서울,93,월계동과외,NEW_K_1051,READY_AS_IS,true,,true,PASS,PASS,PASS,PASS
candidate:tutor:seoul-kr-c911-b791-ad6c-kr-c911-acc4-b3d9:region_tutor,seoul-kr-c911-b791-ad6c-kr-c911-acc4-b3d9,서울,94,중계동과외,NEW_K_1051,READY_AS_IS,true,,true,PASS,PASS,PASS,PASS
candidate:tutor:seoul-kr-c911-b791-ad6c-kr-d558-acc4-b3d9:region_tutor,seoul-kr-c911-b791-ad6c-kr-d558-acc4-b3d9,서울,95,하계동과외,NEW_K_1051,READY_AS_IS,true,,true,PASS,PASS,PASS,PASS
candidate:tutor:seoul-kr-c911-b791-ad6c-kr-b3c4-bd09-b3d9:region_tutor,seoul-kr-c911-b791-ad6c-kr-b3c4-bd09-b3d9,서울,96,도봉동과외,NEW_K_1051,READY_AS_IS,true,,true,PASS,PASS,PASS,PASS
candidate:tutor:seoul-kr-c911-b791-ad6c-kr-bc29-d559-b3d9:region_tutor,seoul-kr-c911-b791-ad6c-kr-bc29-d559-b3d9,서울,97,방학동과외,NEW_K_1051,READY_AS_IS,true,,true,PASS,PASS,PASS,PASS
candidate:tutor:seoul-kr-c911-b791-ad6c-kr-c30d-bb38-b3d9:region_tutor,seoul-kr-c911-b791-ad6c-kr-c30d-bb38-b3d9,서울,98,쌍문동과외,NEW_K_1051,READY_AS_IS,true,,true,PASS,PASS,PASS,PASS
candidate:tutor:seoul-kr-c911-b791-ad6c-kr-cc3d-b3d9:region_tutor,seoul-kr-c911-b791-ad6c-kr-cc3d-b3d9,서울,99,도봉구 창동과외,NEW_K_1051,READY_AS_IS,true,,true,PASS,PASS,PASS,PASS
candidate:tutor:seoul-kr-c911-b791-ad6c-kr-b2f5-c2ed-b9ac-b3d9:region_tutor,seoul-kr-c911-b791-ad6c-kr-b2f5-c2ed-b9ac-b3d9,서울,100,답십리동과외,NEW_K_1051,READY_AS_IS,true,,true,PASS,PASS,PASS,PASS
candidate:tutor:seoul-kr-c911-b791-ad6c-kr-c2e0-c124-b3d9:region_tutor,seoul-kr-c911-b791-ad6c-kr-c2e0-c124-b3d9,서울,101,신설동과외,NEW_K_1051,READY_AS_IS,true,,true,PASS,PASS,PASS,PASS
candidate:tutor:seoul-kr-c911-b791-ad6c-kr-c6a9-b450-b3d9:region_tutor,seoul-kr-c911-b791-ad6c-kr-c6a9-b450-b3d9,서울,102,용두동과외,NEW_K_1051,READY_AS_IS,true,,true,PASS,PASS,PASS,PASS
candidate:tutor:seoul-kr-c911-b791-ad6c-kr-c774-bb38-b3d9:region_tutor,seoul-kr-c911-b791-ad6c-kr-c774-bb38-b3d9,서울,103,이문동과외,NEW_K_1051,READY_AS_IS,true,,true,PASS,PASS,PASS,PASS
candidate:tutor:seoul-kr-c911-b791-ad6c-kr-c7a5-c548-b3d9:region_tutor,seoul-kr-c911-b791-ad6c-kr-c7a5-c548-b3d9,서울,104,장안동과외,NEW_K_1051,READY_AS_IS,true,,true,PASS,PASS,PASS,PASS
candidate:tutor:seoul-kr-c911-b791-ad6c-kr-c804-b18d-b3d9:region_tutor,seoul-kr-c911-b791-ad6c-kr-c804-b18d-b3d9,서울,105,전농동과외,NEW_K_1051,READY_AS_IS,true,,true,PASS,PASS,PASS,PASS
candidate:tutor:seoul-kr-c911-b791-ad6c-kr-c81c-ae30-b3d9:region_tutor,seoul-kr-c911-b791-ad6c-kr-c81c-ae30-b3d9,서울,106,제기동과외,NEW_K_1051,READY_AS_IS,true,,true,PASS,PASS,PASS,PASS
candidate:tutor:seoul-kr-c911-b791-ad6c-kr-ccad-b7c9-b9ac-b3d9:region_tutor,seoul-kr-c911-b791-ad6c-kr-ccad-b7c9-b9ac-b3d9,서울,107,청량리동과외,NEW_K_1051,READY_AS_IS,true,,true,PASS,PASS,PASS,PASS
candidate:tutor:seoul-kr-c911-b791-ad6c-kr-d68c-ae30-b3d9:region_tutor,seoul-kr-c911-b791-ad6c-kr-d68c-ae30-b3d9,서울,108,회기동과외,NEW_K_1051,READY_AS_IS,true,,true,PASS,PASS,PASS,PASS
candidate:tutor:seoul-kr-c911-b791-ad6c-kr-d718-acbd-b3d9:region_tutor,seoul-kr-c911-b791-ad6c-kr-d718-acbd-b3d9,서울,109,휘경동과외,NEW_K_1051,READY_AS_IS,true,,true,PASS,PASS,PASS,PASS
candidate:tutor:seoul-kr-c911-b791-ad6c-kr-b178-b7c9-c9c4-b3d9:region_tutor,seoul-kr-c911-b791-ad6c-kr-b178-b7c9-c9c4-b3d9,서울,110,노량진동과외,NEW_K_1051,READY_AS_IS,true,,true,PASS,PASS,PASS,PASS
candidate:tutor:seoul-kr-c911-b791-ad6c-kr-b300-bc29-b3d9:region_tutor,seoul-kr-c911-b791-ad6c-kr-b300-bc29-b3d9,서울,111,대방동과외,NEW_K_1051,READY_AS_IS,true,,true,PASS,PASS,PASS,PASS
candidate:tutor:seoul-kr-c911-b791-ad6c-kr-b3d9-c791-b3d9:region_tutor,seoul-kr-c911-b791-ad6c-kr-b3d9-c791-b3d9,서울,112,동작동과외,NEW_K_1051,READY_AS_IS,true,,true,PASS,PASS,PASS,PASS
candidate:tutor:seoul-kr-c911-b791-ad6c-kr-bcf8-b3d9:region_tutor,seoul-kr-c911-b791-ad6c-kr-bcf8-b3d9,서울,113,동작구 본동과외,NEW_K_1051,READY_AS_IS,true,,true,PASS,PASS,PASS,PASS
candidate:tutor:seoul-kr-c911-b791-ad6c-kr-c0ac-b2f9-b3d9:region_tutor,seoul-kr-c911-b791-ad6c-kr-c0ac-b2f9-b3d9,서울,114,사당동과외,NEW_K_1051,READY_AS_IS,true,,true,PASS,PASS,PASS,PASS
candidate:tutor:seoul-kr-c911-b791-ad6c-kr-c0c1-b3c4-b3d9:region_tutor,seoul-kr-c911-b791-ad6c-kr-c0c1-b3c4-b3d9,서울,115,상도동과외,NEW_K_1051,READY_AS_IS,true,,true,PASS,PASS,PASS,PASS
candidate:tutor:seoul-kr-c911-b791-ad6c-kr-c2e0-b300-bc29-b3d9:region_tutor,seoul-kr-c911-b791-ad6c-kr-c2e0-b300-bc29-b3d9,서울,116,신대방동과외,NEW_K_1051,READY_AS_IS,true,,true,PASS,PASS,PASS,PASS
candidate:tutor:seoul-kr-c911-b791-ad6c-kr-d751-c11d-b3d9:region_tutor,seoul-kr-c911-b791-ad6c-kr-d751-c11d-b3d9,서울,117,흑석동과외,NEW_K_1051,READY_AS_IS,true,,true,PASS,PASS,PASS,PASS
candidate:tutor:seoul-kr-c911-b791-ad6c-kr-acf5-b355-b3d9:region_tutor,seoul-kr-c911-b791-ad6c-kr-acf5-b355-b3d9,서울,118,공덕동과외,NEW_K_1051,READY_AS_IS,true,,true,PASS,PASS,PASS,PASS
candidate:tutor:seoul-kr-c911-b791-ad6c-kr-ad6c-c218-b3d9:region_tutor,seoul-kr-c911-b791-ad6c-kr-ad6c-c218-b3d9,서울,119,구수동과외,NEW_K_1051,READY_AS_IS,true,,true,PASS,PASS,PASS,PASS
candidate:tutor:seoul-kr-c911-b791-ad6c-kr-b178-ace0-c0b0-b3d9:region_tutor,seoul-kr-c911-b791-ad6c-kr-b178-ace0-c0b0-b3d9,서울,120,노고산동과외,NEW_K_1051,READY_AS_IS,true,,true,PASS,PASS,PASS,PASS
candidate:tutor:seoul-kr-c911-b791-ad6c-kr-b2f9-c778-b3d9:region_tutor,seoul-kr-c911-b791-ad6c-kr-b2f9-c778-b3d9,서울,121,당인동과외,NEW_K_1051,READY_AS_IS,true,,true,PASS,PASS,PASS,PASS
candidate:tutor:seoul-kr-c911-b791-ad6c-kr-b300-d765-b3d9:region_tutor,seoul-kr-c911-b791-ad6c-kr-b300-d765-b3d9,서울,122,대흥동과외,NEW_K_1051,READY_AS_IS,true,,true,PASS,PASS,PASS,PASS
candidate:tutor:seoul-kr-c911-b791-ad6c-kr-b3c4-d654-b3d9:region_tutor,seoul-kr-c911-b791-ad6c-kr-b3c4-d654-b3d9,서울,123,도화동과외,NEW_K_1051,READY_AS_IS,true,,true,PASS,PASS,PASS,PASS
candidate:tutor:seoul-kr-c911-b791-ad6c-kr-b3d9-ad50-b3d9:region_tutor,seoul-kr-c911-b791-ad6c-kr-b3d9-ad50-b3d9,서울,124,동교동과외,NEW_K_1051,READY_AS_IS,true,,true,PASS,PASS,PASS,PASS
candidate:tutor:seoul-kr-c911-b791-ad6c-kr-b9c8-d3ec-b3d9:region_tutor,seoul-kr-c911-b791-ad6c-kr-b9c8-d3ec-b3d9,서울,125,마포동과외,NEW_K_1051,READY_AS_IS,true,,true,PASS,PASS,PASS,PASS
candidate:tutor:seoul-kr-c911-b791-ad6c-kr-b9dd-c6d0-b3d9:region_tutor,seoul-kr-c911-b791-ad6c-kr-b9dd-c6d0-b3d9,서울,126,망원동과외,NEW_K_1051,READY_AS_IS,true,,true,PASS,PASS,PASS,PASS
candidate:tutor:seoul-kr-c911-b791-ad6c-kr-c0c1-c218-b3d9:region_tutor,seoul-kr-c911-b791-ad6c-kr-c0c1-c218-b3d9,서울,127,상수동과외,NEW_K_1051,READY_AS_IS,true,,true,PASS,PASS,PASS,PASS
candidate:tutor:seoul-kr-c911-b791-ad6c-kr-c0c1-c554-b3d9:region_tutor,seoul-kr-c911-b791-ad6c-kr-c0c1-c554-b3d9,서울,128,상암동과외,NEW_K_1051,READY_AS_IS,true,,true,PASS,PASS,PASS,PASS
candidate:tutor:seoul-kr-c911-b791-ad6c-kr-c11c-ad50-b3d9:region_tutor,seoul-kr-c911-b791-ad6c-kr-c11c-ad50-b3d9,서울,129,서교동과외,NEW_K_1051,READY_AS_IS,true,,true,PASS,PASS,PASS,PASS
candidate:tutor:seoul-kr-c911-b791-ad6c-kr-c131-c0b0-b3d9:region_tutor,seoul-kr-c911-b791-ad6c-kr-c131-c0b0-b3d9,서울,130,성산동과외,NEW_K_1051,READY_AS_IS,true,,true,PASS,PASS,PASS,PASS
candidate:tutor:seoul-kr-c911-b791-ad6c-kr-c2e0-acf5-b355-b3d9:region_tutor,seoul-kr-c911-b791-ad6c-kr-c2e0-acf5-b355-b3d9,서울,131,신공덕동과외,NEW_K_1051,READY_AS_IS,true,,true,PASS,PASS,PASS,PASS
candidate:tutor:seoul-kr-c911-b791-ad6c-kr-c2e0-c218-b3d9:region_tutor,seoul-kr-c911-b791-ad6c-kr-c2e0-c218-b3d9,서울,132,신수동과외,NEW_K_1051,READY_AS_IS,true,,true,PASS,PASS,PASS,PASS
candidate:tutor:seoul-kr-c911-b791-ad6c-kr-c544-d604-b3d9:region_tutor,seoul-kr-c911-b791-ad6c-kr-c544-d604-b3d9,서울,133,아현동과외,NEW_K_1051,READY_AS_IS,true,,true,PASS,PASS,PASS,PASS
candidate:tutor:seoul-kr-c911-b791-ad6c-kr-c5f0-b0a8-b3d9:region_tutor,seoul-kr-c911-b791-ad6c-kr-c5f0-b0a8-b3d9,서울,134,연남동과외,NEW_K_1051,READY_AS_IS,true,,true,PASS,PASS,PASS,PASS
candidate:tutor:seoul-kr-c911-b791-ad6c-kr-c5fc-b9ac-b3d9:region_tutor,seoul-kr-c911-b791-ad6c-kr-c5fc-b9ac-b3d9,서울,135,염리동과외,NEW_K_1051,READY_AS_IS,true,,true,PASS,PASS,PASS,PASS
candidate:tutor:seoul-kr-c911-b791-ad6c-kr-c6a9-ac15-b3d9:region_tutor,seoul-kr-c911-b791-ad6c-kr-c6a9-ac15-b3d9,서울,136,용강동과외,NEW_K_1051,READY_AS_IS,true,,true,PASS,PASS,PASS,PASS
candidate:tutor:seoul-kr-c911-b791-ad6c-kr-c911-b3d9:region_tutor,seoul-kr-c911-b791-ad6c-kr-c911-b3d9,서울,137,마포구 중동과외,NEW_K_1051,READY_AS_IS,true,,true,PASS,PASS,PASS,PASS
candidate:tutor:seoul-kr-c911-b791-ad6c-kr-cc3d-c804-b3d9:region_tutor,seoul-kr-c911-b791-ad6c-kr-cc3d-c804-b3d9,서울,138,창전동과외,NEW_K_1051,READY_AS_IS,true,,true,PASS,PASS,PASS,PASS
candidate:tutor:seoul-kr-c911-b791-ad6c-kr-d1a0-c815-b3d9:region_tutor,seoul-kr-c911-b791-ad6c-kr-d1a0-c815-b3d9,서울,139,토정동과외,NEW_K_1051,READY_AS_IS,true,,true,PASS,PASS,PASS,PASS
candidate:tutor:seoul-kr-c911-b791-ad6c-kr-d569-c815-b3d9:region_tutor,seoul-kr-c911-b791-ad6c-kr-d569-c815-b3d9,서울,140,합정동과외,NEW_K_1051,READY_AS_IS,true,,true,PASS,PASS,PASS,PASS
candidate:tutor:seoul-kr-c911-b791-ad6c-kr-d604-c11d-b3d9:region_tutor,seoul-kr-c911-b791-ad6c-kr-d604-c11d-b3d9,서울,141,현석동과외,NEW_K_1051,READY_AS_IS,true,,true,PASS,PASS,PASS,PASS
candidate:tutor:seoul-kr-c911-b791-ad6c-kr-b0a8-ac00-c88c-b3d9:region_tutor,seoul-kr-c911-b791-ad6c-kr-b0a8-ac00-c88c-b3d9,서울,142,남가좌동과외,NEW_K_1051,READY_AS_IS,true,,true,PASS,PASS,PASS,PASS
candidate:tutor:seoul-kr-c911-b791-ad6c-kr-b0c9-cc9c-b3d9:region_tutor,seoul-kr-c911-b791-ad6c-kr-b0c9-cc9c-b3d9,서울,143,냉천동과외,NEW_K_1051,READY_AS_IS,true,,true,PASS,PASS,PASS,PASS
candidate:tutor:seoul-kr-c911-b791-ad6c-kr-b300-c2e0-b3d9:region_tutor,seoul-kr-c911-b791-ad6c-kr-b300-c2e0-b3d9,서울,144,대신동과외,NEW_K_1051,READY_AS_IS,true,,true,PASS,PASS,PASS,PASS
candidate:tutor:seoul-kr-c911-b791-ad6c-kr-b300-d604-b3d9:region_tutor,seoul-kr-c911-b791-ad6c-kr-b300-d604-b3d9,서울,145,대현동과외,NEW_K_1051,READY_AS_IS,true,,true,PASS,PASS,PASS,PASS
candidate:tutor:seoul-kr-c911-b791-ad6c-kr-bbf8-adfc-b3d9:region_tutor,seoul-kr-c911-b791-ad6c-kr-bbf8-adfc-b3d9,서울,146,미근동과외,NEW_K_1051,READY_AS_IS,true,,true,PASS,PASS,PASS,PASS
candidate:tutor:seoul-kr-c911-b791-ad6c-kr-bd09-c6d0-b3d9:region_tutor,seoul-kr-c911-b791-ad6c-kr-bd09-c6d0-b3d9,서울,147,봉원동과외,NEW_K_1051,READY_AS_IS,true,,true,PASS,PASS,PASS,PASS
candidate:tutor:seoul-kr-c911-b791-ad6c-kr-bd81-ac00-c88c-b3d9:region_tutor,seoul-kr-c911-b791-ad6c-kr-bd81-ac00-c88c-b3d9,서울,148,북가좌동과외,NEW_K_1051,READY_AS_IS,true,,true,PASS,PASS,PASS,PASS
candidate:tutor:seoul-kr-c911-b791-ad6c-kr-bd81-c544-d604-b3d9:region_tutor,seoul-kr-c911-b791-ad6c-kr-bd81-c544-d604-b3d9,서울,149,북아현동과외,NEW_K_1051,READY_AS_IS,true,,true,PASS,PASS,PASS,PASS
candidate:tutor:seoul-kr-c911-b791-ad6c-kr-c2e0-cd0c-b3d9:region_tutor,seoul-kr-c911-b791-ad6c-kr-c2e0-cd0c-b3d9,서울,150,신촌동과외,NEW_K_1051,READY_AS_IS,true,,true,PASS,PASS,PASS,PASS
candidate:tutor:seoul-kr-c911-b791-ad6c-kr-c5f0-d76c-b3d9:region_tutor,seoul-kr-c911-b791-ad6c-kr-c5f0-d76c-b3d9,서울,151,연희동과외,NEW_K_1051,READY_AS_IS,true,,true,PASS,PASS,PASS,PASS
candidate:tutor:seoul-kr-c911-b791-ad6c-kr-c601-cc9c-b3d9:region_tutor,seoul-kr-c911-b791-ad6c-kr-c601-cc9c-b3d9,서울,152,영천동과외,NEW_K_1051,READY_AS_IS,true,,true,PASS,PASS,PASS,PASS
candidate:tutor:seoul-kr-c911-b791-ad6c-kr-c625-cc9c-b3d9:region_tutor,seoul-kr-c911-b791-ad6c-kr-c625-cc9c-b3d9,서울,153,옥천동과외,NEW_K_1051,READY_AS_IS,true,,true,PASS,PASS,PASS,PASS
candidate:tutor:seoul-kr-c911-b791-ad6c-kr-cc3d-cc9c-b3d9:region_tutor,seoul-kr-c911-b791-ad6c-kr-cc3d-cc9c-b3d9,서울,154,창천동과외,NEW_K_1051,READY_AS_IS,true,,true,PASS,PASS,PASS,PASS
candidate:tutor:seoul-kr-c911-b791-ad6c-kr-cc9c-c5f0-b3d9:region_tutor,seoul-kr-c911-b791-ad6c-kr-cc9c-c5f0-b3d9,서울,155,천연동과외,NEW_K_1051,READY_AS_IS,true,,true,PASS,PASS,PASS,PASS
candidate:tutor:seoul-kr-c911-b791-ad6c-kr-cda9-c815-b85c-b3d9:region_tutor,seoul-kr-c911-b791-ad6c-kr-cda9-c815-b85c-b3d9,서울,156,충정로동과외,NEW_K_1051,READY_AS_IS,true,,true,PASS,PASS,PASS,PASS
candidate:tutor:seoul-kr-c911-b791-ad6c-kr-d569-b3d9:region_tutor,seoul-kr-c911-b791-ad6c-kr-d569-b3d9,서울,157,서대문구 합동과외,NEW_K_1051,READY_AS_IS,true,,true,PASS,PASS,PASS,PASS
candidate:tutor:seoul-kr-c911-b791-ad6c-kr-d604-c800-b3d9:region_tutor,seoul-kr-c911-b791-ad6c-kr-d604-c800-b3d9,서울,158,현저동과외,NEW_K_1051,READY_AS_IS,true,,true,PASS,PASS,PASS,PASS
candidate:tutor:seoul-kr-c911-b791-ad6c-kr-d64d-c740-b3d9:region_tutor,seoul-kr-c911-b791-ad6c-kr-d64d-c740-b3d9,서울,159,홍은동과외,NEW_K_1051,READY_AS_IS,true,,true,PASS,PASS,PASS,PASS
candidate:tutor:seoul-kr-c911-b791-ad6c-kr-d64d-c81c-b3d9:region_tutor,seoul-kr-c911-b791-ad6c-kr-d64d-c81c-b3d9,서울,160,홍제동과외,NEW_K_1051,READY_AS_IS,true,,true,PASS,PASS,PASS,PASS
candidate:tutor:seoul-kr-c911-b791-ad6c-kr-b0b4-ace1-b3d9:region_tutor,seoul-kr-c911-b791-ad6c-kr-b0b4-ace1-b3d9,서울,161,내곡동과외,NEW_K_1051,READY_AS_IS,true,,true,PASS,PASS,PASS,PASS
candidate:tutor:seoul-kr-c911-b791-ad6c-kr-bc18-d3ec-b3d9:region_tutor,seoul-kr-c911-b791-ad6c-kr-bc18-d3ec-b3d9,서울,162,반포동과외,NEW_K_1051,READY_AS_IS,true,,true,PASS,PASS,PASS,PASS
candidate:tutor:seoul-kr-c911-b791-ad6c-kr-bc29-bc30-b3d9:region_tutor,seoul-kr-c911-b791-ad6c-kr-bc29-bc30-b3d9,서울,163,방배동과외,NEW_K_1051,READY_AS_IS,true,,true,PASS,PASS,PASS,PASS
candidate:tutor:seoul-kr-c911-b791-ad6c-kr-c11c-cd08-b3d9:region_tutor,seoul-kr-c911-b791-ad6c-kr-c11c-cd08-b3d9,서울,164,서초동과외,NEW_K_1051,READY_AS_IS,true,,true,PASS,PASS,PASS,PASS
candidate:tutor:seoul-kr-c911-b791-ad6c-kr-c2e0-c6d0-b3d9:region_tutor,seoul-kr-c911-b791-ad6c-kr-c2e0-c6d0-b3d9,서울,165,신원동과외,NEW_K_1051,READY_AS_IS,true,,true,PASS,PASS,PASS,PASS
candidate:tutor:seoul-kr-c911-b791-ad6c-kr-c591-c7ac-b3d9:region_tutor,seoul-kr-c911-b791-ad6c-kr-c591-c7ac-b3d9,서울,166,양재동과외,NEW_K_1051,READY_AS_IS,true,,true,PASS,PASS,PASS,PASS
candidate:tutor:seoul-kr-c911-b791-ad6c-kr-c5fc-ace1-b3d9:region_tutor,seoul-kr-c911-b791-ad6c-kr-c5fc-ace1-b3d9,서울,167,염곡동과외,NEW_K_1051,READY_AS_IS,true,,true,PASS,PASS,PASS,PASS
candidate:tutor:seoul-kr-c911-b791-ad6c-kr-c6b0-ba74-b3d9:region_tutor,seoul-kr-c911-b791-ad6c-kr-c6b0-ba74-b3d9,서울,168,우면동과외,NEW_K_1051,READY_AS_IS,true,,true,PASS,PASS,PASS,PASS
candidate:tutor:seoul-kr-c911-b791-ad6c-kr-c6d0-c9c0-b3d9:region_tutor,seoul-kr-c911-b791-ad6c-kr-c6d0-c9c0-b3d9,서울,169,원지동과외,NEW_K_1051,READY_AS_IS,true,,true,PASS,PASS,PASS,PASS
candidate:tutor:seoul-kr-c911-b791-ad6c-kr-c7a0-c6d0-b3d9:region_tutor,seoul-kr-c911-b791-ad6c-kr-c7a0-c6d0-b3d9,서울,170,잠원동과외,NEW_K_1051,READY_AS_IS,true,,true,PASS,PASS,PASS,PASS
candidate:tutor:seoul-kr-c911-b791-ad6c-kr-ae08-d638-b3d9:region_tutor,seoul-kr-c911-b791-ad6c-kr-ae08-d638-b3d9,서울,171,금호동과외,NEW_K_1051,READY_AS_IS,true,,true,PASS,PASS,PASS,PASS
candidate:tutor:seoul-kr-c911-b791-ad6c-kr-b3c4-c120-b3d9:region_tutor,seoul-kr-c911-b791-ad6c-kr-b3c4-c120-b3d9,서울,172,도선동과외,NEW_K_1051,READY_AS_IS,true,,true,PASS,PASS,PASS,PASS
candidate:tutor:seoul-kr-c911-b791-ad6c-kr-b9c8-c7a5-b3d9:region_tutor,seoul-kr-c911-b791-ad6c-kr-b9c8-c7a5-b3d9,서울,173,마장동과외,NEW_K_1051,READY_AS_IS,true,,true,PASS,PASS,PASS,PASS
candidate:tutor:seoul-kr-c911-b791-ad6c-kr-c0ac-adfc-b3d9:region_tutor,seoul-kr-c911-b791-ad6c-kr-c0ac-adfc-b3d9,서울,174,사근동과외,NEW_K_1051,READY_AS_IS,true,,true,PASS,PASS,PASS,PASS
candidate:tutor:seoul-kr-c911-b791-ad6c-kr-c0c1-c655-c2ed-b9ac-b3d9:region_tutor,seoul-kr-c911-b791-ad6c-kr-c0c1-c655-c2ed-b9ac-b3d9,서울,175,상왕십리동과외,NEW_K_1051,READY_AS_IS,true,,true,PASS,PASS,PASS,PASS
candidate:tutor:seoul-kr-c911-b791-ad6c-kr-c131-c218-b3d9:region_tutor,seoul-kr-c911-b791-ad6c-kr-c131-c218-b3d9,서울,176,성수동과외,NEW_K_1051,READY_AS_IS,true,,true,PASS,PASS,PASS,PASS
candidate:tutor:seoul-kr-c911-b791-ad6c-kr-c1a1-c815-b3d9:region_tutor,seoul-kr-c911-b791-ad6c-kr-c1a1-c815-b3d9,서울,177,송정동과외,NEW_K_1051,READY_AS_IS,true,,true,PASS,PASS,PASS,PASS
candidate:tutor:seoul-kr-c911-b791-ad6c-kr-c625-c218-b3d9:region_tutor,seoul-kr-c911-b791-ad6c-kr-c625-c218-b3d9,서울,178,옥수동과외,NEW_K_1051,READY_AS_IS,true,,true,PASS,PASS,PASS,PASS
candidate:tutor:seoul-kr-c911-b791-ad6c-kr-c6a9-b2f5-b3d9:region_tutor,seoul-kr-c911-b791-ad6c-kr-c6a9-b2f5-b3d9,서울,179,용답동과외,NEW_K_1051,READY_AS_IS,true,,true,PASS,PASS,PASS,PASS
candidate:tutor:seoul-kr-c911-b791-ad6c-kr-c751-bd09-b3d9:region_tutor,seoul-kr-c911-b791-ad6c-kr-c751-bd09-b3d9,서울,180,응봉동과외,NEW_K_1051,READY_AS_IS,true,,true,PASS,PASS,PASS,PASS
candidate:tutor:seoul-kr-c911-b791-ad6c-kr-d558-c655-c2ed-b9ac-b3d9:region_tutor,seoul-kr-c911-b791-ad6c-kr-d558-c655-c2ed-b9ac-b3d9,서울,181,하왕십리동과외,NEW_K_1051,READY_AS_IS,true,,true,PASS,PASS,PASS,PASS
candidate:tutor:seoul-kr-c911-b791-ad6c-kr-d589-b2f9-b3d9:region_tutor,seoul-kr-c911-b791-ad6c-kr-d589-b2f9-b3d9,서울,182,행당동과외,NEW_K_1051,READY_AS_IS,true,,true,PASS,PASS,PASS,PASS
candidate:tutor:seoul-kr-c911-b791-ad6c-kr-d64d-c775-b3d9:region_tutor,seoul-kr-c911-b791-ad6c-kr-d64d-c775-b3d9,서울,183,홍익동과외,NEW_K_1051,READY_AS_IS,true,,true,PASS,PASS,PASS,PASS
candidate:tutor:seoul-kr-c911-b791-ad6c-kr-ae38-c74c-b3d9:region_tutor,seoul-kr-c911-b791-ad6c-kr-ae38-c74c-b3d9,서울,184,길음동과외,NEW_K_1051,READY_AS_IS,true,,true,PASS,PASS,PASS,PASS
candidate:tutor:seoul-kr-c911-b791-ad6c-kr-b3c8-c554-b3d9:region_tutor,seoul-kr-c911-b791-ad6c-kr-b3c8-c554-b3d9,서울,185,돈암동과외,NEW_K_1051,READY_AS_IS,true,,true,PASS,PASS,PASS,PASS
candidate:tutor:seoul-kr-c911-b791-ad6c-kr-b3d9-c120-b3d9:region_tutor,seoul-kr-c911-b791-ad6c-kr-b3d9-c120-b3d9,서울,186,동선동과외,NEW_K_1051,READY_AS_IS,true,,true,PASS,PASS,PASS,PASS
candidate:tutor:seoul-kr-c911-b791-ad6c-kr-bcf4-bb38-b3d9:region_tutor,seoul-kr-c911-b791-ad6c-kr-bcf4-bb38-b3d9,서울,187,보문동과외,NEW_K_1051,READY_AS_IS,true,,true,PASS,PASS,PASS,PASS
candidate:tutor:seoul-kr-c911-b791-ad6c-kr-c0bc-c120-b3d9:region_tutor,seoul-kr-c911-b791-ad6c-kr-c0bc-c120-b3d9,서울,188,삼선동과외,NEW_K_1051,READY_AS_IS,true,,true,PASS,PASS,PASS,PASS
candidate:tutor:seoul-kr-c911-b791-ad6c-kr-c0c1-c6d4-ace1-b3d9:region_tutor,seoul-kr-c911-b791-ad6c-kr-c0c1-c6d4-ace1-b3d9,서울,189,상월곡동과외,NEW_K_1051,READY_AS_IS,true,,true,PASS,PASS,PASS,PASS
candidate:tutor:seoul-kr-c911-b791-ad6c-kr-c11d-ad00-b3d9:region_tutor,seoul-kr-c911-b791-ad6c-kr-c11d-ad00-b3d9,서울,190,석관동과외,NEW_K_1051,READY_AS_IS,true,,true,PASS,PASS,PASS,PASS
candidate:tutor:seoul-kr-c911-b791-ad6c-kr-c131-bd81-b3d9:region_tutor,seoul-kr-c911-b791-ad6c-kr-c131-bd81-b3d9,서울,191,성북동과외,NEW_K_1051,READY_AS_IS,true,,true,PASS,PASS,PASS,PASS
candidate:tutor:seoul-kr-c911-b791-ad6c-kr-c548-c554-b3d9:region_tutor,seoul-kr-c911-b791-ad6c-kr-c548-c554-b3d9,서울,192,안암동과외,NEW_K_1051,READY_AS_IS,true,,true,PASS,PASS,PASS,PASS
candidate:tutor:seoul-kr-c911-b791-ad6c-kr-c7a5-c704-b3d9:region_tutor,seoul-kr-c911-b791-ad6c-kr-c7a5-c704-b3d9,서울,193,장위동과외,NEW_K_1051,READY_AS_IS,true,,true,PASS,PASS,PASS,PASS
candidate:tutor:seoul-kr-c911-b791-ad6c-kr-c815-b989-b3d9:region_tutor,seoul-kr-c911-b791-ad6c-kr-c815-b989-b3d9,서울,194,정릉동과외,NEW_K_1051,READY_AS_IS,true,,true,PASS,PASS,PASS,PASS
candidate:tutor:seoul-kr-c911-b791-ad6c-kr-c885-c554-b3d9:region_tutor,seoul-kr-c911-b791-ad6c-kr-c885-c554-b3d9,서울,195,종암동과외,NEW_K_1051,READY_AS_IS,true,,true,PASS,PASS,PASS,PASS
candidate:tutor:seoul-kr-c911-b791-ad6c-kr-d558-c6d4-ace1-b3d9:region_tutor,seoul-kr-c911-b791-ad6c-kr-d558-c6d4-ace1-b3d9,서울,196,하월곡동과외,NEW_K_1051,READY_AS_IS,true,,true,PASS,PASS,PASS,PASS
candidate:tutor:seoul-kr-c911-b791-ad6c-kr-ac00-b77d-b3d9:region_tutor,seoul-kr-c911-b791-ad6c-kr-ac00-b77d-b3d9,서울,197,가락동과외,NEW_K_1051,READY_AS_IS,true,,true,PASS,PASS,PASS,PASS
candidate:tutor:seoul-kr-c911-b791-ad6c-kr-ac70-c5ec-b3d9:region_tutor,seoul-kr-c911-b791-ad6c-kr-ac70-c5ec-b3d9,서울,198,거여동과외,NEW_K_1051,READY_AS_IS,true,,true,PASS,PASS,PASS,PASS
candidate:tutor:seoul-kr-c911-b791-ad6c-kr-b9c8-cc9c-b3d9:region_tutor,seoul-kr-c911-b791-ad6c-kr-b9c8-cc9c-b3d9,서울,199,마천동과외,NEW_K_1051,READY_AS_IS,true,,true,PASS,PASS,PASS,PASS
candidate:tutor:seoul-kr-c911-b791-ad6c-kr-bb38-c815-b3d9:region_tutor,seoul-kr-c911-b791-ad6c-kr-bb38-c815-b3d9,서울,200,문정동과외,NEW_K_1051,READY_AS_IS,true,,true,PASS,PASS,PASS,PASS
candidate:tutor:seoul-kr-c911-b791-ad6c-kr-bc29-c774-b3d9:region_tutor,seoul-kr-c911-b791-ad6c-kr-bc29-c774-b3d9,서울,201,방이동과외,NEW_K_1051,READY_AS_IS,true,,true,PASS,PASS,PASS,PASS
candidate:tutor:seoul-kr-c911-b791-ad6c-kr-c0bc-c804-b3d9:region_tutor,seoul-kr-c911-b791-ad6c-kr-c0bc-c804-b3d9,서울,202,삼전동과외,NEW_K_1051,READY_AS_IS,true,,true,PASS,PASS,PASS,PASS
candidate:tutor:seoul-kr-c911-b791-ad6c-kr-c11d-cd0c-b3d9:region_tutor,seoul-kr-c911-b791-ad6c-kr-c11d-cd0c-b3d9,서울,203,석촌동과외,NEW_K_1051,READY_AS_IS,true,,true,PASS,PASS,PASS,PASS
candidate:tutor:seoul-kr-c911-b791-ad6c-kr-c1a1-d30c-b3d9:region_tutor,seoul-kr-c911-b791-ad6c-kr-c1a1-d30c-b3d9,서울,204,송파동과외,NEW_K_1051,READY_AS_IS,true,,true,PASS,PASS,PASS,PASS
candidate:tutor:seoul-kr-c911-b791-ad6c-kr-c2e0-cc9c-b3d9:region_tutor,seoul-kr-c911-b791-ad6c-kr-c2e0-cc9c-b3d9,서울,205,신천동과외,NEW_K_1051,READY_AS_IS,true,,true,PASS,PASS,PASS,PASS
candidate:tutor:seoul-kr-c911-b791-ad6c-kr-c624-ae08-b3d9:region_tutor,seoul-kr-c911-b791-ad6c-kr-c624-ae08-b3d9,서울,206,오금동과외,NEW_K_1051,READY_AS_IS,true,,true,PASS,PASS,PASS,PASS
candidate:tutor:seoul-kr-c911-b791-ad6c-kr-c7a0-c2e4-b3d9:region_tutor,seoul-kr-c911-b791-ad6c-kr-c7a0-c2e4-b3d9,서울,207,잠실동과외,NEW_K_1051,READY_AS_IS,true,,true,PASS,PASS,PASS,PASS
candidate:tutor:seoul-kr-c911-b791-ad6c-kr-c7a5-c9c0-b3d9:region_tutor,seoul-kr-c911-b791-ad6c-kr-c7a5-c9c0-b3d9,서울,208,장지동과외,NEW_K_1051,READY_AS_IS,true,,true,PASS,PASS,PASS,PASS
candidate:tutor:seoul-kr-c911-b791-ad6c-kr-d48d-b0a9-b3d9:region_tutor,seoul-kr-c911-b791-ad6c-kr-d48d-b0a9-b3d9,서울,209,풍납동과외,NEW_K_1051,READY_AS_IS,true,,true,PASS,PASS,PASS,PASS
candidate:tutor:seoul-kr-c911-b791-ad6c-kr-c704-b840-b3d9:region_tutor,seoul-kr-c911-b791-ad6c-kr-c704-b840-b3d9,서울,210,위례동과외,NEW_K_1051,READY_AS_IS,true,,true,PASS,PASS,PASS,PASS
candidate:tutor:seoul-kr-c911-b791-ad6c-kr-baa9-b3d9:region_tutor,seoul-kr-c911-b791-ad6c-kr-baa9-b3d9,서울,211,양천구 목동과외,NEW_K_1051,READY_AS_IS,true,,true,PASS,PASS,PASS,PASS
candidate:tutor:seoul-kr-c911-b791-ad6c-kr-c2e0-c6d4-b3d9:region_tutor,seoul-kr-c911-b791-ad6c-kr-c2e0-c6d4-b3d9,서울,212,신월동과외,NEW_K_1051,READY_AS_IS,true,,true,PASS,PASS,PASS,PASS
candidate:tutor:seoul-kr-c911-b791-ad6c-kr-c2e0-c815-b3d9:region_tutor,seoul-kr-c911-b791-ad6c-kr-c2e0-c815-b3d9,서울,213,신정동과외,NEW_K_1051,READY_AS_IS,true,,true,PASS,PASS,PASS,PASS
candidate:tutor:seoul-kr-c911-b791-ad6c-kr-b2f9-c0b0-b3d9:region_tutor,seoul-kr-c911-b791-ad6c-kr-b2f9-c0b0-b3d9,서울,214,당산동과외,NEW_K_1051,READY_AS_IS,true,,true,PASS,PASS,PASS,PASS
candidate:tutor:seoul-kr-c911-b791-ad6c-kr-b300-b9bc-b3d9:region_tutor,seoul-kr-c911-b791-ad6c-kr-b300-b9bc-b3d9,서울,215,대림동과외,NEW_K_1051,READY_AS_IS,true,,true,PASS,PASS,PASS,PASS
candidate:tutor:seoul-kr-c911-b791-ad6c-kr-b3c4-b9bc-b3d9:region_tutor,seoul-kr-c911-b791-ad6c-kr-b3c4-b9bc-b3d9,서울,216,도림동과외,NEW_K_1051,READY_AS_IS,true,,true,PASS,PASS,PASS,PASS
candidate:tutor:seoul-kr-c911-b791-ad6c-kr-bb38-b798-b3d9:region_tutor,seoul-kr-c911-b791-ad6c-kr-bb38-b798-b3d9,서울,217,문래동과외,NEW_K_1051,READY_AS_IS,true,,true,PASS,PASS,PASS,PASS
candidate:tutor:seoul-kr-c911-b791-ad6c-kr-c2e0-ae38-b3d9:region_tutor,seoul-kr-c911-b791-ad6c-kr-c2e0-ae38-b3d9,서울,218,신길동과외,NEW_K_1051,READY_AS_IS,true,,true,PASS,PASS,PASS,PASS
candidate:tutor:seoul-kr-c911-b791-ad6c-kr-c591-d3c9-b3d9:region_tutor,seoul-kr-c911-b791-ad6c-kr-c591-d3c9-b3d9,서울,219,양평동과외,NEW_K_1051,READY_AS_IS,true,,true,PASS,PASS,PASS,PASS
candidate:tutor:seoul-kr-c911-b791-ad6c-kr-c5ec-c758-b3c4-b3d9:region_tutor,seoul-kr-c911-b791-ad6c-kr-c5ec-c758-b3c4-b3d9,서울,220,여의도동과외,NEW_K_1051,READY_AS_IS,true,,true,PASS,PASS,PASS,PASS
candidate:tutor:seoul-kr-c911-b791-ad6c-kr-c601-b4f1-d3ec-b3d9:region_tutor,seoul-kr-c911-b791-ad6c-kr-c601-b4f1-d3ec-b3d9,서울,221,영등포동과외,NEW_K_1051,READY_AS_IS,true,,true,PASS,PASS,PASS,PASS
candidate:tutor:seoul-kr-c911-b791-ad6c-kr-ac08-c6d4-b3d9:region_tutor,seoul-kr-c911-b791-ad6c-kr-ac08-c6d4-b3d9,서울,222,갈월동과외,NEW_K_1051,READY_AS_IS,true,,true,PASS,PASS,PASS,PASS
candidate:tutor:seoul-kr-c911-b791-ad6c-kr-b0a8-c601-b3d9:region_tutor,seoul-kr-c911-b791-ad6c-kr-b0a8-c601-b3d9,서울,223,남영동과외,NEW_K_1051,READY_AS_IS,true,,true,PASS,PASS,PASS,PASS
candidate:tutor:seoul-kr-c911-b791-ad6c-kr-b3c4-c6d0-b3d9:region_tutor,seoul-kr-c911-b791-ad6c-kr-b3c4-c6d0-b3d9,서울,224,도원동과외,NEW_K_1051,READY_AS_IS,true,,true,PASS,PASS,PASS,PASS
candidate:tutor:seoul-kr-c911-b791-ad6c-kr-b3d9-be59-ace0-b3d9:region_tutor,seoul-kr-c911-b791-ad6c-kr-b3d9-be59-ace0-b3d9,서울,225,동빙고동과외,NEW_K_1051,READY_AS_IS,true,,true,PASS,PASS,PASS,PASS
candidate:tutor:seoul-kr-c911-b791-ad6c-kr-b3d9-c790-b3d9:region_tutor,seoul-kr-c911-b791-ad6c-kr-b3d9-c790-b3d9,서울,226,동자동과외,NEW_K_1051,READY_AS_IS,true,,true,PASS,PASS,PASS,PASS
candidate:tutor:seoul-kr-c911-b791-ad6c-kr-bb38-bc30-b3d9:region_tutor,seoul-kr-c911-b791-ad6c-kr-bb38-bc30-b3d9,서울,227,문배동과외,NEW_K_1051,READY_AS_IS,true,,true,PASS,PASS,PASS,PASS
candidate:tutor:seoul-kr-c911-b791-ad6c-kr-bcf4-ad11-b3d9:region_tutor,seoul-kr-c911-b791-ad6c-kr-bcf4-ad11-b3d9,서울,228,보광동과외,NEW_K_1051,READY_AS_IS,true,,true,PASS,PASS,PASS,PASS
candidate:tutor:seoul-kr-c911-b791-ad6c-kr-c0b0-cc9c-b3d9:region_tutor,seoul-kr-c911-b791-ad6c-kr-c0b0-cc9c-b3d9,서울,229,산천동과외,NEW_K_1051,READY_AS_IS,true,,true,PASS,PASS,PASS,PASS
candidate:tutor:seoul-kr-c911-b791-ad6c-kr-c11c-acc4-b3d9:region_tutor,seoul-kr-c911-b791-ad6c-kr-c11c-acc4-b3d9,서울,230,서계동과외,NEW_K_1051,READY_AS_IS,true,,true,PASS,PASS,PASS,PASS
candidate:tutor:seoul-kr-c911-b791-ad6c-kr-c11c-be59-ace0-b3d9:region_tutor,seoul-kr-c911-b791-ad6c-kr-c11c-be59-ace0-b3d9,서울,231,서빙고동과외,NEW_K_1051,READY_AS_IS,true,,true,PASS,PASS,PASS,PASS
candidate:tutor:seoul-kr-c911-b791-ad6c-kr-c2e0-acc4-b3d9:region_tutor,seoul-kr-c911-b791-ad6c-kr-c2e0-acc4-b3d9,서울,232,신계동과외,NEW_K_1051,READY_AS_IS,true,,true,PASS,PASS,PASS,PASS
candidate:tutor:seoul-kr-c911-b791-ad6c-kr-c2e0-cc3d-b3d9:region_tutor,seoul-kr-c911-b791-ad6c-kr-c2e0-cc3d-b3d9,서울,233,신창동과외,NEW_K_1051,READY_AS_IS,true,,true,PASS,PASS,PASS,PASS
candidate:tutor:seoul-kr-c911-b791-ad6c-kr-c6a9-bb38-b3d9:region_tutor,seoul-kr-c911-b791-ad6c-kr-c6a9-bb38-b3d9,서울,234,용문동과외,NEW_K_1051,READY_AS_IS,true,,true,PASS,PASS,PASS,PASS
candidate:tutor:seoul-kr-c911-b791-ad6c-kr-c6a9-c0b0-b3d9:region_tutor,seoul-kr-c911-b791-ad6c-kr-c6a9-c0b0-b3d9,서울,235,용산동과외,NEW_K_1051,READY_AS_IS,true,,true,PASS,PASS,PASS,PASS
candidate:tutor:seoul-kr-c911-b791-ad6c-kr-c6d0-d6a8-b85c-b3d9:region_tutor,seoul-kr-c911-b791-ad6c-kr-c6d0-d6a8-b85c-b3d9,서울,236,원효로동과외,NEW_K_1051,READY_AS_IS,true,,true,PASS,PASS,PASS,PASS
candidate:tutor:seoul-kr-c911-b791-ad6c-kr-c774-cd0c-b3d9:region_tutor,seoul-kr-c911-b791-ad6c-kr-c774-cd0c-b3d9,서울,237,이촌동과외,NEW_K_1051,READY_AS_IS,true,,true,PASS,PASS,PASS,PASS
candidate:tutor:seoul-kr-c911-b791-ad6c-kr-c774-d0dc-c6d0-b3d9:region_tutor,seoul-kr-c911-b791-ad6c-kr-c774-d0dc-c6d0-b3d9,서울,238,이태원동과외,NEW_K_1051,READY_AS_IS,true,,true,PASS,PASS,PASS,PASS
candidate:tutor:seoul-kr-c911-b791-ad6c-kr-c8fc-c131-b3d9:region_tutor,seoul-kr-c911-b791-ad6c-kr-c8fc-c131-b3d9,서울,239,주성동과외,NEW_K_1051,READY_AS_IS,true,,true,PASS,PASS,PASS,PASS
candidate:tutor:seoul-kr-c911-b791-ad6c-kr-ccad-c554-b3d9:region_tutor,seoul-kr-c911-b791-ad6c-kr-ccad-c554-b3d9,서울,240,청암동과외,NEW_K_1051,READY_AS_IS,true,,true,PASS,PASS,PASS,PASS
candidate:tutor:seoul-kr-c911-b791-ad6c-kr-ccad-d30c-b3d9:region_tutor,seoul-kr-c911-b791-ad6c-kr-ccad-d30c-b3d9,서울,241,청파동과외,NEW_K_1051,READY_AS_IS,true,,true,PASS,PASS,PASS,PASS
candidate:tutor:seoul-kr-c911-b791-ad6c-kr-d55c-ac15-b85c-b3d9:region_tutor,seoul-kr-c911-b791-ad6c-kr-d55c-ac15-b85c-b3d9,서울,242,한강로동과외,NEW_K_1051,READY_AS_IS,true,,true,PASS,PASS,PASS,PASS
candidate:tutor:seoul-kr-c911-b791-ad6c-kr-d55c-b0a8-b3d9:region_tutor,seoul-kr-c911-b791-ad6c-kr-d55c-b0a8-b3d9,서울,243,한남동과외,NEW_K_1051,READY_AS_IS,true,,true,PASS,PASS,PASS,PASS
candidate:tutor:seoul-kr-c911-b791-ad6c-kr-d6a8-cc3d-b3d9:region_tutor,seoul-kr-c911-b791-ad6c-kr-d6a8-cc3d-b3d9,서울,244,효창동과외,NEW_K_1051,READY_AS_IS,true,,true,PASS,PASS,PASS,PASS
candidate:tutor:seoul-kr-c911-b791-ad6c-kr-d6c4-c554-b3d9:region_tutor,seoul-kr-c911-b791-ad6c-kr-d6c4-c554-b3d9,서울,245,후암동과외,NEW_K_1051,READY_AS_IS,true,,true,PASS,PASS,PASS,PASS
candidate:tutor:seoul-kr-c911-b791-ad6c-kr-ac08-d604-b3d9:region_tutor,seoul-kr-c911-b791-ad6c-kr-ac08-d604-b3d9,서울,246,갈현동과외,NEW_K_1051,READY_AS_IS,true,,true,PASS,PASS,PASS,PASS
candidate:tutor:seoul-kr-c911-b791-ad6c-kr-ad6c-c0b0-b3d9:region_tutor,seoul-kr-c911-b791-ad6c-kr-ad6c-c0b0-b3d9,서울,247,구산동과외,NEW_K_1051,READY_AS_IS,true,,true,PASS,PASS,PASS,PASS
candidate:tutor:seoul-kr-c911-b791-ad6c-kr-b179-bc88-b3d9:region_tutor,seoul-kr-c911-b791-ad6c-kr-b179-bc88-b3d9,서울,248,녹번동과외,NEW_K_1051,READY_AS_IS,true,,true,PASS,PASS,PASS,PASS
candidate:tutor:seoul-kr-c911-b791-ad6c-kr-b300-c870-b3d9:region_tutor,seoul-kr-c911-b791-ad6c-kr-b300-c870-b3d9,서울,249,대조동과외,NEW_K_1051,READY_AS_IS,true,,true,PASS,PASS,PASS,PASS
candidate:tutor:seoul-kr-c911-b791-ad6c-kr-bd88-ad11-b3d9:region_tutor,seoul-kr-c911-b791-ad6c-kr-bd88-ad11-b3d9,서울,250,불광동과외,NEW_K_1051,READY_AS_IS,true,,true,PASS,PASS,PASS,PASS
candidate:tutor:seoul-kr-c911-b791-ad6c-kr-c218-c0c9-b3d9:region_tutor,seoul-kr-c911-b791-ad6c-kr-c218-c0c9-b3d9,서울,251,수색동과외,NEW_K_1051,READY_AS_IS,true,,true,PASS,PASS,PASS,PASS
candidate:tutor:seoul-kr-c911-b791-ad6c-kr-c5ed-cd0c-b3d9:region_tutor,seoul-kr-c911-b791-ad6c-kr-c5ed-cd0c-b3d9,서울,253,역촌동과외,NEW_K_1051,READY_AS_IS,true,,true,PASS,PASS,PASS,PASS
candidate:tutor:seoul-kr-c911-b791-ad6c-kr-c751-c554-b3d9:region_tutor,seoul-kr-c911-b791-ad6c-kr-c751-c554-b3d9,서울,254,응암동과외,NEW_K_1051,READY_AS_IS,true,,true,PASS,PASS,PASS,PASS
candidate:tutor:seoul-kr-c911-b791-ad6c-kr-c99d-c0b0-b3d9:region_tutor,seoul-kr-c911-b791-ad6c-kr-c99d-c0b0-b3d9,서울,255,증산동과외,NEW_K_1051,READY_AS_IS,true,,true,PASS,PASS,PASS,PASS
candidate:tutor:seoul-kr-c911-b791-ad6c-kr-c9c4-ad00-b3d9:region_tutor,seoul-kr-c911-b791-ad6c-kr-c9c4-ad00-b3d9,서울,256,진관동과외,NEW_K_1051,READY_AS_IS,true,,true,PASS,PASS,PASS,PASS
candidate:tutor:seoul-kr-c911-b791-ad6c-kr-ac00-d68c-b3d9:region_tutor,seoul-kr-c911-b791-ad6c-kr-ac00-d68c-b3d9,서울,257,가회동과외,NEW_K_1051,READY_AS_IS,true,,true,PASS,PASS,PASS,PASS
candidate:tutor:seoul-kr-c911-b791-ad6c-kr-acac-c9c0-b3d9:region_tutor,seoul-kr-c911-b791-ad6c-kr-acac-c9c0-b3d9,서울,258,견지동과외,NEW_K_1051,READY_AS_IS,true,,true,PASS,PASS,PASS,PASS
candidate:tutor:seoul-kr-c911-b791-ad6c-kr-acbd-c6b4-b3d9:region_tutor,seoul-kr-c911-b791-ad6c-kr-acbd-c6b4-b3d9,서울,259,경운동과외,NEW_K_1051,READY_AS_IS,true,,true,PASS,PASS,PASS,PASS
candidate:tutor:seoul-kr-c911-b791-ad6c-kr-acc4-b3d9:region_tutor,seoul-kr-c911-b791-ad6c-kr-acc4-b3d9,서울,260,종로구 계동과외,NEW_K_1051,READY_AS_IS,true,,true,PASS,PASS,PASS,PASS
candidate:tutor:seoul-kr-c911-b791-ad6c-kr-acf5-d3c9-b3d9:region_tutor,seoul-kr-c911-b791-ad6c-kr-acf5-d3c9-b3d9,서울,261,공평동과외,NEW_K_1051,READY_AS_IS,true,,true,PASS,PASS,PASS,PASS
candidate:tutor:seoul-kr-c911-b791-ad6c-kr-ad00-c218-b3d9:region_tutor,seoul-kr-c911-b791-ad6c-kr-ad00-c218-b3d9,서울,262,관수동과외,NEW_K_1051,READY_AS_IS,true,,true,PASS,PASS,PASS,PASS
candidate:tutor:seoul-kr-c911-b791-ad6c-kr-ad00-cca0-b3d9:region_tutor,seoul-kr-c911-b791-ad6c-kr-ad00-cca0-b3d9,서울,263,관철동과외,NEW_K_1051,READY_AS_IS,true,,true,PASS,PASS,PASS,PASS
candidate:tutor:seoul-kr-c911-b791-ad6c-kr-ad00-d6c8-b3d9:region_tutor,seoul-kr-c911-b791-ad6c-kr-ad00-d6c8-b3d9,서울,264,관훈동과외,NEW_K_1051,READY_AS_IS,true,,true,PASS,PASS,PASS,PASS
candidate:tutor:seoul-kr-c911-b791-ad6c-kr-ad50-b0a8-b3d9:region_tutor,seoul-kr-c911-b791-ad6c-kr-ad50-b0a8-b3d9,서울,265,교남동과외,NEW_K_1051,READY_AS_IS,true,,true,PASS,PASS,PASS,PASS
candidate:tutor:seoul-kr-c911-b791-ad6c-kr-ad50-bd81-b3d9:region_tutor,seoul-kr-c911-b791-ad6c-kr-ad50-bd81-b3d9,서울,266,교북동과외,NEW_K_1051,READY_AS_IS,true,,true,PASS,PASS,PASS,PASS
candidate:tutor:seoul-kr-c911-b791-ad6c-kr-ad6c-ae30-b3d9:region_tutor,seoul-kr-c911-b791-ad6c-kr-ad6c-ae30-b3d9,서울,267,구기동과외,NEW_K_1051,READY_AS_IS,true,,true,PASS,PASS,PASS,PASS
candidate:tutor:seoul-kr-c911-b791-ad6c-kr-ad81-c815-b3d9:region_tutor,seoul-kr-c911-b791-ad6c-kr-ad81-c815-b3d9,서울,268,궁정동과외,NEW_K_1051,READY_AS_IS,true,,true,PASS,PASS,PASS,PASS
candidate:tutor:seoul-kr-c911-b791-ad6c-kr-ad8c-b18d-b3d9:region_tutor,seoul-kr-c911-b791-ad6c-kr-ad8c-b18d-b3d9,서울,269,권농동과외,NEW_K_1051,READY_AS_IS,true,,true,PASS,PASS,PASS,PASS
candidate:tutor:seoul-kr-c911-b791-ad6c-kr-b099-c6d0-b3d9:region_tutor,seoul-kr-c911-b791-ad6c-kr-b099-c6d0-b3d9,서울,270,낙원동과외,NEW_K_1051,READY_AS_IS,true,,true,PASS,PASS,PASS,PASS
candidate:tutor:seoul-kr-c911-b791-ad6c-kr-b0b4-c218-b3d9:region_tutor,seoul-kr-c911-b791-ad6c-kr-b0b4-c218-b3d9,서울,271,내수동과외,NEW_K_1051,READY_AS_IS,true,,true,PASS,PASS,PASS,PASS
candidate:tutor:seoul-kr-c911-b791-ad6c-kr-b0b4-c790-b3d9:region_tutor,seoul-kr-c911-b791-ad6c-kr-b0b4-c790-b3d9,서울,272,내자동과외,NEW_K_1051,READY_AS_IS,true,,true,PASS,PASS,PASS,PASS
candidate:tutor:seoul-kr-c911-b791-ad6c-kr-b204-c0c1-b3d9:region_tutor,seoul-kr-c911-b791-ad6c-kr-b204-c0c1-b3d9,서울,273,누상동과외,NEW_K_1051,READY_AS_IS,true,,true,PASS,PASS,PASS,PASS
candidate:tutor:seoul-kr-c911-b791-ad6c-kr-b204-d558-b3d9:region_tutor,seoul-kr-c911-b791-ad6c-kr-b204-d558-b3d9,서울,274,누하동과외,NEW_K_1051,READY_AS_IS,true,,true,PASS,PASS,PASS,PASS
candidate:tutor:seoul-kr-c911-b791-ad6c-kr-b2f9-c8fc-b3d9:region_tutor,seoul-kr-c911-b791-ad6c-kr-b2f9-c8fc-b3d9,서울,275,당주동과외,NEW_K_1051,READY_AS_IS,true,,true,PASS,PASS,PASS,PASS
candidate:tutor:seoul-kr-c911-b791-ad6c-kr-b3c4-b834-b3d9:region_tutor,seoul-kr-c911-b791-ad6c-kr-b3c4-b834-b3d9,서울,276,도렴동과외,NEW_K_1051,READY_AS_IS,true,,true,PASS,PASS,PASS,PASS
candidate:tutor:seoul-kr-c911-b791-ad6c-kr-b3c8-c758-b3d9:region_tutor,seoul-kr-c911-b791-ad6c-kr-b3c8-c758-b3d9,서울,277,돈의동과외,NEW_K_1051,READY_AS_IS,true,,true,PASS,PASS,PASS,PASS
candidate:tutor:seoul-kr-c911-b791-ad6c-kr-b3d9-c22d-b3d9:region_tutor,seoul-kr-c911-b791-ad6c-kr-b3d9-c22d-b3d9,서울,278,동숭동과외,NEW_K_1051,READY_AS_IS,true,,true,PASS,PASS,PASS,PASS
candidate:tutor:seoul-kr-c911-b791-ad6c-kr-ba85-b95c-b3d9:region_tutor,seoul-kr-c911-b791-ad6c-kr-ba85-b95c-b3d9,서울,279,명륜동과외,NEW_K_1051,READY_AS_IS,true,,true,PASS,PASS,PASS,PASS
candidate:tutor:seoul-kr-c911-b791-ad6c-kr-bb34-c545-b3d9:region_tutor,seoul-kr-c911-b791-ad6c-kr-bb34-c545-b3d9,서울,280,무악동과외,NEW_K_1051,READY_AS_IS,true,,true,PASS,PASS,PASS,PASS
candidate:tutor:seoul-kr-c911-b791-ad6c-kr-bb18-b3d9:region_tutor,seoul-kr-c911-b791-ad6c-kr-bb18-b3d9,서울,281,종로구 묘동과외,NEW_K_1051,READY_AS_IS,true,,true,PASS,PASS,PASS,PASS
candidate:tutor:seoul-kr-c911-b791-ad6c-kr-bd09-c775-b3d9:region_tutor,seoul-kr-c911-b791-ad6c-kr-bd09-c775-b3d9,서울,282,봉익동과외,NEW_K_1051,READY_AS_IS,true,,true,PASS,PASS,PASS,PASS
candidate:tutor:seoul-kr-c911-b791-ad6c-kr-bd80-c554-b3d9:region_tutor,seoul-kr-c911-b791-ad6c-kr-bd80-c554-b3d9,서울,283,부암동과외,NEW_K_1051,READY_AS_IS,true,,true,PASS,PASS,PASS,PASS
candidate:tutor:seoul-kr-c911-b791-ad6c-kr-c0ac-ac04-b3d9:region_tutor,seoul-kr-c911-b791-ad6c-kr-c0ac-ac04-b3d9,서울,284,사간동과외,NEW_K_1051,READY_AS_IS,true,,true,PASS,PASS,PASS,PASS
candidate:tutor:seoul-kr-c911-b791-ad6c-kr-c0ac-c9c1-b3d9:region_tutor,seoul-kr-c911-b791-ad6c-kr-c0ac-c9c1-b3d9,서울,285,사직동과외,NEW_K_1051,READY_AS_IS,true,,true,PASS,PASS,PASS,PASS
candidate:tutor:seoul-kr-c911-b791-ad6c-kr-c0bc-ccad-b3d9:region_tutor,seoul-kr-c911-b791-ad6c-kr-c0bc-ccad-b3d9,서울,286,삼청동과외,NEW_K_1051,READY_AS_IS,true,,true,PASS,PASS,PASS,PASS
candidate:tutor:seoul-kr-c911-b791-ad6c-kr-c11c-b9b0-b3d9:region_tutor,seoul-kr-c911-b791-ad6c-kr-c11c-b9b0-b3d9,서울,287,서린동과외,NEW_K_1051,READY_AS_IS,true,,true,PASS,PASS,PASS,PASS
candidate:tutor:seoul-kr-c911-b791-ad6c-kr-c138-c885-b85c:region_tutor,seoul-kr-c911-b791-ad6c-kr-c138-c885-b85c,서울,288,세종로과외,NEW_K_1051,READY_AS_IS,true,,true,PASS,PASS,PASS,PASS
candidate:tutor:seoul-kr-c911-b791-ad6c-kr-c18c-aca9-b3d9:region_tutor,seoul-kr-c911-b791-ad6c-kr-c18c-aca9-b3d9,서울,289,소격동과외,NEW_K_1051,READY_AS_IS,true,,true,PASS,PASS,PASS,PASS
candidate:tutor:seoul-kr-c911-b791-ad6c-kr-c1a1-c6d4-b3d9:region_tutor,seoul-kr-c911-b791-ad6c-kr-c1a1-c6d4-b3d9,서울,290,송월동과외,NEW_K_1051,READY_AS_IS,true,,true,PASS,PASS,PASS,PASS
candidate:tutor:seoul-kr-c911-b791-ad6c-kr-c218-c1a1-b3d9:region_tutor,seoul-kr-c911-b791-ad6c-kr-c218-c1a1-b3d9,서울,291,수송동과외,NEW_K_1051,READY_AS_IS,true,,true,PASS,PASS,PASS,PASS
candidate:tutor:seoul-kr-c911-b791-ad6c-kr-c22d-c778-b3d9:region_tutor,seoul-kr-c911-b791-ad6c-kr-c22d-c778-b3d9,서울,292,숭인동과외,NEW_K_1051,READY_AS_IS,true,,true,PASS,PASS,PASS,PASS
candidate:tutor:seoul-kr-c911-b791-ad6c-kr-c2e0-bb38-b85c-b3d9:region_tutor,seoul-kr-c911-b791-ad6c-kr-c2e0-bb38-b85c-b3d9,서울,293,신문로동과외,NEW_K_1051,READY_AS_IS,true,,true,PASS,PASS,PASS,PASS
candidate:tutor:seoul-kr-c911-b791-ad6c-kr-c2e0-c601-b3d9:region_tutor,seoul-kr-c911-b791-ad6c-kr-c2e0-c601-b3d9,서울,294,신영동과외,NEW_K_1051,READY_AS_IS,true,,true,PASS,PASS,PASS,PASS
candidate:tutor:seoul-kr-c911-b791-ad6c-kr-c548-ad6d-b3d9:region_tutor,seoul-kr-c911-b791-ad6c-kr-c548-ad6d-b3d9,서울,295,안국동과외,NEW_K_1051,READY_AS_IS,true,,true,PASS,PASS,PASS,PASS
candidate:tutor:seoul-kr-c911-b791-ad6c-kr-c5f0-ac74-b3d9:region_tutor,seoul-kr-c911-b791-ad6c-kr-c5f0-ac74-b3d9,서울,296,연건동과외,NEW_K_1051,READY_AS_IS,true,,true,PASS,PASS,PASS,PASS
candidate:tutor:seoul-kr-c911-b791-ad6c-kr-c5f0-c9c0-b3d9:region_tutor,seoul-kr-c911-b791-ad6c-kr-c5f0-c9c0-b3d9,서울,297,연지동과외,NEW_K_1051,READY_AS_IS,true,,true,PASS,PASS,PASS,PASS
candidate:tutor:seoul-kr-c911-b791-ad6c-kr-c608-c9c0-b3d9:region_tutor,seoul-kr-c911-b791-ad6c-kr-c608-c9c0-b3d9,서울,298,예지동과외,NEW_K_1051,READY_AS_IS,true,,true,PASS,PASS,PASS,PASS
candidate:tutor:seoul-kr-c911-b791-ad6c-kr-c625-c778-b3d9:region_tutor,seoul-kr-c911-b791-ad6c-kr-c625-c778-b3d9,서울,299,옥인동과외,NEW_K_1051,READY_AS_IS,true,,true,PASS,PASS,PASS,PASS
candidate:tutor:seoul-kr-c911-b791-ad6c-kr-c640-b8e1-b3d9:region_tutor,seoul-kr-c911-b791-ad6c-kr-c640-b8e1-b3d9,서울,300,와룡동과외,NEW_K_1051,READY_AS_IS,true,,true,PASS,PASS,PASS,PASS
candidate:tutor:seoul-kr-c911-b791-ad6c-kr-c6b4-b2c8-b3d9:region_tutor,seoul-kr-c911-b791-ad6c-kr-c6b4-b2c8-b3d9,서울,301,운니동과외,NEW_K_1051,READY_AS_IS,true,,true,PASS,PASS,PASS,PASS
candidate:tutor:seoul-kr-c911-b791-ad6c-kr-c6d0-b0a8-b3d9:region_tutor,seoul-kr-c911-b791-ad6c-kr-c6d0-b0a8-b3d9,서울,302,원남동과외,NEW_K_1051,READY_AS_IS,true,,true,PASS,PASS,PASS,PASS
candidate:tutor:seoul-kr-c911-b791-ad6c-kr-c6d0-c11c-b3d9:region_tutor,seoul-kr-c911-b791-ad6c-kr-c6d0-c11c-b3d9,서울,303,원서동과외,NEW_K_1051,READY_AS_IS,true,,true,PASS,PASS,PASS,PASS
candidate:tutor:seoul-kr-c911-b791-ad6c-kr-c774-d654-b3d9:region_tutor,seoul-kr-c911-b791-ad6c-kr-c774-d654-b3d9,서울,304,이화동과외,NEW_K_1051,READY_AS_IS,true,,true,PASS,PASS,PASS,PASS
candidate:tutor:seoul-kr-c911-b791-ad6c-kr-c775-c120-b3d9:region_tutor,seoul-kr-c911-b791-ad6c-kr-c775-c120-b3d9,서울,305,익선동과외,NEW_K_1051,READY_AS_IS,true,,true,PASS,PASS,PASS,PASS
candidate:tutor:seoul-kr-c911-b791-ad6c-kr-c778-c0ac-b3d9:region_tutor,seoul-kr-c911-b791-ad6c-kr-c778-c0ac-b3d9,서울,306,인사동과외,NEW_K_1051,READY_AS_IS,true,,true,PASS,PASS,PASS,PASS
candidate:tutor:seoul-kr-c911-b791-ad6c-kr-c778-c758-b3d9:region_tutor,seoul-kr-c911-b791-ad6c-kr-c778-c758-b3d9,서울,307,인의동과외,NEW_K_1051,READY_AS_IS,true,,true,PASS,PASS,PASS,PASS
candidate:tutor:seoul-kr-c911-b791-ad6c-kr-c7a5-c0ac-b3d9:region_tutor,seoul-kr-c911-b791-ad6c-kr-c7a5-c0ac-b3d9,서울,308,장사동과외,NEW_K_1051,READY_AS_IS,true,,true,PASS,PASS,PASS,PASS
candidate:tutor:seoul-kr-c911-b791-ad6c-kr-c7ac-b3d9:region_tutor,seoul-kr-c911-b791-ad6c-kr-c7ac-b3d9,서울,309,종로구 재동과외,NEW_K_1051,READY_AS_IS,true,,true,PASS,PASS,PASS,PASS
candidate:tutor:seoul-kr-c911-b791-ad6c-kr-c801-c120-b3d9:region_tutor,seoul-kr-c911-b791-ad6c-kr-c801-c120-b3d9,서울,310,적선동과외,NEW_K_1051,READY_AS_IS,true,,true,PASS,PASS,PASS,PASS
candidate:tutor:seoul-kr-c911-b791-ad6c-kr-c885-b85c-b3d9:region_tutor,seoul-kr-c911-b791-ad6c-kr-c885-b85c-b3d9,서울,311,종로동과외,NEW_K_1051,READY_AS_IS,true,,true,PASS,PASS,PASS,PASS
candidate:tutor:seoul-kr-c911-b791-ad6c-kr-c911-d559-b3d9:region_tutor,seoul-kr-c911-b791-ad6c-kr-c911-d559-b3d9,서울,312,중학동과외,NEW_K_1051,READY_AS_IS,true,,true,PASS,PASS,PASS,PASS
candidate:tutor:seoul-kr-c911-b791-ad6c-kr-cc3d-c131-b3d9:region_tutor,seoul-kr-c911-b791-ad6c-kr-cc3d-c131-b3d9,서울,313,창성동과외,NEW_K_1051,READY_AS_IS,true,,true,PASS,PASS,PASS,PASS
candidate:tutor:seoul-kr-c911-b791-ad6c-kr-cc3d-c2e0-b3d9:region_tutor,seoul-kr-c911-b791-ad6c-kr-cc3d-c2e0-b3d9,서울,314,창신동과외,NEW_K_1051,READY_AS_IS,true,,true,PASS,PASS,PASS,PASS
candidate:tutor:seoul-kr-c911-b791-ad6c-kr-ccad-c6b4-b3d9:region_tutor,seoul-kr-c911-b791-ad6c-kr-ccad-c6b4-b3d9,서울,315,청운동과외,NEW_K_1051,READY_AS_IS,true,,true,PASS,PASS,PASS,PASS
candidate:tutor:seoul-kr-c911-b791-ad6c-kr-ccad-c9c4-b3d9:region_tutor,seoul-kr-c911-b791-ad6c-kr-ccad-c9c4-b3d9,서울,316,청진동과외,NEW_K_1051,READY_AS_IS,true,,true,PASS,PASS,PASS,PASS
candidate:tutor:seoul-kr-c911-b791-ad6c-kr-ccb4-bd80-b3d9:region_tutor,seoul-kr-c911-b791-ad6c-kr-ccb4-bd80-b3d9,서울,317,체부동과외,NEW_K_1051,READY_AS_IS,true,,true,PASS,PASS,PASS,PASS
candidate:tutor:seoul-kr-c911-b791-ad6c-kr-cda9-c2e0-b3d9:region_tutor,seoul-kr-c911-b791-ad6c-kr-cda9-c2e0-b3d9,서울,318,충신동과외,NEW_K_1051,READY_AS_IS,true,,true,PASS,PASS,PASS,PASS
candidate:tutor:seoul-kr-c911-b791-ad6c-kr-d1b5-c758-b3d9:region_tutor,seoul-kr-c911-b791-ad6c-kr-d1b5-c758-b3d9,서울,319,통의동과외,NEW_K_1051,READY_AS_IS,true,,true,PASS,PASS,PASS,PASS
candidate:tutor:seoul-kr-c911-b791-ad6c-kr-d1b5-c778-b3d9:region_tutor,seoul-kr-c911-b791-ad6c-kr-d1b5-c778-b3d9,서울,320,통인동과외,NEW_K_1051,READY_AS_IS,true,,true,PASS,PASS,PASS,PASS
candidate:tutor:seoul-kr-c911-b791-ad6c-kr-d314-d310-b3d9:region_tutor,seoul-kr-c911-b791-ad6c-kr-d314-d310-b3d9,서울,321,팔판동과외,NEW_K_1051,READY_AS_IS,true,,true,PASS,PASS,PASS,PASS
candidate:tutor:seoul-kr-c911-b791-ad6c-kr-d3c9-b3d9:region_tutor,seoul-kr-c911-b791-ad6c-kr-d3c9-b3d9,서울,322,종로구 평동과외,NEW_K_1051,READY_AS_IS,true,,true,PASS,PASS,PASS,PASS
candidate:tutor:seoul-kr-c911-b791-ad6c-kr-d3c9-cc3d-b3d9:region_tutor,seoul-kr-c911-b791-ad6c-kr-d3c9-cc3d-b3d9,서울,323,평창동과외,NEW_K_1051,READY_AS_IS,true,,true,PASS,PASS,PASS,PASS
candidate:tutor:seoul-kr-c911-b791-ad6c-kr-d544-c6b4-b3d9:region_tutor,seoul-kr-c911-b791-ad6c-kr-d544-c6b4-b3d9,서울,324,필운동과외,NEW_K_1051,READY_AS_IS,true,,true,PASS,PASS,PASS,PASS
candidate:tutor:seoul-kr-c911-b791-ad6c-kr-d589-cd0c-b3d9:region_tutor,seoul-kr-c911-b791-ad6c-kr-d589-cd0c-b3d9,서울,325,행촌동과외,NEW_K_1051,READY_AS_IS,true,,true,PASS,PASS,PASS,PASS
candidate:tutor:seoul-kr-c911-b791-ad6c-kr-d61c-d654-b3d9:region_tutor,seoul-kr-c911-b791-ad6c-kr-d61c-d654-b3d9,서울,326,혜화동과외,NEW_K_1051,READY_AS_IS,true,,true,PASS,PASS,PASS,PASS
candidate:tutor:seoul-kr-c911-b791-ad6c-kr-d64d-c9c0-b3d9:region_tutor,seoul-kr-c911-b791-ad6c-kr-d64d-c9c0-b3d9,서울,327,홍지동과외,NEW_K_1051,READY_AS_IS,true,,true,PASS,PASS,PASS,PASS
candidate:tutor:seoul-kr-c911-b791-ad6c-kr-d64d-d30c-b3d9:region_tutor,seoul-kr-c911-b791-ad6c-kr-d64d-d30c-b3d9,서울,328,홍파동과외,NEW_K_1051,READY_AS_IS,true,,true,PASS,PASS,PASS,PASS
candidate:tutor:seoul-kr-c911-b791-ad6c-kr-d654-b3d9:region_tutor,seoul-kr-c911-b791-ad6c-kr-d654-b3d9,서울,329,종로구 화동과외,NEW_K_1051,READY_AS_IS,true,,true,PASS,PASS,PASS,PASS
candidate:tutor:seoul-kr-c911-b791-ad6c-kr-d6a8-c790-b3d9:region_tutor,seoul-kr-c911-b791-ad6c-kr-d6a8-c790-b3d9,서울,330,효자동과외,NEW_K_1051,READY_AS_IS,true,,true,PASS,PASS,PASS,PASS
candidate:tutor:seoul-kr-c911-b791-ad6c-kr-d6a8-c81c-b3d9:region_tutor,seoul-kr-c911-b791-ad6c-kr-d6a8-c81c-b3d9,서울,331,효제동과외,NEW_K_1051,READY_AS_IS,true,,true,PASS,PASS,PASS,PASS
candidate:tutor:seoul-kr-c911-b791-ad6c-kr-d6c8-c815-b3d9:region_tutor,seoul-kr-c911-b791-ad6c-kr-d6c8-c815-b3d9,서울,332,훈정동과외,NEW_K_1051,READY_AS_IS,true,,true,PASS,PASS,PASS,PASS
candidate:tutor:seoul-kr-c911-b791-ad6c-kr-ad11-d76c-b3d9:region_tutor,seoul-kr-c911-b791-ad6c-kr-ad11-d76c-b3d9,서울,333,광희동과외,NEW_K_1051,READY_AS_IS,true,,true,PASS,PASS,PASS,PASS
candidate:tutor:seoul-kr-c911-b791-ad6c-kr-b0a8-b300-bb38-b85c-b3d9:region_tutor,seoul-kr-c911-b791-ad6c-kr-b0a8-b300-bb38-b85c-b3d9,서울,334,남대문로동과외,NEW_K_1051,READY_AS_IS,true,,true,PASS,PASS,PASS,PASS
candidate:tutor:seoul-kr-c911-b791-ad6c-kr-b0a8-c0b0-b3d9:region_tutor,seoul-kr-c911-b791-ad6c-kr-b0a8-c0b0-b3d9,서울,335,남산동과외,NEW_K_1051,READY_AS_IS,true,,true,PASS,PASS,PASS,PASS
candidate:tutor:seoul-kr-c911-b791-ad6c-kr-b0a8-cc3d-b3d9:region_tutor,seoul-kr-c911-b791-ad6c-kr-b0a8-cc3d-b3d9,서울,336,남창동과외,NEW_K_1051,READY_AS_IS,true,,true,PASS,PASS,PASS,PASS
candidate:tutor:seoul-kr-c911-b791-ad6c-kr-b2e4-b3d9:region_tutor,seoul-kr-c911-b791-ad6c-kr-b2e4-b3d9,서울,337,중구 다동과외,NEW_K_1051,READY_AS_IS,true,,true,PASS,PASS,PASS,PASS
candidate:tutor:seoul-kr-c911-b791-ad6c-kr-b9cc-b9ac-b3d9:region_tutor,seoul-kr-c911-b791-ad6c-kr-b9cc-b9ac-b3d9,서울,338,만리동과외,NEW_K_1051,READY_AS_IS,true,,true,PASS,PASS,PASS,PASS
candidate:tutor:seoul-kr-c911-b791-ad6c-kr-ba85-b3d9:region_tutor,seoul-kr-c911-b791-ad6c-kr-ba85-b3d9,서울,339,중구 명동과외,NEW_K_1051,READY_AS_IS,true,,true,PASS,PASS,PASS,PASS
candidate:tutor:seoul-kr-c911-b791-ad6c-kr-bb34-ad50-b3d9:region_tutor,seoul-kr-c911-b791-ad6c-kr-bb34-ad50-b3d9,서울,340,무교동과외,NEW_K_1051,READY_AS_IS,true,,true,PASS,PASS,PASS,PASS
candidate:tutor:seoul-kr-c911-b791-ad6c-kr-bb35-c815-b3d9:region_tutor,seoul-kr-c911-b791-ad6c-kr-bb35-c815-b3d9,서울,341,묵정동과외,NEW_K_1051,READY_AS_IS,true,,true,PASS,PASS,PASS,PASS
candidate:tutor:seoul-kr-c911-b791-ad6c-kr-bc29-c0b0-b3d9:region_tutor,seoul-kr-c911-b791-ad6c-kr-bc29-c0b0-b3d9,서울,342,방산동과외,NEW_K_1051,READY_AS_IS,true,,true,PASS,PASS,PASS,PASS
candidate:tutor:seoul-kr-c911-b791-ad6c-kr-bd09-b798-b3d9:region_tutor,seoul-kr-c911-b791-ad6c-kr-bd09-b798-b3d9,서울,343,봉래동과외,NEW_K_1051,READY_AS_IS,true,,true,PASS,PASS,PASS,PASS
candidate:tutor:seoul-kr-c911-b791-ad6c-kr-bd81-cc3d-b3d9:region_tutor,seoul-kr-c911-b791-ad6c-kr-bd81-cc3d-b3d9,서울,344,북창동과외,NEW_K_1051,READY_AS_IS,true,,true,PASS,PASS,PASS,PASS
candidate:tutor:seoul-kr-c911-b791-ad6c-kr-c0b0-b9bc-b3d9:region_tutor,seoul-kr-c911-b791-ad6c-kr-c0b0-b9bc-b3d9,서울,345,산림동과외,NEW_K_1051,READY_AS_IS,true,,true,PASS,PASS,PASS,PASS
candidate:tutor:seoul-kr-c911-b791-ad6c-kr-c11c-c18c-bb38-b3d9:region_tutor,seoul-kr-c911-b791-ad6c-kr-c11c-c18c-bb38-b3d9,서울,346,서소문동과외,NEW_K_1051,READY_AS_IS,true,,true,PASS,PASS,PASS,PASS
candidate:tutor:seoul-kr-c911-b791-ad6c-kr-c18c-acf5-b3d9:region_tutor,seoul-kr-c911-b791-ad6c-kr-c18c-acf5-b3d9,서울,347,소공동과외,NEW_K_1051,READY_AS_IS,true,,true,PASS,PASS,PASS,PASS
candidate:tutor:seoul-kr-c911-b791-ad6c-kr-c218-d45c-b3d9:region_tutor,seoul-kr-c911-b791-ad6c-kr-c218-d45c-b3d9,서울,348,수표동과외,NEW_K_1051,READY_AS_IS,true,,true,PASS,PASS,PASS,PASS
candidate:tutor:seoul-kr-c911-b791-ad6c-kr-c218-d558-b3d9:region_tutor,seoul-kr-c911-b791-ad6c-kr-c218-d558-b3d9,서울,349,수하동과외,NEW_K_1051,READY_AS_IS,true,,true,PASS,PASS,PASS,PASS
candidate:tutor:seoul-kr-c911-b791-ad6c-kr-c21c-d654-b3d9:region_tutor,seoul-kr-c911-b791-ad6c-kr-c21c-d654-b3d9,서울,350,순화동과외,NEW_K_1051,READY_AS_IS,true,,true,PASS,PASS,PASS,PASS
candidate:tutor:seoul-kr-c911-b791-ad6c-kr-c2e0-b2f9-b3d9:region_tutor,seoul-kr-c911-b791-ad6c-kr-c2e0-b2f9-b3d9,서울,351,신당동과외,NEW_K_1051,READY_AS_IS,true,,true,PASS,PASS,PASS,PASS
candidate:tutor:seoul-kr-c911-b791-ad6c-kr-c30d-b9bc-b3d9:region_tutor,seoul-kr-c911-b791-ad6c-kr-c30d-b9bc-b3d9,서울,352,쌍림동과외,NEW_K_1051,READY_AS_IS,true,,true,PASS,PASS,PASS,PASS
candidate:tutor:seoul-kr-c911-b791-ad6c-kr-c608-ad00-b3d9:region_tutor,seoul-kr-c911-b791-ad6c-kr-c608-ad00-b3d9,서울,353,예관동과외,NEW_K_1051,READY_AS_IS,true,,true,PASS,PASS,PASS,PASS
candidate:tutor:seoul-kr-c911-b791-ad6c-kr-c608-c7a5-b3d9:region_tutor,seoul-kr-c911-b791-ad6c-kr-c608-c7a5-b3d9,서울,354,예장동과외,NEW_K_1051,READY_AS_IS,true,,true,PASS,PASS,PASS,PASS
candidate:tutor:seoul-kr-c911-b791-ad6c-kr-c624-c7a5-b3d9:region_tutor,seoul-kr-c911-b791-ad6c-kr-c624-c7a5-b3d9,서울,355,오장동과외,NEW_K_1051,READY_AS_IS,true,,true,PASS,PASS,PASS,PASS
candidate:tutor:seoul-kr-c911-b791-ad6c-kr-c744-c9c0-b85c-b3d9:region_tutor,seoul-kr-c911-b791-ad6c-kr-c744-c9c0-b85c-b3d9,서울,356,을지로동과외,NEW_K_1051,READY_AS_IS,true,,true,PASS,PASS,PASS,PASS
candidate:tutor:seoul-kr-c911-b791-ad6c-kr-c758-c8fc-b85c-b3d9:region_tutor,seoul-kr-c911-b791-ad6c-kr-c758-c8fc-b85c-b3d9,서울,357,의주로동과외,NEW_K_1051,READY_AS_IS,true,,true,PASS,PASS,PASS,PASS
candidate:tutor:seoul-kr-c911-b791-ad6c-kr-c778-d604-b3d9:region_tutor,seoul-kr-c911-b791-ad6c-kr-c778-d604-b3d9,서울,358,인현동과외,NEW_K_1051,READY_AS_IS,true,,true,PASS,PASS,PASS,PASS
candidate:tutor:seoul-kr-c911-b791-ad6c-kr-c785-c815-b3d9:region_tutor,seoul-kr-c911-b791-ad6c-kr-c785-c815-b3d9,서울,359,입정동과외,NEW_K_1051,READY_AS_IS,true,,true,PASS,PASS,PASS,PASS
candidate:tutor:seoul-kr-c911-b791-ad6c-kr-c7a5-ad50-b3d9:region_tutor,seoul-kr-c911-b791-ad6c-kr-c7a5-ad50-b3d9,서울,360,장교동과외,NEW_K_1051,READY_AS_IS,true,,true,PASS,PASS,PASS,PASS
candidate:tutor:seoul-kr-c911-b791-ad6c-kr-c7a5-cda9-b3d9:region_tutor,seoul-kr-c911-b791-ad6c-kr-c7a5-cda9-b3d9,서울,361,장충동과외,NEW_K_1051,READY_AS_IS,true,,true,PASS,PASS,PASS,PASS
candidate:tutor:seoul-kr-c911-b791-ad6c-kr-c800-b3d9:region_tutor,seoul-kr-c911-b791-ad6c-kr-c800-b3d9,서울,362,중구 저동과외,NEW_K_1051,READY_AS_IS,true,,true,PASS,PASS,PASS,PASS
candidate:tutor:seoul-kr-c911-b791-ad6c-kr-c815-b3d9:region_tutor,seoul-kr-c911-b791-ad6c-kr-c815-b3d9,서울,363,중구 정동과외,NEW_K_1051,READY_AS_IS,true,,true,PASS,PASS,PASS,PASS
candidate:tutor:seoul-kr-c911-b791-ad6c-kr-c8fc-ad50-b3d9:region_tutor,seoul-kr-c911-b791-ad6c-kr-c8fc-ad50-b3d9,서울,364,주교동과외,NEW_K_1051,READY_AS_IS,true,,true,PASS,PASS,PASS,PASS
candidate:tutor:seoul-kr-c911-b791-ad6c-kr-c8fc-c790-b3d9:region_tutor,seoul-kr-c911-b791-ad6c-kr-c8fc-c790-b3d9,서울,365,주자동과외,NEW_K_1051,READY_AS_IS,true,,true,PASS,PASS,PASS,PASS
candidate:tutor:seoul-kr-c911-b791-ad6c-kr-c911-b9bc-b3d9:region_tutor,seoul-kr-c911-b791-ad6c-kr-c911-b9bc-b3d9,서울,366,중림동과외,NEW_K_1051,READY_AS_IS,true,,true,PASS,PASS,PASS,PASS
candidate:tutor:seoul-kr-c911-b791-ad6c-kr-cd08-b3d9:region_tutor,seoul-kr-c911-b791-ad6c-kr-cd08-b3d9,서울,367,중구 초동과외,NEW_K_1051,READY_AS_IS,true,,true,PASS,PASS,PASS,PASS
candidate:tutor:seoul-kr-c911-b791-ad6c-kr-cda9-bb34-b85c-b3d9:region_tutor,seoul-kr-c911-b791-ad6c-kr-cda9-bb34-b85c-b3d9,서울,368,충무로동과외,NEW_K_1051,READY_AS_IS,true,,true,PASS,PASS,PASS,PASS
candidate:tutor:seoul-kr-c911-b791-ad6c-kr-d0dc-d3c9-b85c-b3d9:region_tutor,seoul-kr-c911-b791-ad6c-kr-d0dc-d3c9-b85c-b3d9,서울,369,태평로동과외,NEW_K_1051,READY_AS_IS,true,,true,PASS,PASS,PASS,PASS
candidate:tutor:seoul-kr-c911-b791-ad6c-kr-d544-b3d9:region_tutor,seoul-kr-c911-b791-ad6c-kr-d544-b3d9,서울,370,중구 필동과외,NEW_K_1051,READY_AS_IS,true,,true,PASS,PASS,PASS,PASS
candidate:tutor:seoul-kr-c911-b791-ad6c-kr-d669-d559-b3d9:region_tutor,seoul-kr-c911-b791-ad6c-kr-d669-d559-b3d9,서울,371,황학동과외,NEW_K_1051,READY_AS_IS,true,,true,PASS,PASS,PASS,PASS
candidate:tutor:seoul-kr-c911-b791-ad6c-kr-d68c-d604-b3d9:region_tutor,seoul-kr-c911-b791-ad6c-kr-d68c-d604-b3d9,서울,372,회현동과외,NEW_K_1051,READY_AS_IS,true,,true,PASS,PASS,PASS,PASS
candidate:tutor:seoul-kr-c911-b791-ad6c-kr-b9dd-c6b0-b3d9:region_tutor,seoul-kr-c911-b791-ad6c-kr-b9dd-c6b0-b3d9,서울,373,망우동과외,NEW_K_1051,READY_AS_IS,true,,true,PASS,PASS,PASS,PASS
candidate:tutor:seoul-kr-c911-b791-ad6c-kr-ba74-baa9-b3d9:region_tutor,seoul-kr-c911-b791-ad6c-kr-ba74-baa9-b3d9,서울,374,면목동과외,NEW_K_1051,READY_AS_IS,true,,true,PASS,PASS,PASS,PASS
candidate:tutor:seoul-kr-c911-b791-ad6c-kr-bb35-b3d9:region_tutor,seoul-kr-c911-b791-ad6c-kr-bb35-b3d9,서울,375,중랑구 묵동과외,NEW_K_1051,READY_AS_IS,true,,true,PASS,PASS,PASS,PASS
candidate:tutor:seoul-kr-c911-b791-ad6c-kr-c0c1-bd09-b3d9:region_tutor,seoul-kr-c911-b791-ad6c-kr-c0c1-bd09-b3d9,서울,376,상봉동과외,NEW_K_1051,READY_AS_IS,true,,true,PASS,PASS,PASS,PASS
candidate:tutor:seoul-kr-c911-b791-ad6c-kr-c2e0-b0b4-b3d9:region_tutor,seoul-kr-c911-b791-ad6c-kr-c2e0-b0b4-b3d9,서울,377,신내동과외,NEW_K_1051,READY_AS_IS,true,,true,PASS,PASS,PASS,PASS
candidate:tutor:seoul-kr-c911-b791-ad6c-kr-c911-d654-b3d9:region_tutor,seoul-kr-c911-b791-ad6c-kr-c911-d654-b3d9,서울,378,중화동과외,NEW_K_1051,READY_AS_IS,true,,true,PASS,PASS,PASS,PASS
candidate:tutor:kr-bd80-c0b0:region_tutor,kr-bd80-c0b0,부산,2,부산,NEW_K_1051,READY_AS_IS,true,,true,PASS,PASS,PASS,PASS
candidate:tutor:kr-bd80-c0b0-kr-bd80-c0b0-c911-ad6c:region_tutor,kr-bd80-c0b0-kr-bd80-c0b0-c911-ad6c,부산,3,부산중구,NEW_K_1051,READY_AS_IS,true,,true,PASS,PASS,PASS,PASS
candidate:tutor:kr-bd80-c0b0-kr-bd80-c0b0-c11c-ad6c:region_tutor,kr-bd80-c0b0-kr-bd80-c0b0-c11c-ad6c,부산,4,부산서구,NEW_K_1051,READY_AS_IS,true,,true,PASS,PASS,PASS,PASS
candidate:tutor:kr-bd80-c0b0-kr-bd80-c0b0-b3d9-ad6c:region_tutor,kr-bd80-c0b0-kr-bd80-c0b0-b3d9-ad6c,부산,5,부산동구,NEW_K_1051,READY_AS_IS,true,,true,PASS,PASS,PASS,PASS
candidate:tutor:kr-bd80-c0b0-kr-bd80-c0b0-c601-b3c4-ad6c:region_tutor,kr-bd80-c0b0-kr-bd80-c0b0-c601-b3c4-ad6c,부산,6,부산영도구,NEW_K_1051,READY_AS_IS,true,,true,PASS,PASS,PASS,PASS
candidate:tutor:kr-bd80-c0b0-kr-bd80-c0b0-c9c4-ad6c:region_tutor,kr-bd80-c0b0-kr-bd80-c0b0-c9c4-ad6c,부산,7,부산진구,NEW_K_1051,READY_AS_IS,true,,true,PASS,PASS,PASS,PASS
candidate:tutor:kr-bd80-c0b0-kr-bd80-c0b0-b3d9-b798-ad6c:region_tutor,kr-bd80-c0b0-kr-bd80-c0b0-b3d9-b798-ad6c,부산,8,부산동래구,NEW_K_1051,READY_AS_IS,true,,true,PASS,PASS,PASS,PASS
candidate:tutor:kr-bd80-c0b0-kr-bd80-c0b0-b0a8-ad6c:region_tutor,kr-bd80-c0b0-kr-bd80-c0b0-b0a8-ad6c,부산,9,부산남구,NEW_K_1051,READY_AS_IS,true,,true,PASS,PASS,PASS,PASS
candidate:tutor:kr-bd80-c0b0-kr-bd80-c0b0-bd81-ad6c:region_tutor,kr-bd80-c0b0-kr-bd80-c0b0-bd81-ad6c,부산,10,부산북구,NEW_K_1051,READY_AS_IS,true,,true,PASS,PASS,PASS,PASS
candidate:tutor:kr-bd80-c0b0-kr-d574-c6b4-b300-ad6c:region_tutor,kr-bd80-c0b0-kr-d574-c6b4-b300-ad6c,부산,11,해운대구,NEW_K_1051,READY_AS_IS,true,,true,PASS,PASS,PASS,PASS
candidate:tutor:kr-bd80-c0b0-kr-c0ac-d558-ad6c:region_tutor,kr-bd80-c0b0-kr-c0ac-d558-ad6c,부산,12,사하구,NEW_K_1051,READY_AS_IS,true,,true,PASS,PASS,PASS,PASS
candidate:tutor:kr-bd80-c0b0-kr-ae08-c815-ad6c:region_tutor,kr-bd80-c0b0-kr-ae08-c815-ad6c,부산,13,금정구,NEW_K_1051,READY_AS_IS,true,,true,PASS,PASS,PASS,PASS
candidate:tutor:kr-bd80-c0b0-kr-bd80-c0b0-ac15-c11c-ad6c:region_tutor,kr-bd80-c0b0-kr-bd80-c0b0-ac15-c11c-ad6c,부산,14,부산강서구,NEW_K_1051,READY_AS_IS,true,,true,PASS,PASS,PASS,PASS
candidate:tutor:kr-bd80-c0b0-kr-c5f0-c81c-ad6c:region_tutor,kr-bd80-c0b0-kr-c5f0-c81c-ad6c,부산,15,연제구,NEW_K_1051,READY_AS_IS,true,,true,PASS,PASS,PASS,PASS
candidate:tutor:kr-bd80-c0b0-kr-c218-c601-ad6c:region_tutor,kr-bd80-c0b0-kr-c218-c601-ad6c,부산,16,수영구,NEW_K_1051,READY_AS_IS,true,,true,PASS,PASS,PASS,PASS
candidate:tutor:kr-bd80-c0b0-kr-c0ac-c0c1-ad6c:region_tutor,kr-bd80-c0b0-kr-c0ac-c0c1-ad6c,부산,17,사상구,NEW_K_1051,READY_AS_IS,true,,true,PASS,PASS,PASS,PASS
candidate:tutor:kr-bd80-c0b0-kr-ae30-c7a5-ad70:region_tutor,kr-bd80-c0b0-kr-ae30-c7a5-ad70,부산,18,기장군,NEW_K_1051,READY_AS_IS,true,,true,PASS,PASS,PASS,PASS
candidate:tutor:kr-bd80-c0b0-kr-ae30-c7a5-ad70-kr-c911-c559-b3d9:region_tutor,kr-bd80-c0b0-kr-ae30-c7a5-ad70-kr-c911-c559-b3d9,부산,19,중앙동,NEW_K_1051,READY_AS_IS,true,,true,PASS,PASS,PASS,PASS
candidate:tutor:kr-bd80-c0b0-kr-ae30-c7a5-ad70-kr-b3d9-ad11-b3d9:region_tutor,kr-bd80-c0b0-kr-ae30-c7a5-ad70-kr-b3d9-ad11-b3d9,부산,20,동광동,NEW_K_1051,READY_AS_IS,true,,true,PASS,PASS,PASS,PASS
candidate:tutor:kr-bd80-c0b0-kr-ae30-c7a5-ad70-kr-b300-cc3d-b3d9:region_tutor,kr-bd80-c0b0-kr-ae30-c7a5-ad70-kr-b300-cc3d-b3d9,부산,21,대창동,NEW_K_1051,READY_AS_IS,true,,true,PASS,PASS,PASS,PASS
candidate:tutor:kr-bd80-c0b0-kr-ae30-c7a5-ad70-kr-bcf4-c218-b3d9:region_tutor,kr-bd80-c0b0-kr-ae30-c7a5-ad70-kr-bcf4-c218-b3d9,부산,22,보수동,NEW_K_1051,READY_AS_IS,true,,true,PASS,PASS,PASS,PASS
candidate:tutor:kr-bd80-c0b0-kr-ae30-c7a5-ad70-kr-bd80-d3c9-b3d9:region_tutor,kr-bd80-c0b0-kr-ae30-c7a5-ad70-kr-bd80-d3c9-b3d9,부산,23,부평동,NEW_K_1051,READY_AS_IS,true,,true,PASS,PASS,PASS,PASS
candidate:tutor:kr-bd80-c0b0-kr-ae30-c7a5-ad70-kr-c2e0-cc3d-b3d9:region_tutor,kr-bd80-c0b0-kr-ae30-c7a5-ad70-kr-c2e0-cc3d-b3d9,부산,24,신창동,NEW_K_1051,READY_AS_IS,true,,true,PASS,PASS,PASS,PASS
candidate:tutor:kr-bd80-c0b0-kr-ae30-c7a5-ad70-kr-cc3d-c120-b3d9:region_tutor,kr-bd80-c0b0-kr-ae30-c7a5-ad70-kr-cc3d-c120-b3d9,부산,25,창선동,NEW_K_1051,READY_AS_IS,true,,true,PASS,PASS,PASS,PASS
candidate:tutor:kr-bd80-c0b0-kr-ae30-c7a5-ad70-kr-ad11-bcf5-b3d9:region_tutor,kr-bd80-c0b0-kr-ae30-c7a5-ad70-kr-ad11-bcf5-b3d9,부산,26,광복동,NEW_K_1051,READY_AS_IS,true,,true,PASS,PASS,PASS,PASS
candidate:tutor:kr-bd80-c0b0-kr-ae30-c7a5-ad70-kr-b0a8-d3ec-b3d9:region_tutor,kr-bd80-c0b0-kr-ae30-c7a5-ad70-kr-b0a8-d3ec-b3d9,부산,27,남포동,NEW_K_1051,READY_AS_IS,true,,true,PASS,PASS,PASS,PASS
candidate:tutor:kr-bd80-c0b0-kr-ae30-c7a5-ad70-kr-c601-c8fc-b3d9:region_tutor,kr-bd80-c0b0-kr-ae30-c7a5-ad70-kr-c601-c8fc-b3d9,부산,28,영주동,NEW_K_1051,READY_AS_IS,true,,true,PASS,PASS,PASS,PASS
candidate:tutor:kr-bd80-c0b0-kr-ae30-c7a5-ad70-kr-b3d9-b300-c2e0-b3d9:region_tutor,kr-bd80-c0b0-kr-ae30-c7a5-ad70-kr-b3d9-b300-c2e0-b3d9,부산,29,동대신동,NEW_K_1051,READY_AS_IS,true,,true,PASS,PASS,PASS,PASS
candidate:tutor:kr-bd80-c0b0-kr-ae30-c7a5-ad70-kr-c11c-b300-c2e0-b3d9:region_tutor,kr-bd80-c0b0-kr-ae30-c7a5-ad70-kr-c11c-b300-c2e0-b3d9,부산,30,서대신동,NEW_K_1051,READY_AS_IS,true,,true,PASS,PASS,PASS,PASS
candidate:tutor:kr-bd80-c0b0-kr-ae30-c7a5-ad70-kr-bd80-c6a9-b3d9:region_tutor,kr-bd80-c0b0-kr-ae30-c7a5-ad70-kr-bd80-c6a9-b3d9,부산,31,부용동,NEW_K_1051,READY_AS_IS,true,,true,PASS,PASS,PASS,PASS
candidate:tutor:kr-bd80-c0b0-kr-ae30-c7a5-ad70-kr-bd80-bbfc-b3d9:region_tutor,kr-bd80-c0b0-kr-ae30-c7a5-ad70-kr-bd80-bbfc-b3d9,부산,32,부민동,NEW_K_1051,READY_AS_IS,true,,true,PASS,PASS,PASS,PASS
candidate:tutor:kr-bd80-c0b0-kr-ae30-c7a5-ad70-kr-d1a0-c131-b3d9:region_tutor,kr-bd80-c0b0-kr-ae30-c7a5-ad70-kr-d1a0-c131-b3d9,부산,33,토성동,NEW_K_1051,READY_AS_IS,true,,true,PASS,PASS,PASS,PASS
candidate:tutor:kr-bd80-c0b0-kr-ae30-c7a5-ad70-kr-c544-bbf8-b3d9:region_tutor,kr-bd80-c0b0-kr-ae30-c7a5-ad70-kr-c544-bbf8-b3d9,부산,34,아미동,NEW_K_1051,READY_AS_IS,true,,true,PASS,PASS,PASS,PASS
candidate:tutor:kr-bd80-c0b0-kr-ae30-c7a5-ad70-kr-c870-c7a5-b3d9:region_tutor,kr-bd80-c0b0-kr-ae30-c7a5-ad70-kr-c870-c7a5-b3d9,부산,35,조장동,NEW_K_1051,READY_AS_IS,true,,true,PASS,PASS,PASS,PASS
candidate:tutor:kr-bd80-c0b0-kr-ae30-c7a5-ad70-kr-cda9-bb34-b3d9:region_tutor,kr-bd80-c0b0-kr-ae30-c7a5-ad70-kr-cda9-bb34-b3d9,부산,36,충무동,NEW_K_1051,READY_AS_IS,true,,true,PASS,PASS,PASS,PASS
candidate:tutor:kr-bd80-c0b0-kr-ae30-c7a5-ad70-kr-b0a8-bd80-bbfc-b3d9:region_tutor,kr-bd80-c0b0-kr-ae30-c7a5-ad70-kr-b0a8-bd80-bbfc-b3d9,부산,37,남부민동,NEW_K_1051,READY_AS_IS,true,,true,PASS,PASS,PASS,PASS
candidate:tutor:kr-bd80-c0b0-kr-ae30-c7a5-ad70-kr-c554-b0a8-b3d9:region_tutor,kr-bd80-c0b0-kr-ae30-c7a5-ad70-kr-c554-b0a8-b3d9,부산,38,암남동,NEW_K_1051,READY_AS_IS,true,,true,PASS,PASS,PASS,PASS
candidate:tutor:kr-bd80-c0b0-kr-ae30-c7a5-ad70-kr-cd08-b7c9-b3d9:region_tutor,kr-bd80-c0b0-kr-ae30-c7a5-ad70-kr-cd08-b7c9-b3d9,부산,39,초량동,NEW_K_1051,READY_AS_IS,true,,true,PASS,PASS,PASS,PASS
candidate:tutor:kr-bd80-c0b0-kr-ae30-c7a5-ad70-kr-c218-c815-b3d9:region_tutor,kr-bd80-c0b0-kr-ae30-c7a5-ad70-kr-c218-c815-b3d9,부산,40,수정동,NEW_K_1051,READY_AS_IS,true,,true,PASS,PASS,PASS,PASS
candidate:tutor:kr-bd80-c0b0-kr-ae30-c7a5-ad70-kr-c88c-cc9c-b3d9:region_tutor,kr-bd80-c0b0-kr-ae30-c7a5-ad70-kr-c88c-cc9c-b3d9,부산,41,좌천동,NEW_K_1051,READY_AS_IS,true,,true,PASS,PASS,PASS,PASS
candidate:tutor:kr-bd80-c0b0-kr-ae30-c7a5-ad70-kr-bc94-c77c-b3d9:region_tutor,kr-bd80-c0b0-kr-ae30-c7a5-ad70-kr-bc94-c77c-b3d9,부산,42,범일동,NEW_K_1051,READY_AS_IS,true,,true,PASS,PASS,PASS,PASS
candidate:tutor:kr-bd80-c0b0-kr-ae30-c7a5-ad70-kr-b300-ad50-b3d9:region_tutor,kr-bd80-c0b0-kr-ae30-c7a5-ad70-kr-b300-ad50-b3d9,부산,43,대교동,NEW_K_1051,READY_AS_IS,true,,true,PASS,PASS,PASS,PASS
candidate:tutor:kr-bd80-c0b0-kr-ae30-c7a5-ad70-kr-b300-d3c9-b3d9:region_tutor,kr-bd80-c0b0-kr-ae30-c7a5-ad70-kr-b300-d3c9-b3d9,부산,44,대평동,NEW_K_1051,READY_AS_IS,true,,true,PASS,PASS,PASS,PASS
candidate:tutor:kr-bd80-c0b0-kr-ae30-c7a5-ad70-kr-b0a8-d56d-b3d9:region_tutor,kr-bd80-c0b0-kr-ae30-c7a5-ad70-kr-b0a8-d56d-b3d9,부산,45,남항동,NEW_K_1051,READY_AS_IS,true,,true,PASS,PASS,PASS,PASS
candidate:tutor:kr-bd80-c0b0-kr-ae30-c7a5-ad70-kr-c601-c120-b3d9:region_tutor,kr-bd80-c0b0-kr-ae30-c7a5-ad70-kr-c601-c120-b3d9,부산,46,영선동,NEW_K_1051,READY_AS_IS,true,,true,PASS,PASS,PASS,PASS
candidate:tutor:kr-bd80-c0b0-kr-ae30-c7a5-ad70-kr-c2e0-c120-b3d9:region_tutor,kr-bd80-c0b0-kr-ae30-c7a5-ad70-kr-c2e0-c120-b3d9,부산,47,신선동,NEW_K_1051,READY_AS_IS,true,,true,PASS,PASS,PASS,PASS
candidate:tutor:kr-bd80-c0b0-kr-ae30-c7a5-ad70-kr-bd09-b798-b3d9:region_tutor,kr-bd80-c0b0-kr-ae30-c7a5-ad70-kr-bd09-b798-b3d9,부산,48,봉래동,NEW_K_1051,READY_AS_IS,true,,true,PASS,PASS,PASS,PASS
candidate:tutor:kr-bd80-c0b0-kr-ae30-c7a5-ad70-kr-ccad-d559-b3d9:region_tutor,kr-bd80-c0b0-kr-ae30-c7a5-ad70-kr-ccad-d559-b3d9,부산,49,청학동,NEW_K_1051,READY_AS_IS,true,,true,PASS,PASS,PASS,PASS
candidate:tutor:kr-bd80-c0b0-kr-ae30-c7a5-ad70-kr-b3d9-c0bc-b3d9:region_tutor,kr-bd80-c0b0-kr-ae30-c7a5-ad70-kr-b3d9-c0bc-b3d9,부산,50,동삼동,NEW_K_1051,READY_AS_IS,true,,true,PASS,PASS,PASS,PASS
candidate:tutor:kr-bd80-c0b0-kr-ae30-c7a5-ad70-kr-bd80-c804-b3d9:region_tutor,kr-bd80-c0b0-kr-ae30-c7a5-ad70-kr-bd80-c804-b3d9,부산,51,부전동,NEW_K_1051,READY_AS_IS,true,,true,PASS,PASS,PASS,PASS
candidate:tutor:kr-bd80-c0b0-kr-ae30-c7a5-ad70-kr-bc94-cc9c-b3d9:region_tutor,kr-bd80-c0b0-kr-ae30-c7a5-ad70-kr-bc94-cc9c-b3d9,부산,52,범천동,NEW_K_1051,READY_AS_IS,true,,true,PASS,PASS,PASS,PASS
candidate:tutor:kr-bd80-c0b0-kr-ae30-c7a5-ad70-kr-bc94-c804-b3d9:region_tutor,kr-bd80-c0b0-kr-ae30-c7a5-ad70-kr-bc94-c804-b3d9,부산,53,범전동,NEW_K_1051,READY_AS_IS,true,,true,PASS,PASS,PASS,PASS
candidate:tutor:kr-bd80-c0b0-kr-ae30-c7a5-ad70-kr-c5f0-c9c0-b3d9:region_tutor,kr-bd80-c0b0-kr-ae30-c7a5-ad70-kr-c5f0-c9c0-b3d9,부산,54,연지동,NEW_K_1051,READY_AS_IS,true,,true,PASS,PASS,PASS,PASS
candidate:tutor:kr-bd80-c0b0-kr-ae30-c7a5-ad70-kr-cd08-c74d-b3d9:region_tutor,kr-bd80-c0b0-kr-ae30-c7a5-ad70-kr-cd08-c74d-b3d9,부산,55,초읍동,NEW_K_1051,READY_AS_IS,true,,true,PASS,PASS,PASS,PASS
candidate:tutor:kr-bd80-c0b0-kr-ae30-c7a5-ad70-kr-c591-c815-b3d9:region_tutor,kr-bd80-c0b0-kr-ae30-c7a5-ad70-kr-c591-c815-b3d9,부산,56,양정동,NEW_K_1051,READY_AS_IS,true,,true,PASS,PASS,PASS,PASS
candidate:tutor:kr-bd80-c0b0-kr-ae30-c7a5-ad70-kr-c804-d3ec-b3d9:region_tutor,kr-bd80-c0b0-kr-ae30-c7a5-ad70-kr-c804-d3ec-b3d9,부산,57,전포동,NEW_K_1051,READY_AS_IS,true,,true,PASS,PASS,PASS,PASS
candidate:tutor:kr-bd80-c0b0-kr-ae30-c7a5-ad70-kr-bd80-c554-b3d9:region_tutor,kr-bd80-c0b0-kr-ae30-c7a5-ad70-kr-bd80-c554-b3d9,부산,58,부암동,NEW_K_1051,READY_AS_IS,true,,true,PASS,PASS,PASS,PASS
candidate:tutor:kr-bd80-c0b0-kr-ae30-c7a5-ad70-kr-b2f9-ac10-b3d9:region_tutor,kr-bd80-c0b0-kr-ae30-c7a5-ad70-kr-b2f9-ac10-b3d9,부산,59,당감동,NEW_K_1051,READY_AS_IS,true,,true,PASS,PASS,PASS,PASS
candidate:tutor:kr-bd80-c0b0-kr-ae30-c7a5-ad70-kr-ac00-c57c-b3d9:region_tutor,kr-bd80-c0b0-kr-ae30-c7a5-ad70-kr-ac00-c57c-b3d9,부산,60,가야동,NEW_K_1051,READY_AS_IS,true,,true,PASS,PASS,PASS,PASS
candidate:tutor:kr-bd80-c0b0-kr-ae30-c7a5-ad70-kr-ac1c-ae08-b3d9:region_tutor,kr-bd80-c0b0-kr-ae30-c7a5-ad70-kr-ac1c-ae08-b3d9,부산,61,개금동,NEW_K_1051,READY_AS_IS,true,,true,PASS,PASS,PASS,PASS
candidate:tutor:kr-bd80-c0b0-kr-ae30-c7a5-ad70-kr-ba85-b95c-b3d9:region_tutor,kr-bd80-c0b0-kr-ae30-c7a5-ad70-kr-ba85-b95c-b3d9,부산,62,명륜동,NEW_K_1051,READY_AS_IS,true,,true,PASS,PASS,PASS,PASS
candidate:tutor:kr-bd80-c0b0-kr-ae30-c7a5-ad70-kr-bcf5-cc9c-b3d9:region_tutor,kr-bd80-c0b0-kr-ae30-c7a5-ad70-kr-bcf5-cc9c-b3d9,부산,63,복천동,NEW_K_1051,READY_AS_IS,true,,true,PASS,PASS,PASS,PASS
candidate:tutor:kr-bd80-c0b0-kr-ae30-c7a5-ad70-kr-ce60-c0b0-b3d9:region_tutor,kr-bd80-c0b0-kr-ae30-c7a5-ad70-kr-ce60-c0b0-b3d9,부산,64,칠산동,NEW_K_1051,READY_AS_IS,true,,true,PASS,PASS,PASS,PASS
candidate:tutor:kr-bd80-c0b0-kr-ae30-c7a5-ad70-kr-c218-c548-b3d9:region_tutor,kr-bd80-c0b0-kr-ae30-c7a5-ad70-kr-c218-c548-b3d9,부산,65,수안동,NEW_K_1051,READY_AS_IS,true,,true,PASS,PASS,PASS,PASS
candidate:tutor:kr-bd80-c0b0-kr-ae30-c7a5-ad70-kr-b099-bbfc-b3d9:region_tutor,kr-bd80-c0b0-kr-ae30-c7a5-ad70-kr-b099-bbfc-b3d9,부산,66,낙민동,NEW_K_1051,READY_AS_IS,true,,true,PASS,PASS,PASS,PASS
candidate:tutor:kr-bd80-c0b0-kr-ae30-c7a5-ad70-kr-c628-cc9c-b3d9:region_tutor,kr-bd80-c0b0-kr-ae30-c7a5-ad70-kr-c628-cc9c-b3d9,부산,67,온천동,NEW_K_1051,READY_AS_IS,true,,true,PASS,PASS,PASS,PASS
candidate:tutor:kr-bd80-c0b0-kr-ae30-c7a5-ad70-kr-c0ac-c9c1-b3d9:region_tutor,kr-bd80-c0b0-kr-ae30-c7a5-ad70-kr-c0ac-c9c1-b3d9,부산,68,사직동,NEW_K_1051,READY_AS_IS,true,,true,PASS,PASS,PASS,PASS
candidate:tutor:kr-bd80-c0b0-kr-ae30-c7a5-ad70-kr-c548-b77d-b3d9:region_tutor,kr-bd80-c0b0-kr-ae30-c7a5-ad70-kr-c548-b77d-b3d9,부산,69,안락동,NEW_K_1051,READY_AS_IS,true,,true,PASS,PASS,PASS,PASS
candidate:tutor:kr-bd80-c0b0-kr-ae30-c7a5-ad70-kr-ba85-c7a5-b3d9:region_tutor,kr-bd80-c0b0-kr-ae30-c7a5-ad70-kr-ba85-c7a5-b3d9,부산,70,명장동,NEW_K_1051,READY_AS_IS,true,,true,PASS,PASS,PASS,PASS
candidate:tutor:kr-bd80-c0b0-kr-ae30-c7a5-ad70-kr-b300-c5f0-b3d9:region_tutor,kr-bd80-c0b0-kr-ae30-c7a5-ad70-kr-b300-c5f0-b3d9,부산,71,대연동,NEW_K_1051,READY_AS_IS,true,,true,PASS,PASS,PASS,PASS
candidate:tutor:kr-bd80-c0b0-kr-ae30-c7a5-ad70-kr-c6a9-d638-b3d9:region_tutor,kr-bd80-c0b0-kr-ae30-c7a5-ad70-kr-c6a9-d638-b3d9,부산,72,용호동,NEW_K_1051,READY_AS_IS,true,,true,PASS,PASS,PASS,PASS
candidate:tutor:kr-bd80-c0b0-kr-ae30-c7a5-ad70-kr-c6a9-b2f9-b3d9:region_tutor,kr-bd80-c0b0-kr-ae30-c7a5-ad70-kr-c6a9-b2f9-b3d9,부산,73,용당동,NEW_K_1051,READY_AS_IS,true,,true,PASS,PASS,PASS,PASS
candidate:tutor:kr-bd80-c0b0-kr-ae30-c7a5-ad70-kr-bb38-d604-b3d9:region_tutor,kr-bd80-c0b0-kr-ae30-c7a5-ad70-kr-bb38-d604-b3d9,부산,74,문현동,NEW_K_1051,READY_AS_IS,true,,true,PASS,PASS,PASS,PASS
candidate:tutor:kr-bd80-c0b0-kr-ae30-c7a5-ad70-kr-c6b0-c554-b3d9:region_tutor,kr-bd80-c0b0-kr-ae30-c7a5-ad70-kr-c6b0-c554-b3d9,부산,75,우암동,NEW_K_1051,READY_AS_IS,true,,true,PASS,PASS,PASS,PASS
candidate:tutor:kr-bd80-c0b0-kr-ae30-c7a5-ad70-kr-ac10-b9cc-b3d9:region_tutor,kr-bd80-c0b0-kr-ae30-c7a5-ad70-kr-ac10-b9cc-b3d9,부산,76,감만동,NEW_K_1051,READY_AS_IS,true,,true,PASS,PASS,PASS,PASS
candidate:tutor:kr-bd80-c0b0-kr-ae30-c7a5-ad70-kr-ae08-ace1-b3d9:region_tutor,kr-bd80-c0b0-kr-ae30-c7a5-ad70-kr-ae08-ace1-b3d9,부산,77,금곡동,NEW_K_1051,READY_AS_IS,true,,true,PASS,PASS,PASS,PASS
candidate:tutor:kr-bd80-c0b0-kr-ae30-c7a5-ad70-kr-d654-ba85-b3d9:region_tutor,kr-bd80-c0b0-kr-ae30-c7a5-ad70-kr-d654-ba85-b3d9,부산,78,화명동,NEW_K_1051,READY_AS_IS,true,,true,PASS,PASS,PASS,PASS
candidate:tutor:kr-bd80-c0b0-kr-ae30-c7a5-ad70-kr-b9cc-b355-b3d9:region_tutor,kr-bd80-c0b0-kr-ae30-c7a5-ad70-kr-b9cc-b355-b3d9,부산,79,만덕동,NEW_K_1051,READY_AS_IS,true,,true,PASS,PASS,PASS,PASS
candidate:tutor:kr-bd80-c0b0-kr-ae30-c7a5-ad70-kr-b355-cc9c-b3d9:region_tutor,kr-bd80-c0b0-kr-ae30-c7a5-ad70-kr-b355-cc9c-b3d9,부산,80,덕천동,NEW_K_1051,READY_AS_IS,true,,true,PASS,PASS,PASS,PASS
candidate:tutor:kr-bd80-c0b0-kr-ae30-c7a5-ad70-kr-ad6c-d3ec-b3d9:region_tutor,kr-bd80-c0b0-kr-ae30-c7a5-ad70-kr-ad6c-d3ec-b3d9,부산,81,구포동,NEW_K_1051,READY_AS_IS,true,,true,PASS,PASS,PASS,PASS
candidate:tutor:kr-bd80-c0b0-kr-ae30-c7a5-ad70-kr-bc18-c1a1-b3d9:region_tutor,kr-bd80-c0b0-kr-ae30-c7a5-ad70-kr-bc18-c1a1-b3d9,부산,82,반송동,NEW_K_1051,READY_AS_IS,true,,true,PASS,PASS,PASS,PASS
candidate:tutor:kr-bd80-c0b0-kr-ae30-c7a5-ad70-kr-c11d-b300-b3d9:region_tutor,kr-bd80-c0b0-kr-ae30-c7a5-ad70-kr-c11d-b300-b3d9,부산,83,석대동,NEW_K_1051,READY_AS_IS,true,,true,PASS,PASS,PASS,PASS
candidate:tutor:kr-bd80-c0b0-kr-ae30-c7a5-ad70-kr-bc18-c5ec-b3d9:region_tutor,kr-bd80-c0b0-kr-ae30-c7a5-ad70-kr-bc18-c5ec-b3d9,부산,84,반여동,NEW_K_1051,READY_AS_IS,true,,true,PASS,PASS,PASS,PASS
candidate:tutor:kr-bd80-c0b0-kr-ae30-c7a5-ad70-kr-c7ac-c1a1-b3d9:region_tutor,kr-bd80-c0b0-kr-ae30-c7a5-ad70-kr-c7ac-c1a1-b3d9,부산,85,재송동,NEW_K_1051,READY_AS_IS,true,,true,PASS,PASS,PASS,PASS
candidate:tutor:kr-bd80-c0b0-kr-ae30-c7a5-ad70-kr-c6b0-b3d9:region_tutor,kr-bd80-c0b0-kr-ae30-c7a5-ad70-kr-c6b0-b3d9,부산,86,부산해운대구 우동,NEW_K_1051,READY_AS_IS,true,,true,PASS,PASS,PASS,PASS
candidate:tutor:kr-bd80-c0b0-kr-ae30-c7a5-ad70-kr-c911-b3d9:region_tutor,kr-bd80-c0b0-kr-ae30-c7a5-ad70-kr-c911-b3d9,부산,87,부산해운대구 중동,NEW_K_1051,READY_AS_IS,true,,true,PASS,PASS,PASS,PASS
candidate:tutor:kr-bd80-c0b0-kr-ae30-c7a5-ad70-kr-c88c-b3d9:region_tutor,kr-bd80-c0b0-kr-ae30-c7a5-ad70-kr-c88c-b3d9,부산,88,부산해운대구 좌동,NEW_K_1051,READY_AS_IS,true,,true,PASS,PASS,PASS,PASS
candidate:tutor:kr-bd80-c0b0-kr-ae30-c7a5-ad70-kr-c1a1-c815-b3d9:region_tutor,kr-bd80-c0b0-kr-ae30-c7a5-ad70-kr-c1a1-c815-b3d9,부산,89,부산해운대구 송정동,NEW_K_1051,READY_AS_IS,true,,true,PASS,PASS,PASS,PASS
candidate:tutor:kr-bd80-c0b0-kr-ae30-c7a5-ad70-kr-ad34-c815-b3d9:region_tutor,kr-bd80-c0b0-kr-ae30-c7a5-ad70-kr-ad34-c815-b3d9,부산,90,괴정동,NEW_K_1051,READY_AS_IS,true,,true,PASS,PASS,PASS,PASS
candidate:tutor:kr-bd80-c0b0-kr-ae30-c7a5-ad70-kr-b2f9-b9ac-b3d9:region_tutor,kr-bd80-c0b0-kr-ae30-c7a5-ad70-kr-b2f9-b9ac-b3d9,부산,91,당리동,NEW_K_1051,READY_AS_IS,true,,true,PASS,PASS,PASS,PASS
candidate:tutor:kr-bd80-c0b0-kr-ae30-c7a5-ad70-kr-d558-b2e8-b3d9:region_tutor,kr-bd80-c0b0-kr-ae30-c7a5-ad70-kr-d558-b2e8-b3d9,부산,92,하단동,NEW_K_1051,READY_AS_IS,true,,true,PASS,PASS,PASS,PASS
candidate:tutor:kr-bd80-c0b0-kr-ae30-c7a5-ad70-kr-c2e0-d3c9-b3d9:region_tutor,kr-bd80-c0b0-kr-ae30-c7a5-ad70-kr-c2e0-d3c9-b3d9,부산,93,신평동,NEW_K_1051,READY_AS_IS,true,,true,PASS,PASS,PASS,PASS
candidate:tutor:kr-bd80-c0b0-kr-ae30-c7a5-ad70-kr-c7a5-b9bc-b3d9:region_tutor,kr-bd80-c0b0-kr-ae30-c7a5-ad70-kr-c7a5-b9bc-b3d9,부산,94,장림동,NEW_K_1051,READY_AS_IS,true,,true,PASS,PASS,PASS,PASS
candidate:tutor:kr-bd80-c0b0-kr-ae30-c7a5-ad70-kr-b2e4-b300-b3d9:region_tutor,kr-bd80-c0b0-kr-ae30-c7a5-ad70-kr-b2e4-b300-b3d9,부산,95,다대동,NEW_K_1051,READY_AS_IS,true,,true,PASS,PASS,PASS,PASS
candidate:tutor:kr-bd80-c0b0-kr-ae30-c7a5-ad70-kr-ad6c-d3c9-b3d9:region_tutor,kr-bd80-c0b0-kr-ae30-c7a5-ad70-kr-ad6c-d3c9-b3d9,부산,96,구평동,NEW_K_1051,READY_AS_IS,true,,true,PASS,PASS,PASS,PASS
candidate:tutor:kr-bd80-c0b0-kr-ae30-c7a5-ad70-kr-ac10-cc9c-b3d9:region_tutor,kr-bd80-c0b0-kr-ae30-c7a5-ad70-kr-ac10-cc9c-b3d9,부산,97,감천동,NEW_K_1051,READY_AS_IS,true,,true,PASS,PASS,PASS,PASS
candidate:tutor:kr-bd80-c0b0-kr-ae30-c7a5-ad70-kr-b450-ad6c-b3d9:region_tutor,kr-bd80-c0b0-kr-ae30-c7a5-ad70-kr-b450-ad6c-b3d9,부산,98,두구동,NEW_K_1051,READY_AS_IS,true,,true,PASS,PASS,PASS,PASS
candidate:tutor:kr-bd80-c0b0-kr-ae30-c7a5-ad70-kr-b178-d3ec-b3d9:region_tutor,kr-bd80-c0b0-kr-ae30-c7a5-ad70-kr-b178-d3ec-b3d9,부산,99,노포동,NEW_K_1051,READY_AS_IS,true,,true,PASS,PASS,PASS,PASS
candidate:tutor:kr-bd80-c0b0-kr-ae30-c7a5-ad70-kr-ccad-b8e1-b3d9:region_tutor,kr-bd80-c0b0-kr-ae30-c7a5-ad70-kr-ccad-b8e1-b3d9,부산,100,청룡동,NEW_K_1051,READY_AS_IS,true,,true,PASS,PASS,PASS,PASS
candidate:tutor:kr-bd80-c0b0-kr-ae30-c7a5-ad70-kr-b0a8-c0b0-b3d9:region_tutor,kr-bd80-c0b0-kr-ae30-c7a5-ad70-kr-b0a8-c0b0-b3d9,부산,101,남산동,NEW_K_1051,READY_AS_IS,true,,true,PASS,PASS,PASS,PASS
candidate:tutor:kr-bd80-c0b0-kr-ae30-c7a5-ad70-kr-c120-b3d9:region_tutor,kr-bd80-c0b0-kr-ae30-c7a5-ad70-kr-c120-b3d9,부산,102,부산금정구 선동,NEW_K_1051,READY_AS_IS,true,,true,PASS,PASS,PASS,PASS
candidate:tutor:kr-bd80-c0b0-kr-ae30-c7a5-ad70-kr-c624-b95c-b3d9:region_tutor,kr-bd80-c0b0-kr-ae30-c7a5-ad70-kr-c624-b95c-b3d9,부산,103,오륜동,NEW_K_1051,READY_AS_IS,true,,true,PASS,PASS,PASS,PASS
candidate:tutor:kr-bd80-c0b0-kr-ae30-c7a5-ad70-kr-ad6c-c11c-b3d9:region_tutor,kr-bd80-c0b0-kr-ae30-c7a5-ad70-kr-ad6c-c11c-b3d9,부산,104,구서동,NEW_K_1051,READY_AS_IS,true,,true,PASS,PASS,PASS,PASS
candidate:tutor:kr-bd80-c0b0-kr-ae30-c7a5-ad70-kr-c7a5-c804-b3d9:region_tutor,kr-bd80-c0b0-kr-ae30-c7a5-ad70-kr-c7a5-c804-b3d9,부산,105,장전동,NEW_K_1051,READY_AS_IS,true,,true,PASS,PASS,PASS,PASS
candidate:tutor:kr-bd80-c0b0-kr-ae30-c7a5-ad70-kr-bd80-ace1-b3d9:region_tutor,kr-bd80-c0b0-kr-ae30-c7a5-ad70-kr-bd80-ace1-b3d9,부산,106,부곡동,NEW_K_1051,READY_AS_IS,true,,true,PASS,PASS,PASS,PASS
candidate:tutor:kr-bd80-c0b0-kr-ae30-c7a5-ad70-kr-c11c-b3d9:region_tutor,kr-bd80-c0b0-kr-ae30-c7a5-ad70-kr-c11c-b3d9,부산,107,부산금정구 서동,NEW_K_1051,READY_AS_IS,true,,true,PASS,PASS,PASS,PASS
candidate:tutor:kr-bd80-c0b0-kr-ae30-c7a5-ad70-kr-ae08-c0ac-b3d9:region_tutor,kr-bd80-c0b0-kr-ae30-c7a5-ad70-kr-ae08-c0ac-b3d9,부산,108,금사동,NEW_K_1051,READY_AS_IS,true,,true,PASS,PASS,PASS,PASS
candidate:tutor:kr-bd80-c0b0-kr-ae30-c7a5-ad70-kr-d68c-b3d9-b3d9:region_tutor,kr-bd80-c0b0-kr-ae30-c7a5-ad70-kr-d68c-b3d9-b3d9,부산,109,회동동,NEW_K_1051,READY_AS_IS,true,,true,PASS,PASS,PASS,PASS
candidate:tutor:kr-bd80-c0b0-kr-ae30-c7a5-ad70-kr-ae08-c131-b3d9:region_tutor,kr-bd80-c0b0-kr-ae30-c7a5-ad70-kr-ae08-c131-b3d9,부산,110,금성동,NEW_K_1051,READY_AS_IS,true,,true,PASS,PASS,PASS,PASS
candidate:tutor:kr-bd80-c0b0-kr-ae30-c7a5-ad70-kr-b300-c800-b3d9:region_tutor,kr-bd80-c0b0-kr-ae30-c7a5-ad70-kr-b300-c800-b3d9,부산,111,대저동,NEW_K_1051,READY_AS_IS,true,,true,PASS,PASS,PASS,PASS
candidate:tutor:kr-bd80-c0b0-kr-ae30-c7a5-ad70-kr-ac15-b3d9-b3d9:region_tutor,kr-bd80-c0b0-kr-ae30-c7a5-ad70-kr-ac15-b3d9-b3d9,부산,112,강동동,NEW_K_1051,READY_AS_IS,true,,true,PASS,PASS,PASS,PASS
candidate:tutor:kr-bd80-c0b0-kr-ae30-c7a5-ad70-kr-ba85-c9c0-b3d9:region_tutor,kr-bd80-c0b0-kr-ae30-c7a5-ad70-kr-ba85-c9c0-b3d9,부산,113,명지동,NEW_K_1051,READY_AS_IS,true,,true,PASS,PASS,PASS,PASS
candidate:tutor:kr-bd80-c0b0-kr-ae30-c7a5-ad70-kr-c8fd-b9bc-b3d9:region_tutor,kr-bd80-c0b0-kr-ae30-c7a5-ad70-kr-c8fd-b9bc-b3d9,부산,114,죽림동,NEW_K_1051,READY_AS_IS,true,,true,PASS,PASS,PASS,PASS
candidate:tutor:kr-bd80-c0b0-kr-ae30-c7a5-ad70-kr-c2dd-b9cc-b3d9:region_tutor,kr-bd80-c0b0-kr-ae30-c7a5-ad70-kr-c2dd-b9cc-b3d9,부산,115,식만동,NEW_K_1051,READY_AS_IS,true,,true,PASS,PASS,PASS,PASS
candidate:tutor:kr-bd80-c0b0-kr-ae30-c7a5-ad70-kr-c8fd-b3d9-b3d9:region_tutor,kr-bd80-c0b0-kr-ae30-c7a5-ad70-kr-c8fd-b3d9-b3d9,부산,116,죽동동,NEW_K_1051,READY_AS_IS,true,,true,PASS,PASS,PASS,PASS
candidate:tutor:kr-bd80-c0b0-kr-ae30-c7a5-ad70-kr-bd09-b9bc-b3d9:region_tutor,kr-bd80-c0b0-kr-ae30-c7a5-ad70-kr-bd09-b9bc-b3d9,부산,117,봉림동,NEW_K_1051,READY_AS_IS,true,,true,PASS,PASS,PASS,PASS
candidate:tutor:kr-bd80-c0b0-kr-ae30-c7a5-ad70-kr-d654-c804-b3d9:region_tutor,kr-bd80-c0b0-kr-ae30-c7a5-ad70-kr-d654-c804-b3d9,부산,119,화전동,NEW_K_1051,READY_AS_IS,true,,true,PASS,PASS,PASS,PASS
candidate:tutor:kr-bd80-c0b0-kr-ae30-c7a5-ad70-kr-b179-c0b0-b3d9:region_tutor,kr-bd80-c0b0-kr-ae30-c7a5-ad70-kr-b179-c0b0-b3d9,부산,120,녹산동,NEW_K_1051,READY_AS_IS,true,,true,PASS,PASS,PASS,PASS
candidate:tutor:kr-bd80-c0b0-kr-ae30-c7a5-ad70-kr-c0dd-ace1-b3d9:region_tutor,kr-bd80-c0b0-kr-ae30-c7a5-ad70-kr-c0dd-ace1-b3d9,부산,121,생곡동,NEW_K_1051,READY_AS_IS,true,,true,PASS,PASS,PASS,PASS
candidate:tutor:kr-bd80-c0b0-kr-ae30-c7a5-ad70-kr-ad6c-b791-b3d9:region_tutor,kr-bd80-c0b0-kr-ae30-c7a5-ad70-kr-ad6c-b791-b3d9,부산,122,구랑동,NEW_K_1051,READY_AS_IS,true,,true,PASS,PASS,PASS,PASS
candidate:tutor:kr-bd80-c0b0-kr-ae30-c7a5-ad70-kr-c9c0-c0ac-b3d9:region_tutor,kr-bd80-c0b0-kr-ae30-c7a5-ad70-kr-c9c0-c0ac-b3d9,부산,123,지사동,NEW_K_1051,READY_AS_IS,true,,true,PASS,PASS,PASS,PASS
candidate:tutor:kr-bd80-c0b0-kr-ae30-c7a5-ad70-kr-bbf8-c74c-b3d9:region_tutor,kr-bd80-c0b0-kr-ae30-c7a5-ad70-kr-bbf8-c74c-b3d9,부산,124,미음동,NEW_K_1051,READY_AS_IS,true,,true,PASS,PASS,PASS,PASS
candidate:tutor:kr-bd80-c0b0-kr-ae30-c7a5-ad70-kr-bc94-bc29-b3d9:region_tutor,kr-bd80-c0b0-kr-ae30-c7a5-ad70-kr-bc94-bc29-b3d9,부산,125,범방동,NEW_K_1051,READY_AS_IS,true,,true,PASS,PASS,PASS,PASS
candidate:tutor:kr-bd80-c0b0-kr-ae30-c7a5-ad70-kr-c2e0-d638-b3d9:region_tutor,kr-bd80-c0b0-kr-ae30-c7a5-ad70-kr-c2e0-d638-b3d9,부산,126,신호동,NEW_K_1051,READY_AS_IS,true,,true,PASS,PASS,PASS,PASS
candidate:tutor:kr-bd80-c0b0-kr-ae30-c7a5-ad70-kr-b3d9-c120-b3d9:region_tutor,kr-bd80-c0b0-kr-ae30-c7a5-ad70-kr-b3d9-c120-b3d9,부산,127,동선동,NEW_K_1051,READY_AS_IS,true,,true,PASS,PASS,PASS,PASS
candidate:tutor:kr-bd80-c0b0-kr-ae30-c7a5-ad70-kr-c131-bd81-b3d9:region_tutor,kr-bd80-c0b0-kr-ae30-c7a5-ad70-kr-c131-bd81-b3d9,부산,128,성북동,NEW_K_1051,READY_AS_IS,true,,true,PASS,PASS,PASS,PASS
candidate:tutor:kr-bd80-c0b0-kr-ae30-c7a5-ad70-kr-b20c-cc28-b3d9:region_tutor,kr-bd80-c0b0-kr-ae30-c7a5-ad70-kr-b20c-cc28-b3d9,부산,129,눌차동,NEW_K_1051,READY_AS_IS,true,,true,PASS,PASS,PASS,PASS
candidate:tutor:kr-bd80-c0b0-kr-ae30-c7a5-ad70-kr-cc9c-c131-b3d9:region_tutor,kr-bd80-c0b0-kr-ae30-c7a5-ad70-kr-cc9c-c131-b3d9,부산,130,천성동,NEW_K_1051,READY_AS_IS,true,,true,PASS,PASS,PASS,PASS
candidate:tutor:kr-bd80-c0b0-kr-ae30-c7a5-ad70-kr-b300-d56d-b3d9:region_tutor,kr-bd80-c0b0-kr-ae30-c7a5-ad70-kr-b300-d56d-b3d9,부산,131,대항동,NEW_K_1051,READY_AS_IS,true,,true,PASS,PASS,PASS,PASS
candidate:tutor:kr-bd80-c0b0-kr-ae30-c7a5-ad70-kr-ac70-c81c-b3d9:region_tutor,kr-bd80-c0b0-kr-ae30-c7a5-ad70-kr-ac70-c81c-b3d9,부산,132,거제동,NEW_K_1051,READY_AS_IS,true,,true,PASS,PASS,PASS,PASS
candidate:tutor:kr-bd80-c0b0-kr-ae30-c7a5-ad70-kr-c5f0-c0b0-b3d9:region_tutor,kr-bd80-c0b0-kr-ae30-c7a5-ad70-kr-c5f0-c0b0-b3d9,부산,133,연산동,NEW_K_1051,READY_AS_IS,true,,true,PASS,PASS,PASS,PASS
candidate:tutor:kr-bd80-c0b0-kr-ae30-c7a5-ad70-kr-b9dd-bbf8-b3d9:region_tutor,kr-bd80-c0b0-kr-ae30-c7a5-ad70-kr-b9dd-bbf8-b3d9,부산,134,망미동,NEW_K_1051,READY_AS_IS,true,,true,PASS,PASS,PASS,PASS
candidate:tutor:kr-bd80-c0b0-kr-ae30-c7a5-ad70-kr-c218-c601-b3d9:region_tutor,kr-bd80-c0b0-kr-ae30-c7a5-ad70-kr-c218-c601-b3d9,부산,135,수영동,NEW_K_1051,READY_AS_IS,true,,true,PASS,PASS,PASS,PASS
candidate:tutor:kr-bd80-c0b0-kr-ae30-c7a5-ad70-kr-bbfc-b77d-b3d9:region_tutor,kr-bd80-c0b0-kr-ae30-c7a5-ad70-kr-bbfc-b77d-b3d9,부산,136,민락동,NEW_K_1051,READY_AS_IS,true,,true,PASS,PASS,PASS,PASS
candidate:tutor:kr-bd80-c0b0-kr-ae30-c7a5-ad70-kr-ad11-c548-b3d9:region_tutor,kr-bd80-c0b0-kr-ae30-c7a5-ad70-kr-ad11-c548-b3d9,부산,137,광안동,NEW_K_1051,READY_AS_IS,true,,true,PASS,PASS,PASS,PASS
candidate:tutor:kr-bd80-c0b0-kr-ae30-c7a5-ad70-kr-b0a8-cc9c-b3d9:region_tutor,kr-bd80-c0b0-kr-ae30-c7a5-ad70-kr-b0a8-cc9c-b3d9,부산,138,남천동,NEW_K_1051,READY_AS_IS,true,,true,PASS,PASS,PASS,PASS
candidate:tutor:kr-bd80-c0b0-kr-ae30-c7a5-ad70-kr-c0bc-b77d-b3d9:region_tutor,kr-bd80-c0b0-kr-ae30-c7a5-ad70-kr-c0bc-b77d-b3d9,부산,139,삼락동,NEW_K_1051,READY_AS_IS,true,,true,PASS,PASS,PASS,PASS
candidate:tutor:kr-bd80-c0b0-kr-ae30-c7a5-ad70-kr-baa8-b77c-b3d9:region_tutor,kr-bd80-c0b0-kr-ae30-c7a5-ad70-kr-baa8-b77c-b3d9,부산,140,모라동,NEW_K_1051,READY_AS_IS,true,,true,PASS,PASS,PASS,PASS
candidate:tutor:kr-bd80-c0b0-kr-ae30-c7a5-ad70-kr-b355-d3ec-b3d9:region_tutor,kr-bd80-c0b0-kr-ae30-c7a5-ad70-kr-b355-d3ec-b3d9,부산,141,덕포동,NEW_K_1051,READY_AS_IS,true,,true,PASS,PASS,PASS,PASS
candidate:tutor:kr-bd80-c0b0-kr-ae30-c7a5-ad70-kr-ad18-bc95-b3d9:region_tutor,kr-bd80-c0b0-kr-ae30-c7a5-ad70-kr-ad18-bc95-b3d9,부산,142,괘법동,NEW_K_1051,READY_AS_IS,true,,true,PASS,PASS,PASS,PASS
candidate:tutor:kr-bd80-c0b0-kr-ae30-c7a5-ad70-kr-ac10-c804-b3d9:region_tutor,kr-bd80-c0b0-kr-ae30-c7a5-ad70-kr-ac10-c804-b3d9,부산,143,감전동,NEW_K_1051,READY_AS_IS,true,,true,PASS,PASS,PASS,PASS
candidate:tutor:kr-bd80-c0b0-kr-ae30-c7a5-ad70-kr-c8fc-b840-b3d9:region_tutor,kr-bd80-c0b0-kr-ae30-c7a5-ad70-kr-c8fc-b840-b3d9,부산,144,주례동,NEW_K_1051,READY_AS_IS,true,,true,PASS,PASS,PASS,PASS
candidate:tutor:kr-bd80-c0b0-kr-ae30-c7a5-ad70-kr-d559-c7a5-b3d9:region_tutor,kr-bd80-c0b0-kr-ae30-c7a5-ad70-kr-d559-c7a5-b3d9,부산,145,학장동,NEW_K_1051,READY_AS_IS,true,,true,PASS,PASS,PASS,PASS
candidate:tutor:kr-bd80-c0b0-kr-ae30-c7a5-ad70-kr-c5c4-ad81-b3d9:region_tutor,kr-bd80-c0b0-kr-ae30-c7a5-ad70-kr-c5c4-ad81-b3d9,부산,146,엄궁동,NEW_K_1051,READY_AS_IS,true,,true,PASS,PASS,PASS,PASS
candidate:tutor:kr-bd80-c0b0-kr-ae30-c7a5-ad70-kr-ae30-c7a5-c74d:region_tutor,kr-bd80-c0b0-kr-ae30-c7a5-ad70-kr-ae30-c7a5-c74d,부산,147,기장읍,NEW_K_1051,READY_AS_IS,true,,true,PASS,PASS,PASS,PASS
candidate:tutor:kr-bd80-c0b0-kr-ae30-c7a5-ad70-kr-c7a5-c548-c74d:region_tutor,kr-bd80-c0b0-kr-ae30-c7a5-ad70-kr-c7a5-c548-c74d,부산,148,장안읍,NEW_K_1051,READY_AS_IS,true,,true,PASS,PASS,PASS,PASS
candidate:tutor:kr-bd80-c0b0-kr-ae30-c7a5-ad70-kr-c815-ad00-c74d:region_tutor,kr-bd80-c0b0-kr-ae30-c7a5-ad70-kr-c815-ad00-c74d,부산,149,정관읍,NEW_K_1051,READY_AS_IS,true,,true,PASS,PASS,PASS,PASS
candidate:tutor:kr-bd80-c0b0-kr-ae30-c7a5-ad70-kr-c77c-ad11-c74d:region_tutor,kr-bd80-c0b0-kr-ae30-c7a5-ad70-kr-c77c-ad11-c74d,부산,150,일광읍,NEW_K_1051,READY_AS_IS,true,,true,PASS,PASS,PASS,PASS
candidate:tutor:kr-bd80-c0b0-kr-ae30-c7a5-ad70-kr-cca0-b9c8-ba74:region_tutor,kr-bd80-c0b0-kr-ae30-c7a5-ad70-kr-cca0-b9c8-ba74,부산,151,철마면,NEW_K_1051,READY_AS_IS,true,,true,PASS,PASS,PASS,PASS
candidate:tutor:kr-c6b8-c0b0:region_tutor,kr-c6b8-c0b0,울산,2,울산,NEW_K_1051,READY_AS_IS,true,,true,PASS,PASS,PASS,PASS
candidate:tutor:kr-c6b8-c0b0-kr-c6b8-c0b0-c911-ad6c:region_tutor,kr-c6b8-c0b0-kr-c6b8-c0b0-c911-ad6c,울산,3,울산중구,NEW_K_1051,READY_AS_IS,true,,true,PASS,PASS,PASS,PASS
candidate:tutor:kr-c6b8-c0b0-kr-c6b8-c0b0-b0a8-ad6c:region_tutor,kr-c6b8-c0b0-kr-c6b8-c0b0-b0a8-ad6c,울산,4,울산남구,NEW_K_1051,READY_AS_IS,true,,true,PASS,PASS,PASS,PASS
candidate:tutor:kr-c6b8-c0b0-kr-c6b8-c0b0-b3d9-ad6c:region_tutor,kr-c6b8-c0b0-kr-c6b8-c0b0-b3d9-ad6c,울산,5,울산동구,NEW_K_1051,READY_AS_IS,true,,true,PASS,PASS,PASS,PASS
candidate:tutor:kr-c6b8-c0b0-kr-c6b8-c0b0-bd81-ad6c:region_tutor,kr-c6b8-c0b0-kr-c6b8-c0b0-bd81-ad6c,울산,6,울산북구,NEW_K_1051,READY_AS_IS,true,,true,PASS,PASS,PASS,PASS
candidate:tutor:kr-c6b8-c0b0-kr-c6b8-c8fc-ad70:region_tutor,kr-c6b8-c0b0-kr-c6b8-c8fc-ad70,울산,7,울주군,NEW_K_1051,READY_AS_IS,true,,true,PASS,PASS,PASS,PASS
candidate:tutor:kr-c6b8-c0b0-kr-c6b8-c8fc-ad70-kr-d559-c131-b3d9:region_tutor,kr-c6b8-c0b0-kr-c6b8-c8fc-ad70-kr-d559-c131-b3d9,울산,8,학성동,NEW_K_1051,READY_AS_IS,true,,true,PASS,PASS,PASS,PASS
candidate:tutor:kr-c6b8-c0b0-kr-c6b8-c8fc-ad70-kr-d559-c0b0-b3d9:region_tutor,kr-c6b8-c0b0-kr-c6b8-c8fc-ad70-kr-d559-c0b0-b3d9,울산,9,학산동,NEW_K_1051,READY_AS_IS,true,,true,PASS,PASS,PASS,PASS
candidate:tutor:kr-c6b8-c0b0-kr-c6b8-c8fc-ad70-kr-bcf5-c0b0-b3d9:region_tutor,kr-c6b8-c0b0-kr-c6b8-c8fc-ad70-kr-bcf5-c0b0-b3d9,울산,10,복산동,NEW_K_1051,READY_AS_IS,true,,true,PASS,PASS,PASS,PASS
candidate:tutor:kr-c6b8-c0b0-kr-c6b8-c8fc-ad70-kr-bd81-c815-b3d9:region_tutor,kr-c6b8-c0b0-kr-c6b8-c8fc-ad70-kr-bd81-c815-b3d9,울산,11,북정동,NEW_K_1051,READY_AS_IS,true,,true,PASS,PASS,PASS,PASS
candidate:tutor:kr-c6b8-c0b0-kr-c6b8-c8fc-ad70-kr-c625-ad50-b3d9:region_tutor,kr-c6b8-c0b0-kr-c6b8-c8fc-ad70-kr-c625-ad50-b3d9,울산,12,옥교동,NEW_K_1051,READY_AS_IS,true,,true,PASS,PASS,PASS,PASS
candidate:tutor:kr-c6b8-c0b0-kr-c6b8-c8fc-ad70-kr-c131-b0a8-b3d9:region_tutor,kr-c6b8-c0b0-kr-c6b8-c8fc-ad70-kr-c131-b0a8-b3d9,울산,13,성남동,NEW_K_1051,READY_AS_IS,true,,true,PASS,PASS,PASS,PASS
candidate:tutor:kr-c6b8-c0b0-kr-c6b8-c8fc-ad70-kr-ad50-b3d9:region_tutor,kr-c6b8-c0b0-kr-c6b8-c8fc-ad70-kr-ad50-b3d9,울산,14,울산중구 교동,NEW_K_1051,READY_AS_IS,true,,true,PASS,PASS,PASS,PASS
candidate:tutor:kr-c6b8-c0b0-kr-c6b8-c8fc-ad70-kr-c6b0-c815-b3d9:region_tutor,kr-c6b8-c0b0-kr-c6b8-c8fc-ad70-kr-c6b0-c815-b3d9,울산,15,우정동,NEW_K_1051,READY_AS_IS,true,,true,PASS,PASS,PASS,PASS
candidate:tutor:kr-c6b8-c0b0-kr-c6b8-c8fc-ad70-kr-c131-c548-b3d9:region_tutor,kr-c6b8-c0b0-kr-c6b8-c8fc-ad70-kr-c131-c548-b3d9,울산,16,성안동,NEW_K_1051,READY_AS_IS,true,,true,PASS,PASS,PASS,PASS
candidate:tutor:kr-c6b8-c0b0-kr-c6b8-c8fc-ad70-kr-c720-ace1-b3d9:region_tutor,kr-c6b8-c0b0-kr-c6b8-c8fc-ad70-kr-c720-ace1-b3d9,울산,17,유곡동,NEW_K_1051,READY_AS_IS,true,,true,PASS,PASS,PASS,PASS
candidate:tutor:kr-c6b8-c0b0-kr-c6b8-c8fc-ad70-kr-d0dc-d654-b3d9:region_tutor,kr-c6b8-c0b0-kr-c6b8-c8fc-ad70-kr-d0dc-d654-b3d9,울산,18,태화동,NEW_K_1051,READY_AS_IS,true,,true,PASS,PASS,PASS,PASS
candidate:tutor:kr-c6b8-c0b0-kr-c6b8-c8fc-ad70-kr-b2e4-c6b4-b3d9:region_tutor,kr-c6b8-c0b0-kr-c6b8-c8fc-ad70-kr-b2e4-c6b4-b3d9,울산,19,다운동,NEW_K_1051,READY_AS_IS,true,,true,PASS,PASS,PASS,PASS
candidate:tutor:kr-c6b8-c0b0-kr-c6b8-c8fc-ad70-kr-b3d9-b3d9:region_tutor,kr-c6b8-c0b0-kr-c6b8-c8fc-ad70-kr-b3d9-b3d9,울산,20,울산중구 동동,NEW_K_1051,READY_AS_IS,true,,true,PASS,PASS,PASS,PASS
candidate:tutor:kr-c6b8-c0b0-kr-c6b8-c8fc-ad70-kr-c11c-b3d9:region_tutor,kr-c6b8-c0b0-kr-c6b8-c8fc-ad70-kr-c11c-b3d9,울산,21,울산중구 서동,NEW_K_1051,READY_AS_IS,true,,true,PASS,PASS,PASS,PASS
candidate:tutor:kr-c6b8-c0b0-kr-c6b8-c8fc-ad70-kr-b0a8-c678-b3d9:region_tutor,kr-c6b8-c0b0-kr-c6b8-c8fc-ad70-kr-b0a8-c678-b3d9,울산,22,남외동,NEW_K_1051,READY_AS_IS,true,,true,PASS,PASS,PASS,PASS
candidate:tutor:kr-c6b8-c0b0-kr-c6b8-c8fc-ad70-kr-c7a5-d604-b3d9:region_tutor,kr-c6b8-c0b0-kr-c6b8-c8fc-ad70-kr-c7a5-d604-b3d9,울산,23,장현동,NEW_K_1051,READY_AS_IS,true,,true,PASS,PASS,PASS,PASS
candidate:tutor:kr-c6b8-c0b0-kr-c6b8-c8fc-ad70-kr-c57d-c0ac-b3d9:region_tutor,kr-c6b8-c0b0-kr-c6b8-c8fc-ad70-kr-c57d-c0ac-b3d9,울산,24,약사동,NEW_K_1051,READY_AS_IS,true,,true,PASS,PASS,PASS,PASS
candidate:tutor:kr-c6b8-c0b0-kr-c6b8-c8fc-ad70-kr-bc18-ad6c-b3d9:region_tutor,kr-c6b8-c0b0-kr-c6b8-c8fc-ad70-kr-bc18-ad6c-b3d9,울산,25,반구동,NEW_K_1051,READY_AS_IS,true,,true,PASS,PASS,PASS,PASS
candidate:tutor:kr-c6b8-c0b0-kr-c6b8-c8fc-ad70-kr-bb34-ac70-b3d9:region_tutor,kr-c6b8-c0b0-kr-c6b8-c8fc-ad70-kr-bb34-ac70-b3d9,울산,26,무거동,NEW_K_1051,READY_AS_IS,true,,true,PASS,PASS,PASS,PASS
candidate:tutor:kr-c6b8-c0b0-kr-c6b8-c8fc-ad70-kr-c625-b3d9:region_tutor,kr-c6b8-c0b0-kr-c6b8-c8fc-ad70-kr-c625-b3d9,울산,27,울산남구 옥동,NEW_K_1051,READY_AS_IS,true,,true,PASS,PASS,PASS,PASS
candidate:tutor:kr-c6b8-c0b0-kr-c6b8-c8fc-ad70-kr-b450-c655-b3d9:region_tutor,kr-c6b8-c0b0-kr-c6b8-c8fc-ad70-kr-b450-c655-b3d9,울산,28,두왕동,NEW_K_1051,READY_AS_IS,true,,true,PASS,PASS,PASS,PASS
candidate:tutor:kr-c6b8-c0b0-kr-c6b8-c8fc-ad70-kr-c2e0-c815-b3d9:region_tutor,kr-c6b8-c0b0-kr-c6b8-c8fc-ad70-kr-c2e0-c815-b3d9,울산,29,신정동,NEW_K_1051,READY_AS_IS,true,,true,PASS,PASS,PASS,PASS
candidate:tutor:kr-c6b8-c0b0-kr-c6b8-c8fc-ad70-kr-b2ec-b3d9:region_tutor,kr-c6b8-c0b0-kr-c6b8-c8fc-ad70-kr-b2ec-b3d9,울산,30,울산남구 달동,NEW_K_1051,READY_AS_IS,true,,true,PASS,PASS,PASS,PASS
candidate:tutor:kr-c6b8-c0b0-kr-c6b8-c8fc-ad70-kr-c0bc-c0b0-b3d9:region_tutor,kr-c6b8-c0b0-kr-c6b8-c8fc-ad70-kr-c0bc-c0b0-b3d9,울산,31,삼산동,NEW_K_1051,READY_AS_IS,true,,true,PASS,PASS,PASS,PASS
candidate:tutor:kr-c6b8-c0b0-kr-c6b8-c8fc-ad70-kr-c5ec-cc9c-b3d9:region_tutor,kr-c6b8-c0b0-kr-c6b8-c8fc-ad70-kr-c5ec-cc9c-b3d9,울산,32,여천동,NEW_K_1051,READY_AS_IS,true,,true,PASS,PASS,PASS,PASS
candidate:tutor:kr-c6b8-c0b0-kr-c6b8-c8fc-ad70-kr-c57c-c74c-b3d9:region_tutor,kr-c6b8-c0b0-kr-c6b8-c8fc-ad70-kr-c57c-c74c-b3d9,울산,33,야음동,NEW_K_1051,READY_AS_IS,true,,true,PASS,PASS,PASS,PASS
candidate:tutor:kr-c6b8-c0b0-kr-c6b8-c8fc-ad70-kr-c120-c554-b3d9:region_tutor,kr-c6b8-c0b0-kr-c6b8-c8fc-ad70-kr-c120-c554-b3d9,울산,34,선암동,NEW_K_1051,READY_AS_IS,true,,true,PASS,PASS,PASS,PASS
candidate:tutor:kr-c6b8-c0b0-kr-c6b8-c8fc-ad70-kr-c0c1-ac1c-b3d9:region_tutor,kr-c6b8-c0b0-kr-c6b8-c8fc-ad70-kr-c0c1-ac1c-b3d9,울산,35,상개동,NEW_K_1051,READY_AS_IS,true,,true,PASS,PASS,PASS,PASS
candidate:tutor:kr-c6b8-c0b0-kr-c6b8-c8fc-ad70-kr-bd80-ace1-b3d9:region_tutor,kr-c6b8-c0b0-kr-c6b8-c8fc-ad70-kr-bd80-ace1-b3d9,울산,36,부곡동,NEW_K_1051,READY_AS_IS,true,,true,PASS,PASS,PASS,PASS
candidate:tutor:kr-c6b8-c0b0-kr-c6b8-c8fc-ad70-kr-ace0-c0ac-b3d9:region_tutor,kr-c6b8-c0b0-kr-c6b8-c8fc-ad70-kr-ace0-c0ac-b3d9,울산,37,고사동,NEW_K_1051,READY_AS_IS,true,,true,PASS,PASS,PASS,PASS
candidate:tutor:kr-c6b8-c0b0-kr-c6b8-c8fc-ad70-kr-c131-c554-b3d9:region_tutor,kr-c6b8-c0b0-kr-c6b8-c8fc-ad70-kr-c131-c554-b3d9,울산,38,성암동,NEW_K_1051,READY_AS_IS,true,,true,PASS,PASS,PASS,PASS
candidate:tutor:kr-c6b8-c0b0-kr-c6b8-c8fc-ad70-kr-d669-c131-b3d9:region_tutor,kr-c6b8-c0b0-kr-c6b8-c8fc-ad70-kr-d669-c131-b3d9,울산,39,황성동,NEW_K_1051,READY_AS_IS,true,,true,PASS,PASS,PASS,PASS
candidate:tutor:kr-c6b8-c0b0-kr-c6b8-c8fc-ad70-kr-c6a9-c5f0-b3d9:region_tutor,kr-c6b8-c0b0-kr-c6b8-c8fc-ad70-kr-c6a9-c5f0-b3d9,울산,40,용연동,NEW_K_1051,READY_AS_IS,true,,true,PASS,PASS,PASS,PASS
candidate:tutor:kr-c6b8-c0b0-kr-c6b8-c8fc-ad70-kr-b0a8-d654-b3d9:region_tutor,kr-c6b8-c0b0-kr-c6b8-c8fc-ad70-kr-b0a8-d654-b3d9,울산,41,남화동,NEW_K_1051,READY_AS_IS,true,,true,PASS,PASS,PASS,PASS
candidate:tutor:kr-c6b8-c0b0-kr-c6b8-c8fc-ad70-kr-c6a9-c7a0-b3d9:region_tutor,kr-c6b8-c0b0-kr-c6b8-c8fc-ad70-kr-c6a9-c7a0-b3d9,울산,42,용잠동,NEW_K_1051,READY_AS_IS,true,,true,PASS,PASS,PASS,PASS
candidate:tutor:kr-c6b8-c0b0-kr-c6b8-c8fc-ad70-kr-c7a5-c0dd-d3ec-b3d9:region_tutor,kr-c6b8-c0b0-kr-c6b8-c8fc-ad70-kr-c7a5-c0dd-d3ec-b3d9,울산,43,장생포동,NEW_K_1051,READY_AS_IS,true,,true,PASS,PASS,PASS,PASS
candidate:tutor:kr-c6b8-c0b0-kr-c6b8-c8fc-ad70-kr-b9e4-c554-b3d9:region_tutor,kr-c6b8-c0b0-kr-c6b8-c8fc-ad70-kr-b9e4-c554-b3d9,울산,44,매암동,NEW_K_1051,READY_AS_IS,true,,true,PASS,PASS,PASS,PASS
candidate:tutor:kr-c6b8-c0b0-kr-c6b8-c8fc-ad70-kr-bc29-c5b4-b3d9:region_tutor,kr-c6b8-c0b0-kr-c6b8-c8fc-ad70-kr-bc29-c5b4-b3d9,울산,45,방어동,NEW_K_1051,READY_AS_IS,true,,true,PASS,PASS,PASS,PASS
candidate:tutor:kr-c6b8-c0b0-kr-c6b8-c8fc-ad70-kr-d654-c815-b3d9:region_tutor,kr-c6b8-c0b0-kr-c6b8-c8fc-ad70-kr-d654-c815-b3d9,울산,46,화정동,NEW_K_1051,READY_AS_IS,true,,true,PASS,PASS,PASS,PASS
candidate:tutor:kr-c6b8-c0b0-kr-c6b8-c8fc-ad70-kr-c77c-c0b0-b3d9:region_tutor,kr-c6b8-c0b0-kr-c6b8-c8fc-ad70-kr-c77c-c0b0-b3d9,울산,47,일산동,NEW_K_1051,READY_AS_IS,true,,true,PASS,PASS,PASS,PASS
candidate:tutor:kr-c6b8-c0b0-kr-c6b8-c8fc-ad70-kr-c804-d558-b3d9:region_tutor,kr-c6b8-c0b0-kr-c6b8-c8fc-ad70-kr-c804-d558-b3d9,울산,48,전하동,NEW_K_1051,READY_AS_IS,true,,true,PASS,PASS,PASS,PASS
candidate:tutor:kr-c6b8-c0b0-kr-c6b8-c8fc-ad70-kr-bbf8-d3ec-b3d9:region_tutor,kr-c6b8-c0b0-kr-c6b8-c8fc-ad70-kr-bbf8-d3ec-b3d9,울산,49,미포동,NEW_K_1051,READY_AS_IS,true,,true,PASS,PASS,PASS,PASS
candidate:tutor:kr-c6b8-c0b0-kr-c6b8-c8fc-ad70-kr-c8fc-c804-b3d9:region_tutor,kr-c6b8-c0b0-kr-c6b8-c8fc-ad70-kr-c8fc-c804-b3d9,울산,50,주전동,NEW_K_1051,READY_AS_IS,true,,true,PASS,PASS,PASS,PASS
candidate:tutor:kr-c6b8-c0b0-kr-c6b8-c8fc-ad70-kr-b3d9-bd80-b3d9:region_tutor,kr-c6b8-c0b0-kr-c6b8-c8fc-ad70-kr-b3d9-bd80-b3d9,울산,51,동부동,NEW_K_1051,READY_AS_IS,true,,true,PASS,PASS,PASS,PASS
candidate:tutor:kr-c6b8-c0b0-kr-c6b8-c8fc-ad70-kr-c11c-bd80-b3d9:region_tutor,kr-c6b8-c0b0-kr-c6b8-c8fc-ad70-kr-c11c-bd80-b3d9,울산,52,서부동,NEW_K_1051,READY_AS_IS,true,,true,PASS,PASS,PASS,PASS
candidate:tutor:kr-c6b8-c0b0-kr-c6b8-c8fc-ad70-kr-cc3d-d3c9-b3d9:region_tutor,kr-c6b8-c0b0-kr-c6b8-c8fc-ad70-kr-cc3d-d3c9-b3d9,울산,53,창평동,NEW_K_1051,READY_AS_IS,true,,true,PASS,PASS,PASS,PASS
candidate:tutor:kr-c6b8-c0b0-kr-c6b8-c8fc-ad70-kr-d638-acc4-b3d9:region_tutor,kr-c6b8-c0b0-kr-c6b8-c8fc-ad70-kr-d638-acc4-b3d9,울산,54,호계동,NEW_K_1051,READY_AS_IS,true,,true,PASS,PASS,PASS,PASS
candidate:tutor:kr-c6b8-c0b0-kr-c6b8-c8fc-ad70-kr-b9e4-ace1-b3d9:region_tutor,kr-c6b8-c0b0-kr-c6b8-c8fc-ad70-kr-b9e4-ace1-b3d9,울산,55,매곡동,NEW_K_1051,READY_AS_IS,true,,true,PASS,PASS,PASS,PASS
candidate:tutor:kr-c6b8-c0b0-kr-c6b8-c8fc-ad70-kr-ac00-b300-b3d9:region_tutor,kr-c6b8-c0b0-kr-c6b8-c8fc-ad70-kr-ac00-b300-b3d9,울산,56,가대동,NEW_K_1051,READY_AS_IS,true,,true,PASS,PASS,PASS,PASS
candidate:tutor:kr-c6b8-c0b0-kr-c6b8-c8fc-ad70-kr-c2e0-cc9c-b3d9:region_tutor,kr-c6b8-c0b0-kr-c6b8-c8fc-ad70-kr-c2e0-cc9c-b3d9,울산,57,신천동,NEW_K_1051,READY_AS_IS,true,,true,PASS,PASS,PASS,PASS
candidate:tutor:kr-c6b8-c0b0-kr-c6b8-c8fc-ad70-kr-c911-c0b0-b3d9:region_tutor,kr-c6b8-c0b0-kr-c6b8-c8fc-ad70-kr-c911-c0b0-b3d9,울산,58,중산동,NEW_K_1051,READY_AS_IS,true,,true,PASS,PASS,PASS,PASS
candidate:tutor:kr-c6b8-c0b0-kr-c6b8-c8fc-ad70-kr-c0c1-c548-b3d9:region_tutor,kr-c6b8-c0b0-kr-c6b8-c8fc-ad70-kr-c0c1-c548-b3d9,울산,59,상안동,NEW_K_1051,READY_AS_IS,true,,true,PASS,PASS,PASS,PASS
candidate:tutor:kr-c6b8-c0b0-kr-c6b8-c8fc-ad70-kr-cc9c-ace1-b3d9:region_tutor,kr-c6b8-c0b0-kr-c6b8-c8fc-ad70-kr-cc9c-ace1-b3d9,울산,60,천곡동,NEW_K_1051,READY_AS_IS,true,,true,PASS,PASS,PASS,PASS
candidate:tutor:kr-c6b8-c0b0-kr-c6b8-c8fc-ad70-kr-b2ec-cc9c-b3d9:region_tutor,kr-c6b8-c0b0-kr-c6b8-c8fc-ad70-kr-b2ec-cc9c-b3d9,울산,61,달천동,NEW_K_1051,READY_AS_IS,true,,true,PASS,PASS,PASS,PASS
candidate:tutor:kr-c6b8-c0b0-kr-c6b8-c8fc-ad70-kr-c2dc-b840-b3d9:region_tutor,kr-c6b8-c0b0-kr-c6b8-c8fc-ad70-kr-c2dc-b840-b3d9,울산,62,시례동,NEW_K_1051,READY_AS_IS,true,,true,PASS,PASS,PASS,PASS
candidate:tutor:kr-c6b8-c0b0-kr-c6b8-c8fc-ad70-kr-bb34-b8e1-b3d9:region_tutor,kr-c6b8-c0b0-kr-c6b8-c8fc-ad70-kr-bb34-b8e1-b3d9,울산,63,무룡동,NEW_K_1051,READY_AS_IS,true,,true,PASS,PASS,PASS,PASS
candidate:tutor:kr-c6b8-c0b0-kr-c6b8-c8fc-ad70-kr-ad6c-c720-b3d9:region_tutor,kr-c6b8-c0b0-kr-c6b8-c8fc-ad70-kr-ad6c-c720-b3d9,울산,64,구유동,NEW_K_1051,READY_AS_IS,true,,true,PASS,PASS,PASS,PASS
candidate:tutor:kr-c6b8-c0b0-kr-c6b8-c8fc-ad70-kr-c815-c790-b3d9:region_tutor,kr-c6b8-c0b0-kr-c6b8-c8fc-ad70-kr-c815-c790-b3d9,울산,65,정자동,NEW_K_1051,READY_AS_IS,true,,true,PASS,PASS,PASS,PASS
candidate:tutor:kr-c6b8-c0b0-kr-c6b8-c8fc-ad70-kr-c2e0-ba85-b3d9:region_tutor,kr-c6b8-c0b0-kr-c6b8-c8fc-ad70-kr-c2e0-ba85-b3d9,울산,66,신명동,NEW_K_1051,READY_AS_IS,true,,true,PASS,PASS,PASS,PASS
candidate:tutor:kr-c6b8-c0b0-kr-c6b8-c8fc-ad70-kr-b300-c548-b3d9:region_tutor,kr-c6b8-c0b0-kr-c6b8-c8fc-ad70-kr-b300-c548-b3d9,울산,67,대안동,NEW_K_1051,READY_AS_IS,true,,true,PASS,PASS,PASS,PASS
candidate:tutor:kr-c6b8-c0b0-kr-c6b8-c8fc-ad70-kr-b2f9-c0ac-b3d9:region_tutor,kr-c6b8-c0b0-kr-c6b8-c8fc-ad70-kr-b2f9-c0ac-b3d9,울산,68,당사동,NEW_K_1051,READY_AS_IS,true,,true,PASS,PASS,PASS,PASS
candidate:tutor:kr-c6b8-c0b0-kr-c6b8-c8fc-ad70-kr-c2e0-d604-b3d9:region_tutor,kr-c6b8-c0b0-kr-c6b8-c8fc-ad70-kr-c2e0-d604-b3d9,울산,69,신현동,NEW_K_1051,READY_AS_IS,true,,true,PASS,PASS,PASS,PASS
candidate:tutor:kr-c6b8-c0b0-kr-c6b8-c8fc-ad70-kr-c0b0-d558-b3d9:region_tutor,kr-c6b8-c0b0-kr-c6b8-c8fc-ad70-kr-c0b0-d558-b3d9,울산,70,산하동,NEW_K_1051,READY_AS_IS,true,,true,PASS,PASS,PASS,PASS
candidate:tutor:kr-c6b8-c0b0-kr-c6b8-c8fc-ad70-kr-c5b4-bb3c-b3d9:region_tutor,kr-c6b8-c0b0-kr-c6b8-c8fc-ad70-kr-c5b4-bb3c-b3d9,울산,71,어물동,NEW_K_1051,READY_AS_IS,true,,true,PASS,PASS,PASS,PASS
candidate:tutor:kr-c6b8-c0b0-kr-c6b8-c8fc-ad70-kr-ba85-cd0c-b3d9:region_tutor,kr-c6b8-c0b0-kr-c6b8-c8fc-ad70-kr-ba85-cd0c-b3d9,울산,72,명촌동,NEW_K_1051,READY_AS_IS,true,,true,PASS,PASS,PASS,PASS
candidate:tutor:kr-c6b8-c0b0-kr-c6b8-c8fc-ad70-kr-c9c4-c7a5-b3d9:region_tutor,kr-c6b8-c0b0-kr-c6b8-c8fc-ad70-kr-c9c4-c7a5-b3d9,울산,73,진장동,NEW_K_1051,READY_AS_IS,true,,true,PASS,PASS,PASS,PASS
candidate:tutor:kr-c6b8-c0b0-kr-c6b8-c8fc-ad70-kr-c5f0-c554-b3d9:region_tutor,kr-c6b8-c0b0-kr-c6b8-c8fc-ad70-kr-c5f0-c554-b3d9,울산,74,연암동,NEW_K_1051,READY_AS_IS,true,,true,PASS,PASS,PASS,PASS
candidate:tutor:kr-c6b8-c0b0-kr-c6b8-c8fc-ad70-kr-d6a8-bb38-b3d9:region_tutor,kr-c6b8-c0b0-kr-c6b8-c8fc-ad70-kr-d6a8-bb38-b3d9,울산,75,효문동,NEW_K_1051,READY_AS_IS,true,,true,PASS,PASS,PASS,PASS
candidate:tutor:kr-c6b8-c0b0-kr-c6b8-c8fc-ad70-kr-c591-c815-b3d9:region_tutor,kr-c6b8-c0b0-kr-c6b8-c8fc-ad70-kr-c591-c815-b3d9,울산,76,양정동,NEW_K_1051,READY_AS_IS,true,,true,PASS,PASS,PASS,PASS
candidate:tutor:kr-c6b8-c0b0-kr-c6b8-c8fc-ad70-kr-c5fc-d3ec-b3d9:region_tutor,kr-c6b8-c0b0-kr-c6b8-c8fc-ad70-kr-c5fc-d3ec-b3d9,울산,77,염포동,NEW_K_1051,READY_AS_IS,true,,true,PASS,PASS,PASS,PASS
candidate:tutor:kr-c6b8-c0b0-kr-c6b8-c8fc-ad70-kr-c628-c0b0-c74d:region_tutor,kr-c6b8-c0b0-kr-c6b8-c8fc-ad70-kr-c628-c0b0-c74d,울산,78,온산읍,NEW_K_1051,READY_AS_IS,true,,true,PASS,PASS,PASS,PASS
candidate:tutor:kr-c6b8-c0b0-kr-c6b8-c8fc-ad70-kr-c5b8-c591-c74d:region_tutor,kr-c6b8-c0b0-kr-c6b8-c8fc-ad70-kr-c5b8-c591-c74d,울산,79,언양읍,NEW_K_1051,READY_AS_IS,true,,true,PASS,PASS,PASS,PASS
candidate:tutor:kr-c6b8-c0b0-kr-c6b8-c8fc-ad70-kr-c628-c591-c74d:region_tutor,kr-c6b8-c0b0-kr-c6b8-c8fc-ad70-kr-c628-c591-c74d,울산,80,온양읍,NEW_K_1051,READY_AS_IS,true,,true,PASS,PASS,PASS,PASS
candidate:tutor:kr-c6b8-c0b0-kr-c6b8-c8fc-ad70-kr-bc94-c11c-c74d:region_tutor,kr-c6b8-c0b0-kr-c6b8-c8fc-ad70-kr-bc94-c11c-c74d,울산,81,범서읍,NEW_K_1051,READY_AS_IS,true,,true,PASS,PASS,PASS,PASS
candidate:tutor:kr-c6b8-c0b0-kr-c6b8-c8fc-ad70-kr-ccad-b7c9-c74d:region_tutor,kr-c6b8-c0b0-kr-c6b8-c8fc-ad70-kr-ccad-b7c9-c74d,울산,82,청량읍,NEW_K_1051,READY_AS_IS,true,,true,PASS,PASS,PASS,PASS
candidate:tutor:kr-c6b8-c0b0-kr-c6b8-c8fc-ad70-kr-c0bc-b0a8-c74d:region_tutor,kr-c6b8-c0b0-kr-c6b8-c8fc-ad70-kr-c0bc-b0a8-c74d,울산,83,삼남읍,NEW_K_1051,READY_AS_IS,true,,true,PASS,PASS,PASS,PASS
candidate:tutor:kr-c6b8-c0b0-kr-c6b8-c8fc-ad70-kr-c11c-c0dd-ba74:region_tutor,kr-c6b8-c0b0-kr-c6b8-c8fc-ad70-kr-c11c-c0dd-ba74,울산,84,서생면,NEW_K_1051,READY_AS_IS,true,,true,PASS,PASS,PASS,PASS
candidate:tutor:kr-c6b8-c0b0-kr-c6b8-c8fc-ad70-kr-c6c5-cd0c-ba74:region_tutor,kr-c6b8-c0b0-kr-c6b8-c8fc-ad70-kr-c6c5-cd0c-ba74,울산,85,웅촌면,NEW_K_1051,READY_AS_IS,true,,true,PASS,PASS,PASS,PASS
candidate:tutor:kr-c6b8-c0b0-kr-c6b8-c8fc-ad70-kr-b450-b3d9-ba74:region_tutor,kr-c6b8-c0b0-kr-c6b8-c8fc-ad70-kr-b450-b3d9-ba74,울산,86,두동면,NEW_K_1051,READY_AS_IS,true,,true,PASS,PASS,PASS,PASS
candidate:tutor:kr-c6b8-c0b0-kr-c6b8-c8fc-ad70-kr-b450-c11c-ba74:region_tutor,kr-c6b8-c0b0-kr-c6b8-c8fc-ad70-kr-b450-c11c-ba74,울산,87,두서면,NEW_K_1051,READY_AS_IS,true,,true,PASS,PASS,PASS,PASS
candidate:tutor:kr-c6b8-c0b0-kr-c6b8-c8fc-ad70-kr-c0c1-bd81-ba74:region_tutor,kr-c6b8-c0b0-kr-c6b8-c8fc-ad70-kr-c0c1-bd81-ba74,울산,88,상북면,NEW_K_1051,READY_AS_IS,true,,true,PASS,PASS,PASS,PASS
candidate:tutor:kr-c6b8-c0b0-kr-c6b8-c8fc-ad70-kr-c0bc-b3d9-ba74:region_tutor,kr-c6b8-c0b0-kr-c6b8-c8fc-ad70-kr-c0bc-b3d9-ba74,울산,89,삼동면,NEW_K_1051,READY_AS_IS,true,,true,PASS,PASS,PASS,PASS
candidate:tutor:kr-c138-c885-kr-bc18-ace1-b3d9:region_tutor,kr-c138-c885-kr-bc18-ace1-b3d9,세종,2,반곡동,NEW_K_1051,READY_AS_IS,true,,true,PASS,PASS,PASS,PASS
candidate:tutor:kr-c138-c885-kr-c18c-b2f4-b3d9:region_tutor,kr-c138-c885-kr-c18c-b2f4-b3d9,세종,3,소담동,NEW_K_1051,READY_AS_IS,true,,true,PASS,PASS,PASS,PASS
candidate:tutor:kr-c138-c885-kr-bcf4-b78c-b3d9:region_tutor,kr-c138-c885-kr-bcf4-b78c-b3d9,세종,4,보람동,NEW_K_1051,READY_AS_IS,true,,true,PASS,PASS,PASS,PASS
candidate:tutor:kr-c138-c885-kr-b300-d3c9-b3d9:region_tutor,kr-c138-c885-kr-b300-d3c9-b3d9,세종,5,대평동,NEW_K_1051,READY_AS_IS,true,,true,PASS,PASS,PASS,PASS
candidate:tutor:kr-c138-c885-kr-ac00-b78c-b3d9:region_tutor,kr-c138-c885-kr-ac00-b78c-b3d9,세종,6,가람동,NEW_K_1051,READY_AS_IS,true,,true,PASS,PASS,PASS,PASS
candidate:tutor:kr-c138-c885-kr-d55c-c194-b3d9:region_tutor,kr-c138-c885-kr-d55c-c194-b3d9,세종,7,한솔동,NEW_K_1051,READY_AS_IS,true,,true,PASS,PASS,PASS,PASS
candidate:tutor:kr-c138-c885-kr-b098-c131-b3d9:region_tutor,kr-c138-c885-kr-b098-c131-b3d9,세종,8,나성동,NEW_K_1051,READY_AS_IS,true,,true,PASS,PASS,PASS,PASS
candidate:tutor:kr-c138-c885-kr-c0c8-b86c-b3d9:region_tutor,kr-c138-c885-kr-c0c8-b86c-b3d9,세종,9,새롬동,NEW_K_1051,READY_AS_IS,true,,true,PASS,PASS,PASS,PASS
candidate:tutor:kr-c138-c885-kr-b2e4-c815-b3d9:region_tutor,kr-c138-c885-kr-b2e4-c815-b3d9,세종,10,다정동,NEW_K_1051,READY_AS_IS,true,,true,PASS,PASS,PASS,PASS
candidate:tutor:kr-c138-c885-kr-c5b4-c9c4-b3d9:region_tutor,kr-c138-c885-kr-c5b4-c9c4-b3d9,세종,11,어진동,NEW_K_1051,READY_AS_IS,true,,true,PASS,PASS,PASS,PASS
candidate:tutor:kr-c138-c885-kr-c885-cd0c-b3d9:region_tutor,kr-c138-c885-kr-c885-cd0c-b3d9,세종,12,종촌동,NEW_K_1051,READY_AS_IS,true,,true,PASS,PASS,PASS,PASS
candidate:tutor:kr-c138-c885-kr-ace0-c6b4-b3d9:region_tutor,kr-c138-c885-kr-ace0-c6b4-b3d9,세종,13,고운동,NEW_K_1051,READY_AS_IS,true,,true,PASS,PASS,PASS,PASS
candidate:tutor:kr-c138-c885-kr-c544-b984-b3d9:region_tutor,kr-c138-c885-kr-c544-b984-b3d9,세종,14,아름동,NEW_K_1051,READY_AS_IS,true,,true,PASS,PASS,PASS,PASS
candidate:tutor:kr-c138-c885-kr-b3c4-b2f4-b3d9:region_tutor,kr-c138-c885-kr-b3c4-b2f4-b3d9,세종,15,도담동,NEW_K_1051,READY_AS_IS,true,,true,PASS,PASS,PASS,PASS
candidate:tutor:kr-c138-c885-kr-c0b0-c6b8-b3d9:region_tutor,kr-c138-c885-kr-c0b0-c6b8-b3d9,세종,16,산울동,NEW_K_1051,READY_AS_IS,true,,true,PASS,PASS,PASS,PASS
candidate:tutor:kr-c138-c885-kr-d574-bc00-b3d9:region_tutor,kr-c138-c885-kr-d574-bc00-b3d9,세종,17,해밀동,NEW_K_1051,READY_AS_IS,true,,true,PASS,PASS,PASS,PASS
candidate:tutor:kr-c138-c885-kr-c9d1-d604-b3d9:region_tutor,kr-c138-c885-kr-c9d1-d604-b3d9,세종,18,집현동,NEW_K_1051,READY_AS_IS,true,,true,PASS,PASS,PASS,PASS
candidate:tutor:kr-c138-c885-kr-d569-ac15-b3d9:region_tutor,kr-c138-c885-kr-d569-ac15-b3d9,세종,19,합강동,NEW_K_1051,READY_AS_IS,true,,true,PASS,PASS,PASS,PASS
candidate:tutor:kr-c138-c885-kr-b204-b9ac-b3d9:region_tutor,kr-c138-c885-kr-b204-b9ac-b3d9,세종,20,누리동,NEW_K_1051,READY_AS_IS,true,,true,PASS,PASS,PASS,PASS
candidate:tutor:kr-c138-c885-kr-c870-ce58-c6d0-c74d:region_tutor,kr-c138-c885-kr-c870-ce58-c6d0-c74d,세종,21,조치원읍,NEW_K_1051,READY_AS_IS,true,,true,PASS,PASS,PASS,PASS
candidate:tutor:kr-c138-c885-kr-c5f0-ae30-ba74:region_tutor,kr-c138-c885-kr-c5f0-ae30-ba74,세종,22,연기면,NEW_K_1051,READY_AS_IS,true,,true,PASS,PASS,PASS,PASS
candidate:tutor:kr-c138-c885-kr-c5f0-b3d9-ba74:region_tutor,kr-c138-c885-kr-c5f0-b3d9-ba74,세종,23,연동면,NEW_K_1051,READY_AS_IS,true,,true,PASS,PASS,PASS,PASS
candidate:tutor:kr-c138-c885-kr-bd80-ac15-ba74:region_tutor,kr-c138-c885-kr-bd80-ac15-ba74,세종,24,부강면,NEW_K_1051,READY_AS_IS,true,,true,PASS,PASS,PASS,PASS
candidate:tutor:kr-c138-c885-kr-ae08-b0a8-ba74:region_tutor,kr-c138-c885-kr-ae08-b0a8-ba74,세종,25,금남면,NEW_K_1051,READY_AS_IS,true,,true,PASS,PASS,PASS,PASS
candidate:tutor:kr-c138-c885-kr-c7a5-ad70-ba74:region_tutor,kr-c138-c885-kr-c7a5-ad70-ba74,세종,26,장군면,NEW_K_1051,READY_AS_IS,true,,true,PASS,PASS,PASS,PASS
candidate:tutor:kr-c138-c885-kr-c5f0-c11c-ba74:region_tutor,kr-c138-c885-kr-c5f0-c11c-ba74,세종,27,연서면,NEW_K_1051,READY_AS_IS,true,,true,PASS,PASS,PASS,PASS
candidate:tutor:kr-c138-c885-kr-c804-c758-ba74:region_tutor,kr-c138-c885-kr-c804-c758-ba74,세종,28,전의면,NEW_K_1051,READY_AS_IS,true,,true,PASS,PASS,PASS,PASS
candidate:tutor:kr-c138-c885-kr-c804-b3d9-ba74:region_tutor,kr-c138-c885-kr-c804-b3d9-ba74,세종,29,전동면,NEW_K_1051,READY_AS_IS,true,,true,PASS,PASS,PASS,PASS
candidate:tutor:kr-c138-c885-kr-c18c-c815-ba74:region_tutor,kr-c138-c885-kr-c18c-c815-ba74,세종,30,소정면,NEW_K_1051,READY_AS_IS,true,,true,PASS,PASS,PASS,PASS
candidate:tutor:kr-acbd-ae30-b3c4:region_tutor,kr-acbd-ae30-b3c4,경기도,2,경기도,NEW_K_1051,READY_AS_IS,true,,true,PASS,PASS,PASS,PASS
candidate:tutor:kr-acbd-ae30-b3c4-kr-ac00-d3c9-ad70:region_tutor,kr-acbd-ae30-b3c4-kr-ac00-d3c9-ad70,경기도,3,가평군,NEW_K_1051,READY_AS_IS,true,,true,PASS,PASS,PASS,PASS
candidate:tutor:kr-acbd-ae30-b3c4-kr-ac00-d3c9-ad70-kr-ace0-c591:region_tutor,kr-acbd-ae30-b3c4-kr-ac00-d3c9-ad70-kr-ace0-c591,경기도,4,고양,NEW_K_1051,READY_AS_IS,true,,true,PASS,PASS,PASS,PASS
candidate:tutor:kr-acbd-ae30-b3c4-kr-ac00-d3c9-ad70-kr-ad11-ba85:region_tutor,kr-acbd-ae30-b3c4-kr-ac00-d3c9-ad70-kr-ad11-ba85,경기도,5,광명,NEW_K_1051,READY_AS_IS,true,,true,PASS,PASS,PASS,PASS
candidate:tutor:kr-acbd-ae30-b3c4-kr-ac00-d3c9-ad70-kr-ad11-c8fc:region_tutor,kr-acbd-ae30-b3c4-kr-ac00-d3c9-ad70-kr-ad11-c8fc,경기도,6,광주,NEW_K_1051,READY_AS_IS,true,,true,PASS,PASS,PASS,PASS
candidate:tutor:kr-acbd-ae30-b3c4-kr-ac00-d3c9-ad70-kr-ad6c-b9ac:region_tutor,kr-acbd-ae30-b3c4-kr-ac00-d3c9-ad70-kr-ad6c-b9ac,경기도,7,구리,NEW_K_1051,READY_AS_IS,true,,true,PASS,PASS,PASS,PASS
candidate:tutor:kr-acbd-ae30-b3c4-kr-ac00-d3c9-ad70-kr-ad70-d3ec:region_tutor,kr-acbd-ae30-b3c4-kr-ac00-d3c9-ad70-kr-ad70-d3ec,경기도,8,군포,NEW_K_1051,READY_AS_IS,true,,true,PASS,PASS,PASS,PASS
candidate:tutor:kr-acbd-ae30-b3c4-kr-ac00-d3c9-ad70-kr-ae40-d3ec:region_tutor,kr-acbd-ae30-b3c4-kr-ac00-d3c9-ad70-kr-ae40-d3ec,경기도,9,김포,NEW_K_1051,READY_AS_IS,true,,true,PASS,PASS,PASS,PASS
candidate:tutor:kr-acbd-ae30-b3c4-kr-ac00-d3c9-ad70-kr-b0a8-c591-c8fc:region_tutor,kr-acbd-ae30-b3c4-kr-ac00-d3c9-ad70-kr-b0a8-c591-c8fc,경기도,10,남양주,NEW_K_1051,READY_AS_IS,true,,true,PASS,PASS,PASS,PASS
candidate:tutor:kr-acbd-ae30-b3c4-kr-ac00-d3c9-ad70-kr-bd80-cc9c:region_tutor,kr-acbd-ae30-b3c4-kr-ac00-d3c9-ad70-kr-bd80-cc9c,경기도,11,부천,NEW_K_1051,READY_AS_IS,true,,true,PASS,PASS,PASS,PASS
candidate:tutor:kr-acbd-ae30-b3c4-kr-ac00-d3c9-ad70-kr-c131-b0a8:region_tutor,kr-acbd-ae30-b3c4-kr-ac00-d3c9-ad70-kr-c131-b0a8,경기도,12,성남,NEW_K_1051,READY_AS_IS,true,,true,PASS,PASS,PASS,PASS
candidate:tutor:kr-acbd-ae30-b3c4-kr-ac00-d3c9-ad70-kr-c218-c6d0:region_tutor,kr-acbd-ae30-b3c4-kr-ac00-d3c9-ad70-kr-c218-c6d0,경기도,13,수원,NEW_K_1051,READY_AS_IS,true,,true,PASS,PASS,PASS,PASS
candidate:tutor:kr-acbd-ae30-b3c4-kr-ac00-d3c9-ad70-kr-c2dc-d765:region_tutor,kr-acbd-ae30-b3c4-kr-ac00-d3c9-ad70-kr-c2dc-d765,경기도,14,시흥,NEW_K_1051,READY_AS_IS,true,,true,PASS,PASS,PASS,PASS
candidate:tutor:kr-acbd-ae30-b3c4-kr-ac00-d3c9-ad70-kr-c548-c0b0:region_tutor,kr-acbd-ae30-b3c4-kr-ac00-d3c9-ad70-kr-c548-c0b0,경기도,15,안산,NEW_K_1051,READY_AS_IS,true,,true,PASS,PASS,PASS,PASS
candidate:tutor:kr-acbd-ae30-b3c4-kr-ac00-d3c9-ad70-kr-c548-c591:region_tutor,kr-acbd-ae30-b3c4-kr-ac00-d3c9-ad70-kr-c548-c591,경기도,16,안양,NEW_K_1051,READY_AS_IS,true,,true,PASS,PASS,PASS,PASS
candidate:tutor:kr-acbd-ae30-b3c4-kr-ac00-d3c9-ad70-kr-c591-c8fc:region_tutor,kr-acbd-ae30-b3c4-kr-ac00-d3c9-ad70-kr-c591-c8fc,경기도,17,양주,NEW_K_1051,READY_AS_IS,true,,true,PASS,PASS,PASS,PASS
candidate:tutor:kr-acbd-ae30-b3c4-kr-ac00-d3c9-ad70-kr-c5ec-c8fc:region_tutor,kr-acbd-ae30-b3c4-kr-ac00-d3c9-ad70-kr-c5ec-c8fc,경기도,18,여주,NEW_K_1051,READY_AS_IS,true,,true,PASS,PASS,PASS,PASS
candidate:tutor:kr-acbd-ae30-b3c4-kr-ac00-d3c9-ad70-kr-c624-c0b0:region_tutor,kr-acbd-ae30-b3c4-kr-ac00-d3c9-ad70-kr-c624-c0b0,경기도,19,오산,NEW_K_1051,READY_AS_IS,true,,true,PASS,PASS,PASS,PASS
candidate:tutor:kr-acbd-ae30-b3c4-kr-ac00-d3c9-ad70-kr-c6a9-c778:region_tutor,kr-acbd-ae30-b3c4-kr-ac00-d3c9-ad70-kr-c6a9-c778,경기도,20,용인,NEW_K_1051,READY_AS_IS,true,,true,PASS,PASS,PASS,PASS
candidate:tutor:kr-acbd-ae30-b3c4-kr-ac00-d3c9-ad70-kr-c758-c655:region_tutor,kr-acbd-ae30-b3c4-kr-ac00-d3c9-ad70-kr-c758-c655,경기도,21,의왕,NEW_K_1051,READY_AS_IS,true,,true,PASS,PASS,PASS,PASS
candidate:tutor:kr-acbd-ae30-b3c4-kr-ac00-d3c9-ad70-kr-c758-c815-bd80:region_tutor,kr-acbd-ae30-b3c4-kr-ac00-d3c9-ad70-kr-c758-c815-bd80,경기도,22,의정부,NEW_K_1051,READY_AS_IS,true,,true,PASS,PASS,PASS,PASS
candidate:tutor:kr-acbd-ae30-b3c4-kr-ac00-d3c9-ad70-kr-c774-cc9c:region_tutor,kr-acbd-ae30-b3c4-kr-ac00-d3c9-ad70-kr-c774-cc9c,경기도,23,이천,NEW_K_1051,READY_AS_IS,true,,true,PASS,PASS,PASS,PASS
candidate:tutor:kr-acbd-ae30-b3c4-kr-ac00-d3c9-ad70-kr-d30c-c8fc:region_tutor,kr-acbd-ae30-b3c4-kr-ac00-d3c9-ad70-kr-d30c-c8fc,경기도,24,파주,NEW_K_1051,READY_AS_IS,true,,true,PASS,PASS,PASS,PASS
candidate:tutor:kr-acbd-ae30-b3c4-kr-ac00-d3c9-ad70-kr-d3c9-d0dd:region_tutor,kr-acbd-ae30-b3c4-kr-ac00-d3c9-ad70-kr-d3c9-d0dd,경기도,25,평택,NEW_K_1051,READY_AS_IS,true,,true,PASS,PASS,PASS,PASS
candidate:tutor:kr-acbd-ae30-b3c4-kr-ac00-d3c9-ad70-kr-d558-b0a8:region_tutor,kr-acbd-ae30-b3c4-kr-ac00-d3c9-ad70-kr-d558-b0a8,경기도,26,하남,NEW_K_1051,READY_AS_IS,true,,true,PASS,PASS,PASS,PASS
candidate:tutor:kr-acbd-ae30-b3c4-kr-ac00-d3c9-ad70-kr-d654-c131:region_tutor,kr-acbd-ae30-b3c4-kr-ac00-d3c9-ad70-kr-d654-c131,경기도,27,화성,NEW_K_1051,READY_AS_IS,true,,true,PASS,PASS,PASS,PASS
candidate:tutor:kr-acbd-ae30-b3c4-kr-ac00-d3c9-ad70-kr-ac00-d3c9-c74d:region_tutor,kr-acbd-ae30-b3c4-kr-ac00-d3c9-ad70-kr-ac00-d3c9-c74d,경기도,28,가평읍,NEW_K_1051,READY_AS_IS,true,,true,PASS,PASS,PASS,PASS
candidate:tutor:kr-acbd-ae30-b3c4-kr-ac00-d3c9-ad70-kr-b3c4-b0b4-b3d9:region_tutor,kr-acbd-ae30-b3c4-kr-ac00-d3c9-ad70-kr-b3c4-b0b4-b3d9,경기도,29,도내동,NEW_K_1051,READY_AS_IS,true,,true,PASS,PASS,PASS,PASS
candidate:tutor:kr-acbd-ae30-b3c4-kr-ac00-d3c9-ad70-kr-bcbd-c81c-b3d9:region_tutor,kr-acbd-ae30-b3c4-kr-ac00-d3c9-ad70-kr-bcbd-c81c-b3d9,경기도,30,벽제동,NEW_K_1051,READY_AS_IS,true,,true,PASS,PASS,PASS,PASS
candidate:tutor:kr-acbd-ae30-b3c4-kr-ac00-d3c9-ad70-kr-c0bc-c1a1-b3d9:region_tutor,kr-acbd-ae30-b3c4-kr-ac00-d3c9-ad70-kr-c0bc-c1a1-b3d9,경기도,31,삼송동,NEW_K_1051,READY_AS_IS,true,,true,PASS,PASS,PASS,PASS
candidate:tutor:kr-acbd-ae30-b3c4-kr-ac00-d3c9-ad70-kr-c131-c0ac-b3d9:region_tutor,kr-acbd-ae30-b3c4-kr-ac00-d3c9-ad70-kr-c131-c0ac-b3d9,경기도,32,성사동,NEW_K_1051,READY_AS_IS,true,,true,PASS,PASS,PASS,PASS
candidate:tutor:kr-acbd-ae30-b3c4-kr-ac00-d3c9-ad70-kr-c2e0-c6d0-b3d9:region_tutor,kr-acbd-ae30-b3c4-kr-ac00-d3c9-ad70-kr-c2e0-c6d0-b3d9,경기도,33,신원동,NEW_K_1051,READY_AS_IS,true,,true,PASS,PASS,PASS,PASS
candidate:tutor:kr-acbd-ae30-b3c4-kr-ac00-d3c9-ad70-kr-c624-ae08-b3d9:region_tutor,kr-acbd-ae30-b3c4-kr-ac00-d3c9-ad70-kr-c624-ae08-b3d9,경기도,34,오금동,NEW_K_1051,READY_AS_IS,true,,true,PASS,PASS,PASS,PASS
candidate:tutor:kr-acbd-ae30-b3c4-kr-ac00-d3c9-ad70-kr-c6d0-b2f9-b3d9:region_tutor,kr-acbd-ae30-b3c4-kr-ac00-d3c9-ad70-kr-c6d0-b2f9-b3d9,경기도,35,원당동,NEW_K_1051,READY_AS_IS,true,,true,PASS,PASS,PASS,PASS
candidate:tutor:kr-acbd-ae30-b3c4-kr-ac00-d3c9-ad70-kr-c6d0-d765-b3d9:region_tutor,kr-acbd-ae30-b3c4-kr-ac00-d3c9-ad70-kr-c6d0-d765-b3d9,경기도,36,원흥동,NEW_K_1051,READY_AS_IS,true,,true,PASS,PASS,PASS,PASS
candidate:tutor:kr-acbd-ae30-b3c4-kr-ac00-d3c9-ad70-kr-c8fc-ad50-b3d9:region_tutor,kr-acbd-ae30-b3c4-kr-ac00-d3c9-ad70-kr-c8fc-ad50-b3d9,경기도,37,주교동,NEW_K_1051,READY_AS_IS,true,,true,PASS,PASS,PASS,PASS
candidate:tutor:kr-acbd-ae30-b3c4-kr-ac00-d3c9-ad70-kr-c9c0-cd95-b3d9:region_tutor,kr-acbd-ae30-b3c4-kr-ac00-d3c9-ad70-kr-c9c0-cd95-b3d9,경기도,38,지축동,NEW_K_1051,READY_AS_IS,true,,true,PASS,PASS,PASS,PASS
candidate:tutor:kr-acbd-ae30-b3c4-kr-ac00-d3c9-ad70-kr-d1a0-b2f9-b3d9:region_tutor,kr-acbd-ae30-b3c4-kr-ac00-d3c9-ad70-kr-d1a0-b2f9-b3d9,경기도,39,토당동,NEW_K_1051,READY_AS_IS,true,,true,PASS,PASS,PASS,PASS
candidate:tutor:kr-acbd-ae30-b3c4-kr-ac00-d3c9-ad70-kr-d589-c2e0-b3d9:region_tutor,kr-acbd-ae30-b3c4-kr-ac00-d3c9-ad70-kr-d589-c2e0-b3d9,경기도,40,행신동,NEW_K_1051,READY_AS_IS,true,,true,PASS,PASS,PASS,PASS
candidate:tutor:kr-acbd-ae30-b3c4-kr-ac00-d3c9-ad70-kr-d654-c815-b3d9:region_tutor,kr-acbd-ae30-b3c4-kr-ac00-d3c9-ad70-kr-d654-c815-b3d9,경기도,41,화정동,NEW_K_1051,READY_AS_IS,true,,true,PASS,PASS,PASS,PASS
candidate:tutor:kr-acbd-ae30-b3c4-kr-ac00-d3c9-ad70-kr-b9c8-b450-b3d9:region_tutor,kr-acbd-ae30-b3c4-kr-ac00-d3c9-ad70-kr-b9c8-b450-b3d9,경기도,42,마두동,NEW_K_1051,READY_AS_IS,true,,true,PASS,PASS,PASS,PASS
candidate:tutor:kr-acbd-ae30-b3c4-kr-ac00-d3c9-ad70-kr-bc31-c11d-b3d9:region_tutor,kr-acbd-ae30-b3c4-kr-ac00-d3c9-ad70-kr-bc31-c11d-b3d9,경기도,43,백석동,NEW_K_1051,READY_AS_IS,true,,true,PASS,PASS,PASS,PASS
candidate:tutor:kr-acbd-ae30-b3c4-kr-ac00-d3c9-ad70-kr-c7a5-d56d-b3d9:region_tutor,kr-acbd-ae30-b3c4-kr-ac00-d3c9-ad70-kr-c7a5-d56d-b3d9,경기도,44,장항동,NEW_K_1051,READY_AS_IS,true,,true,PASS,PASS,PASS,PASS
candidate:tutor:kr-acbd-ae30-b3c4-kr-ac00-d3c9-ad70-kr-c815-bc1c-c0b0-b3d9:region_tutor,kr-acbd-ae30-b3c4-kr-ac00-d3c9-ad70-kr-c815-bc1c-c0b0-b3d9,경기도,45,정발산동,NEW_K_1051,READY_AS_IS,true,,true,PASS,PASS,PASS,PASS
candidate:tutor:kr-acbd-ae30-b3c4-kr-ac00-d3c9-ad70-kr-c911-c0b0-b3d9:region_tutor,kr-acbd-ae30-b3c4-kr-ac00-d3c9-ad70-kr-c911-c0b0-b3d9,경기도,46,중산동,NEW_K_1051,READY_AS_IS,true,,true,PASS,PASS,PASS,PASS
candidate:tutor:kr-acbd-ae30-b3c4-kr-ac00-d3c9-ad70-kr-d48d-b3d9:region_tutor,kr-acbd-ae30-b3c4-kr-ac00-d3c9-ad70-kr-d48d-b3d9,경기도,47,일산동구 풍동,NEW_K_1051,READY_AS_IS,true,,true,PASS,PASS,PASS,PASS
candidate:tutor:kr-acbd-ae30-b3c4-kr-ac00-d3c9-ad70-kr-ac00-c88c-b3d9:region_tutor,kr-acbd-ae30-b3c4-kr-ac00-d3c9-ad70-kr-ac00-c88c-b3d9,경기도,48,가좌동,NEW_K_1051,READY_AS_IS,true,,true,PASS,PASS,PASS,PASS
candidate:tutor:kr-acbd-ae30-b3c4-kr-ac00-d3c9-ad70-kr-ad6c-c0b0-b3d9:region_tutor,kr-acbd-ae30-b3c4-kr-ac00-d3c9-ad70-kr-ad6c-c0b0-b3d9,경기도,49,구산동,NEW_K_1051,READY_AS_IS,true,,true,PASS,PASS,PASS,PASS
candidate:tutor:kr-acbd-ae30-b3c4-kr-ac00-d3c9-ad70-kr-b300-d654-b3d9:region_tutor,kr-acbd-ae30-b3c4-kr-ac00-d3c9-ad70-kr-b300-d654-b3d9,경기도,50,대화동,NEW_K_1051,READY_AS_IS,true,,true,PASS,PASS,PASS,PASS
candidate:tutor:kr-acbd-ae30-b3c4-kr-ac00-d3c9-ad70-kr-b355-c774-b3d9:region_tutor,kr-acbd-ae30-b3c4-kr-ac00-d3c9-ad70-kr-b355-c774-b3d9,경기도,51,덕이동,NEW_K_1051,READY_AS_IS,true,,true,PASS,PASS,PASS,PASS
candidate:tutor:kr-acbd-ae30-b3c4-kr-ac00-d3c9-ad70-kr-bc95-acf3-b3d9:region_tutor,kr-acbd-ae30-b3c4-kr-ac00-d3c9-ad70-kr-bc95-acf3-b3d9,경기도,52,법곳동,NEW_K_1051,READY_AS_IS,true,,true,PASS,PASS,PASS,PASS
candidate:tutor:kr-acbd-ae30-b3c4-kr-ac00-d3c9-ad70-kr-c77c-c0b0-b3d9:region_tutor,kr-acbd-ae30-b3c4-kr-ac00-d3c9-ad70-kr-c77c-c0b0-b3d9,경기도,53,일산동,NEW_K_1051,READY_AS_IS,true,,true,PASS,PASS,PASS,PASS
candidate:tutor:kr-acbd-ae30-b3c4-kr-ac00-d3c9-ad70-kr-c8fc-c5fd-b3d9:region_tutor,kr-acbd-ae30-b3c4-kr-ac00-d3c9-ad70-kr-c8fc-c5fd-b3d9,경기도,54,주엽동,NEW_K_1051,READY_AS_IS,true,,true,PASS,PASS,PASS,PASS
candidate:tutor:kr-acbd-ae30-b3c4-kr-ac00-d3c9-ad70-kr-d0c4-d604-b3d9:region_tutor,kr-acbd-ae30-b3c4-kr-ac00-d3c9-ad70-kr-d0c4-d604-b3d9,경기도,55,탄현동,NEW_K_1051,READY_AS_IS,true,,true,PASS,PASS,PASS,PASS
candidate:tutor:kr-acbd-ae30-b3c4-kr-ac00-d3c9-ad70-kr-ad11-ba85-b3d9:region_tutor,kr-acbd-ae30-b3c4-kr-ac00-d3c9-ad70-kr-ad11-ba85-b3d9,경기도,56,광명동,NEW_K_1051,READY_AS_IS,true,,true,PASS,PASS,PASS,PASS
candidate:tutor:kr-acbd-ae30-b3c4-kr-ac00-d3c9-ad70-kr-c18c-d558-b3d9:region_tutor,kr-acbd-ae30-b3c4-kr-ac00-d3c9-ad70-kr-c18c-d558-b3d9,경기도,57,소하동,NEW_K_1051,READY_AS_IS,true,,true,PASS,PASS,PASS,PASS
candidate:tutor:kr-acbd-ae30-b3c4-kr-ac00-d3c9-ad70-kr-c77c-c9c1-b3d9:region_tutor,kr-acbd-ae30-b3c4-kr-ac00-d3c9-ad70-kr-c77c-c9c1-b3d9,경기도,58,일직동,NEW_K_1051,READY_AS_IS,true,,true,PASS,PASS,PASS,PASS
candidate:tutor:kr-acbd-ae30-b3c4-kr-ac00-d3c9-ad70-kr-cca0-c0b0-b3d9:region_tutor,kr-acbd-ae30-b3c4-kr-ac00-d3c9-ad70-kr-cca0-c0b0-b3d9,경기도,59,철산동,NEW_K_1051,READY_AS_IS,true,,true,PASS,PASS,PASS,PASS
candidate:tutor:kr-acbd-ae30-b3c4-kr-ac00-d3c9-ad70-kr-d558-c548-b3d9:region_tutor,kr-acbd-ae30-b3c4-kr-ac00-d3c9-ad70-kr-d558-c548-b3d9,경기도,60,하안동,NEW_K_1051,READY_AS_IS,true,,true,PASS,PASS,PASS,PASS
candidate:tutor:kr-acbd-ae30-b3c4-kr-ac00-d3c9-ad70-kr-acbd-c548-b3d9:region_tutor,kr-acbd-ae30-b3c4-kr-ac00-d3c9-ad70-kr-acbd-c548-b3d9,경기도,61,경안동,NEW_K_1051,READY_AS_IS,true,,true,PASS,PASS,PASS,PASS
candidate:tutor:kr-acbd-ae30-b3c4-kr-ac00-d3c9-ad70-kr-ace0-c0b0-b3d9:region_tutor,kr-acbd-ae30-b3c4-kr-ac00-d3c9-ad70-kr-ace0-c0b0-b3d9,경기도,62,광주시 고산동,NEW_K_1051,READY_AS_IS,true,,true,PASS,PASS,PASS,PASS
candidate:tutor:kr-acbd-ae30-b3c4-kr-ac00-d3c9-ad70-kr-baa9-d604-b3d9:region_tutor,kr-acbd-ae30-b3c4-kr-ac00-d3c9-ad70-kr-baa9-d604-b3d9,경기도,63,목현동,NEW_K_1051,READY_AS_IS,true,,true,PASS,PASS,PASS,PASS
candidate:tutor:kr-acbd-ae30-b3c4-kr-ac00-d3c9-ad70-kr-c30d-b839-b3d9:region_tutor,kr-acbd-ae30-b3c4-kr-ac00-d3c9-ad70-kr-c30d-b839-b3d9,경기도,64,쌍령동,NEW_K_1051,READY_AS_IS,true,,true,PASS,PASS,PASS,PASS
candidate:tutor:kr-acbd-ae30-b3c4-kr-ac00-d3c9-ad70-kr-c5ed-b3d9:region_tutor,kr-acbd-ae30-b3c4-kr-ac00-d3c9-ad70-kr-c5ed-b3d9,경기도,65,광주시 역동,NEW_K_1051,READY_AS_IS,true,,true,PASS,PASS,PASS,PASS
candidate:tutor:kr-acbd-ae30-b3c4-kr-ac00-d3c9-ad70-kr-d0dc-c804-b3d9:region_tutor,kr-acbd-ae30-b3c4-kr-ac00-d3c9-ad70-kr-d0dc-c804-b3d9,경기도,66,태전동,NEW_K_1051,READY_AS_IS,true,,true,PASS,PASS,PASS,PASS
candidate:tutor:kr-acbd-ae30-b3c4-kr-ac00-d3c9-ad70-kr-ac08-b9e4-b3d9:region_tutor,kr-acbd-ae30-b3c4-kr-ac00-d3c9-ad70-kr-ac08-b9e4-b3d9,경기도,67,갈매동,NEW_K_1051,READY_AS_IS,true,,true,PASS,PASS,PASS,PASS
candidate:tutor:kr-acbd-ae30-b3c4-kr-ac00-d3c9-ad70-kr-ad50-bb38-b3d9:region_tutor,kr-acbd-ae30-b3c4-kr-ac00-d3c9-ad70-kr-ad50-bb38-b3d9,경기도,68,교문동,NEW_K_1051,READY_AS_IS,true,,true,PASS,PASS,PASS,PASS
candidate:tutor:kr-acbd-ae30-b3c4-kr-ac00-d3c9-ad70-kr-c218-d0dd-b3d9:region_tutor,kr-acbd-ae30-b3c4-kr-ac00-d3c9-ad70-kr-c218-d0dd-b3d9,경기도,69,수택동,NEW_K_1051,READY_AS_IS,true,,true,PASS,PASS,PASS,PASS
candidate:tutor:kr-acbd-ae30-b3c4-kr-ac00-d3c9-ad70-kr-c544-cc9c-b3d9:region_tutor,kr-acbd-ae30-b3c4-kr-ac00-d3c9-ad70-kr-c544-cc9c-b3d9,경기도,70,아천동,NEW_K_1051,READY_AS_IS,true,,true,PASS,PASS,PASS,PASS
candidate:tutor:kr-acbd-ae30-b3c4-kr-ac00-d3c9-ad70-kr-c778-cc3d-b3d9:region_tutor,kr-acbd-ae30-b3c4-kr-ac00-d3c9-ad70-kr-c778-cc3d-b3d9,경기도,71,인창동,NEW_K_1051,READY_AS_IS,true,,true,PASS,PASS,PASS,PASS
candidate:tutor:kr-acbd-ae30-b3c4-kr-ac00-d3c9-ad70-kr-d1a0-d3c9-b3d9:region_tutor,kr-acbd-ae30-b3c4-kr-ac00-d3c9-ad70-kr-d1a0-d3c9-b3d9,경기도,72,토평동,NEW_K_1051,READY_AS_IS,true,,true,PASS,PASS,PASS,PASS
candidate:tutor:kr-acbd-ae30-b3c4-kr-ac00-d3c9-ad70-kr-b2f9-b3d9:region_tutor,kr-acbd-ae30-b3c4-kr-ac00-d3c9-ad70-kr-b2f9-b3d9,경기도,73,군포시 당동,NEW_K_1051,READY_AS_IS,true,,true,PASS,PASS,PASS,PASS
candidate:tutor:kr-acbd-ae30-b3c4-kr-ac00-d3c9-ad70-kr-b300-c57c-bbf8-b3d9:region_tutor,kr-acbd-ae30-b3c4-kr-ac00-d3c9-ad70-kr-b300-c57c-bbf8-b3d9,경기도,74,대야미동,NEW_K_1051,READY_AS_IS,true,,true,PASS,PASS,PASS,PASS
candidate:tutor:kr-acbd-ae30-b3c4-kr-ac00-d3c9-ad70-kr-b3c4-b9c8-ad50-b3d9:region_tutor,kr-acbd-ae30-b3c4-kr-ac00-d3c9-ad70-kr-b3c4-b9c8-ad50-b3d9,경기도,75,도마교동,NEW_K_1051,READY_AS_IS,true,,true,PASS,PASS,PASS,PASS
candidate:tutor:kr-acbd-ae30-b3c4-kr-ac00-d3c9-ad70-kr-bd80-ace1-b3d9:region_tutor,kr-acbd-ae30-b3c4-kr-ac00-d3c9-ad70-kr-bd80-ace1-b3d9,경기도,76,군포시 부곡동,NEW_K_1051,READY_AS_IS,true,,true,PASS,PASS,PASS,PASS
candidate:tutor:kr-acbd-ae30-b3c4-kr-ac00-d3c9-ad70-kr-c0b0-bcf8-b3d9:region_tutor,kr-acbd-ae30-b3c4-kr-ac00-d3c9-ad70-kr-c0b0-bcf8-b3d9,경기도,77,산본동,NEW_K_1051,READY_AS_IS,true,,true,PASS,PASS,PASS,PASS
candidate:tutor:kr-acbd-ae30-b3c4-kr-ac00-d3c9-ad70-kr-ac10-c815-b3d9:region_tutor,kr-acbd-ae30-b3c4-kr-ac00-d3c9-ad70-kr-ac10-c815-b3d9,경기도,78,감정동,NEW_K_1051,READY_AS_IS,true,,true,PASS,PASS,PASS,PASS
candidate:tutor:kr-acbd-ae30-b3c4-kr-ac00-d3c9-ad70-kr-ac78-d3ec-b3d9:region_tutor,kr-acbd-ae30-b3c4-kr-ac00-d3c9-ad70-kr-ac78-d3ec-b3d9,경기도,79,걸포동,NEW_K_1051,READY_AS_IS,true,,true,PASS,PASS,PASS,PASS
candidate:tutor:kr-acbd-ae30-b3c4-kr-ac00-d3c9-ad70-kr-ace0-cd0c-c74d:region_tutor,kr-acbd-ae30-b3c4-kr-ac00-d3c9-ad70-kr-ace0-cd0c-c74d,경기도,80,고촌읍,NEW_K_1051,READY_AS_IS,true,,true,PASS,PASS,PASS,PASS
candidate:tutor:kr-acbd-ae30-b3c4-kr-ac00-d3c9-ad70-kr-ad6c-b798-b3d9:region_tutor,kr-acbd-ae30-b3c4-kr-ac00-d3c9-ad70-kr-ad6c-b798-b3d9,경기도,81,구래동,NEW_K_1051,READY_AS_IS,true,,true,PASS,PASS,PASS,PASS
candidate:tutor:kr-acbd-ae30-b3c4-kr-ac00-d3c9-ad70-kr-b9c8-c0b0-b3d9:region_tutor,kr-acbd-ae30-b3c4-kr-ac00-d3c9-ad70-kr-b9c8-c0b0-b3d9,경기도,82,마산동,NEW_K_1051,READY_AS_IS,true,,true,PASS,PASS,PASS,PASS
candidate:tutor:kr-acbd-ae30-b3c4-kr-ac00-d3c9-ad70-kr-bd81-bcc0-b3d9:region_tutor,kr-acbd-ae30-b3c4-kr-ac00-d3c9-ad70-kr-bd81-bcc0-b3d9,경기도,83,북변동,NEW_K_1051,READY_AS_IS,true,,true,PASS,PASS,PASS,PASS
candidate:tutor:kr-acbd-ae30-b3c4-kr-ac00-d3c9-ad70-kr-c0ac-c6b0-b3d9:region_tutor,kr-acbd-ae30-b3c4-kr-ac00-d3c9-ad70-kr-c0ac-c6b0-b3d9,경기도,84,사우동,NEW_K_1051,READY_AS_IS,true,,true,PASS,PASS,PASS,PASS
candidate:tutor:kr-acbd-ae30-b3c4-kr-ac00-d3c9-ad70-kr-c591-cd0c-c74d:region_tutor,kr-acbd-ae30-b3c4-kr-ac00-d3c9-ad70-kr-c591-cd0c-c74d,경기도,85,양촌읍,NEW_K_1051,READY_AS_IS,true,,true,PASS,PASS,PASS,PASS
candidate:tutor:kr-acbd-ae30-b3c4-kr-ac00-d3c9-ad70-kr-c6b4-c591-b3d9:region_tutor,kr-acbd-ae30-b3c4-kr-ac00-d3c9-ad70-kr-c6b4-c591-b3d9,경기도,86,운양동,NEW_K_1051,READY_AS_IS,true,,true,PASS,PASS,PASS,PASS
candidate:tutor:kr-acbd-ae30-b3c4-kr-ac00-d3c9-ad70-kr-c7a5-ae30-b3d9:region_tutor,kr-acbd-ae30-b3c4-kr-ac00-d3c9-ad70-kr-c7a5-ae30-b3d9,경기도,87,장기동,NEW_K_1051,READY_AS_IS,true,,true,PASS,PASS,PASS,PASS
candidate:tutor:kr-acbd-ae30-b3c4-kr-ac00-d3c9-ad70-kr-d48d-bb34-b3d9:region_tutor,kr-acbd-ae30-b3c4-kr-ac00-d3c9-ad70-kr-d48d-bb34-b3d9,경기도,88,풍무동,NEW_K_1051,READY_AS_IS,true,,true,PASS,PASS,PASS,PASS
candidate:tutor:kr-acbd-ae30-b3c4-kr-ac00-d3c9-ad70-kr-ae08-ace1-b3d9:region_tutor,kr-acbd-ae30-b3c4-kr-ac00-d3c9-ad70-kr-ae08-ace1-b3d9,경기도,89,남양주시 금곡동,NEW_K_1051,READY_AS_IS,true,,true,PASS,PASS,PASS,PASS
candidate:tutor:kr-acbd-ae30-b3c4-kr-ac00-d3c9-ad70-kr-b2e4-c0b0-b3d9:region_tutor,kr-acbd-ae30-b3c4-kr-ac00-d3c9-ad70-kr-b2e4-c0b0-b3d9,경기도,90,다산동,NEW_K_1051,READY_AS_IS,true,,true,PASS,PASS,PASS,PASS
candidate:tutor:kr-acbd-ae30-b3c4-kr-ac00-d3c9-ad70-kr-b3c4-b18d-b3d9:region_tutor,kr-acbd-ae30-b3c4-kr-ac00-d3c9-ad70-kr-b3c4-b18d-b3d9,경기도,91,도농동,NEW_K_1051,READY_AS_IS,true,,true,PASS,PASS,PASS,PASS
candidate:tutor:kr-acbd-ae30-b3c4-kr-ac00-d3c9-ad70-kr-bcc4-b0b4-b3d9:region_tutor,kr-acbd-ae30-b3c4-kr-ac00-d3c9-ad70-kr-bcc4-b0b4-b3d9,경기도,92,별내동,NEW_K_1051,READY_AS_IS,true,,true,PASS,PASS,PASS,PASS
candidate:tutor:kr-acbd-ae30-b3c4-kr-ac00-d3c9-ad70-kr-bcc4-b0b4-ba74:region_tutor,kr-acbd-ae30-b3c4-kr-ac00-d3c9-ad70-kr-bcc4-b0b4-ba74,경기도,93,별내면,NEW_K_1051,READY_AS_IS,true,,true,PASS,PASS,PASS,PASS
candidate:tutor:kr-acbd-ae30-b3c4-kr-ac00-d3c9-ad70-kr-c0bc-d328-b3d9:region_tutor,kr-acbd-ae30-b3c4-kr-ac00-d3c9-ad70-kr-c0bc-d328-b3d9,경기도,94,삼패동,NEW_K_1051,READY_AS_IS,true,,true,PASS,PASS,PASS,PASS
candidate:tutor:kr-acbd-ae30-b3c4-kr-ac00-d3c9-ad70-kr-c624-b0a8-c74d:region_tutor,kr-acbd-ae30-b3c4-kr-ac00-d3c9-ad70-kr-c624-b0a8-c74d,경기도,95,오남읍,NEW_K_1051,READY_AS_IS,true,,true,PASS,PASS,PASS,PASS
candidate:tutor:kr-acbd-ae30-b3c4-kr-ac00-d3c9-ad70-kr-c640-bd80-c74d:region_tutor,kr-acbd-ae30-b3c4-kr-ac00-d3c9-ad70-kr-c640-bd80-c74d,경기도,96,와부읍,NEW_K_1051,READY_AS_IS,true,,true,PASS,PASS,PASS,PASS
candidate:tutor:kr-acbd-ae30-b3c4-kr-ac00-d3c9-ad70-kr-c9c0-ae08-b3d9:region_tutor,kr-acbd-ae30-b3c4-kr-ac00-d3c9-ad70-kr-c9c0-ae08-b3d9,경기도,97,지금동,NEW_K_1051,READY_AS_IS,true,,true,PASS,PASS,PASS,PASS
candidate:tutor:kr-acbd-ae30-b3c4-kr-ac00-d3c9-ad70-kr-c9c4-ac74-c74d:region_tutor,kr-acbd-ae30-b3c4-kr-ac00-d3c9-ad70-kr-c9c4-ac74-c74d,경기도,98,진건읍,NEW_K_1051,READY_AS_IS,true,,true,PASS,PASS,PASS,PASS
candidate:tutor:kr-acbd-ae30-b3c4-kr-ac00-d3c9-ad70-kr-c9c4-c811-c74d:region_tutor,kr-acbd-ae30-b3c4-kr-ac00-d3c9-ad70-kr-c9c4-c811-c74d,경기도,99,진접읍,NEW_K_1051,READY_AS_IS,true,,true,PASS,PASS,PASS,PASS
candidate:tutor:kr-acbd-ae30-b3c4-kr-ac00-d3c9-ad70-kr-d1f4-acc4-c6d0-c74d:region_tutor,kr-acbd-ae30-b3c4-kr-ac00-d3c9-ad70-kr-d1f4-acc4-c6d0-c74d,경기도,100,퇴계원읍,NEW_K_1051,READY_AS_IS,true,,true,PASS,PASS,PASS,PASS
candidate:tutor:kr-acbd-ae30-b3c4-kr-ac00-d3c9-ad70-kr-d3c9-b0b4-b3d9:region_tutor,kr-acbd-ae30-b3c4-kr-ac00-d3c9-ad70-kr-d3c9-b0b4-b3d9,경기도,101,평내동,NEW_K_1051,READY_AS_IS,true,,true,PASS,PASS,PASS,PASS
candidate:tutor:kr-acbd-ae30-b3c4-kr-ac00-d3c9-ad70-kr-d638-d3c9-b3d9:region_tutor,kr-acbd-ae30-b3c4-kr-ac00-d3c9-ad70-kr-d638-d3c9-b3d9,경기도,102,호평동,NEW_K_1051,READY_AS_IS,true,,true,PASS,PASS,PASS,PASS
candidate:tutor:kr-acbd-ae30-b3c4-kr-ac00-d3c9-ad70-kr-d654-b3c4-c74d:region_tutor,kr-acbd-ae30-b3c4-kr-ac00-d3c9-ad70-kr-d654-b3c4-c74d,경기도,103,화도읍,NEW_K_1051,READY_AS_IS,true,,true,PASS,PASS,PASS,PASS
candidate:tutor:kr-acbd-ae30-b3c4-kr-ac00-d3c9-ad70-kr-acc4-c218-b3d9:region_tutor,kr-acbd-ae30-b3c4-kr-ac00-d3c9-ad70-kr-acc4-c218-b3d9,경기도,104,계수동,NEW_K_1051,READY_AS_IS,true,,true,PASS,PASS,PASS,PASS
candidate:tutor:kr-acbd-ae30-b3c4-kr-ac00-d3c9-ad70-kr-ad34-c548-b3d9:region_tutor,kr-acbd-ae30-b3c4-kr-ac00-d3c9-ad70-kr-ad34-c548-b3d9,경기도,105,괴안동,NEW_K_1051,READY_AS_IS,true,,true,PASS,PASS,PASS,PASS
candidate:tutor:kr-acbd-ae30-b3c4-kr-ac00-d3c9-ad70-kr-bc94-bc15-b3d9:region_tutor,kr-acbd-ae30-b3c4-kr-ac00-d3c9-ad70-kr-bc94-bc15-b3d9,경기도,106,범박동,NEW_K_1051,READY_AS_IS,true,,true,PASS,PASS,PASS,PASS
candidate:tutor:kr-acbd-ae30-b3c4-kr-ac00-d3c9-ad70-kr-c2ec-ace1-bcf8-b3d9:region_tutor,kr-acbd-ae30-b3c4-kr-ac00-d3c9-ad70-kr-c2ec-ace1-bcf8-b3d9,경기도,107,심곡본동,NEW_K_1051,READY_AS_IS,true,,true,PASS,PASS,PASS,PASS
candidate:tutor:kr-acbd-ae30-b3c4-kr-ac00-d3c9-ad70-kr-c625-ae38-b3d9:region_tutor,kr-acbd-ae30-b3c4-kr-ac00-d3c9-ad70-kr-c625-ae38-b3d9,경기도,108,옥길동,NEW_K_1051,READY_AS_IS,true,,true,PASS,PASS,PASS,PASS
candidate:tutor:kr-acbd-ae30-b3c4-kr-ac00-d3c9-ad70-kr-ace0-ac15-b3d9:region_tutor,kr-acbd-ae30-b3c4-kr-ac00-d3c9-ad70-kr-ace0-ac15-b3d9,경기도,109,고강동,NEW_K_1051,READY_AS_IS,true,,true,PASS,PASS,PASS,PASS
candidate:tutor:kr-acbd-ae30-b3c4-kr-ac00-d3c9-ad70-kr-b0b4-b3d9:region_tutor,kr-acbd-ae30-b3c4-kr-ac00-d3c9-ad70-kr-b0b4-b3d9,경기도,110,오정구 내동,NEW_K_1051,READY_AS_IS,true,,true,PASS,PASS,PASS,PASS
candidate:tutor:kr-acbd-ae30-b3c4-kr-ac00-d3c9-ad70-kr-c0bc-c815-b3d9:region_tutor,kr-acbd-ae30-b3c4-kr-ac00-d3c9-ad70-kr-c0bc-c815-b3d9,경기도,111,삼정동,NEW_K_1051,READY_AS_IS,true,,true,PASS,PASS,PASS,PASS
candidate:tutor:kr-acbd-ae30-b3c4-kr-ac00-d3c9-ad70-kr-c5b4-c6d0-b3d9:region_tutor,kr-acbd-ae30-b3c4-kr-ac00-d3c9-ad70-kr-c5b4-c6d0-b3d9,경기도,112,어원동,NEW_K_1051,READY_AS_IS,true,,true,PASS,PASS,PASS,PASS
candidate:tutor:kr-acbd-ae30-b3c4-kr-ac00-d3c9-ad70-kr-c624-c815-b3d9:region_tutor,kr-acbd-ae30-b3c4-kr-ac00-d3c9-ad70-kr-c624-c815-b3d9,경기도,113,오정동,NEW_K_1051,READY_AS_IS,true,,true,PASS,PASS,PASS,PASS
candidate:tutor:kr-acbd-ae30-b3c4-kr-ac00-d3c9-ad70-kr-c6d0-c885-b3d9:region_tutor,kr-acbd-ae30-b3c4-kr-ac00-d3c9-ad70-kr-c6d0-c885-b3d9,경기도,114,원종동,NEW_K_1051,READY_AS_IS,true,,true,PASS,PASS,PASS,PASS
candidate:tutor:kr-acbd-ae30-b3c4-kr-ac00-d3c9-ad70-kr-c791-b3d9:region_tutor,kr-acbd-ae30-b3c4-kr-ac00-d3c9-ad70-kr-c791-b3d9,경기도,115,오정구 작동,NEW_K_1051,READY_AS_IS,true,,true,PASS,PASS,PASS,PASS
candidate:tutor:kr-acbd-ae30-b3c4-kr-ac00-d3c9-ad70-kr-b3c4-b2f9-b3d9:region_tutor,kr-acbd-ae30-b3c4-kr-ac00-d3c9-ad70-kr-b3c4-b2f9-b3d9,경기도,116,도당동,NEW_K_1051,READY_AS_IS,true,,true,PASS,PASS,PASS,PASS
candidate:tutor:kr-acbd-ae30-b3c4-kr-ac00-d3c9-ad70-kr-c0c1-b3d9:region_tutor,kr-acbd-ae30-b3c4-kr-ac00-d3c9-ad70-kr-c0c1-b3d9,경기도,117,원미구 상동,NEW_K_1051,READY_AS_IS,true,,true,PASS,PASS,PASS,PASS
candidate:tutor:kr-acbd-ae30-b3c4-kr-ac00-d3c9-ad70-kr-c18c-c0ac-b3d9:region_tutor,kr-acbd-ae30-b3c4-kr-ac00-d3c9-ad70-kr-c18c-c0ac-b3d9,경기도,118,원미구 소사동,NEW_K_1051,READY_AS_IS,true,,true,PASS,PASS,PASS,PASS
candidate:tutor:kr-acbd-ae30-b3c4-kr-ac00-d3c9-ad70-kr-c2ec-ace1-b3d9:region_tutor,kr-acbd-ae30-b3c4-kr-ac00-d3c9-ad70-kr-c2ec-ace1-b3d9,경기도,119,심곡동,NEW_K_1051,READY_AS_IS,true,,true,PASS,PASS,PASS,PASS
candidate:tutor:kr-acbd-ae30-b3c4-kr-ac00-d3c9-ad70-kr-c57d-b300-b3d9:region_tutor,kr-acbd-ae30-b3c4-kr-ac00-d3c9-ad70-kr-c57d-b300-b3d9,경기도,120,약대동,NEW_K_1051,READY_AS_IS,true,,true,PASS,PASS,PASS,PASS
candidate:tutor:kr-acbd-ae30-b3c4-kr-ac00-d3c9-ad70-kr-c5ed-ace1-b3d9:region_tutor,kr-acbd-ae30-b3c4-kr-ac00-d3c9-ad70-kr-c5ed-ace1-b3d9,경기도,121,역곡동,NEW_K_1051,READY_AS_IS,true,,true,PASS,PASS,PASS,PASS
candidate:tutor:kr-acbd-ae30-b3c4-kr-ac00-d3c9-ad70-kr-c6d0-bbf8-b3d9:region_tutor,kr-acbd-ae30-b3c4-kr-ac00-d3c9-ad70-kr-c6d0-bbf8-b3d9,경기도,122,원미동,NEW_K_1051,READY_AS_IS,true,,true,PASS,PASS,PASS,PASS
candidate:tutor:kr-acbd-ae30-b3c4-kr-ac00-d3c9-ad70-kr-c911-b3d9:region_tutor,kr-acbd-ae30-b3c4-kr-ac00-d3c9-ad70-kr-c911-b3d9,경기도,123,원미구 중동,NEW_K_1051,READY_AS_IS,true,,true,PASS,PASS,PASS,PASS
candidate:tutor:kr-acbd-ae30-b3c4-kr-ac00-d3c9-ad70-kr-cd98-c758-b3d9:region_tutor,kr-acbd-ae30-b3c4-kr-ac00-d3c9-ad70-kr-cd98-c758-b3d9,경기도,124,춘의동,NEW_K_1051,READY_AS_IS,true,,true,PASS,PASS,PASS,PASS
candidate:tutor:kr-acbd-ae30-b3c4-kr-ac00-d3c9-ad70-kr-ad6c-bbf8-b3d9:region_tutor,kr-acbd-ae30-b3c4-kr-ac00-d3c9-ad70-kr-ad6c-bbf8-b3d9,경기도,125,구미동,NEW_K_1051,READY_AS_IS,true,,true,PASS,PASS,PASS,PASS
candidate:tutor:kr-acbd-ae30-b3c4-kr-ac00-d3c9-ad70-kr-ad81-b0b4-b3d9:region_tutor,kr-acbd-ae30-b3c4-kr-ac00-d3c9-ad70-kr-ad81-b0b4-b3d9,경기도,126,궁내동,NEW_K_1051,READY_AS_IS,true,,true,PASS,PASS,PASS,PASS
candidate:tutor:kr-acbd-ae30-b3c4-kr-ac00-d3c9-ad70-kr-bc31-d604-b3d9:region_tutor,kr-acbd-ae30-b3c4-kr-ac00-d3c9-ad70-kr-bc31-d604-b3d9,경기도,128,백현동,NEW_K_1051,READY_AS_IS,true,,true,PASS,PASS,PASS,PASS
candidate:tutor:kr-acbd-ae30-b3c4-kr-ac00-d3c9-ad70-kr-bd84-b2f9-b3d9:region_tutor,kr-acbd-ae30-b3c4-kr-ac00-d3c9-ad70-kr-bd84-b2f9-b3d9,경기도,129,분당동,NEW_K_1051,READY_AS_IS,true,,true,PASS,PASS,PASS,PASS
candidate:tutor:kr-acbd-ae30-b3c4-kr-ac00-d3c9-ad70-kr-c0bc-d3c9-b3d9:region_tutor,kr-acbd-ae30-b3c4-kr-ac00-d3c9-ad70-kr-c0bc-d3c9-b3d9,경기도,130,삼평동,NEW_K_1051,READY_AS_IS,true,,true,PASS,PASS,PASS,PASS
candidate:tutor:kr-acbd-ae30-b3c4-kr-ac00-d3c9-ad70-kr-c11c-d604-b3d9:region_tutor,kr-acbd-ae30-b3c4-kr-ac00-d3c9-ad70-kr-c11c-d604-b3d9,경기도,131,서현동,NEW_K_1051,READY_AS_IS,true,,true,PASS,PASS,PASS,PASS
candidate:tutor:kr-acbd-ae30-b3c4-kr-ac00-d3c9-ad70-kr-c218-b0b4-b3d9:region_tutor,kr-acbd-ae30-b3c4-kr-ac00-d3c9-ad70-kr-c218-b0b4-b3d9,경기도,132,수내동,NEW_K_1051,READY_AS_IS,true,,true,PASS,PASS,PASS,PASS
candidate:tutor:kr-acbd-ae30-b3c4-kr-ac00-d3c9-ad70-kr-c57c-d0d1-b3d9:region_tutor,kr-acbd-ae30-b3c4-kr-ac00-d3c9-ad70-kr-c57c-d0d1-b3d9,경기도,133,야탑동,NEW_K_1051,READY_AS_IS,true,,true,PASS,PASS,PASS,PASS
candidate:tutor:kr-acbd-ae30-b3c4-kr-ac00-d3c9-ad70-kr-c774-b9e4-b3d9:region_tutor,kr-acbd-ae30-b3c4-kr-ac00-d3c9-ad70-kr-c774-b9e4-b3d9,경기도,134,이매동,NEW_K_1051,READY_AS_IS,true,,true,PASS,PASS,PASS,PASS
candidate:tutor:kr-acbd-ae30-b3c4-kr-ac00-d3c9-ad70-kr-c815-c790-b3d9:region_tutor,kr-acbd-ae30-b3c4-kr-ac00-d3c9-ad70-kr-c815-c790-b3d9,경기도,135,정자동,NEW_K_1051,READY_AS_IS,true,,true,PASS,PASS,PASS,PASS
candidate:tutor:kr-acbd-ae30-b3c4-kr-ac00-d3c9-ad70-kr-d310-ad50-b3d9:region_tutor,kr-acbd-ae30-b3c4-kr-ac00-d3c9-ad70-kr-d310-ad50-b3d9,경기도,136,판교동,NEW_K_1051,READY_AS_IS,true,,true,PASS,PASS,PASS,PASS
candidate:tutor:kr-acbd-ae30-b3c4-kr-ac00-d3c9-ad70-kr-b2e8-b300-b3d9:region_tutor,kr-acbd-ae30-b3c4-kr-ac00-d3c9-ad70-kr-b2e8-b300-b3d9,경기도,137,단대동,NEW_K_1051,READY_AS_IS,true,,true,PASS,PASS,PASS,PASS
candidate:tutor:kr-acbd-ae30-b3c4-kr-ac00-d3c9-ad70-kr-bcf5-c815-b3d9:region_tutor,kr-acbd-ae30-b3c4-kr-ac00-d3c9-ad70-kr-bcf5-c815-b3d9,경기도,138,복정동,NEW_K_1051,READY_AS_IS,true,,true,PASS,PASS,PASS,PASS
candidate:tutor:kr-acbd-ae30-b3c4-kr-ac00-d3c9-ad70-kr-c218-c9c4-b3d9:region_tutor,kr-acbd-ae30-b3c4-kr-ac00-d3c9-ad70-kr-c218-c9c4-b3d9,경기도,139,수진동,NEW_K_1051,READY_AS_IS,true,,true,PASS,PASS,PASS,PASS
candidate:tutor:kr-acbd-ae30-b3c4-kr-ac00-d3c9-ad70-kr-c2e0-d765-b3d9:region_tutor,kr-acbd-ae30-b3c4-kr-ac00-d3c9-ad70-kr-c2e0-d765-b3d9,경기도,140,신흥동,NEW_K_1051,READY_AS_IS,true,,true,PASS,PASS,PASS,PASS
candidate:tutor:kr-acbd-ae30-b3c4-kr-ac00-d3c9-ad70-kr-c591-c9c0-b3d9:region_tutor,kr-acbd-ae30-b3c4-kr-ac00-d3c9-ad70-kr-c591-c9c0-b3d9,경기도,141,양지동,NEW_K_1051,READY_AS_IS,true,,true,PASS,PASS,PASS,PASS
candidate:tutor:kr-acbd-ae30-b3c4-kr-ac00-d3c9-ad70-kr-cc3d-ace1-b3d9:region_tutor,kr-acbd-ae30-b3c4-kr-ac00-d3c9-ad70-kr-cc3d-ace1-b3d9,경기도,142,창곡동,NEW_K_1051,READY_AS_IS,true,,true,PASS,PASS,PASS,PASS
candidate:tutor:kr-acbd-ae30-b3c4-kr-ac00-d3c9-ad70-kr-d0dc-d3c9-b3d9:region_tutor,kr-acbd-ae30-b3c4-kr-ac00-d3c9-ad70-kr-d0dc-d3c9-b3d9,경기도,143,태평동,NEW_K_1051,READY_AS_IS,true,,true,PASS,PASS,PASS,PASS
candidate:tutor:kr-acbd-ae30-b3c4-kr-ac00-d3c9-ad70-kr-c0c1-b300-c6d0-b3d9:region_tutor,kr-acbd-ae30-b3c4-kr-ac00-d3c9-ad70-kr-c0c1-b300-c6d0-b3d9,경기도,144,상대원동,NEW_K_1051,READY_AS_IS,true,,true,PASS,PASS,PASS,PASS
candidate:tutor:kr-acbd-ae30-b3c4-kr-ac00-d3c9-ad70-kr-c5ec-c218-b3d9:region_tutor,kr-acbd-ae30-b3c4-kr-ac00-d3c9-ad70-kr-c5ec-c218-b3d9,경기도,145,여수동,NEW_K_1051,READY_AS_IS,true,,true,PASS,PASS,PASS,PASS
candidate:tutor:kr-acbd-ae30-b3c4-kr-ac00-d3c9-ad70-kr-ace0-c0c9-b3d9:region_tutor,kr-acbd-ae30-b3c4-kr-ac00-d3c9-ad70-kr-ace0-c0c9-b3d9,경기도,146,고색동,NEW_K_1051,READY_AS_IS,true,,true,PASS,PASS,PASS,PASS
candidate:tutor:kr-acbd-ae30-b3c4-kr-ac00-d3c9-ad70-kr-ace1-bc18-c815-b3d9:region_tutor,kr-acbd-ae30-b3c4-kr-ac00-d3c9-ad70-kr-ace1-bc18-c815-b3d9,경기도,147,곡반정동,NEW_K_1051,READY_AS_IS,true,,true,PASS,PASS,PASS,PASS
candidate:tutor:kr-acbd-ae30-b3c4-kr-ac00-d3c9-ad70-kr-ad8c-c120-b3d9:region_tutor,kr-acbd-ae30-b3c4-kr-ac00-d3c9-ad70-kr-ad8c-c120-b3d9,경기도,148,권선동,NEW_K_1051,READY_AS_IS,true,,true,PASS,PASS,PASS,PASS
candidate:tutor:kr-acbd-ae30-b3c4-kr-ac00-d3c9-ad70-kr-b2f9-c218-b3d9:region_tutor,kr-acbd-ae30-b3c4-kr-ac00-d3c9-ad70-kr-b2f9-c218-b3d9,경기도,150,당수동,NEW_K_1051,READY_AS_IS,true,,true,PASS,PASS,PASS,PASS
candidate:tutor:kr-acbd-ae30-b3c4-kr-ac00-d3c9-ad70-kr-c138-b958-b3d9:region_tutor,kr-acbd-ae30-b3c4-kr-ac00-d3c9-ad70-kr-c138-b958-b3d9,경기도,151,세류동,NEW_K_1051,READY_AS_IS,true,,true,PASS,PASS,PASS,PASS
candidate:tutor:kr-acbd-ae30-b3c4-kr-ac00-d3c9-ad70-kr-d3c9-b3d9:region_tutor,kr-acbd-ae30-b3c4-kr-ac00-d3c9-ad70-kr-d3c9-b3d9,경기도,152,권선구 평동,NEW_K_1051,READY_AS_IS,true,,true,PASS,PASS,PASS,PASS
candidate:tutor:kr-acbd-ae30-b3c4-kr-ac00-d3c9-ad70-kr-d638-b9e4-c2e4-b3d9:region_tutor,kr-acbd-ae30-b3c4-kr-ac00-d3c9-ad70-kr-d638-b9e4-c2e4-b3d9,경기도,153,호매실동,NEW_K_1051,READY_AS_IS,true,,true,PASS,PASS,PASS,PASS
candidate:tutor:kr-acbd-ae30-b3c4-kr-ac00-d3c9-ad70-kr-b9dd-d3ec-b3d9:region_tutor,kr-acbd-ae30-b3c4-kr-ac00-d3c9-ad70-kr-b9dd-d3ec-b3d9,경기도,154,망포동,NEW_K_1051,READY_AS_IS,true,,true,PASS,PASS,PASS,PASS
candidate:tutor:kr-acbd-ae30-b3c4-kr-ac00-d3c9-ad70-kr-b9e4-d0c4-b3d9:region_tutor,kr-acbd-ae30-b3c4-kr-ac00-d3c9-ad70-kr-b9e4-d0c4-b3d9,경기도,155,매탄동,NEW_K_1051,READY_AS_IS,true,,true,PASS,PASS,PASS,PASS
candidate:tutor:kr-acbd-ae30-b3c4-kr-ac00-d3c9-ad70-kr-c2e0-b3d9:region_tutor,kr-acbd-ae30-b3c4-kr-ac00-d3c9-ad70-kr-c2e0-b3d9,경기도,156,영통구 신동,NEW_K_1051,READY_AS_IS,true,,true,PASS,PASS,PASS,PASS
candidate:tutor:kr-acbd-ae30-b3c4-kr-ac00-d3c9-ad70-kr-c601-d1b5-b3d9:region_tutor,kr-acbd-ae30-b3c4-kr-ac00-d3c9-ad70-kr-c601-d1b5-b3d9,경기도,157,영통동,NEW_K_1051,READY_AS_IS,true,,true,PASS,PASS,PASS,PASS
candidate:tutor:kr-acbd-ae30-b3c4-kr-ac00-d3c9-ad70-kr-c6d0-cc9c-b3d9:region_tutor,kr-acbd-ae30-b3c4-kr-ac00-d3c9-ad70-kr-c6d0-cc9c-b3d9,경기도,158,원천동,NEW_K_1051,READY_AS_IS,true,,true,PASS,PASS,PASS,PASS
candidate:tutor:kr-acbd-ae30-b3c4-kr-ac00-d3c9-ad70-kr-c774-c758-b3d9:region_tutor,kr-acbd-ae30-b3c4-kr-ac00-d3c9-ad70-kr-c774-c758-b3d9,경기도,159,이의동,NEW_K_1051,READY_AS_IS,true,,true,PASS,PASS,PASS,PASS
candidate:tutor:kr-acbd-ae30-b3c4-kr-ac00-d3c9-ad70-kr-d558-b3d9:region_tutor,kr-acbd-ae30-b3c4-kr-ac00-d3c9-ad70-kr-d558-b3d9,경기도,160,영통구 하동,NEW_K_1051,READY_AS_IS,true,,true,PASS,PASS,PASS,PASS
candidate:tutor:kr-acbd-ae30-b3c4-kr-ac00-d3c9-ad70-kr-c1a1-c8fd-b3d9:region_tutor,kr-acbd-ae30-b3c4-kr-ac00-d3c9-ad70-kr-c1a1-c8fd-b3d9,경기도,161,송죽동,NEW_K_1051,READY_AS_IS,true,,true,PASS,PASS,PASS,PASS
candidate:tutor:kr-acbd-ae30-b3c4-kr-ac00-d3c9-ad70-kr-c5f0-bb34-b3d9:region_tutor,kr-acbd-ae30-b3c4-kr-ac00-d3c9-ad70-kr-c5f0-bb34-b3d9,경기도,162,연무동,NEW_K_1051,READY_AS_IS,true,,true,PASS,PASS,PASS,PASS
candidate:tutor:kr-acbd-ae30-b3c4-kr-ac00-d3c9-ad70-kr-c601-d654-b3d9:region_tutor,kr-acbd-ae30-b3c4-kr-ac00-d3c9-ad70-kr-c601-d654-b3d9,경기도,163,영화동,NEW_K_1051,READY_AS_IS,true,,true,PASS,PASS,PASS,PASS
candidate:tutor:kr-acbd-ae30-b3c4-kr-ac00-d3c9-ad70-kr-c774-baa9-b3d9:region_tutor,kr-acbd-ae30-b3c4-kr-ac00-d3c9-ad70-kr-c774-baa9-b3d9,경기도,164,이목동,NEW_K_1051,READY_AS_IS,true,,true,PASS,PASS,PASS,PASS
candidate:tutor:kr-acbd-ae30-b3c4-kr-ac00-d3c9-ad70-kr-c9c4-cc9c-b3d9:region_tutor,kr-acbd-ae30-b3c4-kr-ac00-d3c9-ad70-kr-c9c4-cc9c-b3d9,경기도,165,진천동,NEW_K_1051,READY_AS_IS,true,,true,PASS,PASS,PASS,PASS
candidate:tutor:kr-acbd-ae30-b3c4-kr-ac00-d3c9-ad70-kr-b9e4-ad50-b3d9:region_tutor,kr-acbd-ae30-b3c4-kr-ac00-d3c9-ad70-kr-b9e4-ad50-b3d9,경기도,166,매교동,NEW_K_1051,READY_AS_IS,true,,true,PASS,PASS,PASS,PASS
candidate:tutor:kr-acbd-ae30-b3c4-kr-ac00-d3c9-ad70-kr-c6b0-b9cc-b3d9:region_tutor,kr-acbd-ae30-b3c4-kr-ac00-d3c9-ad70-kr-c6b0-b9cc-b3d9,경기도,167,우만동,NEW_K_1051,READY_AS_IS,true,,true,PASS,PASS,PASS,PASS
candidate:tutor:kr-acbd-ae30-b3c4-kr-ac00-d3c9-ad70-kr-c778-acc4-b3d9:region_tutor,kr-acbd-ae30-b3c4-kr-ac00-d3c9-ad70-kr-c778-acc4-b3d9,경기도,168,인계동,NEW_K_1051,READY_AS_IS,true,,true,PASS,PASS,PASS,PASS
candidate:tutor:kr-acbd-ae30-b3c4-kr-ac00-d3c9-ad70-kr-ad70-c790-b3d9:region_tutor,kr-acbd-ae30-b3c4-kr-ac00-d3c9-ad70-kr-ad70-c790-b3d9,경기도,169,군자동,NEW_K_1051,READY_AS_IS,true,,true,PASS,PASS,PASS,PASS
candidate:tutor:kr-acbd-ae30-b3c4-kr-ac00-d3c9-ad70-kr-b2a5-ace1-b3d9:region_tutor,kr-acbd-ae30-b3c4-kr-ac00-d3c9-ad70-kr-b2a5-ace1-b3d9,경기도,170,능곡동,NEW_K_1051,READY_AS_IS,true,,true,PASS,PASS,PASS,PASS
candidate:tutor:kr-acbd-ae30-b3c4-kr-ac00-d3c9-ad70-kr-b300-c57c-b3d9:region_tutor,kr-acbd-ae30-b3c4-kr-ac00-d3c9-ad70-kr-b300-c57c-b3d9,경기도,171,대야동,NEW_K_1051,READY_AS_IS,true,,true,PASS,PASS,PASS,PASS
candidate:tutor:kr-acbd-ae30-b3c4-kr-ac00-d3c9-ad70-kr-baa9-ac10-b3d9:region_tutor,kr-acbd-ae30-b3c4-kr-ac00-d3c9-ad70-kr-baa9-ac10-b3d9,경기도,172,목감동,NEW_K_1051,READY_AS_IS,true,,true,PASS,PASS,PASS,PASS
candidate:tutor:kr-acbd-ae30-b3c4-kr-ac00-d3c9-ad70-kr-bc30-ace7-b3d9:region_tutor,kr-acbd-ae30-b3c4-kr-ac00-d3c9-ad70-kr-bc30-ace7-b3d9,경기도,173,배곧동,NEW_K_1051,READY_AS_IS,true,,true,PASS,PASS,PASS,PASS
candidate:tutor:kr-acbd-ae30-b3c4-kr-ac00-d3c9-ad70-kr-c6d4-acf6-b3d9:region_tutor,kr-acbd-ae30-b3c4-kr-ac00-d3c9-ad70-kr-c6d4-acf6-b3d9,경기도,174,월곶동,NEW_K_1051,READY_AS_IS,true,,true,PASS,PASS,PASS,PASS
candidate:tutor:kr-acbd-ae30-b3c4-kr-ac00-d3c9-ad70-kr-c740-d589-b3d9:region_tutor,kr-acbd-ae30-b3c4-kr-ac00-d3c9-ad70-kr-c740-d589-b3d9,경기도,175,은행동,NEW_K_1051,READY_AS_IS,true,,true,PASS,PASS,PASS,PASS
candidate:tutor:kr-acbd-ae30-b3c4-kr-ac00-d3c9-ad70-kr-c7a5-ace1-b3d9:region_tutor,kr-acbd-ae30-b3c4-kr-ac00-d3c9-ad70-kr-c7a5-ace1-b3d9,경기도,176,장곡동,NEW_K_1051,READY_AS_IS,true,,true,PASS,PASS,PASS,PASS
candidate:tutor:kr-acbd-ae30-b3c4-kr-ac00-d3c9-ad70-kr-c7a5-d604-b3d9:region_tutor,kr-acbd-ae30-b3c4-kr-ac00-d3c9-ad70-kr-c7a5-d604-b3d9,경기도,177,장현동,NEW_K_1051,READY_AS_IS,true,,true,PASS,PASS,PASS,PASS
candidate:tutor:kr-acbd-ae30-b3c4-kr-ac00-d3c9-ad70-kr-c815-c655-b3d9:region_tutor,kr-acbd-ae30-b3c4-kr-ac00-d3c9-ad70-kr-c815-c655-b3d9,경기도,178,정왕동,NEW_K_1051,READY_AS_IS,true,,true,PASS,PASS,PASS,PASS
candidate:tutor:kr-acbd-ae30-b3c4-kr-ac00-d3c9-ad70-kr-c870-b0a8-b3d9:region_tutor,kr-acbd-ae30-b3c4-kr-ac00-d3c9-ad70-kr-c870-b0a8-b3d9,경기도,179,조남동,NEW_K_1051,READY_AS_IS,true,,true,PASS,PASS,PASS,PASS
candidate:tutor:kr-acbd-ae30-b3c4-kr-ac00-d3c9-ad70-kr-ace0-c794-b3d9:region_tutor,kr-acbd-ae30-b3c4-kr-ac00-d3c9-ad70-kr-ace0-c794-b3d9,경기도,180,고잔동,NEW_K_1051,READY_AS_IS,true,,true,PASS,PASS,PASS,PASS
candidate:tutor:kr-acbd-ae30-b3c4-kr-ac00-d3c9-ad70-kr-c120-bd80-b3d9:region_tutor,kr-acbd-ae30-b3c4-kr-ac00-d3c9-ad70-kr-c120-bd80-b3d9,경기도,181,선부동,NEW_K_1051,READY_AS_IS,true,,true,PASS,PASS,PASS,PASS
candidate:tutor:kr-acbd-ae30-b3c4-kr-ac00-d3c9-ad70-kr-c2e0-ae38-b3d9:region_tutor,kr-acbd-ae30-b3c4-kr-ac00-d3c9-ad70-kr-c2e0-ae38-b3d9,경기도,182,신길동,NEW_K_1051,READY_AS_IS,true,,true,PASS,PASS,PASS,PASS
candidate:tutor:kr-acbd-ae30-b3c4-kr-ac00-d3c9-ad70-kr-c640-b3d9:region_tutor,kr-acbd-ae30-b3c4-kr-ac00-d3c9-ad70-kr-c640-b3d9,경기도,183,단원구 와동,NEW_K_1051,READY_AS_IS,true,,true,PASS,PASS,PASS,PASS
candidate:tutor:kr-acbd-ae30-b3c4-kr-ac00-d3c9-ad70-kr-c6d0-ace1-b3d9:region_tutor,kr-acbd-ae30-b3c4-kr-ac00-d3c9-ad70-kr-c6d0-ace1-b3d9,경기도,184,원곡동,NEW_K_1051,READY_AS_IS,true,,true,PASS,PASS,PASS,PASS
candidate:tutor:kr-acbd-ae30-b3c4-kr-ac00-d3c9-ad70-kr-cd08-c9c0-b3d9:region_tutor,kr-acbd-ae30-b3c4-kr-ac00-d3c9-ad70-kr-cd08-c9c0-b3d9,경기도,185,초지동,NEW_K_1051,READY_AS_IS,true,,true,PASS,PASS,PASS,PASS
candidate:tutor:kr-acbd-ae30-b3c4-kr-ac00-d3c9-ad70-kr-bcf8-c624-b3d9:region_tutor,kr-acbd-ae30-b3c4-kr-ac00-d3c9-ad70-kr-bcf8-c624-b3d9,경기도,186,본오동,NEW_K_1051,READY_AS_IS,true,,true,PASS,PASS,PASS,PASS
candidate:tutor:kr-acbd-ae30-b3c4-kr-ac00-d3c9-ad70-kr-c0ac-b3d9:region_tutor,kr-acbd-ae30-b3c4-kr-ac00-d3c9-ad70-kr-c0ac-b3d9,경기도,188,상록구 사동,NEW_K_1051,READY_AS_IS,true,,true,PASS,PASS,PASS,PASS
candidate:tutor:kr-acbd-ae30-b3c4-kr-ac00-d3c9-ad70-kr-c131-d3ec-b3d9:region_tutor,kr-acbd-ae30-b3c4-kr-ac00-d3c9-ad70-kr-c131-d3ec-b3d9,경기도,189,성포동,NEW_K_1051,READY_AS_IS,true,,true,PASS,PASS,PASS,PASS
candidate:tutor:kr-acbd-ae30-b3c4-kr-ac00-d3c9-ad70-kr-c6d4-d53c-b3d9:region_tutor,kr-acbd-ae30-b3c4-kr-ac00-d3c9-ad70-kr-c6d4-d53c-b3d9,경기도,190,월피동,NEW_K_1051,READY_AS_IS,true,,true,PASS,PASS,PASS,PASS
candidate:tutor:kr-acbd-ae30-b3c4-kr-ac00-d3c9-ad70-kr-c774-b3d9:region_tutor,kr-acbd-ae30-b3c4-kr-ac00-d3c9-ad70-kr-c774-b3d9,경기도,191,상록구 이동,NEW_K_1051,READY_AS_IS,true,,true,PASS,PASS,PASS,PASS
candidate:tutor:kr-acbd-ae30-b3c4-kr-ac00-d3c9-ad70-kr-ad00-c591-b3d9:region_tutor,kr-acbd-ae30-b3c4-kr-ac00-d3c9-ad70-kr-ad00-c591-b3d9,경기도,192,관양동,NEW_K_1051,READY_AS_IS,true,,true,PASS,PASS,PASS,PASS
candidate:tutor:kr-acbd-ae30-b3c4-kr-ac00-d3c9-ad70-kr-be44-c0b0-b3d9:region_tutor,kr-acbd-ae30-b3c4-kr-ac00-d3c9-ad70-kr-be44-c0b0-b3d9,경기도,193,비산동,NEW_K_1051,READY_AS_IS,true,,true,PASS,PASS,PASS,PASS
candidate:tutor:kr-acbd-ae30-b3c4-kr-ac00-d3c9-ad70-kr-d3c9-cd0c-b3d9:region_tutor,kr-acbd-ae30-b3c4-kr-ac00-d3c9-ad70-kr-d3c9-cd0c-b3d9,경기도,194,평촌동,NEW_K_1051,READY_AS_IS,true,,true,PASS,PASS,PASS,PASS
candidate:tutor:kr-acbd-ae30-b3c4-kr-ac00-d3c9-ad70-kr-d638-acc4-b3d9:region_tutor,kr-acbd-ae30-b3c4-kr-ac00-d3c9-ad70-kr-d638-acc4-b3d9,경기도,195,호계동,NEW_K_1051,READY_AS_IS,true,,true,PASS,PASS,PASS,PASS
candidate:tutor:kr-acbd-ae30-b3c4-kr-ac00-d3c9-ad70-kr-bc15-b2ec-b3d9:region_tutor,kr-acbd-ae30-b3c4-kr-ac00-d3c9-ad70-kr-bc15-b2ec-b3d9,경기도,196,박달동,NEW_K_1051,READY_AS_IS,true,,true,PASS,PASS,PASS,PASS
candidate:tutor:kr-acbd-ae30-b3c4-kr-ac00-d3c9-ad70-kr-c11d-c218-b3d9:region_tutor,kr-acbd-ae30-b3c4-kr-ac00-d3c9-ad70-kr-c11d-c218-b3d9,경기도,197,석수동,NEW_K_1051,READY_AS_IS,true,,true,PASS,PASS,PASS,PASS
candidate:tutor:kr-acbd-ae30-b3c4-kr-ac00-d3c9-ad70-kr-c548-c591-b3d9:region_tutor,kr-acbd-ae30-b3c4-kr-ac00-d3c9-ad70-kr-c548-c591-b3d9,경기도,198,안양동,NEW_K_1051,READY_AS_IS,true,,true,PASS,PASS,PASS,PASS
candidate:tutor:kr-acbd-ae30-b3c4-kr-ac00-d3c9-ad70-kr-ace0-c74d-b3d9:region_tutor,kr-acbd-ae30-b3c4-kr-ac00-d3c9-ad70-kr-ace0-c74d-b3d9,경기도,199,고읍동,NEW_K_1051,READY_AS_IS,true,,true,PASS,PASS,PASS,PASS
candidate:tutor:kr-acbd-ae30-b3c4-kr-ac00-d3c9-ad70-kr-b354-acc4-b3d9:region_tutor,kr-acbd-ae30-b3c4-kr-ac00-d3c9-ad70-kr-b354-acc4-b3d9,경기도,200,더계동,NEW_K_1051,READY_AS_IS,true,,true,PASS,PASS,PASS,PASS
candidate:tutor:kr-acbd-ae30-b3c4-kr-ac00-d3c9-ad70-kr-b355-c815-b3d9:region_tutor,kr-acbd-ae30-b3c4-kr-ac00-d3c9-ad70-kr-b355-c815-b3d9,경기도,201,덕정동,NEW_K_1051,READY_AS_IS,true,,true,PASS,PASS,PASS,PASS
candidate:tutor:kr-acbd-ae30-b3c4-kr-ac00-d3c9-ad70-kr-c625-c815-b3d9:region_tutor,kr-acbd-ae30-b3c4-kr-ac00-d3c9-ad70-kr-c625-c815-b3d9,경기도,202,옥정동,NEW_K_1051,READY_AS_IS,true,,true,PASS,PASS,PASS,PASS
candidate:tutor:kr-acbd-ae30-b3c4-kr-ac00-d3c9-ad70-kr-c728-c815-b3d9:region_tutor,kr-acbd-ae30-b3c4-kr-ac00-d3c9-ad70-kr-c728-c815-b3d9,경기도,203,율정동,NEW_K_1051,READY_AS_IS,true,,true,PASS,PASS,PASS,PASS
candidate:tutor:kr-acbd-ae30-b3c4-kr-ac00-d3c9-ad70-kr-c624-d559-b3d9:region_tutor,kr-acbd-ae30-b3c4-kr-ac00-d3c9-ad70-kr-c624-d559-b3d9,경기도,204,오학동,NEW_K_1051,READY_AS_IS,true,,true,PASS,PASS,PASS,PASS
candidate:tutor:kr-acbd-ae30-b3c4-kr-ac00-d3c9-ad70-kr-cc9c-c1a1-b3d9:region_tutor,kr-acbd-ae30-b3c4-kr-ac00-d3c9-ad70-kr-cc9c-c1a1-b3d9,경기도,205,천송동,NEW_K_1051,READY_AS_IS,true,,true,PASS,PASS,PASS,PASS
candidate:tutor:kr-acbd-ae30-b3c4-kr-ac00-d3c9-ad70-kr-d604-c554-b3d9:region_tutor,kr-acbd-ae30-b3c4-kr-ac00-d3c9-ad70-kr-d604-c554-b3d9,경기도,206,현암동,NEW_K_1051,READY_AS_IS,true,,true,PASS,PASS,PASS,PASS
candidate:tutor:kr-acbd-ae30-b3c4-kr-ac00-d3c9-ad70-kr-d64d-bb38-b3d9:region_tutor,kr-acbd-ae30-b3c4-kr-ac00-d3c9-ad70-kr-d64d-bb38-b3d9,경기도,207,홍문동,NEW_K_1051,READY_AS_IS,true,,true,PASS,PASS,PASS,PASS
candidate:tutor:kr-acbd-ae30-b3c4-kr-ac00-d3c9-ad70-kr-ad90-b3d9:region_tutor,kr-acbd-ae30-b3c4-kr-ac00-d3c9-ad70-kr-ad90-b3d9,경기도,208,오산시 궐동,NEW_K_1051,READY_AS_IS,true,,true,PASS,PASS,PASS,PASS
candidate:tutor:kr-acbd-ae30-b3c4-kr-ac00-d3c9-ad70-kr-b0b4-c0bc-bbf8-b3d9:region_tutor,kr-acbd-ae30-b3c4-kr-ac00-d3c9-ad70-kr-b0b4-c0bc-bbf8-b3d9,경기도,209,내삼미동,NEW_K_1051,READY_AS_IS,true,,true,PASS,PASS,PASS,PASS
candidate:tutor:kr-acbd-ae30-b3c4-kr-ac00-d3c9-ad70-kr-bd80-c0b0-b3d9:region_tutor,kr-acbd-ae30-b3c4-kr-ac00-d3c9-ad70-kr-bd80-c0b0-b3d9,경기도,210,부산동,NEW_K_1051,READY_AS_IS,true,,true,PASS,PASS,PASS,PASS
candidate:tutor:kr-acbd-ae30-b3c4-kr-ac00-d3c9-ad70-kr-c138-ad50-b3d9:region_tutor,kr-acbd-ae30-b3c4-kr-ac00-d3c9-ad70-kr-c138-ad50-b3d9,경기도,211,세교동,NEW_K_1051,READY_AS_IS,true,,true,PASS,PASS,PASS,PASS
candidate:tutor:kr-acbd-ae30-b3c4-kr-ac00-d3c9-ad70-kr-c218-c815-b3d9:region_tutor,kr-acbd-ae30-b3c4-kr-ac00-d3c9-ad70-kr-c218-c815-b3d9,경기도,212,수정동,NEW_K_1051,READY_AS_IS,true,,true,PASS,PASS,PASS,PASS
candidate:tutor:kr-acbd-ae30-b3c4-kr-ac00-d3c9-ad70-kr-c624-c0b0-b3d9:region_tutor,kr-acbd-ae30-b3c4-kr-ac00-d3c9-ad70-kr-c624-c0b0-b3d9,경기도,213,오산동,NEW_K_1051,READY_AS_IS,true,,true,PASS,PASS,PASS,PASS
candidate:tutor:kr-acbd-ae30-b3c4-kr-ac00-d3c9-ad70-kr-c678-c0bc-bbf8-b3d9:region_tutor,kr-acbd-ae30-b3c4-kr-ac00-d3c9-ad70-kr-c678-c0bc-bbf8-b3d9,경기도,214,외삼미동,NEW_K_1051,READY_AS_IS,true,,true,PASS,PASS,PASS,PASS
candidate:tutor:kr-acbd-ae30-b3c4-kr-ac00-d3c9-ad70-kr-c6d0-b3d9:region_tutor,kr-acbd-ae30-b3c4-kr-ac00-d3c9-ad70-kr-c6d0-b3d9,경기도,215,오산시 원동,NEW_K_1051,READY_AS_IS,true,,true,PASS,PASS,PASS,PASS
candidate:tutor:kr-acbd-ae30-b3c4-kr-ac00-d3c9-ad70-kr-ad6c-ac08-b3d9:region_tutor,kr-acbd-ae30-b3c4-kr-ac00-d3c9-ad70-kr-ad6c-ac08-b3d9,경기도,216,구갈동,NEW_K_1051,READY_AS_IS,true,,true,PASS,PASS,PASS,PASS
candidate:tutor:kr-acbd-ae30-b3c4-kr-ac00-d3c9-ad70-kr-b3d9-bc31-b3d9:region_tutor,kr-acbd-ae30-b3c4-kr-ac00-d3c9-ad70-kr-b3d9-bc31-b3d9,경기도,217,동백동,NEW_K_1051,READY_AS_IS,true,,true,PASS,PASS,PASS,PASS
candidate:tutor:kr-acbd-ae30-b3c4-kr-ac00-d3c9-ad70-kr-b9c8-bd81-b3d9:region_tutor,kr-acbd-ae30-b3c4-kr-ac00-d3c9-ad70-kr-b9c8-bd81-b3d9,경기도,218,마북동,NEW_K_1051,READY_AS_IS,true,,true,PASS,PASS,PASS,PASS
candidate:tutor:kr-acbd-ae30-b3c4-kr-ac00-d3c9-ad70-kr-bcf4-c815-b3d9:region_tutor,kr-acbd-ae30-b3c4-kr-ac00-d3c9-ad70-kr-bcf4-c815-b3d9,경기도,219,보정동,NEW_K_1051,READY_AS_IS,true,,true,PASS,PASS,PASS,PASS
candidate:tutor:kr-acbd-ae30-b3c4-kr-ac00-d3c9-ad70-kr-c0c1-ac08-b3d9:region_tutor,kr-acbd-ae30-b3c4-kr-ac00-d3c9-ad70-kr-c0c1-ac08-b3d9,경기도,220,상갈동,NEW_K_1051,READY_AS_IS,true,,true,PASS,PASS,PASS,PASS
candidate:tutor:kr-acbd-ae30-b3c4-kr-ac00-d3c9-ad70-kr-c0c1-d558-b3d9:region_tutor,kr-acbd-ae30-b3c4-kr-ac00-d3c9-ad70-kr-c0c1-d558-b3d9,경기도,221,상하동,NEW_K_1051,READY_AS_IS,true,,true,PASS,PASS,PASS,PASS
candidate:tutor:kr-acbd-ae30-b3c4-kr-ac00-d3c9-ad70-kr-c2e0-ac08-b3d9:region_tutor,kr-acbd-ae30-b3c4-kr-ac00-d3c9-ad70-kr-c2e0-ac08-b3d9,경기도,222,신갈동,NEW_K_1051,READY_AS_IS,true,,true,PASS,PASS,PASS,PASS
candidate:tutor:kr-acbd-ae30-b3c4-kr-ac00-d3c9-ad70-kr-c5b8-b0a8-b3d9:region_tutor,kr-acbd-ae30-b3c4-kr-ac00-d3c9-ad70-kr-c5b8-b0a8-b3d9,경기도,223,언남동,NEW_K_1051,READY_AS_IS,true,,true,PASS,PASS,PASS,PASS
candidate:tutor:kr-acbd-ae30-b3c4-kr-ac00-d3c9-ad70-kr-c601-b355-b3d9:region_tutor,kr-acbd-ae30-b3c4-kr-ac00-d3c9-ad70-kr-c601-b355-b3d9,경기도,224,영덕동,NEW_K_1051,READY_AS_IS,true,,true,PASS,PASS,PASS,PASS
candidate:tutor:kr-acbd-ae30-b3c4-kr-ac00-d3c9-ad70-kr-cc3d-b355-b3d9:region_tutor,kr-acbd-ae30-b3c4-kr-ac00-d3c9-ad70-kr-cc3d-b355-b3d9,경기도,226,창덕동,NEW_K_1051,READY_AS_IS,true,,true,PASS,PASS,PASS,PASS
candidate:tutor:kr-acbd-ae30-b3c4-kr-ac00-d3c9-ad70-kr-b3d9-cc9c-b3d9:region_tutor,kr-acbd-ae30-b3c4-kr-ac00-d3c9-ad70-kr-b3d9-cc9c-b3d9,경기도,227,동천동,NEW_K_1051,READY_AS_IS,true,,true,PASS,PASS,PASS,PASS
candidate:tutor:kr-acbd-ae30-b3c4-kr-ac00-d3c9-ad70-kr-c0c1-d604-b3d9:region_tutor,kr-acbd-ae30-b3c4-kr-ac00-d3c9-ad70-kr-c0c1-d604-b3d9,경기도,228,상현동,NEW_K_1051,READY_AS_IS,true,,true,PASS,PASS,PASS,PASS
candidate:tutor:kr-acbd-ae30-b3c4-kr-ac00-d3c9-ad70-kr-c131-bcf5-b3d9:region_tutor,kr-acbd-ae30-b3c4-kr-ac00-d3c9-ad70-kr-c131-bcf5-b3d9,경기도,229,성복동,NEW_K_1051,READY_AS_IS,true,,true,PASS,PASS,PASS,PASS
candidate:tutor:kr-acbd-ae30-b3c4-kr-ac00-d3c9-ad70-kr-c2e0-bd09-b3d9:region_tutor,kr-acbd-ae30-b3c4-kr-ac00-d3c9-ad70-kr-c2e0-bd09-b3d9,경기도,230,신봉동,NEW_K_1051,READY_AS_IS,true,,true,PASS,PASS,PASS,PASS
candidate:tutor:kr-acbd-ae30-b3c4-kr-ac00-d3c9-ad70-kr-c8fd-c804-b3d9:region_tutor,kr-acbd-ae30-b3c4-kr-ac00-d3c9-ad70-kr-c8fd-c804-b3d9,경기도,231,죽전동,NEW_K_1051,READY_AS_IS,true,,true,PASS,PASS,PASS,PASS
candidate:tutor:kr-acbd-ae30-b3c4-kr-ac00-d3c9-ad70-kr-d48d-b355-cc9c-b3d9:region_tutor,kr-acbd-ae30-b3c4-kr-ac00-d3c9-ad70-kr-d48d-b355-cc9c-b3d9,경기도,232,풍덕천동,NEW_K_1051,READY_AS_IS,true,,true,PASS,PASS,PASS,PASS
candidate:tutor:kr-acbd-ae30-b3c4-kr-ac00-d3c9-ad70-kr-ae40-b7c9-c7a5-b3d9:region_tutor,kr-acbd-ae30-b3c4-kr-ac00-d3c9-ad70-kr-ae40-b7c9-c7a5-b3d9,경기도,233,김량장동,NEW_K_1051,READY_AS_IS,true,,true,PASS,PASS,PASS,PASS
candidate:tutor:kr-acbd-ae30-b3c4-kr-ac00-d3c9-ad70-kr-c0bc-ac00-b3d9:region_tutor,kr-acbd-ae30-b3c4-kr-ac00-d3c9-ad70-kr-c0bc-ac00-b3d9,경기도,234,삼가동,NEW_K_1051,READY_AS_IS,true,,true,PASS,PASS,PASS,PASS
candidate:tutor:kr-acbd-ae30-b3c4-kr-ac00-d3c9-ad70-kr-c5ed-bd81-b3d9:region_tutor,kr-acbd-ae30-b3c4-kr-ac00-d3c9-ad70-kr-c5ed-bd81-b3d9,경기도,235,역북동,NEW_K_1051,READY_AS_IS,true,,true,PASS,PASS,PASS,PASS
candidate:tutor:kr-acbd-ae30-b3c4-kr-ac00-d3c9-ad70-kr-ace0-cc9c-b3d9:region_tutor,kr-acbd-ae30-b3c4-kr-ac00-d3c9-ad70-kr-ace0-cc9c-b3d9,경기도,236,고천동,NEW_K_1051,READY_AS_IS,true,,true,PASS,PASS,PASS,PASS
candidate:tutor:kr-acbd-ae30-b3c4-kr-ac00-d3c9-ad70-kr-b0b4-c190-b3d9:region_tutor,kr-acbd-ae30-b3c4-kr-ac00-d3c9-ad70-kr-b0b4-c190-b3d9,경기도,237,내손동,NEW_K_1051,READY_AS_IS,true,,true,PASS,PASS,PASS,PASS
candidate:tutor:kr-acbd-ae30-b3c4-kr-ac00-d3c9-ad70-kr-c624-c804-b3d9:region_tutor,kr-acbd-ae30-b3c4-kr-ac00-d3c9-ad70-kr-c624-c804-b3d9,경기도,238,오전동,NEW_K_1051,READY_AS_IS,true,,true,PASS,PASS,PASS,PASS
candidate:tutor:kr-acbd-ae30-b3c4-kr-ac00-d3c9-ad70-kr-ac00-b2a5-b3d9:region_tutor,kr-acbd-ae30-b3c4-kr-ac00-d3c9-ad70-kr-ac00-b2a5-b3d9,경기도,239,가능동,NEW_K_1051,READY_AS_IS,true,,true,PASS,PASS,PASS,PASS
candidate:tutor:kr-acbd-ae30-b3c4-kr-ac00-d3c9-ad70-kr-ae08-c624-b3d9:region_tutor,kr-acbd-ae30-b3c4-kr-ac00-d3c9-ad70-kr-ae08-c624-b3d9,경기도,241,금오동,NEW_K_1051,READY_AS_IS,true,,true,PASS,PASS,PASS,PASS
candidate:tutor:kr-acbd-ae30-b3c4-kr-ac00-d3c9-ad70-kr-b099-c591-b3d9:region_tutor,kr-acbd-ae30-b3c4-kr-ac00-d3c9-ad70-kr-b099-c591-b3d9,경기도,242,낙양동,NEW_K_1051,READY_AS_IS,true,,true,PASS,PASS,PASS,PASS
candidate:tutor:kr-acbd-ae30-b3c4-kr-ac00-d3c9-ad70-kr-b179-c591-b3d9:region_tutor,kr-acbd-ae30-b3c4-kr-ac00-d3c9-ad70-kr-b179-c591-b3d9,경기도,243,녹양동,NEW_K_1051,READY_AS_IS,true,,true,PASS,PASS,PASS,PASS
candidate:tutor:kr-acbd-ae30-b3c4-kr-ac00-d3c9-ad70-kr-bbfc-b77d-b3d9:region_tutor,kr-acbd-ae30-b3c4-kr-ac00-d3c9-ad70-kr-bbfc-b77d-b3d9,경기도,244,민락동,NEW_K_1051,READY_AS_IS,true,,true,PASS,PASS,PASS,PASS
candidate:tutor:kr-acbd-ae30-b3c4-kr-ac00-d3c9-ad70-kr-c0b0-ace1-b3d9:region_tutor,kr-acbd-ae30-b3c4-kr-ac00-d3c9-ad70-kr-c0b0-ace1-b3d9,경기도,245,산곡동,NEW_K_1051,READY_AS_IS,true,,true,PASS,PASS,PASS,PASS
candidate:tutor:kr-acbd-ae30-b3c4-kr-ac00-d3c9-ad70-kr-c2e0-ace1-b3d9:region_tutor,kr-acbd-ae30-b3c4-kr-ac00-d3c9-ad70-kr-c2e0-ace1-b3d9,경기도,246,신곡동,NEW_K_1051,READY_AS_IS,true,,true,PASS,PASS,PASS,PASS
candidate:tutor:kr-acbd-ae30-b3c4-kr-ac00-d3c9-ad70-kr-c6a9-d604-b3d9:region_tutor,kr-acbd-ae30-b3c4-kr-ac00-d3c9-ad70-kr-c6a9-d604-b3d9,경기도,247,용현동,NEW_K_1051,READY_AS_IS,true,,true,PASS,PASS,PASS,PASS
candidate:tutor:kr-acbd-ae30-b3c4-kr-ac00-d3c9-ad70-kr-c758-c815-bd80-b3d9:region_tutor,kr-acbd-ae30-b3c4-kr-ac00-d3c9-ad70-kr-c758-c815-bd80-b3d9,경기도,248,의정부동,NEW_K_1051,READY_AS_IS,true,,true,PASS,PASS,PASS,PASS
candidate:tutor:kr-acbd-ae30-b3c4-kr-ac00-d3c9-ad70-kr-c7a5-c554-b3d9:region_tutor,kr-acbd-ae30-b3c4-kr-ac00-d3c9-ad70-kr-c7a5-c554-b3d9,경기도,249,장암동,NEW_K_1051,READY_AS_IS,true,,true,PASS,PASS,PASS,PASS
candidate:tutor:kr-acbd-ae30-b3c4-kr-ac00-d3c9-ad70-kr-d638-c6d0-b3d9:region_tutor,kr-acbd-ae30-b3c4-kr-ac00-d3c9-ad70-kr-d638-c6d0-b3d9,경기도,250,호원동,NEW_K_1051,READY_AS_IS,true,,true,PASS,PASS,PASS,PASS
candidate:tutor:kr-acbd-ae30-b3c4-kr-ac00-d3c9-ad70-kr-ac08-c0b0-b3d9:region_tutor,kr-acbd-ae30-b3c4-kr-ac00-d3c9-ad70-kr-ac08-c0b0-b3d9,경기도,251,갈산동,NEW_K_1051,READY_AS_IS,true,,true,PASS,PASS,PASS,PASS
candidate:tutor:kr-acbd-ae30-b3c4-kr-ac00-d3c9-ad70-kr-bd80-bc1c-c74d:region_tutor,kr-acbd-ae30-b3c4-kr-ac00-d3c9-ad70-kr-bd80-bc1c-c74d,경기도,252,부발읍,NEW_K_1051,READY_AS_IS,true,,true,PASS,PASS,PASS,PASS
candidate:tutor:kr-acbd-ae30-b3c4-kr-ac00-d3c9-ad70-kr-c99d-d3ec-b3d9:region_tutor,kr-acbd-ae30-b3c4-kr-ac00-d3c9-ad70-kr-c99d-d3ec-b3d9,경기도,253,증포동,NEW_K_1051,READY_AS_IS,true,,true,PASS,PASS,PASS,PASS
candidate:tutor:kr-acbd-ae30-b3c4-kr-ac00-d3c9-ad70-kr-cc3d-c804-b3d9:region_tutor,kr-acbd-ae30-b3c4-kr-ac00-d3c9-ad70-kr-cc3d-c804-b3d9,경기도,254,창전동,NEW_K_1051,READY_AS_IS,true,,true,PASS,PASS,PASS,PASS
candidate:tutor:kr-acbd-ae30-b3c4-kr-ac00-d3c9-ad70-kr-b2e4-c728-b3d9:region_tutor,kr-acbd-ae30-b3c4-kr-ac00-d3c9-ad70-kr-b2e4-c728-b3d9,경기도,255,다율동,NEW_K_1051,READY_AS_IS,true,,true,PASS,PASS,PASS,PASS
candidate:tutor:kr-acbd-ae30-b3c4-kr-ac00-d3c9-ad70-kr-b3d9-d328-b3d9:region_tutor,kr-acbd-ae30-b3c4-kr-ac00-d3c9-ad70-kr-b3d9-d328-b3d9,경기도,256,동패동,NEW_K_1051,READY_AS_IS,true,,true,PASS,PASS,PASS,PASS
candidate:tutor:kr-acbd-ae30-b3c4-kr-ac00-d3c9-ad70-kr-baa9-b3d9-b3d9:region_tutor,kr-acbd-ae30-b3c4-kr-ac00-d3c9-ad70-kr-baa9-b3d9-b3d9,경기도,257,파주시 목동동,NEW_K_1051,READY_AS_IS,true,,true,PASS,PASS,PASS,PASS
candidate:tutor:kr-acbd-ae30-b3c4-kr-ac00-d3c9-ad70-kr-c57c-b2f9-b3d9:region_tutor,kr-acbd-ae30-b3c4-kr-ac00-d3c9-ad70-kr-c57c-b2f9-b3d9,경기도,258,야당동,NEW_K_1051,READY_AS_IS,true,,true,PASS,PASS,PASS,PASS
candidate:tutor:kr-acbd-ae30-b3c4-kr-ac00-d3c9-ad70-kr-c640-b3d9-b3d9:region_tutor,kr-acbd-ae30-b3c4-kr-ac00-d3c9-ad70-kr-c640-b3d9-b3d9,경기도,259,와동동,NEW_K_1051,READY_AS_IS,true,,true,PASS,PASS,PASS,PASS
candidate:tutor:kr-acbd-ae30-b3c4-kr-ac00-d3c9-ad70-kr-be44-c804-b3d9:region_tutor,kr-acbd-ae30-b3c4-kr-ac00-d3c9-ad70-kr-be44-c804-b3d9,경기도,260,비전동,NEW_K_1051,READY_AS_IS,true,,true,PASS,PASS,PASS,PASS
candidate:tutor:kr-acbd-ae30-b3c4-kr-ac00-d3c9-ad70-kr-c6a9-c774-b3d9:region_tutor,kr-acbd-ae30-b3c4-kr-ac00-d3c9-ad70-kr-c6a9-c774-b3d9,경기도,262,용이동,NEW_K_1051,READY_AS_IS,true,,true,PASS,PASS,PASS,PASS
candidate:tutor:kr-acbd-ae30-b3c4-kr-ac00-d3c9-ad70-kr-c6d4-ace1-b3d9:region_tutor,kr-acbd-ae30-b3c4-kr-ac00-d3c9-ad70-kr-c6d4-ace1-b3d9,경기도,263,월곡동,NEW_K_1051,READY_AS_IS,true,,true,PASS,PASS,PASS,PASS
candidate:tutor:kr-acbd-ae30-b3c4-kr-ac00-d3c9-ad70-kr-c8fd-bc31-b3d9:region_tutor,kr-acbd-ae30-b3c4-kr-ac00-d3c9-ad70-kr-c8fd-bc31-b3d9,경기도,264,죽백동,NEW_K_1051,READY_AS_IS,true,,true,PASS,PASS,PASS,PASS
candidate:tutor:kr-acbd-ae30-b3c4-kr-ac00-d3c9-ad70-kr-d3c9-d0dd-b3d9:region_tutor,kr-acbd-ae30-b3c4-kr-ac00-d3c9-ad70-kr-d3c9-d0dd-b3d9,경기도,265,평택동,NEW_K_1051,READY_AS_IS,true,,true,PASS,PASS,PASS,PASS
candidate:tutor:kr-acbd-ae30-b3c4-kr-ac00-d3c9-ad70-kr-d569-c815-b3d9:region_tutor,kr-acbd-ae30-b3c4-kr-ac00-d3c9-ad70-kr-d569-c815-b3d9,경기도,266,합정동,NEW_K_1051,READY_AS_IS,true,,true,PASS,PASS,PASS,PASS
candidate:tutor:kr-acbd-ae30-b3c4-kr-ac00-d3c9-ad70-kr-ac10-bd81-b3d9:region_tutor,kr-acbd-ae30-b3c4-kr-ac00-d3c9-ad70-kr-ac10-bd81-b3d9,경기도,267,감북동,NEW_K_1051,READY_AS_IS,true,,true,PASS,PASS,PASS,PASS
candidate:tutor:kr-acbd-ae30-b3c4-kr-ac00-d3c9-ad70-kr-ac10-c774-b3d9:region_tutor,kr-acbd-ae30-b3c4-kr-ac00-d3c9-ad70-kr-ac10-c774-b3d9,경기도,268,감이동,NEW_K_1051,READY_AS_IS,true,,true,PASS,PASS,PASS,PASS
candidate:tutor:kr-acbd-ae30-b3c4-kr-ac00-d3c9-ad70-kr-ac10-c77c-b3d9:region_tutor,kr-acbd-ae30-b3c4-kr-ac00-d3c9-ad70-kr-ac10-c77c-b3d9,경기도,269,감일동,NEW_K_1051,READY_AS_IS,true,,true,PASS,PASS,PASS,PASS
candidate:tutor:kr-acbd-ae30-b3c4-kr-ac00-d3c9-ad70-kr-b355-d48d-b3d9:region_tutor,kr-acbd-ae30-b3c4-kr-ac00-d3c9-ad70-kr-b355-d48d-b3d9,경기도,270,덕풍동,NEW_K_1051,READY_AS_IS,true,,true,PASS,PASS,PASS,PASS
candidate:tutor:kr-acbd-ae30-b3c4-kr-ac00-d3c9-ad70-kr-b9dd-c6d4-b3d9:region_tutor,kr-acbd-ae30-b3c4-kr-ac00-d3c9-ad70-kr-b9dd-c6d4-b3d9,경기도,271,망월동,NEW_K_1051,READY_AS_IS,true,,true,PASS,PASS,PASS,PASS
candidate:tutor:kr-acbd-ae30-b3c4-kr-ac00-d3c9-ad70-kr-bbf8-c0ac-b3d9:region_tutor,kr-acbd-ae30-b3c4-kr-ac00-d3c9-ad70-kr-bbf8-c0ac-b3d9,경기도,272,미사동,NEW_K_1051,READY_AS_IS,true,,true,PASS,PASS,PASS,PASS
candidate:tutor:kr-acbd-ae30-b3c4-kr-ac00-d3c9-ad70-kr-c120-b3d9:region_tutor,kr-acbd-ae30-b3c4-kr-ac00-d3c9-ad70-kr-c120-b3d9,경기도,273,하남시 선동,NEW_K_1051,READY_AS_IS,true,,true,PASS,PASS,PASS,PASS
candidate:tutor:kr-acbd-ae30-b3c4-kr-ac00-d3c9-ad70-kr-c2e0-c7a5-b3d9:region_tutor,kr-acbd-ae30-b3c4-kr-ac00-d3c9-ad70-kr-c2e0-c7a5-b3d9,경기도,274,신장동,NEW_K_1051,READY_AS_IS,true,,true,PASS,PASS,PASS,PASS
candidate:tutor:kr-acbd-ae30-b3c4-kr-ac00-d3c9-ad70-kr-cc3d-c6b0-b3d9:region_tutor,kr-acbd-ae30-b3c4-kr-ac00-d3c9-ad70-kr-cc3d-c6b0-b3d9,경기도,275,창우동,NEW_K_1051,READY_AS_IS,true,,true,PASS,PASS,PASS,PASS
candidate:tutor:kr-acbd-ae30-b3c4-kr-ac00-d3c9-ad70-kr-d48d-c0b0-b3d9:region_tutor,kr-acbd-ae30-b3c4-kr-ac00-d3c9-ad70-kr-d48d-c0b0-b3d9,경기도,276,풍산동,NEW_K_1051,READY_AS_IS,true,,true,PASS,PASS,PASS,PASS
candidate:tutor:kr-acbd-ae30-b3c4-kr-ac00-d3c9-ad70-kr-d559-c554-b3d9:region_tutor,kr-acbd-ae30-b3c4-kr-ac00-d3c9-ad70-kr-d559-c554-b3d9,경기도,277,학암동,NEW_K_1051,READY_AS_IS,true,,true,PASS,PASS,PASS,PASS
candidate:tutor:kr-acbd-ae30-b3c4-kr-ac00-d3c9-ad70-kr-ae30-c0b0-b3d9:region_tutor,kr-acbd-ae30-b3c4-kr-ac00-d3c9-ad70-kr-ae30-c0b0-b3d9,경기도,278,기산동,NEW_K_1051,READY_AS_IS,true,,true,PASS,PASS,PASS,PASS
candidate:tutor:kr-acbd-ae30-b3c4-kr-ac00-d3c9-ad70-kr-b2a5-b3d9:region_tutor,kr-acbd-ae30-b3c4-kr-ac00-d3c9-ad70-kr-b2a5-b3d9,경기도,279,화성시 능동,NEW_K_1051,READY_AS_IS,true,,true,PASS,PASS,PASS,PASS
candidate:tutor:kr-acbd-ae30-b3c4-kr-ac00-d3c9-ad70-kr-bc18-c1a1-b3d9:region_tutor,kr-acbd-ae30-b3c4-kr-ac00-d3c9-ad70-kr-bc18-c1a1-b3d9,경기도,281,반송동,NEW_K_1051,READY_AS_IS,true,,true,PASS,PASS,PASS,PASS
candidate:tutor:kr-acbd-ae30-b3c4-kr-ac00-d3c9-ad70-kr-bc18-c6d4-b3d9:region_tutor,kr-acbd-ae30-b3c4-kr-ac00-d3c9-ad70-kr-bc18-c6d4-b3d9,경기도,282,반월동,NEW_K_1051,READY_AS_IS,true,,true,PASS,PASS,PASS,PASS
candidate:tutor:kr-acbd-ae30-b3c4-kr-ac00-d3c9-ad70-kr-bcd1-c810-b3d9:region_tutor,kr-acbd-ae30-b3c4-kr-ac00-d3c9-ad70-kr-bcd1-c810-b3d9,경기도,283,병점동,NEW_K_1051,READY_AS_IS,true,,true,PASS,PASS,PASS,PASS
candidate:tutor:kr-acbd-ae30-b3c4-kr-ac00-d3c9-ad70-kr-bd09-b2f4-c74d:region_tutor,kr-acbd-ae30-b3c4-kr-ac00-d3c9-ad70-kr-bd09-b2f4-c74d,경기도,284,봉담읍,NEW_K_1051,READY_AS_IS,true,,true,PASS,PASS,PASS,PASS
candidate:tutor:kr-acbd-ae30-b3c4-kr-ac00-d3c9-ad70-kr-c0b0-cc99-b3d9:region_tutor,kr-acbd-ae30-b3c4-kr-ac00-d3c9-ad70-kr-c0b0-cc99-b3d9,경기도,285,산척동,NEW_K_1051,READY_AS_IS,true,,true,PASS,PASS,PASS,PASS
candidate:tutor:kr-acbd-ae30-b3c4-kr-ac00-d3c9-ad70-kr-c0c8-c194-b3d9:region_tutor,kr-acbd-ae30-b3c4-kr-ac00-d3c9-ad70-kr-c0c8-c194-b3d9,경기도,286,새솔동,NEW_K_1051,READY_AS_IS,true,,true,PASS,PASS,PASS,PASS
candidate:tutor:kr-acbd-ae30-b3c4-kr-ac00-d3c9-ad70-kr-c11d-c6b0-b3d9:region_tutor,kr-acbd-ae30-b3c4-kr-ac00-d3c9-ad70-kr-c11d-c6b0-b3d9,경기도,287,석우동,NEW_K_1051,READY_AS_IS,true,,true,PASS,PASS,PASS,PASS
candidate:tutor:kr-acbd-ae30-b3c4-kr-ac00-d3c9-ad70-kr-c601-cc9c-b3d9:region_tutor,kr-acbd-ae30-b3c4-kr-ac00-d3c9-ad70-kr-c601-cc9c-b3d9,경기도,288,영천동,NEW_K_1051,READY_AS_IS,true,,true,PASS,PASS,PASS,PASS
candidate:tutor:kr-acbd-ae30-b3c4-kr-ac00-d3c9-ad70-kr-ccad-acc4-b3d9:region_tutor,kr-acbd-ae30-b3c4-kr-ac00-d3c9-ad70-kr-ccad-acc4-b3d9,경기도,289,청계동,NEW_K_1051,READY_AS_IS,true,,true,PASS,PASS,PASS,PASS
candidate:tutor:kr-ac15-c6d0-b3c4:region_tutor,kr-ac15-c6d0-b3c4,강원도,2,강원도,NEW_K_1051,READY_AS_IS,true,,true,PASS,PASS,PASS,PASS
candidate:tutor:kr-ac15-c6d0-b3c4-kr-cd98-cc9c-c2dc:region_tutor,kr-ac15-c6d0-b3c4-kr-cd98-cc9c-c2dc,강원도,3,춘천시,NEW_K_1051,READY_AS_IS,true,,true,PASS,PASS,PASS,PASS
candidate:tutor:kr-ac15-c6d0-b3c4-kr-c18d-cd08-c2dc:region_tutor,kr-ac15-c6d0-b3c4-kr-c18d-cd08-c2dc,강원도,4,속초시,NEW_K_1051,READY_AS_IS,true,,true,PASS,PASS,PASS,PASS
candidate:tutor:kr-ac15-c6d0-b3c4-kr-c0bc-cc99-c2dc:region_tutor,kr-ac15-c6d0-b3c4-kr-c0bc-cc99-c2dc,강원도,5,삼척시,NEW_K_1051,READY_AS_IS,true,,true,PASS,PASS,PASS,PASS
candidate:tutor:kr-ac15-c6d0-b3c4-kr-d64d-cc9c-ad70:region_tutor,kr-ac15-c6d0-b3c4-kr-d64d-cc9c-ad70,강원도,6,홍천군,NEW_K_1051,READY_AS_IS,true,,true,PASS,PASS,PASS,PASS
candidate:tutor:kr-ac15-c6d0-b3c4-kr-d6a1-c131-ad70:region_tutor,kr-ac15-c6d0-b3c4-kr-d6a1-c131-ad70,강원도,7,횡성군,NEW_K_1051,READY_AS_IS,true,,true,PASS,PASS,PASS,PASS
candidate:tutor:kr-ac15-c6d0-b3c4-kr-c601-c6d4-ad70:region_tutor,kr-ac15-c6d0-b3c4-kr-c601-c6d4-ad70,강원도,8,영월군,NEW_K_1051,READY_AS_IS,true,,true,PASS,PASS,PASS,PASS
candidate:tutor:kr-ac15-c6d0-b3c4-kr-d3c9-cc3d-ad70:region_tutor,kr-ac15-c6d0-b3c4-kr-d3c9-cc3d-ad70,강원도,9,평창군,NEW_K_1051,READY_AS_IS,true,,true,PASS,PASS,PASS,PASS
candidate:tutor:kr-ac15-c6d0-b3c4-kr-c815-c120-ad70:region_tutor,kr-ac15-c6d0-b3c4-kr-c815-c120-ad70,강원도,10,정선군,NEW_K_1051,READY_AS_IS,true,,true,PASS,PASS,PASS,PASS
candidate:tutor:kr-ac15-c6d0-b3c4-kr-cca0-c6d0-ad70:region_tutor,kr-ac15-c6d0-b3c4-kr-cca0-c6d0-ad70,강원도,11,철원군,NEW_K_1051,READY_AS_IS,true,,true,PASS,PASS,PASS,PASS
candidate:tutor:kr-ac15-c6d0-b3c4-kr-c591-ad6c-ad70:region_tutor,kr-ac15-c6d0-b3c4-kr-c591-ad6c-ad70,강원도,12,양구군,NEW_K_1051,READY_AS_IS,true,,true,PASS,PASS,PASS,PASS
candidate:tutor:kr-ac15-c6d0-b3c4-kr-c778-c81c-ad70:region_tutor,kr-ac15-c6d0-b3c4-kr-c778-c81c-ad70,강원도,13,인제군,NEW_K_1051,READY_AS_IS,true,,true,PASS,PASS,PASS,PASS
candidate:tutor:kr-ac15-c6d0-b3c4-kr-ace0-c131-ad70:region_tutor,kr-ac15-c6d0-b3c4-kr-ace0-c131-ad70,강원도,14,고성군,NEW_K_1051,READY_AS_IS,true,,true,PASS,PASS,PASS,PASS
candidate:tutor:kr-ac15-c6d0-b3c4-kr-c591-c591-ad70:region_tutor,kr-ac15-c6d0-b3c4-kr-c591-c591-ad70,강원도,15,양양군,NEW_K_1051,READY_AS_IS,true,,true,PASS,PASS,PASS,PASS
candidate:tutor:kr-ac15-c6d0-b3c4-kr-c591-c591-ad70-kr-c2e0-bd81-c74d:region_tutor,kr-ac15-c6d0-b3c4-kr-c591-c591-ad70-kr-c2e0-bd81-c74d,강원도,16,신북읍,NEW_K_1051,READY_AS_IS,true,,true,PASS,PASS,PASS,PASS
candidate:tutor:kr-ac15-c6d0-b3c4-kr-c591-c591-ad70-kr-b3d9-ba74:region_tutor,kr-ac15-c6d0-b3c4-kr-c591-c591-ad70-kr-b3d9-ba74,강원도,17,춘천시 동면,NEW_K_1051,READY_AS_IS,true,,true,PASS,PASS,PASS,PASS
candidate:tutor:kr-ac15-c6d0-b3c4-kr-c591-c591-ad70-kr-b3d9-c0b0-ba74:region_tutor,kr-ac15-c6d0-b3c4-kr-c591-c591-ad70-kr-b3d9-c0b0-ba74,강원도,18,동산면,NEW_K_1051,READY_AS_IS,true,,true,PASS,PASS,PASS,PASS
candidate:tutor:kr-ac15-c6d0-b3c4-kr-c591-c591-ad70-kr-c2e0-b3d9-ba74:region_tutor,kr-ac15-c6d0-b3c4-kr-c591-c591-ad70-kr-c2e0-b3d9-ba74,강원도,19,신동면,NEW_K_1051,READY_AS_IS,true,,true,PASS,PASS,PASS,PASS
candidate:tutor:kr-ac15-c6d0-b3c4-kr-c591-c591-ad70-kr-b0a8-ba74:region_tutor,kr-ac15-c6d0-b3c4-kr-c591-c591-ad70-kr-b0a8-ba74,강원도,20,춘천시 남면,NEW_K_1051,READY_AS_IS,true,,true,PASS,PASS,PASS,PASS
candidate:tutor:kr-ac15-c6d0-b3c4-kr-c591-c591-ad70-kr-b0a8-c0b0-ba74:region_tutor,kr-ac15-c6d0-b3c4-kr-c591-c591-ad70-kr-b0a8-c0b0-ba74,강원도,21,남산면,NEW_K_1051,READY_AS_IS,true,,true,PASS,PASS,PASS,PASS
candidate:tutor:kr-ac15-c6d0-b3c4-kr-c591-c591-ad70-kr-c11c-ba74:region_tutor,kr-ac15-c6d0-b3c4-kr-c591-c591-ad70-kr-c11c-ba74,강원도,22,춘천시 서면,NEW_K_1051,READY_AS_IS,true,,true,PASS,PASS,PASS,PASS
candidate:tutor:kr-ac15-c6d0-b3c4-kr-c591-c591-ad70-kr-c0ac-bd81-ba74:region_tutor,kr-ac15-c6d0-b3c4-kr-c591-c591-ad70-kr-c0ac-bd81-ba74,강원도,23,사북면,NEW_K_1051,READY_AS_IS,true,,true,PASS,PASS,PASS,PASS
candidate:tutor:kr-ac15-c6d0-b3c4-kr-c591-c591-ad70-kr-bd81-c0b0-ba74:region_tutor,kr-ac15-c6d0-b3c4-kr-c591-c591-ad70-kr-bd81-c0b0-ba74,강원도,24,북산면,NEW_K_1051,READY_AS_IS,true,,true,PASS,PASS,PASS,PASS
candidate:tutor:kr-ac15-c6d0-b3c4-kr-c591-c591-ad70-kr-b3d9-b0b4-ba74:region_tutor,kr-ac15-c6d0-b3c4-kr-c591-c591-ad70-kr-b3d9-b0b4-ba74,강원도,25,동내면,NEW_K_1051,READY_AS_IS,true,,true,PASS,PASS,PASS,PASS
candidate:tutor:kr-ac15-c6d0-b3c4-kr-c591-c591-ad70-1:region_tutor,kr-ac15-c6d0-b3c4-kr-c591-c591-ad70-1,강원도,26,후평1동,NEW_K_1051,READY_AS_IS,true,,true,PASS,PASS,PASS,PASS
candidate:tutor:kr-ac15-c6d0-b3c4-kr-c591-c591-ad70-2:region_tutor,kr-ac15-c6d0-b3c4-kr-c591-c591-ad70-2,강원도,27,후평2동,NEW_K_1051,READY_AS_IS,true,,true,PASS,PASS,PASS,PASS
candidate:tutor:kr-ac15-c6d0-b3c4-kr-c591-c591-ad70-3:region_tutor,kr-ac15-c6d0-b3c4-kr-c591-c591-ad70-3,강원도,28,후평3동,NEW_K_1051,READY_AS_IS,true,,true,PASS,PASS,PASS,PASS
candidate:tutor:kr-ac15-c6d0-b3c4-kr-c591-c591-ad70-kr-c18c-c591-b3d9:region_tutor,kr-ac15-c6d0-b3c4-kr-c591-c591-ad70-kr-c18c-c591-b3d9,강원도,32,소양동,NEW_K_1051,READY_AS_IS,true,,true,PASS,PASS,PASS,PASS
candidate:tutor:kr-ac15-c6d0-b3c4-kr-c591-c591-ad70-kr-ad50-b3d9:region_tutor,kr-ac15-c6d0-b3c4-kr-c591-c591-ad70-kr-ad50-b3d9,강원도,33,춘천시 교동,NEW_K_1051,READY_AS_IS,true,,true,PASS,PASS,PASS,PASS
candidate:tutor:kr-ac15-c6d0-b3c4-kr-c591-c591-ad70-kr-c870-c6b4-b3d9:region_tutor,kr-ac15-c6d0-b3c4-kr-c591-c591-ad70-kr-c870-c6b4-b3d9,강원도,34,조운동,NEW_K_1051,READY_AS_IS,true,,true,PASS,PASS,PASS,PASS
candidate:tutor:kr-ac15-c6d0-b3c4-kr-c591-c591-ad70-kr-c57d-c0ac-ba85-b3d9:region_tutor,kr-ac15-c6d0-b3c4-kr-c591-c591-ad70-kr-c57d-c0ac-ba85-b3d9,강원도,35,약사명동,NEW_K_1051,READY_AS_IS,true,,true,PASS,PASS,PASS,PASS
candidate:tutor:kr-ac15-c6d0-b3c4-kr-c591-c591-ad70-kr-adfc-d654-b3d9:region_tutor,kr-ac15-c6d0-b3c4-kr-c591-c591-ad70-kr-adfc-d654-b3d9,강원도,36,근화동,NEW_K_1051,READY_AS_IS,true,,true,PASS,PASS,PASS,PASS
candidate:tutor:kr-ac15-c6d0-b3c4-kr-c591-c591-ad70-kr-c11d-c0ac-b3d9:region_tutor,kr-ac15-c6d0-b3c4-kr-c591-c591-ad70-kr-c11d-c0ac-b3d9,강원도,37,석사동,NEW_K_1051,READY_AS_IS,true,,true,PASS,PASS,PASS,PASS
candidate:tutor:kr-ac15-c6d0-b3c4-kr-c591-c591-ad70-kr-d1f4-acc4-b3d9:region_tutor,kr-ac15-c6d0-b3c4-kr-c591-c591-ad70-kr-d1f4-acc4-b3d9,강원도,38,퇴계동,NEW_K_1051,READY_AS_IS,true,,true,PASS,PASS,PASS,PASS
candidate:tutor:kr-ac15-c6d0-b3c4-kr-c591-c591-ad70-kr-ac15-b0a8-b3d9:region_tutor,kr-ac15-c6d0-b3c4-kr-c591-c591-ad70-kr-ac15-b0a8-b3d9,강원도,39,강남동,NEW_K_1051,READY_AS_IS,true,,true,PASS,PASS,PASS,PASS
candidate:tutor:kr-ac15-c6d0-b3c4-kr-c591-c591-ad70-kr-c601-b791-b3d9:region_tutor,kr-ac15-c6d0-b3c4-kr-c591-c591-ad70-kr-c601-b791-b3d9,강원도,40,영랑동,NEW_K_1051,READY_AS_IS,true,,true,PASS,PASS,PASS,PASS
candidate:tutor:kr-ac15-c6d0-b3c4-kr-c591-c591-ad70-kr-b3d9-ba85-b3d9:region_tutor,kr-ac15-c6d0-b3c4-kr-c591-c591-ad70-kr-b3d9-ba85-b3d9,강원도,41,동명동,NEW_K_1051,READY_AS_IS,true,,true,PASS,PASS,PASS,PASS
candidate:tutor:kr-ac15-c6d0-b3c4-kr-c591-c591-ad70-kr-ae08-d638-b3d9:region_tutor,kr-ac15-c6d0-b3c4-kr-c591-c591-ad70-kr-ae08-d638-b3d9,강원도,42,금호동,NEW_K_1051,READY_AS_IS,true,,true,PASS,PASS,PASS,PASS
candidate:tutor:kr-ac15-c6d0-b3c4-kr-c591-c591-ad70-kr-b178-d559-b3d9:region_tutor,kr-ac15-c6d0-b3c4-kr-c591-c591-ad70-kr-b178-d559-b3d9,강원도,44,노학동,NEW_K_1051,READY_AS_IS,true,,true,PASS,PASS,PASS,PASS
candidate:tutor:kr-ac15-c6d0-b3c4-kr-c591-c591-ad70-kr-c870-c591-b3d9:region_tutor,kr-ac15-c6d0-b3c4-kr-c591-c591-ad70-kr-c870-c591-b3d9,강원도,45,조양동,NEW_K_1051,READY_AS_IS,true,,true,PASS,PASS,PASS,PASS
candidate:tutor:kr-ac15-c6d0-b3c4-kr-c591-c591-ad70-kr-ccad-d638-b3d9:region_tutor,kr-ac15-c6d0-b3c4-kr-c591-c591-ad70-kr-ccad-d638-b3d9,강원도,46,청호동,NEW_K_1051,READY_AS_IS,true,,true,PASS,PASS,PASS,PASS
candidate:tutor:kr-ac15-c6d0-b3c4-kr-c591-c591-ad70-kr-b300-d3ec-b3d9:region_tutor,kr-ac15-c6d0-b3c4-kr-c591-c591-ad70-kr-b300-d3ec-b3d9,강원도,47,대포동,NEW_K_1051,READY_AS_IS,true,,true,PASS,PASS,PASS,PASS
candidate:tutor:kr-ac15-c6d0-b3c4-kr-c591-c591-ad70-kr-b3c4-acc4-c74d:region_tutor,kr-ac15-c6d0-b3c4-kr-c591-c591-ad70-kr-b3c4-acc4-c74d,강원도,48,도계읍,NEW_K_1051,READY_AS_IS,true,,true,PASS,PASS,PASS,PASS
candidate:tutor:kr-ac15-c6d0-b3c4-kr-c591-c591-ad70-kr-c6d0-b355-c74d:region_tutor,kr-ac15-c6d0-b3c4-kr-c591-c591-ad70-kr-c6d0-b355-c74d,강원도,49,원덕읍,NEW_K_1051,READY_AS_IS,true,,true,PASS,PASS,PASS,PASS
candidate:tutor:kr-ac15-c6d0-b3c4-kr-c591-c591-ad70-kr-adfc-b355-ba74:region_tutor,kr-ac15-c6d0-b3c4-kr-c591-c591-ad70-kr-adfc-b355-ba74,강원도,50,근덕면,NEW_K_1051,READY_AS_IS,true,,true,PASS,PASS,PASS,PASS
candidate:tutor:kr-ac15-c6d0-b3c4-kr-c591-c591-ad70-kr-d558-c7a5-ba74:region_tutor,kr-ac15-c6d0-b3c4-kr-c591-c591-ad70-kr-d558-c7a5-ba74,강원도,51,하장면,NEW_K_1051,READY_AS_IS,true,,true,PASS,PASS,PASS,PASS
candidate:tutor:kr-ac15-c6d0-b3c4-kr-c591-c591-ad70-kr-b178-ace1-ba74:region_tutor,kr-ac15-c6d0-b3c4-kr-c591-c591-ad70-kr-b178-ace1-ba74,강원도,52,노곡면,NEW_K_1051,READY_AS_IS,true,,true,PASS,PASS,PASS,PASS
candidate:tutor:kr-ac15-c6d0-b3c4-kr-c591-c591-ad70-kr-bbf8-b85c-ba74:region_tutor,kr-ac15-c6d0-b3c4-kr-c591-c591-ad70-kr-bbf8-b85c-ba74,강원도,53,미로면,NEW_K_1051,READY_AS_IS,true,,true,PASS,PASS,PASS,PASS
candidate:tutor:kr-ac15-c6d0-b3c4-kr-c591-c591-ad70-kr-ac00-ace1-ba74:region_tutor,kr-ac15-c6d0-b3c4-kr-c591-c591-ad70-kr-ac00-ace1-ba74,강원도,54,가곡면,NEW_K_1051,READY_AS_IS,true,,true,PASS,PASS,PASS,PASS
candidate:tutor:kr-ac15-c6d0-b3c4-kr-c591-c591-ad70-kr-c2e0-ae30-ba74:region_tutor,kr-ac15-c6d0-b3c4-kr-c591-c591-ad70-kr-c2e0-ae30-ba74,강원도,55,신기면,NEW_K_1051,READY_AS_IS,true,,true,PASS,PASS,PASS,PASS
candidate:tutor:kr-ac15-c6d0-b3c4-kr-c591-c591-ad70-kr-b0a8-c591-b3d9:region_tutor,kr-ac15-c6d0-b3c4-kr-c591-c591-ad70-kr-b0a8-c591-b3d9,강원도,56,남양동,NEW_K_1051,READY_AS_IS,true,,true,PASS,PASS,PASS,PASS
candidate:tutor:kr-ac15-c6d0-b3c4-kr-c591-c591-ad70-kr-c131-b0b4-b3d9:region_tutor,kr-ac15-c6d0-b3c4-kr-c591-c591-ad70-kr-c131-b0b4-b3d9,강원도,57,성내동,NEW_K_1051,READY_AS_IS,true,,true,PASS,PASS,PASS,PASS
candidate:tutor:kr-ac15-c6d0-b3c4-kr-c591-c591-ad70-kr-c815-b77c-b3d9:region_tutor,kr-ac15-c6d0-b3c4-kr-c591-c591-ad70-kr-c815-b77c-b3d9,강원도,59,정라동,NEW_K_1051,READY_AS_IS,true,,true,PASS,PASS,PASS,PASS
candidate:tutor:kr-ac15-c6d0-b3c4-kr-c591-c591-ad70-kr-d64d-cc9c-c74d:region_tutor,kr-ac15-c6d0-b3c4-kr-c591-c591-ad70-kr-d64d-cc9c-c74d,강원도,60,홍천읍,NEW_K_1051,READY_AS_IS,true,,true,PASS,PASS,PASS,PASS
candidate:tutor:kr-ac15-c6d0-b3c4-kr-c591-c591-ad70-kr-d654-cd0c-ba74:region_tutor,kr-ac15-c6d0-b3c4-kr-c591-c591-ad70-kr-d654-cd0c-ba74,강원도,61,화촌면,NEW_K_1051,READY_AS_IS,true,,true,PASS,PASS,PASS,PASS
candidate:tutor:kr-ac15-c6d0-b3c4-kr-c591-c591-ad70-kr-b450-cd0c-ba74:region_tutor,kr-ac15-c6d0-b3c4-kr-c591-c591-ad70-kr-b450-cd0c-ba74,강원도,62,두촌면,NEW_K_1051,READY_AS_IS,true,,true,PASS,PASS,PASS,PASS
candidate:tutor:kr-ac15-c6d0-b3c4-kr-c591-c591-ad70-kr-b0b4-cd0c-ba74:region_tutor,kr-ac15-c6d0-b3c4-kr-c591-c591-ad70-kr-b0b4-cd0c-ba74,강원도,63,내촌면,NEW_K_1051,READY_AS_IS,true,,true,PASS,PASS,PASS,PASS
candidate:tutor:kr-ac15-c6d0-b3c4-kr-c591-c591-ad70-kr-c11c-c11d-ba74:region_tutor,kr-ac15-c6d0-b3c4-kr-c591-c591-ad70-kr-c11c-c11d-ba74,강원도,64,서석면,NEW_K_1051,READY_AS_IS,true,,true,PASS,PASS,PASS,PASS
candidate:tutor:kr-ac15-c6d0-b3c4-kr-c591-c591-ad70-kr-c601-adc0-bbf8-ba74:region_tutor,kr-ac15-c6d0-b3c4-kr-c591-c591-ad70-kr-c601-adc0-bbf8-ba74,강원도,65,영귀미면,NEW_K_1051,READY_AS_IS,true,,true,PASS,PASS,PASS,PASS
candidate:tutor:kr-ac15-c6d0-b3c4-kr-c591-c591-ad70-kr-bd81-bc29-ba74:region_tutor,kr-ac15-c6d0-b3c4-kr-c591-c591-ad70-kr-bd81-bc29-ba74,강원도,68,북방면,NEW_K_1051,READY_AS_IS,true,,true,PASS,PASS,PASS,PASS
candidate:tutor:kr-ac15-c6d0-b3c4-kr-c591-c591-ad70-kr-b0b4-ba74:region_tutor,kr-ac15-c6d0-b3c4-kr-c591-c591-ad70-kr-b0b4-ba74,강원도,69,홍천군 내면,NEW_K_1051,READY_AS_IS,true,,true,PASS,PASS,PASS,PASS
candidate:tutor:kr-ac15-c6d0-b3c4-kr-c591-c591-ad70-kr-d6a1-c131-c74d:region_tutor,kr-ac15-c6d0-b3c4-kr-c591-c591-ad70-kr-d6a1-c131-c74d,강원도,70,횡성읍,NEW_K_1051,READY_AS_IS,true,,true,PASS,PASS,PASS,PASS
candidate:tutor:kr-ac15-c6d0-b3c4-kr-c591-c591-ad70-kr-c6b0-cc9c-ba74:region_tutor,kr-ac15-c6d0-b3c4-kr-c591-c591-ad70-kr-c6b0-cc9c-ba74,강원도,71,우천면,NEW_K_1051,READY_AS_IS,true,,true,PASS,PASS,PASS,PASS
candidate:tutor:kr-ac15-c6d0-b3c4-kr-c591-c591-ad70-kr-c548-d765-ba74:region_tutor,kr-ac15-c6d0-b3c4-kr-c591-c591-ad70-kr-c548-d765-ba74,강원도,72,안흥면,NEW_K_1051,READY_AS_IS,true,,true,PASS,PASS,PASS,PASS
candidate:tutor:kr-ac15-c6d0-b3c4-kr-c591-c591-ad70-kr-b454-b0b4-ba74:region_tutor,kr-ac15-c6d0-b3c4-kr-c591-c591-ad70-kr-b454-b0b4-ba74,강원도,73,둔내면,NEW_K_1051,READY_AS_IS,true,,true,PASS,PASS,PASS,PASS
candidate:tutor:kr-ac15-c6d0-b3c4-kr-c591-c591-ad70-kr-ac11-cc9c-ba74:region_tutor,kr-ac15-c6d0-b3c4-kr-c591-c591-ad70-kr-ac11-cc9c-ba74,강원도,74,갑천면,NEW_K_1051,READY_AS_IS,true,,true,PASS,PASS,PASS,PASS
candidate:tutor:kr-ac15-c6d0-b3c4-kr-c591-c591-ad70-kr-ccad-c77c-ba74:region_tutor,kr-ac15-c6d0-b3c4-kr-c591-c591-ad70-kr-ccad-c77c-ba74,강원도,75,청일면,NEW_K_1051,READY_AS_IS,true,,true,PASS,PASS,PASS,PASS
candidate:tutor:kr-ac15-c6d0-b3c4-kr-c591-c591-ad70-kr-acf5-adfc-ba74:region_tutor,kr-ac15-c6d0-b3c4-kr-c591-c591-ad70-kr-acf5-adfc-ba74,강원도,76,공근면,NEW_K_1051,READY_AS_IS,true,,true,PASS,PASS,PASS,PASS
candidate:tutor:kr-ac15-c6d0-b3c4-kr-c591-c591-ad70-kr-c11c-c6d0-ba74:region_tutor,kr-ac15-c6d0-b3c4-kr-c591-c591-ad70-kr-c11c-c6d0-ba74,강원도,77,서원면,NEW_K_1051,READY_AS_IS,true,,true,PASS,PASS,PASS,PASS
candidate:tutor:kr-ac15-c6d0-b3c4-kr-c591-c591-ad70-kr-ac15-b9bc-ba74:region_tutor,kr-ac15-c6d0-b3c4-kr-c591-c591-ad70-kr-ac15-b9bc-ba74,강원도,78,강림면,NEW_K_1051,READY_AS_IS,true,,true,PASS,PASS,PASS,PASS
candidate:tutor:kr-ac15-c6d0-b3c4-kr-c591-c591-ad70-kr-c601-c6d4-c74d:region_tutor,kr-ac15-c6d0-b3c4-kr-c591-c591-ad70-kr-c601-c6d4-c74d,강원도,79,영월읍,NEW_K_1051,READY_AS_IS,true,,true,PASS,PASS,PASS,PASS
candidate:tutor:kr-ac15-c6d0-b3c4-kr-c591-c591-ad70-kr-c0c1-b3d9-c74d:region_tutor,kr-ac15-c6d0-b3c4-kr-c591-c591-ad70-kr-c0c1-b3d9-c74d,강원도,80,상동읍,NEW_K_1051,READY_AS_IS,true,,true,PASS,PASS,PASS,PASS
candidate:tutor:kr-ac15-c6d0-b3c4-kr-c591-c591-ad70-kr-c0b0-c194-ba74:region_tutor,kr-ac15-c6d0-b3c4-kr-c591-c591-ad70-kr-c0b0-c194-ba74,강원도,81,산솔면,NEW_K_1051,READY_AS_IS,true,,true,PASS,PASS,PASS,PASS
candidate:tutor:kr-ac15-c6d0-b3c4-kr-c591-c591-ad70-kr-ae40-c0bf-ac13-ba74:region_tutor,kr-ac15-c6d0-b3c4-kr-c591-c591-ad70-kr-ae40-c0bf-ac13-ba74,강원도,82,김삿갓면,NEW_K_1051,READY_AS_IS,true,,true,PASS,PASS,PASS,PASS
candidate:tutor:kr-ac15-c6d0-b3c4-kr-c591-c591-ad70-kr-bd81-ba74:region_tutor,kr-ac15-c6d0-b3c4-kr-c591-c591-ad70-kr-bd81-ba74,강원도,83,영월군 북면,NEW_K_1051,READY_AS_IS,true,,true,PASS,PASS,PASS,PASS
candidate:tutor:kr-ac15-c6d0-b3c4-kr-c591-c591-ad70-kr-d55c-bc18-b3c4-ba74:region_tutor,kr-ac15-c6d0-b3c4-kr-c591-c591-ad70-kr-d55c-bc18-b3c4-ba74,강원도,85,한반도면,NEW_K_1051,READY_AS_IS,true,,true,PASS,PASS,PASS,PASS
candidate:tutor:kr-ac15-c6d0-b3c4-kr-c591-c591-ad70-kr-c8fc-cc9c-ba74:region_tutor,kr-ac15-c6d0-b3c4-kr-c591-c591-ad70-kr-c8fc-cc9c-ba74,강원도,86,주천면,NEW_K_1051,READY_AS_IS,true,,true,PASS,PASS,PASS,PASS
candidate:tutor:kr-ac15-c6d0-b3c4-kr-c591-c591-ad70-kr-bb34-b989-b3c4-c6d0-ba74:region_tutor,kr-ac15-c6d0-b3c4-kr-c591-c591-ad70-kr-bb34-b989-b3c4-c6d0-ba74,강원도,87,무릉도원면,NEW_K_1051,READY_AS_IS,true,,true,PASS,PASS,PASS,PASS
candidate:tutor:kr-ac15-c6d0-b3c4-kr-c591-c591-ad70-kr-d3c9-cc3d-c74d:region_tutor,kr-ac15-c6d0-b3c4-kr-c591-c591-ad70-kr-d3c9-cc3d-c74d,강원도,88,평창읍,NEW_K_1051,READY_AS_IS,true,,true,PASS,PASS,PASS,PASS
candidate:tutor:kr-ac15-c6d0-b3c4-kr-c591-c591-ad70-kr-bbf8-d0c4-ba74:region_tutor,kr-ac15-c6d0-b3c4-kr-c591-c591-ad70-kr-bbf8-d0c4-ba74,강원도,89,미탄면,NEW_K_1051,READY_AS_IS,true,,true,PASS,PASS,PASS,PASS
candidate:tutor:kr-ac15-c6d0-b3c4-kr-c591-c591-ad70-kr-bc29-b9bc-ba74:region_tutor,kr-ac15-c6d0-b3c4-kr-c591-c591-ad70-kr-bc29-b9bc-ba74,강원도,90,방림면,NEW_K_1051,READY_AS_IS,true,,true,PASS,PASS,PASS,PASS
candidate:tutor:kr-ac15-c6d0-b3c4-kr-c591-c591-ad70-kr-b300-d654-ba74:region_tutor,kr-ac15-c6d0-b3c4-kr-c591-c591-ad70-kr-b300-d654-ba74,강원도,91,대화면,NEW_K_1051,READY_AS_IS,true,,true,PASS,PASS,PASS,PASS
candidate:tutor:kr-ac15-c6d0-b3c4-kr-c591-c591-ad70-kr-bd09-d3c9-ba74:region_tutor,kr-ac15-c6d0-b3c4-kr-c591-c591-ad70-kr-bd09-d3c9-ba74,강원도,92,봉평면,NEW_K_1051,READY_AS_IS,true,,true,PASS,PASS,PASS,PASS
candidate:tutor:kr-ac15-c6d0-b3c4-kr-c591-c591-ad70-kr-c6a9-d3c9-ba74:region_tutor,kr-ac15-c6d0-b3c4-kr-c591-c591-ad70-kr-c6a9-d3c9-ba74,강원도,93,용평면,NEW_K_1051,READY_AS_IS,true,,true,PASS,PASS,PASS,PASS
candidate:tutor:kr-ac15-c6d0-b3c4-kr-c591-c591-ad70-kr-c9c4-bd80-ba74:region_tutor,kr-ac15-c6d0-b3c4-kr-c591-c591-ad70-kr-c9c4-bd80-ba74,강원도,94,진부면,NEW_K_1051,READY_AS_IS,true,,true,PASS,PASS,PASS,PASS
candidate:tutor:kr-ac15-c6d0-b3c4-kr-c591-c591-ad70-kr-b300-ad00-b839-ba74:region_tutor,kr-ac15-c6d0-b3c4-kr-c591-c591-ad70-kr-b300-ad00-b839-ba74,강원도,95,대관령면,NEW_K_1051,READY_AS_IS,true,,true,PASS,PASS,PASS,PASS
candidate:tutor:kr-ac15-c6d0-b3c4-kr-c591-c591-ad70-kr-c815-c120-c74d:region_tutor,kr-ac15-c6d0-b3c4-kr-c591-c591-ad70-kr-c815-c120-c74d,강원도,96,정선읍,NEW_K_1051,READY_AS_IS,true,,true,PASS,PASS,PASS,PASS
candidate:tutor:kr-ac15-c6d0-b3c4-kr-c591-c591-ad70-kr-ace0-d55c-c74d:region_tutor,kr-ac15-c6d0-b3c4-kr-c591-c591-ad70-kr-ace0-d55c-c74d,강원도,97,고한읍,NEW_K_1051,READY_AS_IS,true,,true,PASS,PASS,PASS,PASS
candidate:tutor:kr-ac15-c6d0-b3c4-kr-c591-c591-ad70-kr-c0ac-bd81-c74d:region_tutor,kr-ac15-c6d0-b3c4-kr-c591-c591-ad70-kr-c0ac-bd81-c74d,강원도,98,사북읍,NEW_K_1051,READY_AS_IS,true,,true,PASS,PASS,PASS,PASS
candidate:tutor:kr-ac15-c6d0-b3c4-kr-c591-c591-ad70-kr-c2e0-b3d9-c74d:region_tutor,kr-ac15-c6d0-b3c4-kr-c591-c591-ad70-kr-c2e0-b3d9-c74d,강원도,99,신동읍,NEW_K_1051,READY_AS_IS,true,,true,PASS,PASS,PASS,PASS
candidate:tutor:kr-ac15-c6d0-b3c4-kr-c591-c591-ad70-kr-bd81-d3c9-ba74:region_tutor,kr-ac15-c6d0-b3c4-kr-c591-c591-ad70-kr-bd81-d3c9-ba74,강원도,101,북평면,NEW_K_1051,READY_AS_IS,true,,true,PASS,PASS,PASS,PASS
candidate:tutor:kr-ac15-c6d0-b3c4-kr-c591-c591-ad70-kr-c784-acc4-ba74:region_tutor,kr-ac15-c6d0-b3c4-kr-c591-c591-ad70-kr-c784-acc4-ba74,강원도,102,임계면,NEW_K_1051,READY_AS_IS,true,,true,PASS,PASS,PASS,PASS
candidate:tutor:kr-ac15-c6d0-b3c4-kr-c591-c591-ad70-kr-c5ec-b7c9-ba74:region_tutor,kr-ac15-c6d0-b3c4-kr-c591-c591-ad70-kr-c5ec-b7c9-ba74,강원도,103,여량면,NEW_K_1051,READY_AS_IS,true,,true,PASS,PASS,PASS,PASS
candidate:tutor:kr-ac15-c6d0-b3c4-kr-c591-c591-ad70-kr-d654-c554-ba74:region_tutor,kr-ac15-c6d0-b3c4-kr-c591-c591-ad70-kr-d654-c554-ba74,강원도,104,화암면,NEW_K_1051,READY_AS_IS,true,,true,PASS,PASS,PASS,PASS
candidate:tutor:kr-ac15-c6d0-b3c4-kr-c591-c591-ad70-kr-cca0-c6d0-c74d:region_tutor,kr-ac15-c6d0-b3c4-kr-c591-c591-ad70-kr-cca0-c6d0-c74d,강원도,105,철원읍,NEW_K_1051,READY_AS_IS,true,,true,PASS,PASS,PASS,PASS
candidate:tutor:kr-ac15-c6d0-b3c4-kr-c591-c591-ad70-kr-ae40-d654-c74d:region_tutor,kr-ac15-c6d0-b3c4-kr-c591-c591-ad70-kr-ae40-d654-c74d,강원도,106,김화읍,NEW_K_1051,READY_AS_IS,true,,true,PASS,PASS,PASS,PASS
candidate:tutor:kr-ac15-c6d0-b3c4-kr-c591-c591-ad70-kr-ac08-b9d0-c74d:region_tutor,kr-ac15-c6d0-b3c4-kr-c591-c591-ad70-kr-ac08-b9d0-c74d,강원도,107,갈말읍,NEW_K_1051,READY_AS_IS,true,,true,PASS,PASS,PASS,PASS
candidate:tutor:kr-ac15-c6d0-b3c4-kr-c591-c591-ad70-kr-b3d9-c1a1-c74d:region_tutor,kr-ac15-c6d0-b3c4-kr-c591-c591-ad70-kr-b3d9-c1a1-c74d,강원도,108,동송읍,NEW_K_1051,READY_AS_IS,true,,true,PASS,PASS,PASS,PASS
candidate:tutor:kr-ac15-c6d0-b3c4-kr-c591-c591-ad70-kr-adfc-b0a8-ba74:region_tutor,kr-ac15-c6d0-b3c4-kr-c591-c591-ad70-kr-adfc-b0a8-ba74,강원도,110,근남면,NEW_K_1051,READY_AS_IS,true,,true,PASS,PASS,PASS,PASS
candidate:tutor:kr-ac15-c6d0-b3c4-kr-c591-c591-ad70-kr-adfc-bd81-ba74:region_tutor,kr-ac15-c6d0-b3c4-kr-c591-c591-ad70-kr-adfc-bd81-ba74,강원도,111,근북면,NEW_K_1051,READY_AS_IS,true,,true,PASS,PASS,PASS,PASS
candidate:tutor:kr-ac15-c6d0-b3c4-kr-c591-c591-ad70-kr-adfc-b3d9-ba74:region_tutor,kr-ac15-c6d0-b3c4-kr-c591-c591-ad70-kr-adfc-b3d9-ba74,강원도,112,근동면,NEW_K_1051,READY_AS_IS,true,,true,PASS,PASS,PASS,PASS
candidate:tutor:kr-ac15-c6d0-b3c4-kr-c591-c591-ad70-kr-c6d0-b0a8-ba74:region_tutor,kr-ac15-c6d0-b3c4-kr-c591-c591-ad70-kr-c6d0-b0a8-ba74,강원도,113,원남면,NEW_K_1051,READY_AS_IS,true,,true,PASS,PASS,PASS,PASS
candidate:tutor:kr-ac15-c6d0-b3c4-kr-c591-c591-ad70-kr-c6d0-b3d9-ba74:region_tutor,kr-ac15-c6d0-b3c4-kr-c591-c591-ad70-kr-c6d0-b3d9-ba74,강원도,114,원동면,NEW_K_1051,READY_AS_IS,true,,true,PASS,PASS,PASS,PASS
candidate:tutor:kr-ac15-c6d0-b3c4-kr-c591-c591-ad70-kr-c784-b0a8-ba74:region_tutor,kr-ac15-c6d0-b3c4-kr-c591-c591-ad70-kr-c784-b0a8-ba74,강원도,115,임남면,NEW_K_1051,READY_AS_IS,true,,true,PASS,PASS,PASS,PASS
candidate:tutor:kr-ac15-c6d0-b3c4-kr-c591-c591-ad70-kr-d654-cc9c-c74d:region_tutor,kr-ac15-c6d0-b3c4-kr-c591-c591-ad70-kr-d654-cc9c-c74d,강원도,116,화천읍,NEW_K_1051,READY_AS_IS,true,,true,PASS,PASS,PASS,PASS
candidate:tutor:kr-ac15-c6d0-b3c4-kr-c591-c591-ad70-kr-ac04-b3d9-ba74:region_tutor,kr-ac15-c6d0-b3c4-kr-c591-c591-ad70-kr-ac04-b3d9-ba74,강원도,117,간동면,NEW_K_1051,READY_AS_IS,true,,true,PASS,PASS,PASS,PASS
candidate:tutor:kr-ac15-c6d0-b3c4-kr-c591-c591-ad70-kr-d558-b0a8-ba74:region_tutor,kr-ac15-c6d0-b3c4-kr-c591-c591-ad70-kr-d558-b0a8-ba74,강원도,118,하남면,NEW_K_1051,READY_AS_IS,true,,true,PASS,PASS,PASS,PASS
candidate:tutor:kr-ac15-c6d0-b3c4-kr-c591-c591-ad70-kr-c0c1-c11c-ba74:region_tutor,kr-ac15-c6d0-b3c4-kr-c591-c591-ad70-kr-c0c1-c11c-ba74,강원도,119,상서면,NEW_K_1051,READY_AS_IS,true,,true,PASS,PASS,PASS,PASS
candidate:tutor:kr-ac15-c6d0-b3c4-kr-c591-c591-ad70-kr-c0ac-b0b4-ba74:region_tutor,kr-ac15-c6d0-b3c4-kr-c591-c591-ad70-kr-c0ac-b0b4-ba74,강원도,120,사내면,NEW_K_1051,READY_AS_IS,true,,true,PASS,PASS,PASS,PASS
candidate:tutor:kr-ac15-c6d0-b3c4-kr-c591-c591-ad70-kr-c591-ad6c-c74d:region_tutor,kr-ac15-c6d0-b3c4-kr-c591-c591-ad70-kr-c591-ad6c-c74d,강원도,121,양구읍,NEW_K_1051,READY_AS_IS,true,,true,PASS,PASS,PASS,PASS
candidate:tutor:kr-ac15-c6d0-b3c4-kr-c591-c591-ad70-kr-ad6d-d1a0-c815-c911-c559-ba74:region_tutor,kr-ac15-c6d0-b3c4-kr-c591-c591-ad70-kr-ad6d-d1a0-c815-c911-c559-ba74,강원도,122,국토정중앙면,NEW_K_1051,READY_AS_IS,true,,true,PASS,PASS,PASS,PASS
candidate:tutor:kr-ac15-c6d0-b3c4-kr-c591-c591-ad70-kr-bc29-c0b0-ba74:region_tutor,kr-ac15-c6d0-b3c4-kr-c591-c591-ad70-kr-bc29-c0b0-ba74,강원도,124,방산면,NEW_K_1051,READY_AS_IS,true,,true,PASS,PASS,PASS,PASS
candidate:tutor:kr-ac15-c6d0-b3c4-kr-c591-c591-ad70-kr-d574-c548-ba74:region_tutor,kr-ac15-c6d0-b3c4-kr-c591-c591-ad70-kr-d574-c548-ba74,강원도,125,해안면,NEW_K_1051,READY_AS_IS,true,,true,PASS,PASS,PASS,PASS
candidate:tutor:kr-ac15-c6d0-b3c4-kr-c591-c591-ad70-kr-c778-c81c-c74d:region_tutor,kr-ac15-c6d0-b3c4-kr-c591-c591-ad70-kr-c778-c81c-c74d,강원도,126,인제읍,NEW_K_1051,READY_AS_IS,true,,true,PASS,PASS,PASS,PASS
candidate:tutor:kr-ac15-c6d0-b3c4-kr-c591-c591-ad70-kr-ae30-b9b0-ba74:region_tutor,kr-ac15-c6d0-b3c4-kr-c591-c591-ad70-kr-ae30-b9b0-ba74,강원도,129,기린면,NEW_K_1051,READY_AS_IS,true,,true,PASS,PASS,PASS,PASS
candidate:tutor:kr-ac15-c6d0-b3c4-kr-c591-c591-ad70-kr-c11c-d654-ba74:region_tutor,kr-ac15-c6d0-b3c4-kr-c591-c591-ad70-kr-c11c-d654-ba74,강원도,130,서화면,NEW_K_1051,READY_AS_IS,true,,true,PASS,PASS,PASS,PASS
candidate:tutor:kr-ac15-c6d0-b3c4-kr-c591-c591-ad70-kr-c0c1-b0a8-ba74:region_tutor,kr-ac15-c6d0-b3c4-kr-c591-c591-ad70-kr-c0c1-b0a8-ba74,강원도,131,상남면,NEW_K_1051,READY_AS_IS,true,,true,PASS,PASS,PASS,PASS
candidate:tutor:kr-ac15-c6d0-b3c4-kr-c591-c591-ad70-kr-ac04-c131-c74d:region_tutor,kr-ac15-c6d0-b3c4-kr-c591-c591-ad70-kr-ac04-c131-c74d,강원도,132,간성읍,NEW_K_1051,READY_AS_IS,true,,true,PASS,PASS,PASS,PASS
candidate:tutor:kr-ac15-c6d0-b3c4-kr-c591-c591-ad70-kr-ac70-c9c4-c74d:region_tutor,kr-ac15-c6d0-b3c4-kr-c591-c591-ad70-kr-ac70-c9c4-c74d,강원도,133,거진읍,NEW_K_1051,READY_AS_IS,true,,true,PASS,PASS,PASS,PASS
candidate:tutor:kr-ac15-c6d0-b3c4-kr-c591-c591-ad70-kr-d604-b0b4-ba74:region_tutor,kr-ac15-c6d0-b3c4-kr-c591-c591-ad70-kr-d604-b0b4-ba74,강원도,134,현내면,NEW_K_1051,READY_AS_IS,true,,true,PASS,PASS,PASS,PASS
candidate:tutor:kr-ac15-c6d0-b3c4-kr-c591-c591-ad70-kr-c8fd-c655-ba74:region_tutor,kr-ac15-c6d0-b3c4-kr-c591-c591-ad70-kr-c8fd-c655-ba74,강원도,135,죽왕면,NEW_K_1051,READY_AS_IS,true,,true,PASS,PASS,PASS,PASS
candidate:tutor:kr-ac15-c6d0-b3c4-kr-c591-c591-ad70-kr-d1a0-c131-ba74:region_tutor,kr-ac15-c6d0-b3c4-kr-c591-c591-ad70-kr-d1a0-c131-ba74,강원도,136,토성면,NEW_K_1051,READY_AS_IS,true,,true,PASS,PASS,PASS,PASS
candidate:tutor:kr-ac15-c6d0-b3c4-kr-c591-c591-ad70-kr-c218-b3d9-ba74:region_tutor,kr-ac15-c6d0-b3c4-kr-c591-c591-ad70-kr-c218-b3d9-ba74,강원도,137,수동면,NEW_K_1051,READY_AS_IS,true,,true,PASS,PASS,PASS,PASS
candidate:tutor:kr-ac15-c6d0-b3c4-kr-c591-c591-ad70-kr-c591-c591-c74d:region_tutor,kr-ac15-c6d0-b3c4-kr-c591-c591-ad70-kr-c591-c591-c74d,강원도,138,양양읍,NEW_K_1051,READY_AS_IS,true,,true,PASS,PASS,PASS,PASS
candidate:tutor:kr-ac15-c6d0-b3c4-kr-c591-c591-ad70-kr-c190-c591-ba74:region_tutor,kr-ac15-c6d0-b3c4-kr-c591-c591-ad70-kr-c190-c591-ba74,강원도,140,손양면,NEW_K_1051,READY_AS_IS,true,,true,PASS,PASS,PASS,PASS
candidate:tutor:kr-ac15-c6d0-b3c4-kr-c591-c591-ad70-kr-d604-bd81-ba74:region_tutor,kr-ac15-c6d0-b3c4-kr-c591-c591-ad70-kr-d604-bd81-ba74,강원도,141,현북면,NEW_K_1051,READY_AS_IS,true,,true,PASS,PASS,PASS,PASS
candidate:tutor:kr-ac15-c6d0-b3c4-kr-c591-c591-ad70-kr-d604-b0a8-ba74:region_tutor,kr-ac15-c6d0-b3c4-kr-c591-c591-ad70-kr-d604-b0a8-ba74,강원도,142,현남면,NEW_K_1051,READY_AS_IS,true,,true,PASS,PASS,PASS,PASS
candidate:tutor:kr-ac15-c6d0-b3c4-kr-c591-c591-ad70-kr-ac15-d604-ba74:region_tutor,kr-ac15-c6d0-b3c4-kr-c591-c591-ad70-kr-ac15-d604-ba74,강원도,143,강현면,NEW_K_1051,READY_AS_IS,true,,true,PASS,PASS,PASS,PASS
