page_id,region_id,keyword,sheet,row,route,k_exists,original_readiness,final_readiness,hold_reason,generation_allowed
candidate:tutor:kr-b300-ad6c-kr-b300-ad6c-b0a8-ad6c:region_tutor,,대구남구,대구,4,/tutor/kr-b300-ad6c-kr-b300-ad6c-b0a8-ad6c/region_tutor,true,READY_REMOVE_DUPLICATE_H1,READY_REMOVE_DUPLICATE_H1,,true
candidate:tutor:kr-b300-ad6c-kr-b300-ad6c-c911-ad6c-kr-ac80-b2e8-b3d9:region_tutor,,검단동,대구,11,/tutor/kr-b300-ad6c-kr-b300-ad6c-c911-ad6c-kr-ac80-b2e8-b3d9/region_tutor,true,READY_REMOVE_DUPLICATE_H1,READY_REMOVE_DUPLICATE_H1,,true
candidate:tutor:kr-b300-ad6c-kr-b300-ad6c-c911-ad6c-kr-ace0-c131-b3d9:region_tutor,,고성동,대구,12,/tutor/kr-b300-ad6c-kr-b300-ad6c-c911-ad6c-kr-ace0-c131-b3d9/region_tutor,true,READY_REMOVE_DUPLICATE_H1,READY_REMOVE_DUPLICATE_H1,,true
candidate:tutor:kr-b300-ad6c-kr-b300-ad6c-c911-ad6c-kr-ad6c-c554-b3d9:region_tutor,,구암동,대구,13,/tutor/kr-b300-ad6c-kr-b300-ad6c-c911-ad6c-kr-ad6c-c554-b3d9/region_tutor,true,READY_REMOVE_DUPLICATE_H1,READY_REMOVE_DUPLICATE_H1,,true
candidate:tutor:kr-b300-ad6c-kr-b300-ad6c-c911-ad6c-kr-ad6d-c6b0-b3d9:region_tutor,,국우동,대구,14,/tutor/kr-b300-ad6c-kr-b300-ad6c-c911-ad6c-kr-ad6d-c6b0-b3d9/region_tutor,true,READY_REMOVE_DUPLICATE_H1,READY_REMOVE_DUPLICATE_H1,,true
candidate:tutor:kr-b300-ad6c-kr-b300-ad6c-c911-ad6c-kr-b300-d604-b3d9:region_tutor,,대현동,대구,15,/tutor/kr-b300-ad6c-kr-b300-ad6c-c911-ad6c-kr-b300-d604-b3d9/region_tutor,true,READY_REMOVE_DUPLICATE_H1,READY_REMOVE_DUPLICATE_H1,,true
candidate:tutor:kr-b300-ad6c-kr-b300-ad6c-c911-ad6c-kr-b300-ad6c-b3d9-cc9c-b3d9:region_tutor,,대구동천동,대구,16,/tutor/kr-b300-ad6c-kr-b300-ad6c-c911-ad6c-kr-b300-ad6c-b3d9-cc9c-b3d9/region_tutor,true,READY_REMOVE_DUPLICATE_H1,READY_REMOVE_DUPLICATE_H1,,true
candidate:tutor:kr-b300-ad6c-kr-b300-ad6c-c911-ad6c-kr-bcf5-d604-b3d9:region_tutor,,복현동,대구,18,/tutor/kr-b300-ad6c-kr-b300-ad6c-c911-ad6c-kr-bcf5-d604-b3d9/region_tutor,true,READY_REMOVE_DUPLICATE_H1,READY_REMOVE_DUPLICATE_H1,,true
candidate:tutor:kr-b300-ad6c-kr-b300-ad6c-c911-ad6c-kr-c0b0-aca9-b3d9:region_tutor,,산격동,대구,19,/tutor/kr-b300-ad6c-kr-b300-ad6c-c911-ad6c-kr-c0b0-aca9-b3d9/region_tutor,true,READY_REMOVE_DUPLICATE_H1,READY_REMOVE_DUPLICATE_H1,,true
candidate:tutor:kr-b300-ad6c-kr-b300-ad6c-c911-ad6c-kr-c74d-b0b4-b3d9:region_tutor,,읍내동,대구,20,/tutor/kr-b300-ad6c-kr-b300-ad6c-c911-ad6c-kr-c74d-b0b4-b3d9/region_tutor,true,HOLD_CONTENT_H1,HOLD_CONTENT_H1,content_section_h1,false
candidate:tutor:kr-b300-ad6c-kr-b300-ad6c-c911-ad6c-kr-ce68-c0b0-b3d9:region_tutor,,침산동,대구,22,/tutor/kr-b300-ad6c-kr-b300-ad6c-c911-ad6c-kr-ce68-c0b0-b3d9/region_tutor,true,READY_REMOVE_DUPLICATE_H1,READY_REMOVE_DUPLICATE_H1,,true
candidate:tutor:kr-b300-ad6c-kr-b300-ad6c-c911-ad6c-kr-b300-ba85-b3d9:region_tutor,,대명동,대구,24,/tutor/kr-b300-ad6c-kr-b300-ad6c-c911-ad6c-kr-b300-ba85-b3d9/region_tutor,true,READY_REMOVE_DUPLICATE_H1,READY_REMOVE_DUPLICATE_H1,,true
candidate:tutor:kr-b300-ad6c-kr-b300-ad6c-c911-ad6c-kr-bd09-b355-b3d9:region_tutor,,봉덕동,대구,25,/tutor/kr-b300-ad6c-kr-b300-ad6c-c911-ad6c-kr-bd09-b355-b3d9/region_tutor,true,READY_REMOVE_DUPLICATE_H1,READY_REMOVE_DUPLICATE_H1,,true
candidate:tutor:kr-b300-ad6c-kr-b300-ad6c-c911-ad6c-kr-ac10-c0bc-b3d9:region_tutor,,감삼동,대구,27,/tutor/kr-b300-ad6c-kr-b300-ad6c-c911-ad6c-kr-ac10-c0bc-b3d9/region_tutor,true,READY_REMOVE_DUPLICATE_H1,READY_REMOVE_DUPLICATE_H1,,true
candidate:tutor:kr-b300-ad6c-kr-b300-ad6c-c911-ad6c-kr-b3c4-c6d0-b3d9:region_tutor,,도원동,대구,29,/tutor/kr-b300-ad6c-kr-b300-ad6c-c911-ad6c-kr-b3c4-c6d0-b3d9/region_tutor,true,READY_REMOVE_DUPLICATE_H1,READY_REMOVE_DUPLICATE_H1,,true
candidate:tutor:kr-b300-ad6c-kr-b300-ad6c-c911-ad6c-kr-b450-b958-b3d9:region_tutor,,두류동,대구,30,/tutor/kr-b300-ad6c-kr-b300-ad6c-c911-ad6c-kr-b450-b958-b3d9/region_tutor,true,READY_REMOVE_DUPLICATE_H1,READY_REMOVE_DUPLICATE_H1,,true
candidate:tutor:kr-b300-ad6c-kr-b300-ad6c-c911-ad6c-kr-bcf8-b3d9:region_tutor,,본동,대구,31,/tutor/kr-b300-ad6c-kr-b300-ad6c-c911-ad6c-kr-bcf8-b3d9/region_tutor,true,HOLD_CONTENT_H1,HOLD_CONTENT_H1,content_section_h1,false
candidate:tutor:kr-b300-ad6c-kr-b300-ad6c-c911-ad6c-kr-c0c1-c778-b3d9:region_tutor,,상인동,대구,33,/tutor/kr-b300-ad6c-kr-b300-ad6c-c911-ad6c-kr-c0c1-c778-b3d9/region_tutor,true,READY_REMOVE_DUPLICATE_H1,READY_REMOVE_DUPLICATE_H1,,true
candidate:tutor:kr-b300-ad6c-kr-b300-ad6c-c911-ad6c-kr-c131-b2f9-b3d9:region_tutor,,성당동,대구,34,/tutor/kr-b300-ad6c-kr-b300-ad6c-c911-ad6c-kr-c131-b2f9-b3d9/region_tutor,true,READY_REMOVE_DUPLICATE_H1,READY_REMOVE_DUPLICATE_H1,,true
candidate:tutor:kr-b300-ad6c-kr-b300-ad6c-c911-ad6c-kr-c6a9-c0b0-b3d9:region_tutor,,용산동,대구,37,/tutor/kr-b300-ad6c-kr-b300-ad6c-c911-ad6c-kr-c6a9-c0b0-b3d9/region_tutor,true,READY_REMOVE_DUPLICATE_H1,READY_REMOVE_DUPLICATE_H1,,true
candidate:tutor:kr-b300-ad6c-kr-b300-ad6c-c911-ad6c-kr-c720-cc9c-b3d9:region_tutor,,유천동,대구,39,/tutor/kr-b300-ad6c-kr-b300-ad6c-c911-ad6c-kr-c720-cc9c-b3d9/region_tutor,true,READY_REMOVE_DUPLICATE_H1,READY_REMOVE_DUPLICATE_H1,,true
candidate:tutor:kr-b300-ad6c-kr-b300-ad6c-c911-ad6c-kr-c774-ace1-b3d9:region_tutor,,이곡동,대구,40,/tutor/kr-b300-ad6c-kr-b300-ad6c-c911-ad6c-kr-c774-ace1-b3d9/region_tutor,true,READY_REMOVE_DUPLICATE_H1,READY_REMOVE_DUPLICATE_H1,,true
candidate:tutor:kr-b300-ad6c-kr-b300-ad6c-c911-ad6c-kr-d654-c6d0-c74d:region_tutor,,화원읍,대구,44,/tutor/kr-b300-ad6c-kr-b300-ad6c-c911-ad6c-kr-d654-c6d0-c74d/region_tutor,true,READY_REMOVE_DUPLICATE_H1,READY_REMOVE_DUPLICATE_H1,,true
candidate:tutor:kr-b300-ad6c-kr-b300-ad6c-c911-ad6c-kr-b2e4-c0ac-c74d:region_tutor,,다사읍,대구,45,/tutor/kr-b300-ad6c-kr-b300-ad6c-c911-ad6c-kr-b2e4-c0ac-c74d/region_tutor,true,HOLD_CONTENT_H1,HOLD_CONTENT_H1,content_section_h1,false
candidate:tutor:kr-b300-ad6c-kr-b300-ad6c-c911-ad6c-kr-b300-ad6c-bd88-b85c-b3d9:region_tutor,,대구불로동,대구,48,/tutor/kr-b300-ad6c-kr-b300-ad6c-c911-ad6c-kr-b300-ad6c-bd88-b85c-b3d9/region_tutor,true,READY_REMOVE_DUPLICATE_H1,READY_REMOVE_DUPLICATE_H1,,true
candidate:tutor:kr-b300-ad6c-kr-b300-ad6c-c911-ad6c-kr-b300-b9bc-b3d9:region_tutor,,대림동,대구,49,/tutor/kr-b300-ad6c-kr-b300-ad6c-c911-ad6c-kr-b300-b9bc-b3d9/region_tutor,true,READY_REMOVE_DUPLICATE_H1,READY_REMOVE_DUPLICATE_H1,,true
candidate:tutor:kr-b300-ad6c-kr-b300-ad6c-c911-ad6c-kr-c0ac-bcf5-b3d9:region_tutor,,사복동,대구,51,/tutor/kr-b300-ad6c-kr-b300-ad6c-c911-ad6c-kr-c0ac-bcf5-b3d9/region_tutor,true,HOLD_CONTENT_H1,HOLD_CONTENT_H1,content_section_h1,false
candidate:tutor:kr-b300-ad6c-kr-b300-ad6c-c911-ad6c-kr-c2e0-c11c-b3d9:region_tutor,,신서동,대구,52,/tutor/kr-b300-ad6c-kr-b300-ad6c-c911-ad6c-kr-c2e0-c11c-b3d9/region_tutor,true,READY_REMOVE_DUPLICATE_H1,READY_REMOVE_DUPLICATE_H1,,true
candidate:tutor:kr-b300-ad6c-kr-b300-ad6c-c911-ad6c-kr-c2e0-c554-b3d9:region_tutor,,신암동,대구,55,/tutor/kr-b300-ad6c-kr-b300-ad6c-c911-ad6c-kr-c2e0-c554-b3d9/region_tutor,true,READY_REMOVE_DUPLICATE_H1,READY_REMOVE_DUPLICATE_H1,,true
candidate:tutor:kr-b300-ad6c-kr-b300-ad6c-c911-ad6c-kr-c9c0-bb18-b3d9:region_tutor,,지묘동,대구,58,/tutor/kr-b300-ad6c-kr-b300-ad6c-c911-ad6c-kr-c9c0-bb18-b3d9/region_tutor,true,HOLD_CONTENT_H1,HOLD_CONTENT_H1,content_section_h1,false
candidate:tutor:kr-b300-ad6c-kr-b300-ad6c-c911-ad6c-kr-d6a8-baa9-b3d9:region_tutor,,효목동,대구,59,/tutor/kr-b300-ad6c-kr-b300-ad6c-c911-ad6c-kr-d6a8-baa9-b3d9/region_tutor,true,READY_REMOVE_DUPLICATE_H1,READY_REMOVE_DUPLICATE_H1,,true
candidate:tutor:kr-b300-ad6c-kr-b300-ad6c-c911-ad6c-kr-b3d9-d638-b3d9:region_tutor,,동호동,대구,60,/tutor/kr-b300-ad6c-kr-b300-ad6c-c911-ad6c-kr-b3d9-d638-b3d9/region_tutor,true,READY_REMOVE_DUPLICATE_H1,READY_REMOVE_DUPLICATE_H1,,true
candidate:tutor:kr-b300-ad6c-kr-b300-ad6c-c911-ad6c-kr-be44-c0b0-b3d9:region_tutor,,비산동,대구,61,/tutor/kr-b300-ad6c-kr-b300-ad6c-c911-ad6c-kr-be44-c0b0-b3d9/region_tutor,true,HOLD_CONTENT_H1,HOLD_CONTENT_H1,content_section_h1,false
candidate:tutor:kr-b300-ad6c-kr-b300-ad6c-c911-ad6c-kr-d3c9-b9ac-b3d9:region_tutor,,평리동,대구,62,/tutor/kr-b300-ad6c-kr-b300-ad6c-c911-ad6c-kr-d3c9-b9ac-b3d9/region_tutor,true,READY_REMOVE_DUPLICATE_H1,READY_REMOVE_DUPLICATE_H1,,true
candidate:tutor:kr-b300-ad6c-kr-b300-ad6c-c911-ad6c-kr-ac00-cc9c-b3d9:region_tutor,,가천동,대구,64,/tutor/kr-b300-ad6c-kr-b300-ad6c-c911-ad6c-kr-ac00-cc9c-b3d9/region_tutor,true,READY_REMOVE_DUPLICATE_H1,READY_REMOVE_DUPLICATE_H1,,true
candidate:tutor:kr-b300-ad6c-kr-b300-ad6c-c911-ad6c-kr-ace0-baa8-b3d9:region_tutor,,고모동,대구,65,/tutor/kr-b300-ad6c-kr-b300-ad6c-c911-ad6c-kr-ace0-baa8-b3d9/region_tutor,true,READY_REMOVE_DUPLICATE_H1,READY_REMOVE_DUPLICATE_H1,,true
candidate:tutor:kr-b300-ad6c-kr-b300-ad6c-c911-ad6c-kr-b450-c0b0-b3d9:region_tutor,,두산동,대구,67,/tutor/kr-b300-ad6c-kr-b300-ad6c-c911-ad6c-kr-b450-c0b0-b3d9/region_tutor,true,READY_REMOVE_DUPLICATE_H1,READY_REMOVE_DUPLICATE_H1,,true
candidate:tutor:kr-b300-ad6c-kr-b300-ad6c-c911-ad6c-kr-bc94-bb3c-b3d9:region_tutor,,범물동,대구,69,/tutor/kr-b300-ad6c-kr-b300-ad6c-c911-ad6c-kr-bc94-bb3c-b3d9/region_tutor,true,HOLD_CONTENT_H1,HOLD_CONTENT_H1,content_section_h1,false
candidate:tutor:kr-b300-ad6c-kr-b300-ad6c-c911-ad6c-kr-bc94-c5b4-b3d9:region_tutor,,범어동,대구,70,/tutor/kr-b300-ad6c-kr-b300-ad6c-c911-ad6c-kr-bc94-c5b4-b3d9/region_tutor,true,READY_REMOVE_DUPLICATE_H1,READY_REMOVE_DUPLICATE_H1,,true
candidate:tutor:kr-b300-ad6c-kr-b300-ad6c-c911-ad6c-kr-c0ac-c6d4-b3d9:region_tutor,,사월동,대구,72,/tutor/kr-b300-ad6c-kr-b300-ad6c-c911-ad6c-kr-c0ac-c6d4-b3d9/region_tutor,true,HOLD_CONTENT_H1,HOLD_CONTENT_H1,content_section_h1,false
candidate:tutor:kr-b300-ad6c-kr-b300-ad6c-c911-ad6c-kr-c218-c131-b3d9:region_tutor,,수성동,대구,74,/tutor/kr-b300-ad6c-kr-b300-ad6c-c911-ad6c-kr-c218-c131-b3d9/region_tutor,true,READY_REMOVE_DUPLICATE_H1,READY_REMOVE_DUPLICATE_H1,,true
candidate:tutor:kr-b300-ad6c-kr-b300-ad6c-c911-ad6c-kr-c2e0-b9e4-b3d9:region_tutor,,신매동,대구,76,/tutor/kr-b300-ad6c-kr-b300-ad6c-c911-ad6c-kr-c2e0-b9e4-b3d9/region_tutor,true,READY_REMOVE_DUPLICATE_H1,READY_REMOVE_DUPLICATE_H1,,true
candidate:tutor:kr-b300-ad6c-kr-b300-ad6c-c911-ad6c-kr-b300-ad6c-c911-b3d9:region_tutor,,대구중동,대구,77,/tutor/kr-b300-ad6c-kr-b300-ad6c-c911-ad6c-kr-b300-ad6c-c911-b3d9/region_tutor,true,READY_REMOVE_DUPLICATE_H1,READY_REMOVE_DUPLICATE_H1,,true
candidate:tutor:kr-b300-ad6c-kr-b300-ad6c-c911-ad6c-kr-d30c-b3d9:region_tutor,,파동,대구,79,/tutor/kr-b300-ad6c-kr-b300-ad6c-c911-ad6c-kr-d30c-b3d9/region_tutor,true,HOLD_CONTENT_H1,HOLD_CONTENT_H1,content_section_h1,false
candidate:tutor:kr-b300-ad6c-kr-b300-ad6c-c911-ad6c-kr-d669-ae08-b3d9:region_tutor,,황금동,대구,80,/tutor/kr-b300-ad6c-kr-b300-ad6c-c911-ad6c-kr-d669-ae08-b3d9/region_tutor,true,READY_REMOVE_DUPLICATE_H1,READY_REMOVE_DUPLICATE_H1,,true
candidate:tutor:kr-b300-ad6c-kr-b300-ad6c-c911-ad6c-kr-b300-ad6c-b0a8-c0b0-b3d9:region_tutor,,대구남산동,대구,81,/tutor/kr-b300-ad6c-kr-b300-ad6c-c911-ad6c-kr-b300-ad6c-b0a8-c0b0-b3d9/region_tutor,true,READY_REMOVE_DUPLICATE_H1,READY_REMOVE_DUPLICATE_H1,,true
candidate:tutor:kr-b300-ad6c-kr-b300-ad6c-c911-ad6c-kr-b300-bd09-b3d9:region_tutor,,대봉동,대구,82,/tutor/kr-b300-ad6c-kr-b300-ad6c-c911-ad6c-kr-b300-bd09-b3d9/region_tutor,true,READY_REMOVE_DUPLICATE_H1,READY_REMOVE_DUPLICATE_H1,,true
candidate:tutor:kr-b300-ad6c-kr-b300-ad6c-c911-ad6c-kr-b3d9-c131-b85c:region_tutor,,동성로,대구,83,/tutor/kr-b300-ad6c-kr-b300-ad6c-c911-ad6c-kr-b3d9-c131-b85c/region_tutor,true,READY_REMOVE_DUPLICATE_H1,READY_REMOVE_DUPLICATE_H1,,true
candidate:tutor:kr-b300-ad6c-kr-b300-ad6c-c911-ad6c-kr-b3d9-c778-b3d9:region_tutor,,동인동,대구,84,/tutor/kr-b300-ad6c-kr-b300-ad6c-c911-ad6c-kr-b3d9-c778-b3d9/region_tutor,true,READY_REMOVE_DUPLICATE_H1,READY_REMOVE_DUPLICATE_H1,,true
candidate:tutor:kr-b300-ad6c-kr-b300-ad6c-c911-ad6c-kr-bd09-c0b0-b3d9:region_tutor,,봉산동,대구,85,/tutor/kr-b300-ad6c-kr-b300-ad6c-c911-ad6c-kr-bd09-c0b0-b3d9/region_tutor,true,READY_REMOVE_DUPLICATE_H1,READY_REMOVE_DUPLICATE_H1,,true
candidate:tutor:kr-b300-ad6c-kr-b300-ad6c-c911-ad6c-kr-c0bc-b355-b3d9:region_tutor,,삼덕동,대구,86,/tutor/kr-b300-ad6c-kr-b300-ad6c-c911-ad6c-kr-c0bc-b355-b3d9/region_tutor,true,READY_REMOVE_DUPLICATE_H1,READY_REMOVE_DUPLICATE_H1,,true
candidate:tutor:kr-b300-ad6c-kr-b300-ad6c-c911-ad6c-kr-c218-cc3d-b3d9:region_tutor,,수창동,대구,87,/tutor/kr-b300-ad6c-kr-b300-ad6c-c911-ad6c-kr-c218-cc3d-b3d9/region_tutor,true,READY_REMOVE_DUPLICATE_H1,READY_REMOVE_DUPLICATE_H1,,true
candidate:tutor:kr-b300-ad6c-kr-b300-ad6c-c911-ad6c-kr-c54c-d30c-c2dc-d2f0:region_tutor,,알파시티,대구,88,/tutor/kr-b300-ad6c-kr-b300-ad6c-c911-ad6c-kr-c54c-d30c-c2dc-d2f0/region_tutor,true,READY_REMOVE_DUPLICATE_H1,READY_REMOVE_DUPLICATE_H1,,true
candidate:tutor:kr-b300-ad6c-kr-c5f0-d638-c9c0-ad6c:region_tutor,,연호지구,대구,89,/tutor/kr-b300-ad6c-kr-c5f0-d638-c9c0-ad6c/region_tutor,true,READY_REMOVE_DUPLICATE_H1,READY_REMOVE_DUPLICATE_H1,,true
candidate:tutor:kr-b300-ad6c-kr-b300-ad6c-d601-c2e0-b3c4-c2dc:region_tutor,,대구혁신도시,대구,90,/tutor/kr-b300-ad6c-kr-b300-ad6c-d601-c2e0-b3c4-c2dc/region_tutor,true,READY_REMOVE_DUPLICATE_H1,READY_REMOVE_DUPLICATE_H1,,true
candidate:tutor:kr-b300-ad6c-kr-b300-ad6c-d601-c2e0-b3c4-c2dc-kr-c548-c2ec:region_tutor,,안심,대구,91,/tutor/kr-b300-ad6c-kr-b300-ad6c-d601-c2e0-b3c4-c2dc-kr-c548-c2ec/region_tutor,true,READY_REMOVE_DUPLICATE_H1,READY_REMOVE_DUPLICATE_H1,,true
candidate:tutor:kr-b300-ad6c-kr-b300-ad6c-d601-c2e0-b3c4-c2dc-kr-c774-c2dc-c544-d3f4-b9ac-c2a4:region_tutor,,이시아폴리스,대구,93,/tutor/kr-b300-ad6c-kr-b300-ad6c-d601-c2e0-b3c4-c2dc-kr-c774-c2dc-c544-d3f4-b9ac-c2a4/region_tutor,true,READY_REMOVE_DUPLICATE_H1,READY_REMOVE_DUPLICATE_H1,,true
candidate:tutor:kr-b300-ad6c-kr-b300-ad6c-d601-c2e0-b3c4-c2dc-kr-bc18-c6d4-b2f9:region_tutor,,반월당,대구,94,/tutor/kr-b300-ad6c-kr-b300-ad6c-d601-c2e0-b3c4-c2dc-kr-bc18-c6d4-b2f9/region_tutor,true,READY_REMOVE_DUPLICATE_H1,READY_REMOVE_DUPLICATE_H1,,true
candidate:tutor:kr-b300-ad6c-kr-b300-ad6c-d601-c2e0-b3c4-c2dc-kr-d14c-d06c-b178-d3f4-b9ac-c2a4:region_tutor,,테크노폴리스,대구,95,/tutor/kr-b300-ad6c-kr-b300-ad6c-d601-c2e0-b3c4-c2dc-kr-d14c-d06c-b178-d3f4-b9ac-c2a4/region_tutor,true,READY_REMOVE_DUPLICATE_H1,READY_REMOVE_DUPLICATE_H1,,true
candidate:tutor:kr-b300-ad6c-kr-b300-ad6c-d601-c2e0-b3c4-c2dc-kr-b17c-acf5:region_tutor,,논공,대구,96,/tutor/kr-b300-ad6c-kr-b300-ad6c-d601-c2e0-b3c4-c2dc-kr-b17c-acf5/region_tutor,true,READY_REMOVE_DUPLICATE_H1,READY_REMOVE_DUPLICATE_H1,,true
candidate:tutor:kr-b300-ad6c-kr-b300-ad6c-d601-c2e0-b3c4-c2dc-kr-ad6c-c9c0:region_tutor,,구지,대구,97,/tutor/kr-b300-ad6c-kr-b300-ad6c-d601-c2e0-b3c4-c2dc-kr-ad6c-c9c0/region_tutor,true,READY_REMOVE_DUPLICATE_H1,READY_REMOVE_DUPLICATE_H1,,true
candidate:tutor:kr-b300-ad6c-kr-b300-ad6c-d601-c2e0-b3c4-c2dc-kr-bd80-c0b0:region_tutor,,부산,대구,98,/tutor/kr-b300-ad6c-kr-b300-ad6c-d601-c2e0-b3c4-c2dc-kr-bd80-c0b0/region_tutor,true,READY_REMOVE_DUPLICATE_H1,READY_REMOVE_DUPLICATE_H1,,true
candidate:tutor:kr-b300-ad6c-kr-ae30-c7a5-ad70:region_tutor,,기장군,대구,100,/tutor/kr-b300-ad6c-kr-ae30-c7a5-ad70/region_tutor,true,READY_REMOVE_DUPLICATE_H1,READY_REMOVE_DUPLICATE_H1,,true
candidate:tutor:kr-b300-ad6c-kr-bd80-c0b0-b0a8-ad6c:region_tutor,,부산남구,대구,101,/tutor/kr-b300-ad6c-kr-bd80-c0b0-b0a8-ad6c/region_tutor,true,READY_REMOVE_DUPLICATE_H1,READY_REMOVE_DUPLICATE_H1,,true
candidate:tutor:kr-b300-ad6c-kr-b3d9-b798-ad6c:region_tutor,,동래구,대구,102,/tutor/kr-b300-ad6c-kr-b3d9-b798-ad6c/region_tutor,true,READY_REMOVE_DUPLICATE_H1,READY_REMOVE_DUPLICATE_H1,,true
candidate:tutor:kr-b300-ad6c-kr-bd80-c0b0-bd81-ad6c:region_tutor,,부산북구,대구,104,/tutor/kr-b300-ad6c-kr-bd80-c0b0-bd81-ad6c/region_tutor,true,READY_REMOVE_DUPLICATE_H1,READY_REMOVE_DUPLICATE_H1,,true
candidate:tutor:kr-b300-ad6c-kr-c0ac-c0c1-ad6c:region_tutor,,사상구,대구,105,/tutor/kr-b300-ad6c-kr-c0ac-c0c1-ad6c/region_tutor,true,READY_REMOVE_DUPLICATE_H1,READY_REMOVE_DUPLICATE_H1,,true
candidate:tutor:kr-b300-ad6c-kr-c0ac-d558-ad6c:region_tutor,,사하구,대구,106,/tutor/kr-b300-ad6c-kr-c0ac-d558-ad6c/region_tutor,true,HOLD_CONTENT_H1,HOLD_CONTENT_H1,content_section_h1,false
candidate:tutor:kr-b300-ad6c-kr-c5f0-c81c-ad6c:region_tutor,,연제구,대구,108,/tutor/kr-b300-ad6c-kr-c5f0-c81c-ad6c/region_tutor,true,READY_REMOVE_DUPLICATE_H1,READY_REMOVE_DUPLICATE_H1,,true
candidate:tutor:kr-b300-ad6c-kr-d574-c6b4-b300-ad6c:region_tutor,,해운대구,대구,109,/tutor/kr-b300-ad6c-kr-d574-c6b4-b300-ad6c/region_tutor,true,READY_REMOVE_DUPLICATE_H1,READY_REMOVE_DUPLICATE_H1,,true
candidate:tutor:kr-b300-ad6c-kr-d574-c6b4-b300-ad6c-kr-ad6c-c11c-b3d9:region_tutor,,구서동,대구,110,/tutor/kr-b300-ad6c-kr-d574-c6b4-b300-ad6c-kr-ad6c-c11c-b3d9/region_tutor,true,READY_REMOVE_DUPLICATE_H1,READY_REMOVE_DUPLICATE_H1,,true
candidate:tutor:kr-b300-ad6c-kr-d574-c6b4-b300-ad6c-kr-ae08-c131-b3d9:region_tutor,,금성동,대구,112,/tutor/kr-b300-ad6c-kr-d574-c6b4-b300-ad6c-kr-ae08-c131-b3d9/region_tutor,true,READY_REMOVE_DUPLICATE_H1,READY_REMOVE_DUPLICATE_H1,,true
candidate:tutor:kr-b300-ad6c-kr-d574-c6b4-b300-ad6c-kr-bd80-c0b0-b0a8-c0b0-b3d9:region_tutor,,부산남산동,대구,113,/tutor/kr-b300-ad6c-kr-d574-c6b4-b300-ad6c-kr-bd80-c0b0-b0a8-c0b0-b3d9/region_tutor,true,READY_REMOVE_DUPLICATE_H1,READY_REMOVE_DUPLICATE_H1,,true
candidate:tutor:kr-b300-ad6c-kr-d574-c6b4-b300-ad6c-kr-b178-d3ec-b3d9:region_tutor,,노포동,대구,114,/tutor/kr-b300-ad6c-kr-d574-c6b4-b300-ad6c-kr-b178-d3ec-b3d9/region_tutor,true,READY_REMOVE_DUPLICATE_H1,READY_REMOVE_DUPLICATE_H1,,true
candidate:tutor:kr-b300-ad6c-kr-d574-c6b4-b300-ad6c-kr-b450-ad6c-b3d9:region_tutor,,두구동,대구,115,/tutor/kr-b300-ad6c-kr-d574-c6b4-b300-ad6c-kr-b450-ad6c-b3d9/region_tutor,true,READY_REMOVE_DUPLICATE_H1,READY_REMOVE_DUPLICATE_H1,,true
candidate:tutor:kr-b300-ad6c-kr-d574-c6b4-b300-ad6c-kr-bd80-ace1-b3d9:region_tutor,,부곡동,대구,116,/tutor/kr-b300-ad6c-kr-d574-c6b4-b300-ad6c-kr-bd80-ace1-b3d9/region_tutor,true,READY_REMOVE_DUPLICATE_H1,READY_REMOVE_DUPLICATE_H1,,true
candidate:tutor:kr-b300-ad6c-kr-d574-c6b4-b300-ad6c-kr-c120-b3d9:region_tutor,,선동,대구,118,/tutor/kr-b300-ad6c-kr-d574-c6b4-b300-ad6c-kr-c120-b3d9/region_tutor,true,HOLD_CONTENT_H1,HOLD_CONTENT_H1,content_section_h1,false
candidate:tutor:kr-b300-ad6c-kr-d574-c6b4-b300-ad6c-kr-c624-b95c-b3d9:region_tutor,,오륜동,대구,119,/tutor/kr-b300-ad6c-kr-d574-c6b4-b300-ad6c-kr-c624-b95c-b3d9/region_tutor,true,READY_REMOVE_DUPLICATE_H1,READY_REMOVE_DUPLICATE_H1,,true
candidate:tutor:kr-b300-ad6c-kr-d574-c6b4-b300-ad6c-kr-c7a5-c804-b3d9:region_tutor,,장전동,대구,120,/tutor/kr-b300-ad6c-kr-d574-c6b4-b300-ad6c-kr-c7a5-c804-b3d9/region_tutor,true,HOLD_CONTENT_H1,HOLD_CONTENT_H1,content_section_h1,false
candidate:tutor:kr-b300-ad6c-kr-d574-c6b4-b300-ad6c-kr-ae30-c7a5-c74d:region_tutor,,기장읍,대구,121,/tutor/kr-b300-ad6c-kr-d574-c6b4-b300-ad6c-kr-ae30-c7a5-c74d/region_tutor,true,READY_REMOVE_DUPLICATE_H1,READY_REMOVE_DUPLICATE_H1,,true
candidate:tutor:kr-b300-ad6c-kr-d574-c6b4-b300-ad6c-kr-cca0-b9c8-ba74:region_tutor,,철마면,대구,123,/tutor/kr-b300-ad6c-kr-d574-c6b4-b300-ad6c-kr-cca0-b9c8-ba74/region_tutor,true,READY_REMOVE_DUPLICATE_H1,READY_REMOVE_DUPLICATE_H1,,true
candidate:tutor:kr-b300-ad6c-kr-d574-c6b4-b300-ad6c-kr-b300-c5f0-b3d9:region_tutor,,대연동,대구,124,/tutor/kr-b300-ad6c-kr-d574-c6b4-b300-ad6c-kr-b300-c5f0-b3d9/region_tutor,true,READY_REMOVE_DUPLICATE_H1,READY_REMOVE_DUPLICATE_H1,,true
candidate:tutor:kr-b300-ad6c-kr-d574-c6b4-b300-ad6c-kr-c6a9-b2f9-b3d9:region_tutor,,용당동,대구,125,/tutor/kr-b300-ad6c-kr-d574-c6b4-b300-ad6c-kr-c6a9-b2f9-b3d9/region_tutor,true,READY_REMOVE_DUPLICATE_H1,READY_REMOVE_DUPLICATE_H1,,true
candidate:tutor:kr-b300-ad6c-kr-d574-c6b4-b300-ad6c-kr-c6a9-d638-b3d9:region_tutor,,용호동,대구,126,/tutor/kr-b300-ad6c-kr-d574-c6b4-b300-ad6c-kr-c6a9-d638-b3d9/region_tutor,true,HOLD_CONTENT_H1,HOLD_CONTENT_H1,content_section_h1,false
candidate:tutor:kr-b300-ad6c-kr-d574-c6b4-b300-ad6c-kr-b099-bbfc-b3d9:region_tutor,,낙민동,대구,127,/tutor/kr-b300-ad6c-kr-d574-c6b4-b300-ad6c-kr-b099-bbfc-b3d9/region_tutor,true,READY_REMOVE_DUPLICATE_H1,READY_REMOVE_DUPLICATE_H1,,true
candidate:tutor:kr-b300-ad6c-kr-d574-c6b4-b300-ad6c-kr-ba85-b95c-b3d9:region_tutor,,명륜동,대구,128,/tutor/kr-b300-ad6c-kr-d574-c6b4-b300-ad6c-kr-ba85-b95c-b3d9/region_tutor,true,READY_REMOVE_DUPLICATE_H1,READY_REMOVE_DUPLICATE_H1,,true
candidate:tutor:kr-b300-ad6c-kr-d574-c6b4-b300-ad6c-kr-bd80-c0b0-c0ac-c9c1-b3d9:region_tutor,,부산사직동,대구,130,/tutor/kr-b300-ad6c-kr-d574-c6b4-b300-ad6c-kr-bd80-c0b0-c0ac-c9c1-b3d9/region_tutor,true,HOLD_CONTENT_H1,HOLD_CONTENT_H1,content_section_h1,false
candidate:tutor:kr-b300-ad6c-kr-d574-c6b4-b300-ad6c-kr-c218-c548-b3d9:region_tutor,,수안동,대구,131,/tutor/kr-b300-ad6c-kr-d574-c6b4-b300-ad6c-kr-c218-c548-b3d9/region_tutor,true,READY_REMOVE_DUPLICATE_H1,READY_REMOVE_DUPLICATE_H1,,true
candidate:tutor:kr-b300-ad6c-kr-d574-c6b4-b300-ad6c-kr-c548-b77d-b3d9:region_tutor,,안락동,대구,132,/tutor/kr-b300-ad6c-kr-d574-c6b4-b300-ad6c-kr-c548-b77d-b3d9/region_tutor,true,READY_REMOVE_DUPLICATE_H1,READY_REMOVE_DUPLICATE_H1,,true
candidate:tutor:kr-b300-ad6c-kr-d574-c6b4-b300-ad6c-kr-c628-cc9c-b3d9:region_tutor,,온천동,대구,133,/tutor/kr-b300-ad6c-kr-d574-c6b4-b300-ad6c-kr-c628-cc9c-b3d9/region_tutor,true,READY_REMOVE_DUPLICATE_H1,READY_REMOVE_DUPLICATE_H1,,true
candidate:tutor:kr-b300-ad6c-kr-d574-c6b4-b300-ad6c-kr-ac00-c57c-b3d9:region_tutor,,가야동,대구,134,/tutor/kr-b300-ad6c-kr-d574-c6b4-b300-ad6c-kr-ac00-c57c-b3d9/region_tutor,true,READY_REMOVE_DUPLICATE_H1,READY_REMOVE_DUPLICATE_H1,,true
candidate:tutor:kr-b300-ad6c-kr-d574-c6b4-b300-ad6c-kr-ac1c-ae08-b3d9:region_tutor,,개금동,대구,135,/tutor/kr-b300-ad6c-kr-d574-c6b4-b300-ad6c-kr-ac1c-ae08-b3d9/region_tutor,true,READY_REMOVE_DUPLICATE_H1,READY_REMOVE_DUPLICATE_H1,,true
candidate:tutor:kr-b300-ad6c-kr-d574-c6b4-b300-ad6c-kr-b2f9-ac10-b3d9:region_tutor,,당감동,대구,136,/tutor/kr-b300-ad6c-kr-d574-c6b4-b300-ad6c-kr-b2f9-ac10-b3d9/region_tutor,true,READY_REMOVE_DUPLICATE_H1,READY_REMOVE_DUPLICATE_H1,,true
candidate:tutor:kr-b300-ad6c-kr-d574-c6b4-b300-ad6c-kr-bd80-c804-b3d9:region_tutor,,부전동,대구,138,/tutor/kr-b300-ad6c-kr-d574-c6b4-b300-ad6c-kr-bd80-c804-b3d9/region_tutor,true,READY_REMOVE_DUPLICATE_H1,READY_REMOVE_DUPLICATE_H1,,true
candidate:tutor:kr-b300-ad6c-kr-d574-c6b4-b300-ad6c-kr-c5f0-c9c0-b3d9:region_tutor,,연지동,대구,140,/tutor/kr-b300-ad6c-kr-d574-c6b4-b300-ad6c-kr-c5f0-c9c0-b3d9/region_tutor,true,READY_REMOVE_DUPLICATE_H1,READY_REMOVE_DUPLICATE_H1,,true
candidate:tutor:kr-b300-ad6c-kr-d574-c6b4-b300-ad6c-kr-c804-d3ec-b3d9:region_tutor,,전포동,대구,141,/tutor/kr-b300-ad6c-kr-d574-c6b4-b300-ad6c-kr-c804-d3ec-b3d9/region_tutor,true,READY_REMOVE_DUPLICATE_H1,READY_REMOVE_DUPLICATE_H1,,true
candidate:tutor:kr-b300-ad6c-kr-d574-c6b4-b300-ad6c-kr-cd08-c74d-b3d9:region_tutor,,초읍동,대구,142,/tutor/kr-b300-ad6c-kr-d574-c6b4-b300-ad6c-kr-cd08-c74d-b3d9/region_tutor,true,READY_REMOVE_DUPLICATE_H1,READY_REMOVE_DUPLICATE_H1,,true
candidate:tutor:kr-b300-ad6c-kr-d574-c6b4-b300-ad6c-kr-ad6c-d3ec-b3d9:region_tutor,,구포동,대구,143,/tutor/kr-b300-ad6c-kr-d574-c6b4-b300-ad6c-kr-ad6c-d3ec-b3d9/region_tutor,true,HOLD_CONTENT_H1,HOLD_CONTENT_H1,content_section_h1,false
candidate:tutor:kr-b300-ad6c-kr-d574-c6b4-b300-ad6c-kr-b355-cc9c-b3d9:region_tutor,,덕천동,대구,144,/tutor/kr-b300-ad6c-kr-d574-c6b4-b300-ad6c-kr-b355-cc9c-b3d9/region_tutor,true,READY_REMOVE_DUPLICATE_H1,READY_REMOVE_DUPLICATE_H1,,true
candidate:tutor:kr-b300-ad6c-kr-d574-c6b4-b300-ad6c-kr-d654-ba85-b3d9:region_tutor,,화명동,대구,146,/tutor/kr-b300-ad6c-kr-d574-c6b4-b300-ad6c-kr-d654-ba85-b3d9/region_tutor,true,READY_REMOVE_DUPLICATE_H1,READY_REMOVE_DUPLICATE_H1,,true
candidate:tutor:kr-b300-ad6c-kr-d574-c6b4-b300-ad6c-kr-b355-d3ec-b3d9:region_tutor,,덕포동,대구,148,/tutor/kr-b300-ad6c-kr-d574-c6b4-b300-ad6c-kr-b355-d3ec-b3d9/region_tutor,true,READY_REMOVE_DUPLICATE_H1,READY_REMOVE_DUPLICATE_H1,,true
candidate:tutor:kr-b300-ad6c-kr-d574-c6b4-b300-ad6c-kr-baa8-b77c-b3d9:region_tutor,,모라동,대구,149,/tutor/kr-b300-ad6c-kr-d574-c6b4-b300-ad6c-kr-baa8-b77c-b3d9/region_tutor,true,READY_REMOVE_DUPLICATE_H1,READY_REMOVE_DUPLICATE_H1,,true
candidate:tutor:kr-b300-ad6c-kr-d574-c6b4-b300-ad6c-kr-c8fc-b840-b3d9:region_tutor,,주례동,대구,150,/tutor/kr-b300-ad6c-kr-d574-c6b4-b300-ad6c-kr-c8fc-b840-b3d9/region_tutor,true,HOLD_CONTENT_H1,HOLD_CONTENT_H1,content_section_h1,false
candidate:tutor:kr-b300-ad6c-kr-d574-c6b4-b300-ad6c-kr-d559-c7a5-b3d9:region_tutor,,학장동,대구,151,/tutor/kr-b300-ad6c-kr-d574-c6b4-b300-ad6c-kr-d559-c7a5-b3d9/region_tutor,true,READY_REMOVE_DUPLICATE_H1,READY_REMOVE_DUPLICATE_H1,,true
candidate:tutor:kr-b300-ad6c-kr-d574-c6b4-b300-ad6c-kr-b9dd-bbf8-b3d9:region_tutor,,망미동,대구,156,/tutor/kr-b300-ad6c-kr-d574-c6b4-b300-ad6c-kr-b9dd-bbf8-b3d9/region_tutor,true,READY_REMOVE_DUPLICATE_H1,READY_REMOVE_DUPLICATE_H1,,true
candidate:tutor:kr-b300-ad6c-kr-d574-c6b4-b300-ad6c-kr-bbfc-b77d-b3d9:region_tutor,,민락동,대구,157,/tutor/kr-b300-ad6c-kr-d574-c6b4-b300-ad6c-kr-bbfc-b77d-b3d9/region_tutor,true,READY_REMOVE_DUPLICATE_H1,READY_REMOVE_DUPLICATE_H1,,true
candidate:tutor:kr-b300-ad6c-kr-d574-c6b4-b300-ad6c-kr-c5f0-c0b0-b3d9:region_tutor,,연산동,대구,159,/tutor/kr-b300-ad6c-kr-d574-c6b4-b300-ad6c-kr-c5f0-c0b0-b3d9/region_tutor,true,READY_REMOVE_DUPLICATE_H1,READY_REMOVE_DUPLICATE_H1,,true
candidate:tutor:kr-b300-ad6c-kr-d574-c6b4-b300-ad6c-kr-bc18-c5ec-b3d9:region_tutor,,반여동,대구,160,/tutor/kr-b300-ad6c-kr-d574-c6b4-b300-ad6c-kr-bc18-c5ec-b3d9/region_tutor,true,READY_REMOVE_DUPLICATE_H1,READY_REMOVE_DUPLICATE_H1,,true
candidate:tutor:kr-b300-ad6c-kr-d574-c6b4-b300-ad6c-kr-bc18-c1a1-b3d9:region_tutor,,반송동,대구,161,/tutor/kr-b300-ad6c-kr-d574-c6b4-b300-ad6c-kr-bc18-c1a1-b3d9/region_tutor,true,READY_REMOVE_DUPLICATE_H1,READY_REMOVE_DUPLICATE_H1,,true
candidate:tutor:kr-b300-ad6c-kr-d574-c6b4-b300-ad6c-kr-c6b0-b3d9:region_tutor,,우동,대구,162,/tutor/kr-b300-ad6c-kr-d574-c6b4-b300-ad6c-kr-c6b0-b3d9/region_tutor,true,HOLD_CONTENT_H1,HOLD_CONTENT_H1,content_section_h1,false
candidate:tutor:kr-b300-ad6c-kr-d574-c6b4-b300-ad6c-kr-bd80-c0b0-c911-b3d9:region_tutor,,부산중동,대구,163,/tutor/kr-b300-ad6c-kr-d574-c6b4-b300-ad6c-kr-bd80-c0b0-c911-b3d9/region_tutor,true,READY_REMOVE_DUPLICATE_H1,READY_REMOVE_DUPLICATE_H1,,true
candidate:tutor:kr-b300-ad6c-kr-d574-c6b4-b300-ad6c-kr-c88c-b3d9:region_tutor,,좌동,대구,164,/tutor/kr-b300-ad6c-kr-d574-c6b4-b300-ad6c-kr-c88c-b3d9/region_tutor,true,READY_REMOVE_DUPLICATE_H1,READY_REMOVE_DUPLICATE_H1,,true
candidate:tutor:kr-b300-ad6c-kr-d574-c6b4-b300-ad6c-kr-b300-c804:region_tutor,,대전,대구,166,/tutor/kr-b300-ad6c-kr-d574-c6b4-b300-ad6c-kr-b300-c804/region_tutor,true,READY_REMOVE_DUPLICATE_H1,READY_REMOVE_DUPLICATE_H1,,true
candidate:tutor:kr-b300-ad6c-kr-b300-b355-ad6c:region_tutor,,대덕구,대구,167,/tutor/kr-b300-ad6c-kr-b300-b355-ad6c/region_tutor,true,READY_REMOVE_DUPLICATE_H1,READY_REMOVE_DUPLICATE_H1,,true
candidate:tutor:kr-b300-ad6c-kr-b300-c804-c11c-ad6c:region_tutor,,대전서구,대구,169,/tutor/kr-b300-ad6c-kr-b300-c804-c11c-ad6c/region_tutor,true,READY_REMOVE_DUPLICATE_H1,READY_REMOVE_DUPLICATE_H1,,true
candidate:tutor:kr-b300-ad6c-kr-c720-c131-ad6c:region_tutor,,유성구,대구,170,/tutor/kr-b300-ad6c-kr-c720-c131-ad6c/region_tutor,true,READY_REMOVE_DUPLICATE_H1,READY_REMOVE_DUPLICATE_H1,,true
candidate:tutor:kr-b300-ad6c-kr-b300-c804-c911-ad6c-kr-be44-b798-b3d9:region_tutor,,비래동,대구,172,/tutor/kr-b300-ad6c-kr-b300-c804-c911-ad6c-kr-be44-b798-b3d9/region_tutor,true,READY_REMOVE_DUPLICATE_H1,READY_REMOVE_DUPLICATE_H1,,true
candidate:tutor:kr-b300-ad6c-kr-b300-c804-c911-ad6c-kr-c2e0-d0c4-c9c4-b3d9:region_tutor,,신탄진동,대구,173,/tutor/kr-b300-ad6c-kr-b300-c804-c911-ad6c-kr-c2e0-d0c4-c9c4-b3d9/region_tutor,true,READY_REMOVE_DUPLICATE_H1,READY_REMOVE_DUPLICATE_H1,,true
candidate:tutor:kr-b300-ad6c-kr-b300-c804-c911-ad6c-kr-c11d-bd09-b3d9:region_tutor,,석봉동,대구,174,/tutor/kr-b300-ad6c-kr-b300-c804-c911-ad6c-kr-c11d-bd09-b3d9/region_tutor,true,READY_REMOVE_DUPLICATE_H1,READY_REMOVE_DUPLICATE_H1,,true
candidate:tutor:kr-b300-ad6c-kr-b300-c804-c911-ad6c-kr-c1a1-cd0c-b3d9:region_tutor,,송촌동,대구,175,/tutor/kr-b300-ad6c-kr-b300-c804-c911-ad6c-kr-c1a1-cd0c-b3d9/region_tutor,true,READY_REMOVE_DUPLICATE_H1,READY_REMOVE_DUPLICATE_H1,,true
candidate:tutor:kr-b300-ad6c-kr-b300-c804-c911-ad6c-kr-b300-b3d9:region_tutor,,대동,대구,177,/tutor/kr-b300-ad6c-kr-b300-c804-c911-ad6c-kr-b300-b3d9/region_tutor,true,READY_REMOVE_DUPLICATE_H1,READY_REMOVE_DUPLICATE_H1,,true
candidate:tutor:kr-b300-ad6c-kr-b300-c804-c911-ad6c-kr-c0bc-c131-b3d9:region_tutor,,삼성동,대구,178,/tutor/kr-b300-ad6c-kr-b300-c804-c911-ad6c-kr-c0bc-c131-b3d9/region_tutor,true,READY_REMOVE_DUPLICATE_H1,READY_REMOVE_DUPLICATE_H1,,true
candidate:tutor:kr-b300-ad6c-kr-b300-c804-c911-ad6c-kr-c131-b0a8-b3d9:region_tutor,,성남동,대구,179,/tutor/kr-b300-ad6c-kr-b300-c804-c911-ad6c-kr-c131-b0a8-b3d9/region_tutor,true,READY_REMOVE_DUPLICATE_H1,READY_REMOVE_DUPLICATE_H1,,true
candidate:tutor:kr-b300-ad6c-kr-b300-c804-c911-ad6c-kr-cc9c-b3d9:region_tutor,,천동,대구,181,/tutor/kr-b300-ad6c-kr-b300-c804-c911-ad6c-kr-cc9c-b3d9/region_tutor,true,READY_REMOVE_DUPLICATE_H1,READY_REMOVE_DUPLICATE_H1,,true
candidate:tutor:kr-b300-ad6c-kr-b300-c804-c911-ad6c-kr-ac00-c218-c6d0-b3d9:region_tutor,,가수원동,대구,182,/tutor/kr-b300-ad6c-kr-b300-c804-c911-ad6c-kr-ac00-c218-c6d0-b3d9/region_tutor,true,HOLD_CONTENT_H1,HOLD_CONTENT_H1,content_section_h1,false
candidate:tutor:kr-b300-ad6c-kr-b300-c804-c911-ad6c-kr-ac00-c7a5-b3d9:region_tutor,,가장동,대구,183,/tutor/kr-b300-ad6c-kr-b300-c804-c911-ad6c-kr-ac00-c7a5-b3d9/region_tutor,true,HOLD_CONTENT_H1,HOLD_CONTENT_H1,content_section_h1,false
candidate:tutor:kr-b300-ad6c-kr-b300-c804-c911-ad6c-kr-ac08-b9c8-b3d9:region_tutor,,갈마동,대구,184,/tutor/kr-b300-ad6c-kr-b300-c804-c911-ad6c-kr-ac08-b9c8-b3d9/region_tutor,true,READY_REMOVE_DUPLICATE_H1,READY_REMOVE_DUPLICATE_H1,,true
candidate:tutor:kr-b300-ad6c-kr-b300-c804-c911-ad6c-kr-ad00-c800-b3d9:region_tutor,,관저동,대구,185,/tutor/kr-b300-ad6c-kr-b300-c804-c911-ad6c-kr-ad00-c800-b3d9/region_tutor,true,HOLD_CONTENT_H1,HOLD_CONTENT_H1,content_section_h1,false
candidate:tutor:kr-b300-ad6c-kr-b300-c804-c911-ad6c-kr-ad34-c815-b3d9:region_tutor,,괴정동,대구,186,/tutor/kr-b300-ad6c-kr-b300-c804-c911-ad6c-kr-ad34-c815-b3d9/region_tutor,true,READY_REMOVE_DUPLICATE_H1,READY_REMOVE_DUPLICATE_H1,,true
candidate:tutor:kr-b300-ad6c-kr-b300-c804-c911-ad6c-kr-b0b4-b3d9:region_tutor,,내동,대구,187,/tutor/kr-b300-ad6c-kr-b300-c804-c911-ad6c-kr-b0b4-b3d9/region_tutor,true,READY_REMOVE_DUPLICATE_H1,READY_REMOVE_DUPLICATE_H1,,true
candidate:tutor:kr-b300-ad6c-kr-b300-c804-c911-ad6c-kr-b3c4-b9c8-b3d9:region_tutor,,도마동,대구,188,/tutor/kr-b300-ad6c-kr-b300-c804-c911-ad6c-kr-b3c4-b9c8-b3d9/region_tutor,true,READY_REMOVE_DUPLICATE_H1,READY_REMOVE_DUPLICATE_H1,,true
candidate:tutor:kr-b300-ad6c-kr-b300-c804-c911-ad6c-kr-b3c4-c548-b3d9:region_tutor,,도안동,대구,189,/tutor/kr-b300-ad6c-kr-b300-c804-c911-ad6c-kr-b3c4-c548-b3d9/region_tutor,true,HOLD_CONTENT_H1,HOLD_CONTENT_H1,content_section_h1,false
candidate:tutor:kr-b300-ad6c-kr-b300-c804-c911-ad6c-kr-b454-c0b0-b3d9:region_tutor,,둔산동,대구,190,/tutor/kr-b300-ad6c-kr-b300-c804-c911-ad6c-kr-b454-c0b0-b3d9/region_tutor,true,READY_REMOVE_DUPLICATE_H1,READY_REMOVE_DUPLICATE_H1,,true
candidate:tutor:kr-b300-ad6c-kr-b300-c804-c911-ad6c-kr-b9cc-b144-b3d9:region_tutor,,만년동,대구,191,/tutor/kr-b300-ad6c-kr-b300-c804-c911-ad6c-kr-b9cc-b144-b3d9/region_tutor,true,READY_REMOVE_DUPLICATE_H1,READY_REMOVE_DUPLICATE_H1,,true
candidate:tutor:kr-b300-ad6c-kr-b300-c804-c911-ad6c-kr-bcc0-b3d9:region_tutor,,변동,대구,192,/tutor/kr-b300-ad6c-kr-b300-c804-c911-ad6c-kr-bcc0-b3d9/region_tutor,true,READY_REMOVE_DUPLICATE_H1,READY_REMOVE_DUPLICATE_H1,,true
candidate:tutor:kr-b300-ad6c-kr-b300-c804-c911-ad6c-kr-c6d4-d3c9-b3d9:region_tutor,,월평동,대구,194,/tutor/kr-b300-ad6c-kr-b300-c804-c911-ad6c-kr-c6d4-d3c9-b3d9/region_tutor,true,READY_REMOVE_DUPLICATE_H1,READY_REMOVE_DUPLICATE_H1,,true
candidate:tutor:kr-b300-ad6c-kr-b300-c804-c911-ad6c-kr-ad00-d3c9-b3d9:region_tutor,,관평동,대구,195,/tutor/kr-b300-ad6c-kr-b300-c804-c911-ad6c-kr-ad00-d3c9-b3d9/region_tutor,true,READY_REMOVE_DUPLICATE_H1,READY_REMOVE_DUPLICATE_H1,,true
candidate:tutor:kr-b300-ad6c-kr-b300-c804-c911-ad6c-kr-b178-c740-b3d9:region_tutor,,노은동,대구,196,/tutor/kr-b300-ad6c-kr-b300-c804-c911-ad6c-kr-b178-c740-b3d9/region_tutor,true,READY_REMOVE_DUPLICATE_H1,READY_REMOVE_DUPLICATE_H1,,true
candidate:tutor:kr-b300-ad6c-kr-b300-c804-c911-ad6c-kr-ad81-b3d9:region_tutor,,궁동,대구,197,/tutor/kr-b300-ad6c-kr-b300-c804-c911-ad6c-kr-ad81-b3d9/region_tutor,true,HOLD_CONTENT_H1,HOLD_CONTENT_H1,content_section_h1,false
candidate:tutor:kr-b300-ad6c-kr-b300-c804-c911-ad6c-kr-b300-c804-bd09-ba85-b3d9:region_tutor,,대전봉명동,대구,200,/tutor/kr-b300-ad6c-kr-b300-c804-c911-ad6c-kr-b300-c804-bd09-ba85-b3d9/region_tutor,true,READY_REMOVE_DUPLICATE_H1,READY_REMOVE_DUPLICATE_H1,,true
candidate:tutor:kr-b300-ad6c-kr-b300-c804-c911-ad6c-kr-c1a1-ac15-b3d9:region_tutor,,송강동,대구,202,/tutor/kr-b300-ad6c-kr-b300-c804-c911-ad6c-kr-c1a1-ac15-b3d9/region_tutor,true,READY_REMOVE_DUPLICATE_H1,READY_REMOVE_DUPLICATE_H1,,true
candidate:tutor:kr-b300-ad6c-kr-b300-c804-c911-ad6c-kr-c7a5-b300-b3d9:region_tutor,,장대동,대구,205,/tutor/kr-b300-ad6c-kr-b300-c804-c911-ad6c-kr-c7a5-b300-b3d9/region_tutor,true,READY_REMOVE_DUPLICATE_H1,READY_REMOVE_DUPLICATE_H1,,true
candidate:tutor:kr-b300-ad6c-kr-b300-c804-c911-ad6c-kr-b300-d765-b3d9:region_tutor,,대흥동,대구,211,/tutor/kr-b300-ad6c-kr-b300-c804-c911-ad6c-kr-b300-d765-b3d9/region_tutor,true,HOLD_CONTENT_H1,HOLD_CONTENT_H1,content_section_h1,false
candidate:tutor:kr-b300-ad6c-kr-b300-c804-c911-ad6c-kr-bb38-d654-b3d9:region_tutor,,문화동,대구,212,/tutor/kr-b300-ad6c-kr-b300-c804-c911-ad6c-kr-bb38-d654-b3d9/region_tutor,true,READY_REMOVE_DUPLICATE_H1,READY_REMOVE_DUPLICATE_H1,,true
candidate:tutor:kr-b300-ad6c-kr-b300-c804-c911-ad6c-kr-c911-cd0c-b3d9:region_tutor,,중촌동,대구,213,/tutor/kr-b300-ad6c-kr-b300-c804-c911-ad6c-kr-c911-cd0c-b3d9/region_tutor,true,HOLD_CONTENT_H1,HOLD_CONTENT_H1,content_section_h1,false
candidate:tutor:kr-b300-ad6c-kr-b300-c804-c911-ad6c-kr-b300-c804-d0dc-d3c9-b3d9:region_tutor,,대전태평동,대구,214,/tutor/kr-b300-ad6c-kr-b300-c804-c911-ad6c-kr-b300-c804-d0dc-d3c9-b3d9/region_tutor,true,READY_REMOVE_DUPLICATE_H1,READY_REMOVE_DUPLICATE_H1,,true
candidate:tutor:kr-b300-ad6c-kr-b3c4-c548-c2e0-b3c4-c2dc:region_tutor,,도안신도시,대구,216,/tutor/kr-b300-ad6c-kr-b3c4-c548-c2e0-b3c4-c2dc/region_tutor,true,READY_REMOVE_DUPLICATE_H1,READY_REMOVE_DUPLICATE_H1,,true
candidate:tutor:kr-b300-ad6c-kr-b178-c740-c9c0-ad6c-kr-d14c-d06c-b178-bca8-b9ac:region_tutor,,테크노벨리,대구,218,/tutor/kr-b300-ad6c-kr-b178-c740-c9c0-ad6c-kr-d14c-d06c-b178-bca8-b9ac/region_tutor,true,HOLD_CONTENT_H1,HOLD_CONTENT_H1,content_section_h1,false
candidate:tutor:kr-b300-ad6c-kr-b178-c740-c9c0-ad6c-kr-c740-d589-b3d9:region_tutor,,은행동,대구,219,/tutor/kr-b300-ad6c-kr-b178-c740-c9c0-ad6c-kr-c740-d589-b3d9/region_tutor,true,HOLD_CONTENT_H1,HOLD_CONTENT_H1,content_section_h1,false
candidate:tutor:kr-b300-ad6c-kr-b178-c740-c9c0-ad6c-kr-c120-d654-b3d9:region_tutor,,선화동,대구,220,/tutor/kr-b300-ad6c-kr-b178-c740-c9c0-ad6c-kr-c120-d654-b3d9/region_tutor,true,READY_REMOVE_DUPLICATE_H1,READY_REMOVE_DUPLICATE_H1,,true
candidate:tutor:kr-b300-ad6c-kr-b178-c740-c9c0-ad6c-kr-ad11-c8fc:region_tutor,,광주,대구,221,/tutor/kr-b300-ad6c-kr-b178-c740-c9c0-ad6c-kr-ad11-c8fc/region_tutor,true,READY_REMOVE_DUPLICATE_H1,READY_REMOVE_DUPLICATE_H1,,true
candidate:tutor:kr-b300-ad6c-kr-ad11-c0b0-ad6c:region_tutor,,광산구,대구,222,/tutor/kr-b300-ad6c-kr-ad11-c0b0-ad6c/region_tutor,true,READY_REMOVE_DUPLICATE_H1,READY_REMOVE_DUPLICATE_H1,,true
candidate:tutor:kr-b300-ad6c-kr-ad11-c8fc-c11c-ad6c:region_tutor,,광주서구,대구,225,/tutor/kr-b300-ad6c-kr-ad11-c8fc-c11c-ad6c/region_tutor,true,READY_REMOVE_DUPLICATE_H1,READY_REMOVE_DUPLICATE_H1,,true
candidate:tutor:kr-b300-ad6c-kr-ad11-c8fc-c11c-ad6c-kr-c120-c554-b3d9:region_tutor,,선암동,대구,227,/tutor/kr-b300-ad6c-kr-ad11-c8fc-c11c-ad6c-kr-c120-c554-b3d9/region_tutor,true,READY_REMOVE_DUPLICATE_H1,READY_REMOVE_DUPLICATE_H1,,true
candidate:tutor:kr-b300-ad6c-kr-ad11-c8fc-c11c-ad6c-kr-c2e0-cc3d-b3d9:region_tutor,,신창동,대구,232,/tutor/kr-b300-ad6c-kr-ad11-c8fc-c11c-ad6c-kr-c2e0-cc3d-b3d9/region_tutor,true,READY_REMOVE_DUPLICATE_H1,READY_REMOVE_DUPLICATE_H1,,true
candidate:tutor:kr-b300-ad6c-kr-ad11-c8fc-c11c-ad6c-kr-c6d4-ace1-b3d9:region_tutor,,월곡동,대구,233,/tutor/kr-b300-ad6c-kr-ad11-c8fc-c11c-ad6c-kr-c6d4-ace1-b3d9/region_tutor,true,READY_REMOVE_DUPLICATE_H1,READY_REMOVE_DUPLICATE_H1,,true
candidate:tutor:kr-b300-ad6c-kr-ad11-c8fc-c11c-ad6c-kr-d751-c11d-b3d9:region_tutor,,흑석동,대구,234,/tutor/kr-b300-ad6c-kr-ad11-c8fc-c11c-ad6c-kr-d751-c11d-b3d9/region_tutor,true,READY_REMOVE_DUPLICATE_H1,READY_REMOVE_DUPLICATE_H1,,true
candidate:tutor:kr-b300-ad6c-kr-ad11-c8fc-c11c-ad6c-kr-c218-c644-b3d9:region_tutor,,수완동,대구,235,/tutor/kr-b300-ad6c-kr-ad11-c8fc-c11c-ad6c-kr-c218-c644-b3d9/region_tutor,true,READY_REMOVE_DUPLICATE_H1,READY_REMOVE_DUPLICATE_H1,,true
candidate:tutor:kr-b300-ad6c-kr-ad11-c8fc-c11c-ad6c-kr-ad11-c8fc-c1a1-c815-b3d9:region_tutor,,광주송정동,대구,236,/tutor/kr-b300-ad6c-kr-ad11-c8fc-c11c-ad6c-kr-ad11-c8fc-c1a1-c815-b3d9/region_tutor,true,HOLD_CONTENT_H1,HOLD_CONTENT_H1,content_section_h1,false
candidate:tutor:kr-b300-ad6c-kr-ad11-c8fc-c11c-ad6c-kr-c2e0-ac00-b3d9:region_tutor,,신가동,대구,237,/tutor/kr-b300-ad6c-kr-ad11-c8fc-c11c-ad6c-kr-c2e0-ac00-b3d9/region_tutor,true,READY_REMOVE_DUPLICATE_H1,READY_REMOVE_DUPLICATE_H1,,true
candidate:tutor:kr-b300-ad6c-kr-ad11-c8fc-c11c-ad6c-kr-c30d-c554-b3d9:region_tutor,,쌍암동,대구,238,/tutor/kr-b300-ad6c-kr-ad11-c8fc-c11c-ad6c-kr-c30d-c554-b3d9/region_tutor,true,READY_REMOVE_DUPLICATE_H1,READY_REMOVE_DUPLICATE_H1,,true
candidate:tutor:kr-b300-ad6c-kr-ad11-c8fc-c11c-ad6c-kr-ad11-c8fc-c6b4-b0a8-b3d9:region_tutor,,광주운남동,대구,239,/tutor/kr-b300-ad6c-kr-ad11-c8fc-c11c-ad6c-kr-ad11-c8fc-c6b4-b0a8-b3d9/region_tutor,true,READY_REMOVE_DUPLICATE_H1,READY_REMOVE_DUPLICATE_H1,,true
candidate:tutor:kr-b300-ad6c-kr-ad11-c8fc-c11c-ad6c-kr-d558-b0a8-b3d9:region_tutor,,하남동,대구,240,/tutor/kr-b300-ad6c-kr-ad11-c8fc-c11c-ad6c-kr-d558-b0a8-b3d9/region_tutor,true,READY_REMOVE_DUPLICATE_H1,READY_REMOVE_DUPLICATE_H1,,true
candidate:tutor:kr-b300-ad6c-kr-ad11-c8fc-c11c-ad6c-kr-bc29-b9bc-b3d9:region_tutor,,방림동,대구,241,/tutor/kr-b300-ad6c-kr-ad11-c8fc-c11c-ad6c-kr-bc29-b9bc-b3d9/region_tutor,true,READY_REMOVE_DUPLICATE_H1,READY_REMOVE_DUPLICATE_H1,,true
candidate:tutor:kr-b300-ad6c-kr-ad11-c8fc-c11c-ad6c-kr-bd09-c120-b3d9:region_tutor,,봉선동,대구,242,/tutor/kr-b300-ad6c-kr-ad11-c8fc-c11c-ad6c-kr-bd09-c120-b3d9/region_tutor,true,HOLD_CONTENT_H1,HOLD_CONTENT_H1,content_section_h1,false
candidate:tutor:kr-b300-ad6c-kr-ad11-c8fc-c11c-ad6c-kr-c6d4-c0b0-b3d9:region_tutor,,월산동,대구,243,/tutor/kr-b300-ad6c-kr-ad11-c8fc-c11c-ad6c-kr-c6d4-c0b0-b3d9/region_tutor,true,READY_REMOVE_DUPLICATE_H1,READY_REMOVE_DUPLICATE_H1,,true
candidate:tutor:kr-b300-ad6c-kr-ad11-c8fc-c11c-ad6c-kr-d589-c554-b3d9:region_tutor,,행암동,대구,244,/tutor/kr-b300-ad6c-kr-ad11-c8fc-c11c-ad6c-kr-d589-c554-b3d9/region_tutor,true,READY_REMOVE_DUPLICATE_H1,READY_REMOVE_DUPLICATE_H1,,true
candidate:tutor:kr-b300-ad6c-kr-ad11-c8fc-c11c-ad6c-kr-b450-c554-b3d9:region_tutor,,두암동,대구,247,/tutor/kr-b300-ad6c-kr-ad11-c8fc-c11c-ad6c-kr-b450-c554-b3d9/region_tutor,true,READY_REMOVE_DUPLICATE_H1,READY_REMOVE_DUPLICATE_H1,,true
candidate:tutor:kr-b300-ad6c-kr-ad11-c8fc-c11c-ad6c-kr-b9e4-ace1-b3d9:region_tutor,,매곡동,대구,248,/tutor/kr-b300-ad6c-kr-ad11-c8fc-c11c-ad6c-kr-b9e4-ace1-b3d9/region_tutor,true,READY_REMOVE_DUPLICATE_H1,READY_REMOVE_DUPLICATE_H1,,true
candidate:tutor:kr-b300-ad6c-kr-ad11-c8fc-c11c-ad6c-kr-bb38-d765-b3d9:region_tutor,,문흥동,대구,249,/tutor/kr-b300-ad6c-kr-ad11-c8fc-c11c-ad6c-kr-bb38-d765-b3d9/region_tutor,true,READY_REMOVE_DUPLICATE_H1,READY_REMOVE_DUPLICATE_H1,,true
candidate:tutor:kr-b300-ad6c-kr-ad11-c8fc-c11c-ad6c-kr-c2e0-c6a9-b3d9:region_tutor,,신용동,대구,251,/tutor/kr-b300-ad6c-kr-ad11-c8fc-c11c-ad6c-kr-c2e0-c6a9-b3d9/region_tutor,true,READY_REMOVE_DUPLICATE_H1,READY_REMOVE_DUPLICATE_H1,,true
candidate:tutor:kr-b300-ad6c-kr-ad11-c8fc-c11c-ad6c-kr-c624-ce58-b3d9:region_tutor,,오치동,대구,253,/tutor/kr-b300-ad6c-kr-ad11-c8fc-c11c-ad6c-kr-c624-ce58-b3d9/region_tutor,true,READY_REMOVE_DUPLICATE_H1,READY_REMOVE_DUPLICATE_H1,,true
candidate:tutor:kr-b300-ad6c-kr-ad11-c8fc-c11c-ad6c-kr-ad11-c8fc-c6b0-c0b0-b3d9:region_tutor,,광주우산동,대구,255,/tutor/kr-b300-ad6c-kr-ad11-c8fc-c11c-ad6c-kr-ad11-c8fc-c6b0-c0b0-b3d9/region_tutor,true,READY_REMOVE_DUPLICATE_H1,READY_REMOVE_DUPLICATE_H1,,true
candidate:tutor:kr-b300-ad6c-kr-ad11-c8fc-c11c-ad6c-kr-c6b4-c554-b3d9:region_tutor,,운암동,대구,256,/tutor/kr-b300-ad6c-kr-ad11-c8fc-c11c-ad6c-kr-c6b4-c554-b3d9/region_tutor,true,READY_REMOVE_DUPLICATE_H1,READY_REMOVE_DUPLICATE_H1,,true
candidate:tutor:kr-b300-ad6c-kr-ad11-c8fc-c11c-ad6c-kr-d48d-d5a5-b3d9:region_tutor,,풍향동,대구,258,/tutor/kr-b300-ad6c-kr-ad11-c8fc-c11c-ad6c-kr-d48d-d5a5-b3d9/region_tutor,true,READY_REMOVE_DUPLICATE_H1,READY_REMOVE_DUPLICATE_H1,,true
candidate:tutor:kr-b300-ad6c-kr-ad11-c8fc-c11c-ad6c-kr-ad11-cc9c-b3d9:region_tutor,,광천동,대구,259,/tutor/kr-b300-ad6c-kr-ad11-c8fc-c11c-ad6c-kr-ad11-cc9c-b3d9/region_tutor,true,READY_REMOVE_DUPLICATE_H1,READY_REMOVE_DUPLICATE_H1,,true
candidate:tutor:kr-b300-ad6c-kr-ad11-c8fc-c11c-ad6c-kr-ae08-d638-b3d9:region_tutor,,금호동,대구,260,/tutor/kr-b300-ad6c-kr-ad11-c8fc-c11c-ad6c-kr-ae08-d638-b3d9/region_tutor,true,HOLD_CONTENT_H1,HOLD_CONTENT_H1,content_section_h1,false
candidate:tutor:kr-b300-ad6c-kr-ad11-c8fc-c11c-ad6c-kr-b0b4-bc29-b3d9:region_tutor,,내방동,대구,261,/tutor/kr-b300-ad6c-kr-ad11-c8fc-c11c-ad6c-kr-b0b4-bc29-b3d9/region_tutor,true,READY_REMOVE_DUPLICATE_H1,READY_REMOVE_DUPLICATE_H1,,true
candidate:tutor:kr-b300-ad6c-kr-ad11-c8fc-c11c-ad6c-kr-ad11-c8fc-b3d9-cc9c-b3d9:region_tutor,,광주동천동,대구,262,/tutor/kr-b300-ad6c-kr-ad11-c8fc-c11c-ad6c-kr-ad11-c8fc-b3d9-cc9c-b3d9/region_tutor,true,READY_REMOVE_DUPLICATE_H1,READY_REMOVE_DUPLICATE_H1,,true
candidate:tutor:kr-b300-ad6c-kr-ad11-c8fc-c11c-ad6c-kr-c30d-cd0c-b3d9:region_tutor,,쌍촌동,대구,263,/tutor/kr-b300-ad6c-kr-ad11-c8fc-c11c-ad6c-kr-c30d-cd0c-b3d9/region_tutor,true,READY_REMOVE_DUPLICATE_H1,READY_REMOVE_DUPLICATE_H1,,true
candidate:tutor:kr-b300-ad6c-kr-ad11-c8fc-c11c-ad6c-kr-ce58-d3c9-b3d9:region_tutor,,치평동,대구,264,/tutor/kr-b300-ad6c-kr-ad11-c8fc-c11c-ad6c-kr-ce58-d3c9-b3d9/region_tutor,true,READY_REMOVE_DUPLICATE_H1,READY_REMOVE_DUPLICATE_H1,,true
candidate:tutor:kr-b300-ad6c-kr-ad11-c8fc-c11c-ad6c-kr-d48d-c554-b3d9:region_tutor,,풍암동,대구,265,/tutor/kr-b300-ad6c-kr-ad11-c8fc-c11c-ad6c-kr-d48d-c554-b3d9/region_tutor,true,READY_REMOVE_DUPLICATE_H1,READY_REMOVE_DUPLICATE_H1,,true
candidate:tutor:kr-b300-ad6c-kr-ad11-c8fc-c11c-ad6c-kr-d654-c815-b3d9:region_tutor,,화정동,대구,266,/tutor/kr-b300-ad6c-kr-ad11-c8fc-c11c-ad6c-kr-d654-c815-b3d9/region_tutor,true,READY_REMOVE_DUPLICATE_H1,READY_REMOVE_DUPLICATE_H1,,true
candidate:tutor:kr-b300-ad6c-kr-ad11-c8fc-c11c-ad6c-kr-c720-cd0c-b3d9:region_tutor,,유촌동,대구,267,/tutor/kr-b300-ad6c-kr-ad11-c8fc-c11c-ad6c-kr-c720-cd0c-b3d9/region_tutor,true,READY_REMOVE_DUPLICATE_H1,READY_REMOVE_DUPLICATE_H1,,true
candidate:tutor:kr-b300-ad6c-kr-c0c1-bb34-c9c0-ad6c:region_tutor,,상무지구,대구,268,/tutor/kr-b300-ad6c-kr-c0c1-bb34-c9c0-ad6c/region_tutor,true,READY_REMOVE_DUPLICATE_H1,READY_REMOVE_DUPLICATE_H1,,true
candidate:tutor:kr-b300-ad6c-kr-ae08-d638-c9c0-ad6c:region_tutor,,금호지구,대구,269,/tutor/kr-b300-ad6c-kr-ae08-d638-c9c0-ad6c/region_tutor,true,READY_REMOVE_DUPLICATE_H1,READY_REMOVE_DUPLICATE_H1,,true
candidate:tutor:kr-b300-ad6c-kr-c9c4-c6d4-c9c0-ad6c:region_tutor,,진월지구,대구,272,/tutor/kr-b300-ad6c-kr-c9c4-c6d4-c9c0-ad6c/region_tutor,true,READY_REMOVE_DUPLICATE_H1,READY_REMOVE_DUPLICATE_H1,,true
candidate:tutor:kr-b300-ad6c-kr-ad11-c8fc-d6a8-cc9c-c9c0-ad6c:region_tutor,,광주효천지구,대구,273,/tutor/kr-b300-ad6c-kr-ad11-c8fc-d6a8-cc9c-c9c0-ad6c/region_tutor,true,READY_REMOVE_DUPLICATE_H1,READY_REMOVE_DUPLICATE_H1,,true
candidate:tutor:kr-b300-ad6c-kr-c77c-ace1-c9c0-ad6c:region_tutor,,일곡지구,대구,275,/tutor/kr-b300-ad6c-kr-c77c-ace1-c9c0-ad6c/region_tutor,true,READY_REMOVE_DUPLICATE_H1,READY_REMOVE_DUPLICATE_H1,,true
candidate:tutor:kr-b300-ad6c-kr-c591-c0b0-c9c0-ad6c:region_tutor,,양산지구,대구,276,/tutor/kr-b300-ad6c-kr-c591-c0b0-c9c0-ad6c/region_tutor,true,READY_REMOVE_DUPLICATE_H1,READY_REMOVE_DUPLICATE_H1,,true
candidate:tutor:kr-b300-ad6c-kr-c218-c644-c9c0-ad6c:region_tutor,,수완지구,대구,277,/tutor/kr-b300-ad6c-kr-c218-c644-c9c0-ad6c/region_tutor,true,HOLD_CONTENT_H1,HOLD_CONTENT_H1,content_section_h1,false
candidate:tutor:kr-b300-ad6c-kr-d558-b0a8-c9c0-ad6c:region_tutor,,하남지구,대구,278,/tutor/kr-b300-ad6c-kr-d558-b0a8-c9c0-ad6c/region_tutor,true,READY_REMOVE_DUPLICATE_H1,READY_REMOVE_DUPLICATE_H1,,true
candidate:tutor:kr-b300-ad6c-2:region_tutor,,첨단2지구,대구,279,/tutor/kr-b300-ad6c-2/region_tutor,true,READY_REMOVE_DUPLICATE_H1,READY_REMOVE_DUPLICATE_H1,,true
candidate:tutor:kr-b300-ad6c-kr-c120-c6b4-c9c0-ad6c:region_tutor,,선운지구,대구,280,/tutor/kr-b300-ad6c-kr-c120-c6b4-c9c0-ad6c/region_tutor,true,READY_REMOVE_DUPLICATE_H1,READY_REMOVE_DUPLICATE_H1,,true
candidate:tutor:kr-b300-ad6c-kr-c120-c6b4-c9c0-ad6c-kr-c804-c8fc:region_tutor,,전주,대구,281,/tutor/kr-b300-ad6c-kr-c120-c6b4-c9c0-ad6c-kr-c804-c8fc/region_tutor,true,READY_REMOVE_DUPLICATE_H1,READY_REMOVE_DUPLICATE_H1,,true
candidate:tutor:kr-b300-ad6c-kr-b355-c9c4-ad6c:region_tutor,,덕진구,대구,282,/tutor/kr-b300-ad6c-kr-b355-c9c4-ad6c/region_tutor,true,READY_REMOVE_DUPLICATE_H1,READY_REMOVE_DUPLICATE_H1,,true
candidate:tutor:kr-b300-ad6c-kr-c644-c0b0-ad6c:region_tutor,,완산구,대구,283,/tutor/kr-b300-ad6c-kr-c644-c0b0-ad6c/region_tutor,true,READY_REMOVE_DUPLICATE_H1,READY_REMOVE_DUPLICATE_H1,,true
candidate:tutor:kr-b300-ad6c-kr-c644-c0b0-ad6c-kr-b355-c9c4-b3d9:region_tutor,,덕진동,대구,284,/tutor/kr-b300-ad6c-kr-c644-c0b0-ad6c-kr-b355-c9c4-b3d9/region_tutor,true,READY_REMOVE_DUPLICATE_H1,READY_REMOVE_DUPLICATE_H1,,true
candidate:tutor:kr-b300-ad6c-kr-c644-c0b0-ad6c-kr-bc18-c6d4-b3d9:region_tutor,,반월동,대구,285,/tutor/kr-b300-ad6c-kr-c644-c0b0-ad6c-kr-bc18-c6d4-b3d9/region_tutor,true,READY_REMOVE_DUPLICATE_H1,READY_REMOVE_DUPLICATE_H1,,true
candidate:tutor:kr-b300-ad6c-kr-c644-c0b0-ad6c-kr-c5ec-c758-b3d9:region_tutor,,여의동,대구,286,/tutor/kr-b300-ad6c-kr-c644-c0b0-ad6c-kr-c5ec-c758-b3d9/region_tutor,true,READY_REMOVE_DUPLICATE_H1,READY_REMOVE_DUPLICATE_H1,,true
candidate:tutor:kr-b300-ad6c-kr-c644-c0b0-ad6c-kr-c6b0-c544-b3d9:region_tutor,,우아동,대구,287,/tutor/kr-b300-ad6c-kr-c644-c0b0-ad6c-kr-c6b0-c544-b3d9/region_tutor,true,READY_REMOVE_DUPLICATE_H1,READY_REMOVE_DUPLICATE_H1,,true
candidate:tutor:kr-b300-ad6c-kr-c644-c0b0-ad6c-kr-c778-d6c4-b3d9:region_tutor,,인후동,대구,288,/tutor/kr-b300-ad6c-kr-c644-c0b0-ad6c-kr-c778-d6c4-b3d9/region_tutor,true,READY_REMOVE_DUPLICATE_H1,READY_REMOVE_DUPLICATE_H1,,true
candidate:tutor:kr-b300-ad6c-kr-c644-c0b0-ad6c-kr-c804-c8fc-c911-b3d9:region_tutor,,전주중동,대구,289,/tutor/kr-b300-ad6c-kr-c644-c0b0-ad6c-kr-c804-c8fc-c911-b3d9/region_tutor,true,READY_REMOVE_DUPLICATE_H1,READY_REMOVE_DUPLICATE_H1,,true
candidate:tutor:kr-b300-ad6c-kr-c644-c0b0-ad6c-kr-ae08-c554-b3d9:region_tutor,,금암동,대구,290,/tutor/kr-b300-ad6c-kr-c644-c0b0-ad6c-kr-ae08-c554-b3d9/region_tutor,true,HOLD_CONTENT_H1,HOLD_CONTENT_H1,content_section_h1,false
candidate:tutor:kr-b300-ad6c-kr-c644-c0b0-ad6c-kr-c1a1-cc9c-b3d9:region_tutor,,송천동,대구,291,/tutor/kr-b300-ad6c-kr-c644-c0b0-ad6c-kr-c1a1-cc9c-b3d9/region_tutor,true,READY_REMOVE_DUPLICATE_H1,READY_REMOVE_DUPLICATE_H1,,true
candidate:tutor:kr-b300-ad6c-kr-c644-c0b0-ad6c-kr-c9c4-bd81-b3d9:region_tutor,,진북동,대구,292,/tutor/kr-b300-ad6c-kr-c644-c0b0-ad6c-kr-c9c4-bd81-b3d9/region_tutor,true,READY_REMOVE_DUPLICATE_H1,READY_REMOVE_DUPLICATE_H1,,true
candidate:tutor:kr-b300-ad6c-kr-c644-c0b0-ad6c-kr-b9cc-c1a1-b3d9:region_tutor,,만송동,대구,293,/tutor/kr-b300-ad6c-kr-c644-c0b0-ad6c-kr-b9cc-c1a1-b3d9/region_tutor,true,READY_REMOVE_DUPLICATE_H1,READY_REMOVE_DUPLICATE_H1,,true
candidate:tutor:kr-b300-ad6c-kr-c644-c0b0-ad6c-kr-c7a5-b3d9:region_tutor,,장동,대구,294,/tutor/kr-b300-ad6c-kr-c644-c0b0-ad6c-kr-c7a5-b3d9/region_tutor,true,READY_REMOVE_DUPLICATE_H1,READY_REMOVE_DUPLICATE_H1,,true
candidate:tutor:kr-b300-ad6c-kr-c644-c0b0-ad6c-kr-c0bc-cc9c-b3d9:region_tutor,,삼천동,대구,295,/tutor/kr-b300-ad6c-kr-c644-c0b0-ad6c-kr-c0bc-cc9c-b3d9/region_tutor,true,READY_REMOVE_DUPLICATE_H1,READY_REMOVE_DUPLICATE_H1,,true
candidate:tutor:kr-b300-ad6c-kr-c644-c0b0-ad6c-kr-c11c-c2e0-b3d9:region_tutor,,서신동,대구,296,/tutor/kr-b300-ad6c-kr-c644-c0b0-ad6c-kr-c11c-c2e0-b3d9/region_tutor,true,HOLD_CONTENT_H1,HOLD_CONTENT_H1,content_section_h1,false
candidate:tutor:kr-b300-ad6c-kr-c644-c0b0-ad6c-kr-c11c-c644-c2e0-b3d9:region_tutor,,서완신동,대구,297,/tutor/kr-b300-ad6c-kr-c644-c0b0-ad6c-kr-c11c-c644-c2e0-b3d9/region_tutor,true,HOLD_CONTENT_H1,HOLD_CONTENT_H1,content_section_h1,false
candidate:tutor:kr-b300-ad6c-kr-c644-c0b0-ad6c-kr-c911-d654-c0b0-b3d9:region_tutor,,중화산동,대구,298,/tutor/kr-b300-ad6c-kr-c644-c0b0-ad6c-kr-c911-d654-c0b0-b3d9/region_tutor,true,READY_REMOVE_DUPLICATE_H1,READY_REMOVE_DUPLICATE_H1,,true
candidate:tutor:kr-b300-ad6c-kr-c644-c0b0-ad6c-kr-c804-c8fc-d0dc-d3c9-b3d9:region_tutor,,전주태평동,대구,299,/tutor/kr-b300-ad6c-kr-c644-c0b0-ad6c-kr-c804-c8fc-d0dc-d3c9-b3d9/region_tutor,true,READY_REMOVE_DUPLICATE_H1,READY_REMOVE_DUPLICATE_H1,,true
candidate:tutor:kr-b300-ad6c-kr-c644-c0b0-ad6c-kr-d3c9-d654-b3d9:region_tutor,,평화동,대구,300,/tutor/kr-b300-ad6c-kr-c644-c0b0-ad6c-kr-d3c9-d654-b3d9/region_tutor,true,READY_REMOVE_DUPLICATE_H1,READY_REMOVE_DUPLICATE_H1,,true
candidate:tutor:kr-b300-ad6c-kr-c644-c0b0-ad6c-kr-d48d-b0a8-b3d9:region_tutor,,풍남동,대구,301,/tutor/kr-b300-ad6c-kr-c644-c0b0-ad6c-kr-d48d-b0a8-b3d9/region_tutor,true,READY_REMOVE_DUPLICATE_H1,READY_REMOVE_DUPLICATE_H1,,true
candidate:tutor:kr-b300-ad6c-kr-c644-c0b0-ad6c-kr-d6a8-c790-b3d9:region_tutor,,효자동,대구,302,/tutor/kr-b300-ad6c-kr-c644-c0b0-ad6c-kr-d6a8-c790-b3d9/region_tutor,true,READY_REMOVE_DUPLICATE_H1,READY_REMOVE_DUPLICATE_H1,,true
candidate:tutor:kr-b300-ad6c-kr-d6a8-c790-c9c0-ad6c:region_tutor,,효자지구,대구,303,/tutor/kr-b300-ad6c-kr-d6a8-c790-c9c0-ad6c/region_tutor,true,READY_REMOVE_DUPLICATE_H1,READY_REMOVE_DUPLICATE_H1,,true
candidate:tutor:kr-b300-ad6c-kr-d6a8-c790-c9c0-ad6c-kr-c2e0-c2dc-ac00-c9c0:region_tutor,,신시가지,대구,304,/tutor/kr-b300-ad6c-kr-d6a8-c790-c9c0-ad6c-kr-c2e0-c2dc-ac00-c9c0/region_tutor,true,HOLD_CONTENT_H1,HOLD_CONTENT_H1,content_section_h1,false
candidate:tutor:kr-b300-ad6c-kr-d6a8-c790-c9c0-ad6c-kr-c11c-bd80-c2e0-c2dc-ac00-c9c0:region_tutor,,서부신시가지,대구,305,/tutor/kr-b300-ad6c-kr-d6a8-c790-c9c0-ad6c-kr-c11c-bd80-c2e0-c2dc-ac00-c9c0/region_tutor,true,READY_REMOVE_DUPLICATE_H1,READY_REMOVE_DUPLICATE_H1,,true
candidate:tutor:kr-b300-ad6c-kr-c804-c8fc-d6a8-cc9c-c9c0-ad6c-kr-d48d-b0a8-bb38:region_tutor,,풍남문,대구,307,/tutor/kr-b300-ad6c-kr-c804-c8fc-d6a8-cc9c-c9c0-ad6c-kr-d48d-b0a8-bb38/region_tutor,true,READY_REMOVE_DUPLICATE_H1,READY_REMOVE_DUPLICATE_H1,,true
candidate:tutor:kr-b300-ad6c-kr-c1a1-cc9c-c9c0-ad6c:region_tutor,,송천지구,대구,308,/tutor/kr-b300-ad6c-kr-c1a1-cc9c-c9c0-ad6c/region_tutor,true,READY_REMOVE_DUPLICATE_H1,READY_REMOVE_DUPLICATE_H1,,true
candidate:tutor:kr-b300-ad6c-kr-c804-c8fc-d601-c2e0-b3c4-c2dc:region_tutor,,전주혁신도시,대구,310,/tutor/kr-b300-ad6c-kr-c804-c8fc-d601-c2e0-b3c4-c2dc/region_tutor,true,READY_REMOVE_DUPLICATE_H1,READY_REMOVE_DUPLICATE_H1,,true
candidate:tutor:kr-b300-ad6c-kr-b9cc-c131-c9c0-ad6c:region_tutor,,만성지구,대구,311,/tutor/kr-b300-ad6c-kr-b9cc-c131-c9c0-ad6c/region_tutor,true,READY_REMOVE_DUPLICATE_H1,READY_REMOVE_DUPLICATE_H1,,true
candidate:tutor:kr-b300-ad6c-kr-b9cc-c131-c9c0-ad6c-kr-c6d0-c8fc:region_tutor,,원주,대구,312,/tutor/kr-b300-ad6c-kr-b9cc-c131-c9c0-ad6c-kr-c6d0-c8fc/region_tutor,true,READY_REMOVE_DUPLICATE_H1,READY_REMOVE_DUPLICATE_H1,,true
candidate:tutor:kr-b300-ad6c-kr-b9cc-c131-c9c0-ad6c-kr-bb34-c2e4-b3d9:region_tutor,,무실동,대구,314,/tutor/kr-b300-ad6c-kr-b9cc-c131-c9c0-ad6c-kr-bb34-c2e4-b3d9/region_tutor,true,READY_REMOVE_DUPLICATE_H1,READY_REMOVE_DUPLICATE_H1,,true
candidate:tutor:kr-b300-ad6c-kr-b9cc-c131-c9c0-ad6c-kr-ac1c-c6b4-b3d9:region_tutor,,개운동,대구,315,/tutor/kr-b300-ad6c-kr-b9cc-c131-c9c0-ad6c-kr-ac1c-c6b4-b3d9/region_tutor,true,READY_REMOVE_DUPLICATE_H1,READY_REMOVE_DUPLICATE_H1,,true
candidate:tutor:kr-b300-ad6c-kr-b9cc-c131-c9c0-ad6c-kr-b2e8-ad6c-b3d9:region_tutor,,단구동,대구,316,/tutor/kr-b300-ad6c-kr-b9cc-c131-c9c0-ad6c-kr-b2e8-ad6c-b3d9/region_tutor,true,READY_REMOVE_DUPLICATE_H1,READY_REMOVE_DUPLICATE_H1,,true
candidate:tutor:kr-b300-ad6c-kr-b9cc-c131-c9c0-ad6c-kr-c6d0-c8fc-c6b0-c0b0-b3d9:region_tutor,,원주우산동,대구,318,/tutor/kr-b300-ad6c-kr-b9cc-c131-c9c0-ad6c-kr-c6d0-c8fc-c6b0-c0b0-b3d9/region_tutor,true,READY_REMOVE_DUPLICATE_H1,READY_REMOVE_DUPLICATE_H1,,true
candidate:tutor:kr-b300-ad6c-kr-b9cc-c131-c9c0-ad6c-kr-d559-c131-b3d9:region_tutor,,학성동,대구,319,/tutor/kr-b300-ad6c-kr-b9cc-c131-c9c0-ad6c-kr-d559-c131-b3d9/region_tutor,true,READY_REMOVE_DUPLICATE_H1,READY_REMOVE_DUPLICATE_H1,,true
candidate:tutor:kr-b300-ad6c-kr-b9cc-c131-c9c0-ad6c-kr-d589-ad6c-b3d9:region_tutor,,행구동,대구,320,/tutor/kr-b300-ad6c-kr-b9cc-c131-c9c0-ad6c-kr-d589-ad6c-b3d9/region_tutor,true,READY_REMOVE_DUPLICATE_H1,READY_REMOVE_DUPLICATE_H1,,true
candidate:tutor:kr-b300-ad6c-kr-c6d0-c8fc-d601-c2e0-b3c4-c2dc:region_tutor,,원주혁신도시,대구,322,/tutor/kr-b300-ad6c-kr-c6d0-c8fc-d601-c2e0-b3c4-c2dc/region_tutor,true,READY_REMOVE_DUPLICATE_H1,READY_REMOVE_DUPLICATE_H1,,true
candidate:tutor:kr-b300-ad6c-kr-bc18-ace1-c9c0-ad6c:region_tutor,,반곡지구,대구,326,/tutor/kr-b300-ad6c-kr-bc18-ace1-c9c0-ad6c/region_tutor,true,READY_REMOVE_DUPLICATE_H1,READY_REMOVE_DUPLICATE_H1,,true
candidate:tutor:kr-b300-ad6c-kr-c9c0-c815-c9c0-ad6c-kr-cd98-cc9c:region_tutor,,춘천,대구,328,/tutor/kr-b300-ad6c-kr-c9c0-c815-c9c0-ad6c-kr-cd98-cc9c/region_tutor,true,READY_REMOVE_DUPLICATE_H1,READY_REMOVE_DUPLICATE_H1,,true
candidate:tutor:kr-b300-ad6c-kr-c9c0-c815-c9c0-ad6c-kr-ad50-b3d9:region_tutor,,교동,대구,329,/tutor/kr-b300-ad6c-kr-c9c0-c815-c9c0-ad6c-kr-ad50-b3d9/region_tutor,true,READY_REMOVE_DUPLICATE_H1,READY_REMOVE_DUPLICATE_H1,,true
candidate:tutor:kr-b300-ad6c-kr-c9c0-c815-c9c0-ad6c-kr-adfc-d654-b3d9:region_tutor,,근화동,대구,330,/tutor/kr-b300-ad6c-kr-c9c0-c815-c9c0-ad6c-kr-adfc-d654-b3d9/region_tutor,true,READY_REMOVE_DUPLICATE_H1,READY_REMOVE_DUPLICATE_H1,,true
candidate:tutor:kr-b300-ad6c-kr-c9c0-c815-c9c0-ad6c-kr-c628-c758-b3d9:region_tutor,,온의동,대구,336,/tutor/kr-b300-ad6c-kr-c9c0-c815-c9c0-ad6c-kr-c628-c758-b3d9/region_tutor,true,READY_REMOVE_DUPLICATE_H1,READY_REMOVE_DUPLICATE_H1,,true
candidate:tutor:kr-b300-ad6c-kr-c9c0-c815-c9c0-ad6c-kr-d6c4-d3c9-b3d9:region_tutor,,후평동,대구,337,/tutor/kr-b300-ad6c-kr-c9c0-c815-c9c0-ad6c-kr-d6c4-d3c9-b3d9/region_tutor,true,READY_REMOVE_DUPLICATE_H1,READY_REMOVE_DUPLICATE_H1,,true
candidate:tutor:kr-b300-ad6c-kr-c9c0-c815-c9c0-ad6c-kr-d1f4-acc4-b3d9:region_tutor,,퇴계동,대구,338,/tutor/kr-b300-ad6c-kr-c9c0-c815-c9c0-ad6c-kr-d1f4-acc4-b3d9/region_tutor,true,HOLD_CONTENT_H1,HOLD_CONTENT_H1,content_section_h1,false
candidate:tutor:kr-b300-ad6c-kr-c9c0-c815-c9c0-ad6c-kr-ce60-c804-b3d9:region_tutor,,칠전동,대구,339,/tutor/kr-b300-ad6c-kr-c9c0-c815-c9c0-ad6c-kr-ce60-c804-b3d9/region_tutor,true,READY_REMOVE_DUPLICATE_H1,READY_REMOVE_DUPLICATE_H1,,true
candidate:tutor:kr-b300-ad6c-kr-d1f4-acc4-c9c0-ad6c:region_tutor,,퇴계지구,대구,340,/tutor/kr-b300-ad6c-kr-d1f4-acc4-c9c0-ad6c/region_tutor,true,HOLD_CONTENT_H1,HOLD_CONTENT_H1,content_section_h1,false
candidate:tutor:kr-b300-ad6c-kr-c11d-c0ac-c9c0-ad6c:region_tutor,,석사지구,대구,341,/tutor/kr-b300-ad6c-kr-c11d-c0ac-c9c0-ad6c/region_tutor,true,READY_REMOVE_DUPLICATE_H1,READY_REMOVE_DUPLICATE_H1,,true
candidate:tutor:kr-b300-ad6c-kr-d6c4-d3c9-c9c0-ad6c:region_tutor,,후평지구,대구,342,/tutor/kr-b300-ad6c-kr-d6c4-d3c9-c9c0-ad6c/region_tutor,true,READY_REMOVE_DUPLICATE_H1,READY_REMOVE_DUPLICATE_H1,,true
candidate:tutor:kr-b300-ad6c-kr-c6b0-b450-c9c0-ad6c:region_tutor,,우두지구,대구,345,/tutor/kr-b300-ad6c-kr-c6b0-b450-c9c0-ad6c/region_tutor,true,READY_REMOVE_DUPLICATE_H1,READY_REMOVE_DUPLICATE_H1,,true
candidate:tutor:kr-b300-ad6c-kr-c18c-c591-c9c0-ad6c:region_tutor,,소양지구,대구,346,/tutor/kr-b300-ad6c-kr-c18c-c591-c9c0-ad6c/region_tutor,true,READY_REMOVE_DUPLICATE_H1,READY_REMOVE_DUPLICATE_H1,,true
candidate:tutor:kr-b300-ad6c-kr-acc4-c591-ad6c:region_tutor,,계양구,대구,348,/tutor/kr-b300-ad6c-kr-acc4-c591-ad6c/region_tutor,true,READY_REMOVE_DUPLICATE_H1,READY_REMOVE_DUPLICATE_H1,,true
candidate:tutor:kr-b300-ad6c-kr-b0a8-b3d9-ad6c:region_tutor,,남동구,대구,349,/tutor/kr-b300-ad6c-kr-b0a8-b3d9-ad6c/region_tutor,true,READY_REMOVE_DUPLICATE_H1,READY_REMOVE_DUPLICATE_H1,,true
candidate:tutor:kr-b300-ad6c-kr-bbf8-cd94-d640-ad6c:region_tutor,,미추홀구,대구,350,/tutor/kr-b300-ad6c-kr-bbf8-cd94-d640-ad6c/region_tutor,true,HOLD_CONTENT_H1,HOLD_CONTENT_H1,content_section_h1,false
candidate:tutor:kr-b300-ad6c-kr-bd80-d3c9-ad6c:region_tutor,,부평구,대구,351,/tutor/kr-b300-ad6c-kr-bd80-d3c9-ad6c/region_tutor,true,READY_REMOVE_DUPLICATE_H1,READY_REMOVE_DUPLICATE_H1,,true
candidate:tutor:kr-b300-ad6c-kr-c778-cc9c-c11c-ad6c:region_tutor,,인천서구,대구,352,/tutor/kr-b300-ad6c-kr-c778-cc9c-c11c-ad6c/region_tutor,true,HOLD_CONTENT_H1,HOLD_CONTENT_H1,content_section_h1,false
candidate:tutor:kr-b300-ad6c-kr-c778-cc9c-c911-ad6c:region_tutor,,인천중구,대구,354,/tutor/kr-b300-ad6c-kr-c778-cc9c-c911-ad6c/region_tutor,true,READY_REMOVE_DUPLICATE_H1,READY_REMOVE_DUPLICATE_H1,,true
candidate:tutor:kr-b300-ad6c-kr-c778-cc9c-b3d9-ad6c-kr-c791-c804-b3d9:region_tutor,,작전동,대구,356,/tutor/kr-b300-ad6c-kr-c778-cc9c-b3d9-ad6c-kr-c791-c804-b3d9/region_tutor,true,READY_REMOVE_DUPLICATE_H1,READY_REMOVE_DUPLICATE_H1,,true
candidate:tutor:kr-b300-ad6c-kr-c778-cc9c-b3d9-ad6c-kr-acc4-c0b0-b3d9:region_tutor,,계산동,대구,357,/tutor/kr-b300-ad6c-kr-c778-cc9c-b3d9-ad6c-kr-acc4-c0b0-b3d9/region_tutor,true,READY_REMOVE_DUPLICATE_H1,READY_REMOVE_DUPLICATE_H1,,true
candidate:tutor:kr-b300-ad6c-kr-c778-cc9c-b3d9-ad6c-kr-bcd1-bc29-b3d9:region_tutor,,병방동,대구,359,/tutor/kr-b300-ad6c-kr-c778-cc9c-b3d9-ad6c-kr-bcd1-bc29-b3d9/region_tutor,true,READY_REMOVE_DUPLICATE_H1,READY_REMOVE_DUPLICATE_H1,,true
candidate:tutor:kr-b300-ad6c-kr-c778-cc9c-b3d9-ad6c-kr-ad6c-c6d4-b3d9:region_tutor,,구월동,대구,361,/tutor/kr-b300-ad6c-kr-c778-cc9c-b3d9-ad6c-kr-ad6c-c6d4-b3d9/region_tutor,true,READY_REMOVE_DUPLICATE_H1,READY_REMOVE_DUPLICATE_H1,,true
candidate:tutor:kr-b300-ad6c-kr-c778-cc9c-b3d9-ad6c-kr-b17c-d604-b3d9:region_tutor,,논현동,대구,363,/tutor/kr-b300-ad6c-kr-c778-cc9c-b3d9-ad6c-kr-b17c-d604-b3d9/region_tutor,true,READY_REMOVE_DUPLICATE_H1,READY_REMOVE_DUPLICATE_H1,,true
candidate:tutor:kr-b300-ad6c-kr-c778-cc9c-b3d9-ad6c-kr-b3c4-b9bc-b3d9:region_tutor,,도림동,대구,364,/tutor/kr-b300-ad6c-kr-c778-cc9c-b3d9-ad6c-kr-b3c4-b9bc-b3d9/region_tutor,true,READY_REMOVE_DUPLICATE_H1,READY_REMOVE_DUPLICATE_H1,,true
candidate:tutor:kr-b300-ad6c-kr-c778-cc9c-b3d9-ad6c-kr-c11c-cc3d-b3d9:region_tutor,,서창동,대구,365,/tutor/kr-b300-ad6c-kr-c778-cc9c-b3d9-ad6c-kr-c11c-cc3d-b3d9/region_tutor,true,READY_REMOVE_DUPLICATE_H1,READY_REMOVE_DUPLICATE_H1,,true
candidate:tutor:kr-b300-ad6c-kr-c778-cc9c-b3d9-ad6c-kr-b3c4-d654-b3d9:region_tutor,,도화동,대구,366,/tutor/kr-b300-ad6c-kr-c778-cc9c-b3d9-ad6c-kr-b3c4-d654-b3d9/region_tutor,true,HOLD_CONTENT_H1,HOLD_CONTENT_H1,content_section_h1,false
candidate:tutor:kr-b300-ad6c-kr-c778-cc9c-b3d9-ad6c-kr-c778-cc9c-bb38-d559-b3d9:region_tutor,,인천문학동,대구,368,/tutor/kr-b300-ad6c-kr-c778-cc9c-b3d9-ad6c-kr-c778-cc9c-bb38-d559-b3d9/region_tutor,true,READY_REMOVE_DUPLICATE_H1,READY_REMOVE_DUPLICATE_H1,,true
candidate:tutor:kr-b300-ad6c-kr-c778-cc9c-b3d9-ad6c-kr-c6a9-d604-b3d9:region_tutor,,용현동,대구,369,/tutor/kr-b300-ad6c-kr-c778-cc9c-b3d9-ad6c-kr-c6a9-d604-b3d9/region_tutor,true,HOLD_CONTENT_H1,HOLD_CONTENT_H1,content_section_h1,false
candidate:tutor:kr-b300-ad6c-kr-c778-cc9c-b3d9-ad6c-kr-c8fc-c548-b3d9:region_tutor,,주안동,대구,370,/tutor/kr-b300-ad6c-kr-c778-cc9c-b3d9-ad6c-kr-c8fc-c548-b3d9/region_tutor,true,READY_REMOVE_DUPLICATE_H1,READY_REMOVE_DUPLICATE_H1,,true
candidate:tutor:kr-b300-ad6c-kr-c778-cc9c-b3d9-ad6c-kr-d559-c775-b3d9:region_tutor,,학익동,대구,371,/tutor/kr-b300-ad6c-kr-c778-cc9c-b3d9-ad6c-kr-d559-c775-b3d9/region_tutor,true,READY_REMOVE_DUPLICATE_H1,READY_REMOVE_DUPLICATE_H1,,true
candidate:tutor:kr-b300-ad6c-kr-c778-cc9c-b3d9-ad6c-kr-ac08-c0b0-b3d9:region_tutor,,갈산동,대구,372,/tutor/kr-b300-ad6c-kr-c778-cc9c-b3d9-ad6c-kr-ac08-c0b0-b3d9/region_tutor,true,READY_REMOVE_DUPLICATE_H1,READY_REMOVE_DUPLICATE_H1,,true
candidate:tutor:kr-b300-ad6c-kr-c778-cc9c-b3d9-ad6c-kr-bd80-ac1c-b3d9:region_tutor,,부개동,대구,373,/tutor/kr-b300-ad6c-kr-c778-cc9c-b3d9-ad6c-kr-bd80-ac1c-b3d9/region_tutor,true,HOLD_CONTENT_H1,HOLD_CONTENT_H1,content_section_h1,false
candidate:tutor:kr-b300-ad6c-kr-c778-cc9c-b3d9-ad6c-kr-bd80-d3c9-b3d9:region_tutor,,부평동,대구,374,/tutor/kr-b300-ad6c-kr-c778-cc9c-b3d9-ad6c-kr-bd80-d3c9-b3d9/region_tutor,true,READY_REMOVE_DUPLICATE_H1,READY_REMOVE_DUPLICATE_H1,,true
candidate:tutor:kr-b300-ad6c-kr-c778-cc9c-b3d9-ad6c-kr-c0b0-ace1-b3d9:region_tutor,,산곡동,대구,375,/tutor/kr-b300-ad6c-kr-c778-cc9c-b3d9-ad6c-kr-c0b0-ace1-b3d9/region_tutor,true,HOLD_CONTENT_H1,HOLD_CONTENT_H1,content_section_h1,false
candidate:tutor:kr-b300-ad6c-kr-c778-cc9c-b3d9-ad6c-kr-c77c-c2e0-b3d9:region_tutor,,일신동,대구,377,/tutor/kr-b300-ad6c-kr-c778-cc9c-b3d9-ad6c-kr-c77c-c2e0-b3d9/region_tutor,true,READY_REMOVE_DUPLICATE_H1,READY_REMOVE_DUPLICATE_H1,,true
candidate:tutor:kr-b300-ad6c-kr-c778-cc9c-b3d9-ad6c-kr-ac00-c88c-b3d9:region_tutor,,가좌동,대구,379,/tutor/kr-b300-ad6c-kr-c778-cc9c-b3d9-ad6c-kr-ac00-c88c-b3d9/region_tutor,true,READY_REMOVE_DUPLICATE_H1,READY_REMOVE_DUPLICATE_H1,,true
candidate:tutor:kr-b300-ad6c-kr-c778-cc9c-b3d9-ad6c-kr-b2f9-d558-b3d9:region_tutor,,당하동,대구,380,/tutor/kr-b300-ad6c-kr-c778-cc9c-b3d9-ad6c-kr-b2f9-d558-b3d9/region_tutor,true,READY_REMOVE_DUPLICATE_H1,READY_REMOVE_DUPLICATE_H1,,true
candidate:tutor:kr-b300-ad6c-kr-c778-cc9c-b3d9-ad6c-kr-b9c8-c804-b3d9:region_tutor,,마전동,대구,381,/tutor/kr-b300-ad6c-kr-c778-cc9c-b3d9-ad6c-kr-b9c8-c804-b3d9/region_tutor,true,READY_REMOVE_DUPLICATE_H1,READY_REMOVE_DUPLICATE_H1,,true
candidate:tutor:kr-b300-ad6c-kr-c778-cc9c-b3d9-ad6c-kr-c778-cc9c-bd88-b85c-b3d9:region_tutor,,인천불로동,대구,382,/tutor/kr-b300-ad6c-kr-c778-cc9c-b3d9-ad6c-kr-c778-cc9c-bd88-b85c-b3d9/region_tutor,true,HOLD_CONTENT_H1,HOLD_CONTENT_H1,content_section_h1,false
candidate:tutor:kr-b300-ad6c-kr-c778-cc9c-b3d9-ad6c-kr-c11d-b0a8-b3d9:region_tutor,,석남동,대구,383,/tutor/kr-b300-ad6c-kr-c778-cc9c-b3d9-ad6c-kr-c11d-b0a8-b3d9/region_tutor,true,READY_REMOVE_DUPLICATE_H1,READY_REMOVE_DUPLICATE_H1,,true
candidate:tutor:kr-b300-ad6c-kr-c778-cc9c-b3d9-ad6c-kr-c2e0-d604-b3d9:region_tutor,,신현동,대구,384,/tutor/kr-b300-ad6c-kr-c778-cc9c-b3d9-ad6c-kr-c2e0-d604-b3d9/region_tutor,true,READY_REMOVE_DUPLICATE_H1,READY_REMOVE_DUPLICATE_H1,,true
candidate:tutor:kr-b300-ad6c-kr-c778-cc9c-b3d9-ad6c-kr-c6d0-b2f9-b3d9:region_tutor,,원당동,대구,385,/tutor/kr-b300-ad6c-kr-c778-cc9c-b3d9-ad6c-kr-c6d0-b2f9-b3d9/region_tutor,true,READY_REMOVE_DUPLICATE_H1,READY_REMOVE_DUPLICATE_H1,,true
candidate:tutor:kr-b300-ad6c-kr-c778-cc9c-b3d9-ad6c-kr-ccad-b77c-b3d9:region_tutor,,청라동,대구,386,/tutor/kr-b300-ad6c-kr-c778-cc9c-b3d9-ad6c-kr-ccad-b77c-b3d9/region_tutor,true,READY_REMOVE_DUPLICATE_H1,READY_REMOVE_DUPLICATE_H1,,true
candidate:tutor:kr-b300-ad6c-kr-c778-cc9c-b3d9-ad6c-kr-c120-d559-b3d9:region_tutor,,선학동,대구,387,/tutor/kr-b300-ad6c-kr-c778-cc9c-b3d9-ad6c-kr-c120-d559-b3d9/region_tutor,true,READY_REMOVE_DUPLICATE_H1,READY_REMOVE_DUPLICATE_H1,,true
candidate:tutor:kr-b300-ad6c-kr-c778-cc9c-b3d9-ad6c-kr-b3d9-cd98-b3d9:region_tutor,,동춘동,대구,388,/tutor/kr-b300-ad6c-kr-c778-cc9c-b3d9-ad6c-kr-b3d9-cd98-b3d9/region_tutor,true,READY_REMOVE_DUPLICATE_H1,READY_REMOVE_DUPLICATE_H1,,true
candidate:tutor:kr-b300-ad6c-kr-c778-cc9c-b3d9-ad6c-kr-c1a1-b3c4-b3d9:region_tutor,,송도동,대구,389,/tutor/kr-b300-ad6c-kr-c778-cc9c-b3d9-ad6c-kr-c1a1-b3c4-b3d9/region_tutor,true,READY_REMOVE_DUPLICATE_H1,READY_REMOVE_DUPLICATE_H1,,true
candidate:tutor:kr-b300-ad6c-kr-c778-cc9c-b3d9-ad6c-kr-c5f0-c218-b3d9:region_tutor,,연수동,대구,390,/tutor/kr-b300-ad6c-kr-c778-cc9c-b3d9-ad6c-kr-c5f0-c218-b3d9/region_tutor,true,READY_REMOVE_DUPLICATE_H1,READY_REMOVE_DUPLICATE_H1,,true
candidate:tutor:kr-b300-ad6c-kr-c778-cc9c-b3d9-ad6c-kr-c625-b828-b3d9:region_tutor,,옥련동,대구,391,/tutor/kr-b300-ad6c-kr-c778-cc9c-b3d9-ad6c-kr-c625-b828-b3d9/region_tutor,true,READY_REMOVE_DUPLICATE_H1,READY_REMOVE_DUPLICATE_H1,,true
candidate:tutor:kr-b300-ad6c-kr-c778-cc9c-b3d9-ad6c-kr-ccad-d559-b3d9:region_tutor,,청학동,대구,392,/tutor/kr-b300-ad6c-kr-c778-cc9c-b3d9-ad6c-kr-ccad-d559-b3d9/region_tutor,true,READY_REMOVE_DUPLICATE_H1,READY_REMOVE_DUPLICATE_H1,,true
candidate:tutor:kr-b300-ad6c-kr-c778-cc9c-b3d9-ad6c-kr-c778-cc9c-c6b4-b0a8-b3d9:region_tutor,,인천운남동,대구,393,/tutor/kr-b300-ad6c-kr-c778-cc9c-b3d9-ad6c-kr-c778-cc9c-c6b4-b0a8-b3d9/region_tutor,true,READY_REMOVE_DUPLICATE_H1,READY_REMOVE_DUPLICATE_H1,,true
candidate:tutor:kr-b300-ad6c-kr-c778-cc9c-b3d9-ad6c-kr-c6b4-bd81-b3d9:region_tutor,,운북동,대구,394,/tutor/kr-b300-ad6c-kr-c778-cc9c-b3d9-ad6c-kr-c6b4-bd81-b3d9/region_tutor,true,READY_REMOVE_DUPLICATE_H1,READY_REMOVE_DUPLICATE_H1,,true
candidate:tutor:kr-b300-ad6c-kr-c778-cc9c-b3d9-ad6c-kr-c911-c0b0-b3d9:region_tutor,,중산동,대구,396,/tutor/kr-b300-ad6c-kr-c778-cc9c-b3d9-ad6c-kr-c911-c0b0-b3d9/region_tutor,true,HOLD_CONTENT_H1,HOLD_CONTENT_H1,content_section_h1,false
candidate:tutor:kr-b300-ad6c-kr-c1a1-b3c4-ad6d-c81c-b3c4-c2dc:region_tutor,,송도국제도시,대구,397,/tutor/kr-b300-ad6c-kr-c1a1-b3c4-ad6d-c81c-b3c4-c2dc/region_tutor,true,READY_REMOVE_DUPLICATE_H1,READY_REMOVE_DUPLICATE_H1,,true
candidate:tutor:kr-b300-ad6c-kr-ccad-b77c-ad6d-c81c-b3c4-c2dc:region_tutor,,청라국제도시,대구,398,/tutor/kr-b300-ad6c-kr-ccad-b77c-ad6d-c81c-b3c4-c2dc/region_tutor,true,READY_REMOVE_DUPLICATE_H1,READY_REMOVE_DUPLICATE_H1,,true
candidate:tutor:kr-b300-ad6c-kr-c601-c885-ad6d-c81c-b3c4-c2dc:region_tutor,,영종국제도시,대구,399,/tutor/kr-b300-ad6c-kr-c601-c885-ad6d-c81c-b3c4-c2dc/region_tutor,true,READY_REMOVE_DUPLICATE_H1,READY_REMOVE_DUPLICATE_H1,,true
candidate:tutor:kr-b300-ad6c-kr-ac80-c554-c9c0-ad6c:region_tutor,,검암지구,대구,402,/tutor/kr-b300-ad6c-kr-ac80-c554-c9c0-ad6c/region_tutor,true,READY_REMOVE_DUPLICATE_H1,READY_REMOVE_DUPLICATE_H1,,true
candidate:tutor:kr-b300-ad6c-kr-ac00-c815-c9c0-ad6c:region_tutor,,가정지구,대구,403,/tutor/kr-b300-ad6c-kr-ac00-c815-c9c0-ad6c/region_tutor,true,READY_REMOVE_DUPLICATE_H1,READY_REMOVE_DUPLICATE_H1,,true
candidate:tutor:kr-b300-ad6c-kr-c5f0-d76c-c9c0-ad6c:region_tutor,,연희지구,대구,404,/tutor/kr-b300-ad6c-kr-c5f0-d76c-c9c0-ad6c/region_tutor,true,READY_REMOVE_DUPLICATE_H1,READY_REMOVE_DUPLICATE_H1,,true
candidate:tutor:kr-b300-ad6c-kr-ad6c-c6d4-c9c0-ad6c:region_tutor,,구월지구,대구,406,/tutor/kr-b300-ad6c-kr-ad6c-c6d4-c9c0-ad6c/region_tutor,true,READY_REMOVE_DUPLICATE_H1,READY_REMOVE_DUPLICATE_H1,,true
candidate:tutor:kr-b300-ad6c-kr-c8fc-c548-c9c0-ad6c:region_tutor,,주안지구,대구,408,/tutor/kr-b300-ad6c-kr-c8fc-c548-c9c0-ad6c/region_tutor,true,READY_REMOVE_DUPLICATE_H1,READY_REMOVE_DUPLICATE_H1,,true
candidate:tutor:kr-b300-ad6c-kr-bd80-d3c9-c9c0-ad6c:region_tutor,,부평지구,대구,409,/tutor/kr-b300-ad6c-kr-bd80-d3c9-c9c0-ad6c/region_tutor,true,HOLD_CONTENT_H1,HOLD_CONTENT_H1,content_section_h1,false
candidate:tutor:kr-b300-ad6c-kr-c0bc-c0b0-c9c0-ad6c:region_tutor,,삼산지구,대구,410,/tutor/kr-b300-ad6c-kr-c0bc-c0b0-c9c0-ad6c/region_tutor,true,READY_REMOVE_DUPLICATE_H1,READY_REMOVE_DUPLICATE_H1,,true
candidate:tutor:kr-b300-ad6c-kr-acc4-c0b0-c9c0-ad6c:region_tutor,,계산지구,대구,411,/tutor/kr-b300-ad6c-kr-acc4-c0b0-c9c0-ad6c/region_tutor,true,READY_REMOVE_DUPLICATE_H1,READY_REMOVE_DUPLICATE_H1,,true
candidate:tutor:kr-b300-ad6c-kr-c791-c804-c9c0-ad6c:region_tutor,,작전지구,대구,412,/tutor/kr-b300-ad6c-kr-c791-c804-c9c0-ad6c/region_tutor,true,READY_REMOVE_DUPLICATE_H1,READY_REMOVE_DUPLICATE_H1,,true
candidate:tutor:kr-b300-ad6c-kr-c6d0-b2f9-c9c0-ad6c:region_tutor,,원당지구,대구,414,/tutor/kr-b300-ad6c-kr-c6d0-b2f9-c9c0-ad6c/region_tutor,true,READY_REMOVE_DUPLICATE_H1,READY_REMOVE_DUPLICATE_H1,,true
candidate:tutor:kr-b300-ad6c-kr-b9c8-c804-c9c0-ad6c:region_tutor,,마전지구,대구,415,/tutor/kr-b300-ad6c-kr-b9c8-c804-c9c0-ad6c/region_tutor,true,HOLD_CONTENT_H1,HOLD_CONTENT_H1,content_section_h1,false
candidate:tutor:kr-b300-ad6c-kr-b2f9-d558-c9c0-ad6c:region_tutor,,당하지구,대구,416,/tutor/kr-b300-ad6c-kr-b2f9-d558-c9c0-ad6c/region_tutor,true,READY_REMOVE_DUPLICATE_H1,READY_REMOVE_DUPLICATE_H1,,true
candidate:tutor:kr-b300-ad6c-kr-c6a9-d604-c9c0-ad6c:region_tutor,,용현지구,대구,417,/tutor/kr-b300-ad6c-kr-c6a9-d604-c9c0-ad6c/region_tutor,true,READY_REMOVE_DUPLICATE_H1,READY_REMOVE_DUPLICATE_H1,,true
candidate:tutor:kr-b300-ad6c-kr-d559-c775-c9c0-ad6c:region_tutor,,학익지구,대구,418,/tutor/kr-b300-ad6c-kr-d559-c775-c9c0-ad6c/region_tutor,true,READY_REMOVE_DUPLICATE_H1,READY_REMOVE_DUPLICATE_H1,,true
candidate:tutor:kr-b300-ad6c-kr-b3c4-d654-c9c0-ad6c:region_tutor,,도화지구,대구,419,/tutor/kr-b300-ad6c-kr-b3c4-d654-c9c0-ad6c/region_tutor,true,READY_REMOVE_DUPLICATE_H1,READY_REMOVE_DUPLICATE_H1,,true
candidate:tutor:kr-b300-ad6c-kr-b3d9-cd98-c9c0-ad6c:region_tutor,,동춘지구,대구,421,/tutor/kr-b300-ad6c-kr-b3d9-cd98-c9c0-ad6c/region_tutor,true,READY_REMOVE_DUPLICATE_H1,READY_REMOVE_DUPLICATE_H1,,true
candidate:tutor:kr-b300-ad6c-kr-c625-b828-c9c0-ad6c:region_tutor,,옥련지구,대구,422,/tutor/kr-b300-ad6c-kr-c625-b828-c9c0-ad6c/region_tutor,true,READY_REMOVE_DUPLICATE_H1,READY_REMOVE_DUPLICATE_H1,,true
candidate:tutor:kr-b300-ad6c-kr-c1a1-d604-c9c0-ad6c:region_tutor,,송현지구,대구,425,/tutor/kr-b300-ad6c-kr-c1a1-d604-c9c0-ad6c/region_tutor,true,READY_REMOVE_DUPLICATE_H1,READY_REMOVE_DUPLICATE_H1,,true
candidate:tutor:kr-b300-ad6c-kr-c1a1-b9bc-c9c0-ad6c:region_tutor,,송림지구,대구,426,/tutor/kr-b300-ad6c-kr-c1a1-b9bc-c9c0-ad6c/region_tutor,true,READY_REMOVE_DUPLICATE_H1,READY_REMOVE_DUPLICATE_H1,,true
candidate:tutor:kr-b300-ad6c-kr-ac04-c11d-c9c0-ad6c-kr-bd80-d3c9:region_tutor,,부평,대구,428,/tutor/kr-b300-ad6c-kr-ac04-c11d-c9c0-ad6c-kr-bd80-d3c9/region_tutor,true,READY_REMOVE_DUPLICATE_H1,READY_REMOVE_DUPLICATE_H1,,true
candidate:tutor:kr-b300-ad6c-kr-b3d9-b0a8-ad6c:region_tutor,,동남구,대구,430,/tutor/kr-b300-ad6c-kr-b3d9-b0a8-ad6c/region_tutor,true,HOLD_CONTENT_H1,HOLD_CONTENT_H1,content_section_h1,false
candidate:tutor:kr-b300-ad6c-kr-c11c-bd81-ad6c:region_tutor,,서북구,대구,431,/tutor/kr-b300-ad6c-kr-c11c-bd81-ad6c/region_tutor,true,READY_REMOVE_DUPLICATE_H1,READY_REMOVE_DUPLICATE_H1,,true
candidate:tutor:kr-b300-ad6c-kr-c11c-bd81-ad6c-kr-ad6c-c131-b3d9:region_tutor,,구성동,대구,432,/tutor/kr-b300-ad6c-kr-c11c-bd81-ad6c-kr-ad6c-c131-b3d9/region_tutor,true,READY_REMOVE_DUPLICATE_H1,READY_REMOVE_DUPLICATE_H1,,true
candidate:tutor:kr-b300-ad6c-kr-c11c-bd81-ad6c-kr-c6a9-ace1-b3d9:region_tutor,,용곡동,대구,434,/tutor/kr-b300-ad6c-kr-c11c-bd81-ad6c-kr-c6a9-ace1-b3d9/region_tutor,true,HOLD_CONTENT_H1,HOLD_CONTENT_H1,content_section_h1,false
candidate:tutor:kr-b300-ad6c-kr-c11c-bd81-ad6c-kr-c2e0-bc29-b3d9:region_tutor,,신방동,대구,435,/tutor/kr-b300-ad6c-kr-c11c-bd81-ad6c-kr-c2e0-bc29-b3d9/region_tutor,true,READY_REMOVE_DUPLICATE_H1,READY_REMOVE_DUPLICATE_H1,,true
candidate:tutor:kr-b300-ad6c-kr-c11c-bd81-ad6c-kr-b450-c815-b3d9:region_tutor,,두정동,대구,438,/tutor/kr-b300-ad6c-kr-c11c-bd81-ad6c-kr-b450-c815-b3d9/region_tutor,true,READY_REMOVE_DUPLICATE_H1,READY_REMOVE_DUPLICATE_H1,,true
candidate:tutor:kr-b300-ad6c-kr-c11c-bd81-ad6c-kr-bc31-c11d-b3d9:region_tutor,,백석동,대구,439,/tutor/kr-b300-ad6c-kr-c11c-bd81-ad6c-kr-bc31-c11d-b3d9/region_tutor,true,READY_REMOVE_DUPLICATE_H1,READY_REMOVE_DUPLICATE_H1,,true
candidate:tutor:kr-b300-ad6c-kr-c11c-bd81-ad6c-kr-bd80-b300-b3d9:region_tutor,,부대동,대구,440,/tutor/kr-b300-ad6c-kr-c11c-bd81-ad6c-kr-bd80-b300-b3d9/region_tutor,true,READY_REMOVE_DUPLICATE_H1,READY_REMOVE_DUPLICATE_H1,,true
candidate:tutor:kr-b300-ad6c-kr-c11c-bd81-ad6c-kr-c30d-c6a9-b3d9:region_tutor,,쌍용동,대구,442,/tutor/kr-b300-ad6c-kr-c11c-bd81-ad6c-kr-c30d-c6a9-b3d9/region_tutor,true,HOLD_CONTENT_H1,HOLD_CONTENT_H1,content_section_h1,false
candidate:tutor:kr-b300-ad6c-kr-c11c-bd81-ad6c-kr-cc28-c554-b3d9:region_tutor,,차암동,대구,445,/tutor/kr-b300-ad6c-kr-c11c-bd81-ad6c-kr-cc28-c554-b3d9/region_tutor,true,READY_REMOVE_DUPLICATE_H1,READY_REMOVE_DUPLICATE_H1,,true
candidate:tutor:kr-b300-ad6c-kr-bd88-b2f9-c9c0-ad6c:region_tutor,,불당지구,대구,446,/tutor/kr-b300-ad6c-kr-bd88-b2f9-c9c0-ad6c/region_tutor,true,READY_REMOVE_DUPLICATE_H1,READY_REMOVE_DUPLICATE_H1,,true
candidate:tutor:kr-b300-ad6c-kr-bd88-b2f9-c2e0-b3c4-c2dc:region_tutor,,불당신도시,대구,447,/tutor/kr-b300-ad6c-kr-bd88-b2f9-c2e0-b3c4-c2dc/region_tutor,true,READY_REMOVE_DUPLICATE_H1,READY_REMOVE_DUPLICATE_H1,,true
candidate:tutor:kr-b300-ad6c-kr-d0d5-c815-c9c0-ad6c:region_tutor,,탕정지구,대구,449,/tutor/kr-b300-ad6c-kr-d0d5-c815-c9c0-ad6c/region_tutor,true,READY_REMOVE_DUPLICATE_H1,READY_REMOVE_DUPLICATE_H1,,true
candidate:tutor:kr-b300-ad6c-kr-bc31-c11d-c9c0-ad6c:region_tutor,,백석지구,대구,450,/tutor/kr-b300-ad6c-kr-bc31-c11d-c9c0-ad6c/region_tutor,true,READY_REMOVE_DUPLICATE_H1,READY_REMOVE_DUPLICATE_H1,,true
candidate:tutor:kr-b300-ad6c-kr-c131-c131-c9c0-ad6c:region_tutor,,성성지구,대구,452,/tutor/kr-b300-ad6c-kr-c131-c131-c9c0-ad6c/region_tutor,true,READY_REMOVE_DUPLICATE_H1,READY_REMOVE_DUPLICATE_H1,,true
candidate:tutor:kr-b300-ad6c-kr-c9c1-c0b0-c9c0-ad6c-kr-c131-d658-c0dd-d65c-ad8c:region_tutor,,성환생활권,대구,454,/tutor/kr-b300-ad6c-kr-c9c1-c0b0-c9c0-ad6c-kr-c131-d658-c0dd-d65c-ad8c/region_tutor,true,READY_REMOVE_DUPLICATE_H1,READY_REMOVE_DUPLICATE_H1,,true
candidate:tutor:kr-b300-ad6c-kr-ccad-b2f9-c9c0-ad6c-kr-b450-c815-c0dd-d65c-ad8c:region_tutor,,두정생활권,대구,458,/tutor/kr-b300-ad6c-kr-ccad-b2f9-c9c0-ad6c-kr-b450-c815-c0dd-d65c-ad8c/region_tutor,true,READY_REMOVE_DUPLICATE_H1,READY_REMOVE_DUPLICATE_H1,,true
candidate:tutor:kr-b300-ad6c-kr-cc28-c554-c9c0-ad6c:region_tutor,,차암지구,대구,459,/tutor/kr-b300-ad6c-kr-cc28-c554-c9c0-ad6c/region_tutor,true,READY_REMOVE_DUPLICATE_H1,READY_REMOVE_DUPLICATE_H1,,true
candidate:tutor:kr-b300-ad6c-kr-cc28-c554-c9c0-ad6c-kr-ccad-c8fc:region_tutor,,청주,대구,460,/tutor/kr-b300-ad6c-kr-cc28-c554-c9c0-ad6c-kr-ccad-c8fc/region_tutor,true,READY_REMOVE_DUPLICATE_H1,READY_REMOVE_DUPLICATE_H1,,true
candidate:tutor:kr-b300-ad6c-kr-c0c1-b2f9-ad6c:region_tutor,,상당구,대구,461,/tutor/kr-b300-ad6c-kr-c0c1-b2f9-ad6c/region_tutor,true,READY_REMOVE_DUPLICATE_H1,READY_REMOVE_DUPLICATE_H1,,true
candidate:tutor:kr-b300-ad6c-kr-c11c-c6d0-ad6c:region_tutor,,서원구,대구,462,/tutor/kr-b300-ad6c-kr-c11c-c6d0-ad6c/region_tutor,true,READY_REMOVE_DUPLICATE_H1,READY_REMOVE_DUPLICATE_H1,,true
candidate:tutor:kr-b300-ad6c-kr-ccad-c6d0-ad6c:region_tutor,,청원구,대구,463,/tutor/kr-b300-ad6c-kr-ccad-c6d0-ad6c/region_tutor,true,READY_REMOVE_DUPLICATE_H1,READY_REMOVE_DUPLICATE_H1,,true
candidate:tutor:kr-b300-ad6c-kr-d765-b355-ad6c:region_tutor,,흥덕구,대구,464,/tutor/kr-b300-ad6c-kr-d765-b355-ad6c/region_tutor,true,READY_REMOVE_DUPLICATE_H1,READY_REMOVE_DUPLICATE_H1,,true
candidate:tutor:kr-b300-ad6c-kr-d765-b355-ad6c-kr-ae08-cc9c-b3d9:region_tutor,,금천동,대구,465,/tutor/kr-b300-ad6c-kr-d765-b355-ad6c-kr-ae08-cc9c-b3d9/region_tutor,true,READY_REMOVE_DUPLICATE_H1,READY_REMOVE_DUPLICATE_H1,,true
candidate:tutor:kr-b300-ad6c-kr-d765-b355-ad6c-kr-bc29-c11c-b3d9:region_tutor,,방서동,대구,466,/tutor/kr-b300-ad6c-kr-d765-b355-ad6c-kr-bc29-c11c-b3d9/region_tutor,true,READY_REMOVE_DUPLICATE_H1,READY_REMOVE_DUPLICATE_H1,,true
candidate:tutor:kr-b300-ad6c-kr-d765-b355-ad6c-kr-c6a9-b2f4-b3d9:region_tutor,,용담동,대구,467,/tutor/kr-b300-ad6c-kr-d765-b355-ad6c-kr-c6a9-b2f4-b3d9/region_tutor,true,READY_REMOVE_DUPLICATE_H1,READY_REMOVE_DUPLICATE_H1,,true
candidate:tutor:kr-b300-ad6c-kr-d765-b355-ad6c-kr-c6a9-c554-b3d9:region_tutor,,용암동,대구,468,/tutor/kr-b300-ad6c-kr-d765-b355-ad6c-kr-c6a9-c554-b3d9/region_tutor,true,HOLD_CONTENT_H1,HOLD_CONTENT_H1,content_section_h1,false
candidate:tutor:kr-b300-ad6c-kr-d765-b355-ad6c-kr-c6a9-c815-b3d9:region_tutor,,용정동,대구,469,/tutor/kr-b300-ad6c-kr-d765-b355-ad6c-kr-c6a9-c815-b3d9/region_tutor,true,READY_REMOVE_DUPLICATE_H1,READY_REMOVE_DUPLICATE_H1,,true
candidate:tutor:kr-b300-ad6c-kr-d765-b355-ad6c-kr-d0d1-b3d9:region_tutor,,탑동,대구,470,/tutor/kr-b300-ad6c-kr-d765-b355-ad6c-kr-d0d1-b3d9/region_tutor,true,READY_REMOVE_DUPLICATE_H1,READY_REMOVE_DUPLICATE_H1,,true
candidate:tutor:kr-b300-ad6c-kr-d765-b355-ad6c-kr-ac1c-c2e0-b3d9:region_tutor,,개신동,대구,471,/tutor/kr-b300-ad6c-kr-d765-b355-ad6c-kr-ac1c-c2e0-b3d9/region_tutor,true,READY_REMOVE_DUPLICATE_H1,READY_REMOVE_DUPLICATE_H1,,true
candidate:tutor:kr-b300-ad6c-kr-d765-b355-ad6c-kr-bd84-d3c9-b3d9:region_tutor,,분평동,대구,472,/tutor/kr-b300-ad6c-kr-d765-b355-ad6c-kr-bd84-d3c9-b3d9/region_tutor,true,HOLD_CONTENT_H1,HOLD_CONTENT_H1,content_section_h1,false
candidate:tutor:kr-b300-ad6c-kr-d765-b355-ad6c-kr-ccad-c8fc-c0ac-c9c1-b3d9:region_tutor,,청주사직동,대구,473,/tutor/kr-b300-ad6c-kr-d765-b355-ad6c-kr-ccad-c8fc-c0ac-c9c1-b3d9/region_tutor,true,READY_REMOVE_DUPLICATE_H1,READY_REMOVE_DUPLICATE_H1,,true
candidate:tutor:kr-b300-ad6c-kr-d765-b355-ad6c-kr-c0ac-cc3d-b3d9:region_tutor,,사창동,대구,474,/tutor/kr-b300-ad6c-kr-d765-b355-ad6c-kr-c0ac-cc3d-b3d9/region_tutor,true,READY_REMOVE_DUPLICATE_H1,READY_REMOVE_DUPLICATE_H1,,true
candidate:tutor:kr-b300-ad6c-kr-d765-b355-ad6c-kr-c131-d654-b3d9:region_tutor,,성화동,대구,476,/tutor/kr-b300-ad6c-kr-d765-b355-ad6c-kr-c131-d654-b3d9/region_tutor,true,READY_REMOVE_DUPLICATE_H1,READY_REMOVE_DUPLICATE_H1,,true
candidate:tutor:kr-b300-ad6c-kr-d765-b355-ad6c-kr-c218-ace1-b3d9:region_tutor,,수곡동,대구,477,/tutor/kr-b300-ad6c-kr-d765-b355-ad6c-kr-c218-ace1-b3d9/region_tutor,true,READY_REMOVE_DUPLICATE_H1,READY_REMOVE_DUPLICATE_H1,,true
candidate:tutor:kr-b300-ad6c-kr-d765-b355-ad6c-kr-c8fd-b9bc-b3d9:region_tutor,,죽림동,대구,478,/tutor/kr-b300-ad6c-kr-d765-b355-ad6c-kr-c8fd-b9bc-b3d9/region_tutor,true,READY_REMOVE_DUPLICATE_H1,READY_REMOVE_DUPLICATE_H1,,true
candidate:tutor:kr-b300-ad6c-kr-d765-b355-ad6c-kr-b0b4-b355-b3d9:region_tutor,,내덕동,대구,479,/tutor/kr-b300-ad6c-kr-d765-b355-ad6c-kr-b0b4-b355-b3d9/region_tutor,true,READY_REMOVE_DUPLICATE_H1,READY_REMOVE_DUPLICATE_H1,,true
candidate:tutor:kr-b300-ad6c-kr-d765-b355-ad6c-kr-ac00-acbd-b3d9:region_tutor,,가경동,대구,480,/tutor/kr-b300-ad6c-kr-d765-b355-ad6c-kr-ac00-acbd-b3d9/region_tutor,true,READY_REMOVE_DUPLICATE_H1,READY_REMOVE_DUPLICATE_H1,,true
candidate:tutor:kr-b300-ad6c-kr-d765-b355-ad6c-kr-ac15-c11c-b3d9:region_tutor,,강서동,대구,481,/tutor/kr-b300-ad6c-kr-d765-b355-ad6c-kr-ac15-c11c-b3d9/region_tutor,true,READY_REMOVE_DUPLICATE_H1,READY_REMOVE_DUPLICATE_H1,,true
candidate:tutor:kr-b300-ad6c-kr-d765-b355-ad6c-kr-bcf5-b300-b3d9:region_tutor,,복대동,대구,482,/tutor/kr-b300-ad6c-kr-d765-b355-ad6c-kr-bcf5-b300-b3d9/region_tutor,true,READY_REMOVE_DUPLICATE_H1,READY_REMOVE_DUPLICATE_H1,,true
candidate:tutor:kr-b300-ad6c-kr-d765-b355-ad6c-kr-ccad-c8fc-bd09-ba85-b3d9:region_tutor,,청주봉명동,대구,483,/tutor/kr-b300-ad6c-kr-d765-b355-ad6c-kr-ccad-c8fc-bd09-ba85-b3d9/region_tutor,true,READY_REMOVE_DUPLICATE_H1,READY_REMOVE_DUPLICATE_H1,,true
candidate:tutor:kr-b300-ad6c-kr-d765-b355-ad6c-kr-be44-d558-b3d9:region_tutor,,비하동,대구,484,/tutor/kr-b300-ad6c-kr-d765-b355-ad6c-kr-be44-d558-b3d9/region_tutor,true,HOLD_CONTENT_H1,HOLD_CONTENT_H1,content_section_h1,false
candidate:tutor:kr-b300-ad6c-kr-d765-b355-ad6c-kr-ccad-c8fc-c1a1-c815-b3d9:region_tutor,,청주송정동,대구,485,/tutor/kr-b300-ad6c-kr-d765-b355-ad6c-kr-ccad-c8fc-c1a1-c815-b3d9/region_tutor,true,READY_REMOVE_DUPLICATE_H1,READY_REMOVE_DUPLICATE_H1,,true
candidate:tutor:kr-b300-c804-kr-b3d9-ad6c-kr-c6d0-b3d9:region_tutor,,대전동구 원동,대전,2,/tutor/kr-b300-c804-kr-b3d9-ad6c-kr-c6d0-b3d9/region_tutor,true,READY_REMOVE_DUPLICATE_H1,READY_REMOVE_DUPLICATE_H1,,true
candidate:tutor:kr-b300-c804-kr-b3d9-ad6c-kr-d6a8-b3d9:region_tutor,,대전동구 효동,대전,4,/tutor/kr-b300-c804-kr-b3d9-ad6c-kr-d6a8-b3d9/region_tutor,true,READY_REMOVE_DUPLICATE_H1,READY_REMOVE_DUPLICATE_H1,,true
candidate:tutor:kr-b300-c804-kr-b3d9-ad6c-kr-ac00-c624-b3d9:region_tutor,,가오동,대전,6,/tutor/kr-b300-c804-kr-b3d9-ad6c-kr-ac00-c624-b3d9/region_tutor,true,READY_REMOVE_DUPLICATE_H1,READY_REMOVE_DUPLICATE_H1,,true
candidate:tutor:kr-b300-c804-kr-b3d9-ad6c-kr-c2e0-d765-b3d9:region_tutor,,신흥동,대전,7,/tutor/kr-b300-c804-kr-b3d9-ad6c-kr-c2e0-d765-b3d9/region_tutor,true,READY_REMOVE_DUPLICATE_H1,READY_REMOVE_DUPLICATE_H1,,true
candidate:tutor:kr-b300-c804-kr-b3d9-ad6c-kr-d310-c554-b3d9:region_tutor,,판암동,대전,8,/tutor/kr-b300-c804-kr-b3d9-ad6c-kr-d310-c554-b3d9/region_tutor,true,READY_REMOVE_DUPLICATE_H1,READY_REMOVE_DUPLICATE_H1,,true
candidate:tutor:kr-b300-c804-kr-b3d9-ad6c-kr-c6a9-c6b4-b3d9:region_tutor,,용운동,대전,10,/tutor/kr-b300-c804-kr-b3d9-ad6c-kr-c6a9-c6b4-b3d9/region_tutor,true,READY_REMOVE_DUPLICATE_H1,READY_REMOVE_DUPLICATE_H1,,true
candidate:tutor:kr-b300-c804-kr-b3d9-ad6c-kr-b300-b3d9:region_tutor,,대전동구 대동,대전,11,/tutor/kr-b300-c804-kr-b3d9-ad6c-kr-b300-b3d9/region_tutor,true,READY_REMOVE_DUPLICATE_H1,READY_REMOVE_DUPLICATE_H1,,true
candidate:tutor:kr-b300-c804-kr-b3d9-ad6c-kr-c790-c591-b3d9:region_tutor,,자양동,대전,12,/tutor/kr-b300-c804-kr-b3d9-ad6c-kr-c790-c591-b3d9/region_tutor,true,READY_REMOVE_DUPLICATE_H1,READY_REMOVE_DUPLICATE_H1,,true
candidate:tutor:kr-b300-c804-kr-b3d9-ad6c-kr-c2e0-c548-b3d9:region_tutor,,신안동,대전,13,/tutor/kr-b300-c804-kr-b3d9-ad6c-kr-c2e0-c548-b3d9/region_tutor,true,READY_REMOVE_DUPLICATE_H1,READY_REMOVE_DUPLICATE_H1,,true
candidate:tutor:kr-b300-c804-kr-b3d9-ad6c-kr-c18c-c81c-b3d9:region_tutor,,소제동,대전,14,/tutor/kr-b300-c804-kr-b3d9-ad6c-kr-c18c-c81c-b3d9/region_tutor,true,READY_REMOVE_DUPLICATE_H1,READY_REMOVE_DUPLICATE_H1,,true
candidate:tutor:kr-b300-c804-kr-b3d9-ad6c-kr-ac00-c591-b3d9:region_tutor,,가양동,대전,15,/tutor/kr-b300-c804-kr-b3d9-ad6c-kr-ac00-c591-b3d9/region_tutor,true,READY_REMOVE_DUPLICATE_H1,READY_REMOVE_DUPLICATE_H1,,true
candidate:tutor:kr-b300-c804-kr-b3d9-ad6c-kr-c6a9-c804-b3d9:region_tutor,,용전동,대전,16,/tutor/kr-b300-c804-kr-b3d9-ad6c-kr-c6a9-c804-b3d9/region_tutor,true,READY_REMOVE_DUPLICATE_H1,READY_REMOVE_DUPLICATE_H1,,true
candidate:tutor:kr-b300-c804-kr-b3d9-ad6c-kr-c131-b0a8-b3d9:region_tutor,,성남동,대전,17,/tutor/kr-b300-c804-kr-b3d9-ad6c-kr-c131-b0a8-b3d9/region_tutor,true,READY_REMOVE_DUPLICATE_H1,READY_REMOVE_DUPLICATE_H1,,true
candidate:tutor:kr-b300-c804-kr-b3d9-ad6c-kr-d64d-b3c4-b3d9:region_tutor,,홍도동,대전,18,/tutor/kr-b300-c804-kr-b3d9-ad6c-kr-d64d-b3c4-b3d9/region_tutor,true,READY_REMOVE_DUPLICATE_H1,READY_REMOVE_DUPLICATE_H1,,true
candidate:tutor:kr-b300-c804-kr-b3d9-ad6c-kr-c0bc-c131-b3d9:region_tutor,,삼성동,대전,19,/tutor/kr-b300-c804-kr-b3d9-ad6c-kr-c0bc-c131-b3d9/region_tutor,true,READY_REMOVE_DUPLICATE_H1,READY_REMOVE_DUPLICATE_H1,,true
candidate:tutor:kr-b300-c804-kr-b3d9-ad6c-kr-c815-b3d9:region_tutor,,대전동구 정동,대전,20,/tutor/kr-b300-c804-kr-b3d9-ad6c-kr-c815-b3d9/region_tutor,true,READY_REMOVE_DUPLICATE_H1,READY_REMOVE_DUPLICATE_H1,,true
candidate:tutor:kr-b300-c804-kr-b3d9-ad6c-kr-c911-b3d9:region_tutor,,대전동구 중동,대전,21,/tutor/kr-b300-c804-kr-b3d9-ad6c-kr-c911-b3d9/region_tutor,true,READY_REMOVE_DUPLICATE_H1,READY_REMOVE_DUPLICATE_H1,,true
candidate:tutor:kr-b300-c804-kr-b3d9-ad6c-kr-cd94-b3d9:region_tutor,,대전동구 추동,대전,22,/tutor/kr-b300-c804-kr-b3d9-ad6c-kr-cd94-b3d9/region_tutor,true,READY_REMOVE_DUPLICATE_H1,READY_REMOVE_DUPLICATE_H1,,true
candidate:tutor:kr-b300-c804-kr-b3d9-ad6c-kr-be44-b8e1-b3d9:region_tutor,,비룡동,대전,23,/tutor/kr-b300-c804-kr-b3d9-ad6c-kr-be44-b8e1-b3d9/region_tutor,true,READY_REMOVE_DUPLICATE_H1,READY_REMOVE_DUPLICATE_H1,,true
candidate:tutor:kr-b300-c804-kr-b3d9-ad6c-kr-c8fc-c0b0-b3d9:region_tutor,,주산동,대전,24,/tutor/kr-b300-c804-kr-b3d9-ad6c-kr-c8fc-c0b0-b3d9/region_tutor,true,READY_REMOVE_DUPLICATE_H1,READY_REMOVE_DUPLICATE_H1,,true
candidate:tutor:kr-b300-c804-kr-b3d9-ad6c-kr-c6a9-acc4-b3d9:region_tutor,,대전동구 용계동,대전,25,/tutor/kr-b300-c804-kr-b3d9-ad6c-kr-c6a9-acc4-b3d9/region_tutor,true,READY_REMOVE_DUPLICATE_H1,READY_REMOVE_DUPLICATE_H1,,true
candidate:tutor:kr-b300-c804-kr-b3d9-ad6c-kr-b9c8-c0b0-b3d9:region_tutor,,마산동,대전,26,/tutor/kr-b300-c804-kr-b3d9-ad6c-kr-b9c8-c0b0-b3d9/region_tutor,true,READY_REMOVE_DUPLICATE_H1,READY_REMOVE_DUPLICATE_H1,,true
candidate:tutor:kr-b300-c804-kr-b3d9-ad6c-kr-d6a8-d3c9-b3d9:region_tutor,,효평동,대전,27,/tutor/kr-b300-c804-kr-b3d9-ad6c-kr-d6a8-d3c9-b3d9/region_tutor,true,READY_REMOVE_DUPLICATE_H1,READY_REMOVE_DUPLICATE_H1,,true
candidate:tutor:kr-b300-c804-kr-b3d9-ad6c-kr-c9c1-b3d9:region_tutor,,대전동구 직동,대전,28,/tutor/kr-b300-c804-kr-b3d9-ad6c-kr-c9c1-b3d9/region_tutor,true,READY_REMOVE_DUPLICATE_H1,READY_REMOVE_DUPLICATE_H1,,true
candidate:tutor:kr-b300-c804-kr-b3d9-ad6c-kr-c138-cc9c-b3d9:region_tutor,,세천동,대전,29,/tutor/kr-b300-c804-kr-b3d9-ad6c-kr-c138-cc9c-b3d9/region_tutor,true,READY_REMOVE_DUPLICATE_H1,READY_REMOVE_DUPLICATE_H1,,true
candidate:tutor:kr-b300-c804-kr-b3d9-ad6c-kr-c2e0-c0c1-b3d9:region_tutor,,신상동,대전,30,/tutor/kr-b300-c804-kr-b3d9-ad6c-kr-c2e0-c0c1-b3d9/region_tutor,true,READY_REMOVE_DUPLICATE_H1,READY_REMOVE_DUPLICATE_H1,,true
candidate:tutor:kr-b300-c804-kr-b3d9-ad6c-kr-c2e0-cd0c-b3d9:region_tutor,,신촌동,대전,32,/tutor/kr-b300-c804-kr-b3d9-ad6c-kr-c2e0-cd0c-b3d9/region_tutor,true,READY_REMOVE_DUPLICATE_H1,HOLD_K_STRUCTURE,structure_review,false
candidate:tutor:kr-b300-c804-kr-b3d9-ad6c-kr-c0ac-c131-b3d9:region_tutor,,사성동,대전,33,/tutor/kr-b300-c804-kr-b3d9-ad6c-kr-c0ac-c131-b3d9/region_tutor,true,READY_REMOVE_DUPLICATE_H1,READY_REMOVE_DUPLICATE_H1,,true
candidate:tutor:kr-b300-c804-kr-b3d9-ad6c-kr-b0b4-d0d1-b3d9:region_tutor,,내탑동,대전,34,/tutor/kr-b300-c804-kr-b3d9-ad6c-kr-b0b4-d0d1-b3d9/region_tutor,true,READY_REMOVE_DUPLICATE_H1,READY_REMOVE_DUPLICATE_H1,,true
candidate:tutor:kr-b300-c804-kr-b3d9-ad6c-kr-c624-b3d9:region_tutor,,대전동구 오동,대전,35,/tutor/kr-b300-c804-kr-b3d9-ad6c-kr-c624-b3d9/region_tutor,true,READY_REMOVE_DUPLICATE_H1,READY_REMOVE_DUPLICATE_H1,,true
candidate:tutor:kr-b300-c804-kr-b3d9-ad6c-kr-c8fc-cd0c-b3d9:region_tutor,,주촌동,대전,36,/tutor/kr-b300-c804-kr-b3d9-ad6c-kr-c8fc-cd0c-b3d9/region_tutor,true,READY_REMOVE_DUPLICATE_H1,READY_REMOVE_DUPLICATE_H1,,true
candidate:tutor:kr-b300-c804-kr-b3d9-ad6c-kr-b0ad-c6d4-b3d9:region_tutor,,낭월동,대전,37,/tutor/kr-b300-c804-kr-b3d9-ad6c-kr-b0ad-c6d4-b3d9/region_tutor,true,READY_REMOVE_DUPLICATE_H1,READY_REMOVE_DUPLICATE_H1,,true
candidate:tutor:kr-b300-c804-kr-b3d9-ad6c-kr-b300-bcc4-b3d9:region_tutor,,대별동,대전,38,/tutor/kr-b300-c804-kr-b3d9-ad6c-kr-b300-bcc4-b3d9/region_tutor,true,READY_REMOVE_DUPLICATE_H1,READY_REMOVE_DUPLICATE_H1,,true
candidate:tutor:kr-b300-c804-kr-b3d9-ad6c-kr-c774-c0ac-b3d9:region_tutor,,이사동,대전,39,/tutor/kr-b300-c804-kr-b3d9-ad6c-kr-c774-c0ac-b3d9/region_tutor,true,READY_REMOVE_DUPLICATE_H1,READY_REMOVE_DUPLICATE_H1,,true
candidate:tutor:kr-b300-c804-kr-b3d9-ad6c-kr-b300-c131-b3d9:region_tutor,,대성동,대전,40,/tutor/kr-b300-c804-kr-b3d9-ad6c-kr-b300-c131-b3d9/region_tutor,true,READY_REMOVE_DUPLICATE_H1,READY_REMOVE_DUPLICATE_H1,,true
candidate:tutor:kr-b300-c804-kr-c911-ad6c-kr-c740-d589-b3d9:region_tutor,,은행동,대전,41,/tutor/kr-b300-c804-kr-c911-ad6c-kr-c740-d589-b3d9/region_tutor,true,READY_REMOVE_DUPLICATE_H1,READY_REMOVE_DUPLICATE_H1,,true
candidate:tutor:kr-b300-c804-kr-c911-ad6c-kr-c120-d654-b3d9:region_tutor,,선화동,대전,42,/tutor/kr-b300-c804-kr-c911-ad6c-kr-c120-d654-b3d9/region_tutor,true,READY_REMOVE_DUPLICATE_H1,READY_REMOVE_DUPLICATE_H1,,true
candidate:tutor:kr-b300-c804-kr-c911-ad6c-kr-baa9-b3d9:region_tutor,,대전중구 목동,대전,43,/tutor/kr-b300-c804-kr-c911-ad6c-kr-baa9-b3d9/region_tutor,true,READY_REMOVE_DUPLICATE_H1,READY_REMOVE_DUPLICATE_H1,,true
candidate:tutor:kr-b300-c804-kr-c911-ad6c-kr-c911-cd0c-b3d9:region_tutor,,중촌동,대전,44,/tutor/kr-b300-c804-kr-c911-ad6c-kr-c911-cd0c-b3d9/region_tutor,true,READY_REMOVE_DUPLICATE_H1,READY_REMOVE_DUPLICATE_H1,,true
candidate:tutor:kr-b300-c804-kr-c911-ad6c-kr-b300-d765-b3d9:region_tutor,,대흥동,대전,45,/tutor/kr-b300-c804-kr-c911-ad6c-kr-b300-d765-b3d9/region_tutor,true,READY_REMOVE_DUPLICATE_H1,READY_REMOVE_DUPLICATE_H1,,true
candidate:tutor:kr-b300-c804-kr-c911-ad6c-kr-bb38-cc3d-b3d9:region_tutor,,문창동,대전,46,/tutor/kr-b300-c804-kr-c911-ad6c-kr-bb38-cc3d-b3d9/region_tutor,true,READY_REMOVE_DUPLICATE_H1,READY_REMOVE_DUPLICATE_H1,,true
candidate:tutor:kr-b300-c804-kr-c911-ad6c-kr-c11d-ad50-b3d9:region_tutor,,석교동,대전,47,/tutor/kr-b300-c804-kr-c911-ad6c-kr-c11d-ad50-b3d9/region_tutor,true,READY_REMOVE_DUPLICATE_H1,READY_REMOVE_DUPLICATE_H1,,true
candidate:tutor:kr-b300-c804-kr-c911-ad6c-kr-c625-acc4-b3d9:region_tutor,,옥계동,대전,49,/tutor/kr-b300-c804-kr-c911-ad6c-kr-c625-acc4-b3d9/region_tutor,true,READY_REMOVE_DUPLICATE_H1,READY_REMOVE_DUPLICATE_H1,,true
candidate:tutor:kr-b300-c804-kr-c911-ad6c-kr-b300-c0ac-b3d9:region_tutor,,대사동,대전,50,/tutor/kr-b300-c804-kr-c911-ad6c-kr-b300-c0ac-b3d9/region_tutor,true,READY_REMOVE_DUPLICATE_H1,READY_REMOVE_DUPLICATE_H1,,true
candidate:tutor:kr-b300-c804-kr-c911-ad6c-kr-bd80-c0ac-b3d9:region_tutor,,부사동,대전,51,/tutor/kr-b300-c804-kr-c911-ad6c-kr-bd80-c0ac-b3d9/region_tutor,true,READY_REMOVE_DUPLICATE_H1,READY_REMOVE_DUPLICATE_H1,,true
candidate:tutor:kr-b300-c804-kr-c911-ad6c-kr-c6a9-b450-b3d9:region_tutor,,용두동,대전,52,/tutor/kr-b300-c804-kr-c911-ad6c-kr-c6a9-b450-b3d9/region_tutor,true,READY_REMOVE_DUPLICATE_H1,READY_REMOVE_DUPLICATE_H1,,true
candidate:tutor:kr-b300-c804-kr-c911-ad6c-kr-d0dc-d3c9-b3d9:region_tutor,,태평동,대전,54,/tutor/kr-b300-c804-kr-c911-ad6c-kr-d0dc-d3c9-b3d9/region_tutor,true,READY_REMOVE_DUPLICATE_H1,READY_REMOVE_DUPLICATE_H1,,true
candidate:tutor:kr-b300-c804-kr-c911-ad6c-kr-c720-cc9c-b3d9:region_tutor,,유천동,대전,55,/tutor/kr-b300-c804-kr-c911-ad6c-kr-c720-cc9c-b3d9/region_tutor,true,READY_REMOVE_DUPLICATE_H1,READY_REMOVE_DUPLICATE_H1,,true
candidate:tutor:kr-b300-c804-kr-c911-ad6c-kr-bb38-d654-b3d9:region_tutor,,문화동,대전,56,/tutor/kr-b300-c804-kr-c911-ad6c-kr-bb38-d654-b3d9/region_tutor,true,READY_REMOVE_DUPLICATE_H1,READY_REMOVE_DUPLICATE_H1,,true
candidate:tutor:kr-b300-c804-kr-c911-ad6c-kr-c0b0-c131-b3d9:region_tutor,,산성동,대전,57,/tutor/kr-b300-c804-kr-c911-ad6c-kr-c0b0-c131-b3d9/region_tutor,true,READY_REMOVE_DUPLICATE_H1,READY_REMOVE_DUPLICATE_H1,,true
candidate:tutor:kr-b300-c804-kr-c911-ad6c-kr-c0ac-c815-b3d9:region_tutor,,사정동,대전,58,/tutor/kr-b300-c804-kr-c911-ad6c-kr-c0ac-c815-b3d9/region_tutor,true,READY_REMOVE_DUPLICATE_H1,READY_REMOVE_DUPLICATE_H1,,true
candidate:tutor:kr-b300-c804-kr-c911-ad6c-kr-c548-c601-b3d9:region_tutor,,안영동,대전,59,/tutor/kr-b300-c804-kr-c911-ad6c-kr-c548-c601-b3d9/region_tutor,true,READY_REMOVE_DUPLICATE_H1,READY_REMOVE_DUPLICATE_H1,,true
candidate:tutor:kr-b300-c804-kr-c911-ad6c-kr-bb34-c218-b3d9:region_tutor,,무수동,대전,60,/tutor/kr-b300-c804-kr-c911-ad6c-kr-bb34-c218-b3d9/region_tutor,true,READY_REMOVE_DUPLICATE_H1,READY_REMOVE_DUPLICATE_H1,,true
candidate:tutor:kr-b300-c804-kr-c911-ad6c-kr-ad6c-c644-b3d9:region_tutor,,구완동,대전,61,/tutor/kr-b300-c804-kr-c911-ad6c-kr-ad6c-c644-b3d9/region_tutor,true,READY_REMOVE_DUPLICATE_H1,READY_REMOVE_DUPLICATE_H1,,true
candidate:tutor:kr-b300-c804-kr-c911-ad6c-kr-ce68-c0b0-b3d9:region_tutor,,침산동,대전,62,/tutor/kr-b300-c804-kr-c911-ad6c-kr-ce68-c0b0-b3d9/region_tutor,true,READY_REMOVE_DUPLICATE_H1,READY_REMOVE_DUPLICATE_H1,,true
candidate:tutor:kr-b300-c804-kr-c911-ad6c-kr-baa9-b2ec-b3d9:region_tutor,,목달동,대전,63,/tutor/kr-b300-c804-kr-c911-ad6c-kr-baa9-b2ec-b3d9/region_tutor,true,READY_REMOVE_DUPLICATE_H1,READY_REMOVE_DUPLICATE_H1,,true
candidate:tutor:kr-b300-c804-kr-c911-ad6c-kr-c815-c0dd-b3d9:region_tutor,,정생동,대전,64,/tutor/kr-b300-c804-kr-c911-ad6c-kr-c815-c0dd-b3d9/region_tutor,true,READY_REMOVE_DUPLICATE_H1,READY_REMOVE_DUPLICATE_H1,,true
candidate:tutor:kr-b300-c804-kr-c911-ad6c-kr-c5b4-b0a8-b3d9:region_tutor,,어남동,대전,65,/tutor/kr-b300-c804-kr-c911-ad6c-kr-c5b4-b0a8-b3d9/region_tutor,true,READY_REMOVE_DUPLICATE_H1,READY_REMOVE_DUPLICATE_H1,,true
candidate:tutor:kr-b300-c804-kr-c911-ad6c-kr-ae08-b3d9:region_tutor,,대전중구 금동,대전,66,/tutor/kr-b300-c804-kr-c911-ad6c-kr-ae08-b3d9/region_tutor,true,READY_REMOVE_DUPLICATE_H1,READY_REMOVE_DUPLICATE_H1,,true
candidate:tutor:kr-b300-c804-kr-c11c-ad6c-kr-bcf5-c218-b3d9:region_tutor,,복수동,대전,67,/tutor/kr-b300-c804-kr-c11c-ad6c-kr-bcf5-c218-b3d9/region_tutor,true,READY_REMOVE_DUPLICATE_H1,READY_REMOVE_DUPLICATE_H1,,true
candidate:tutor:kr-b300-c804-kr-c11c-ad6c-kr-b3c4-b9c8-b3d9:region_tutor,,도마동,대전,69,/tutor/kr-b300-c804-kr-c11c-ad6c-kr-b3c4-b9c8-b3d9/region_tutor,true,READY_REMOVE_DUPLICATE_H1,READY_REMOVE_DUPLICATE_H1,,true
candidate:tutor:kr-b300-c804-kr-c11c-ad6c-kr-c815-b9bc-b3d9:region_tutor,,정림동,대전,70,/tutor/kr-b300-c804-kr-c11c-ad6c-kr-c815-b9bc-b3d9/region_tutor,true,READY_REMOVE_DUPLICATE_H1,READY_REMOVE_DUPLICATE_H1,,true
candidate:tutor:kr-b300-c804-kr-c11c-ad6c-kr-c6a9-bb38-b3d9:region_tutor,,용문동,대전,71,/tutor/kr-b300-c804-kr-c11c-ad6c-kr-c6a9-bb38-b3d9/region_tutor,true,READY_REMOVE_DUPLICATE_H1,READY_REMOVE_DUPLICATE_H1,,true
candidate:tutor:kr-b300-c804-kr-c11c-ad6c-kr-d0c4-bc29-b3d9:region_tutor,,탄방동,대전,72,/tutor/kr-b300-c804-kr-c11c-ad6c-kr-d0c4-bc29-b3d9/region_tutor,true,READY_REMOVE_DUPLICATE_H1,READY_REMOVE_DUPLICATE_H1,,true
candidate:tutor:kr-b300-c804-kr-c11c-ad6c-kr-ad34-c815-b3d9:region_tutor,,괴정동,대전,73,/tutor/kr-b300-c804-kr-c11c-ad6c-kr-ad34-c815-b3d9/region_tutor,true,READY_REMOVE_DUPLICATE_H1,READY_REMOVE_DUPLICATE_H1,,true
candidate:tutor:kr-b300-c804-kr-c11c-ad6c-kr-ac00-c7a5-b3d9:region_tutor,,가장동,대전,74,/tutor/kr-b300-c804-kr-c11c-ad6c-kr-ac00-c7a5-b3d9/region_tutor,true,READY_REMOVE_DUPLICATE_H1,READY_REMOVE_DUPLICATE_H1,,true
candidate:tutor:kr-b300-c804-kr-c11c-ad6c-kr-b0b4-b3d9:region_tutor,,대전서구 내동,대전,75,/tutor/kr-b300-c804-kr-c11c-ad6c-kr-b0b4-b3d9/region_tutor,true,READY_REMOVE_DUPLICATE_H1,READY_REMOVE_DUPLICATE_H1,,true
candidate:tutor:kr-b300-c804-kr-c11c-ad6c-kr-ac08-b9c8-b3d9:region_tutor,,갈마동,대전,76,/tutor/kr-b300-c804-kr-c11c-ad6c-kr-ac08-b9c8-b3d9/region_tutor,true,READY_REMOVE_DUPLICATE_H1,READY_REMOVE_DUPLICATE_H1,,true
candidate:tutor:kr-b300-c804-kr-c11c-ad6c-kr-b454-c0b0-b3d9:region_tutor,,둔산동,대전,77,/tutor/kr-b300-c804-kr-c11c-ad6c-kr-b454-c0b0-b3d9/region_tutor,true,READY_REMOVE_DUPLICATE_H1,READY_REMOVE_DUPLICATE_H1,,true
candidate:tutor:kr-b300-c804-kr-c11c-ad6c-kr-c6d4-d3c9-b3d9:region_tutor,,월평동,대전,78,/tutor/kr-b300-c804-kr-c11c-ad6c-kr-c6d4-d3c9-b3d9/region_tutor,true,READY_REMOVE_DUPLICATE_H1,READY_REMOVE_DUPLICATE_H1,,true
candidate:tutor:kr-b300-c804-kr-c11c-ad6c-kr-ac00-c218-c6d0-b3d9:region_tutor,,가수원동,대전,79,/tutor/kr-b300-c804-kr-c11c-ad6c-kr-ac00-c218-c6d0-b3d9/region_tutor,true,READY_REMOVE_DUPLICATE_H1,READY_REMOVE_DUPLICATE_H1,,true
candidate:tutor:kr-b300-c804-kr-c11c-ad6c-kr-ad00-c800-b3d9:region_tutor,,관저동,대전,81,/tutor/kr-b300-c804-kr-c11c-ad6c-kr-ad00-c800-b3d9/region_tutor,true,READY_REMOVE_DUPLICATE_H1,READY_REMOVE_DUPLICATE_H1,,true
candidate:tutor:kr-b300-c804-kr-c11c-ad6c-kr-d751-c11d-b3d9:region_tutor,,흑석동,대전,82,/tutor/kr-b300-c804-kr-c11c-ad6c-kr-d751-c11d-b3d9/region_tutor,true,READY_REMOVE_DUPLICATE_H1,READY_REMOVE_DUPLICATE_H1,,true
candidate:tutor:kr-b300-c804-kr-c11c-ad6c-kr-b9e4-b178-b3d9:region_tutor,,매노동,대전,83,/tutor/kr-b300-c804-kr-c11c-ad6c-kr-b9e4-b178-b3d9/region_tutor,true,READY_REMOVE_DUPLICATE_H1,READY_REMOVE_DUPLICATE_H1,,true
candidate:tutor:kr-b300-c804-kr-c11c-ad6c-kr-c0b0-c9c1-b3d9:region_tutor,,산직동,대전,84,/tutor/kr-b300-c804-kr-c11c-ad6c-kr-c0b0-c9c1-b3d9/region_tutor,true,READY_REMOVE_DUPLICATE_H1,READY_REMOVE_DUPLICATE_H1,,true
candidate:tutor:kr-b300-c804-kr-c11c-ad6c-kr-c7a5-c548-b3d9:region_tutor,,장안동,대전,85,/tutor/kr-b300-c804-kr-c11c-ad6c-kr-c7a5-c548-b3d9/region_tutor,true,READY_REMOVE_DUPLICATE_H1,READY_REMOVE_DUPLICATE_H1,,true
candidate:tutor:kr-b300-c804-kr-c11c-ad6c-kr-d3c9-cd0c-b3d9:region_tutor,,대전서구 평촌동,대전,86,/tutor/kr-b300-c804-kr-c11c-ad6c-kr-d3c9-cd0c-b3d9/region_tutor,true,READY_REMOVE_DUPLICATE_H1,READY_REMOVE_DUPLICATE_H1,,true
candidate:tutor:kr-b300-c804-kr-c624-b3d9:region_tutor,,대전서구 오동,대전,87,/tutor/kr-b300-c804-kr-c624-b3d9/region_tutor,true,READY_REMOVE_DUPLICATE_H1,READY_REMOVE_DUPLICATE_H1,,true
candidate:tutor:kr-b300-c804-kr-c11c-ad6c-kr-c6b0-ba85-b3d9:region_tutor,,우명동,대전,88,/tutor/kr-b300-c804-kr-c11c-ad6c-kr-c6b0-ba85-b3d9/region_tutor,true,READY_REMOVE_DUPLICATE_H1,READY_REMOVE_DUPLICATE_H1,,true
candidate:tutor:kr-b300-c804-kr-c720-c131-ad6c-kr-c6d0-b0b4-b3d9:region_tutor,,원내동,대전,90,/tutor/kr-b300-c804-kr-c720-c131-ad6c-kr-c6d0-b0b4-b3d9/region_tutor,true,READY_REMOVE_DUPLICATE_H1,READY_REMOVE_DUPLICATE_H1,,true
candidate:tutor:kr-b300-c804-kr-c720-c131-ad6c-kr-b300-c815-b3d9:region_tutor,,대정동,대전,92,/tutor/kr-b300-c804-kr-c720-c131-ad6c-kr-b300-c815-b3d9/region_tutor,true,READY_REMOVE_DUPLICATE_H1,READY_REMOVE_DUPLICATE_H1,,true
candidate:tutor:kr-b300-c804-kr-c6a9-acc4-b3d9:region_tutor,,대전유성구 용계동,대전,93,/tutor/kr-b300-c804-kr-c6a9-acc4-b3d9/region_tutor,true,READY_REMOVE_DUPLICATE_H1,READY_REMOVE_DUPLICATE_H1,,true
candidate:tutor:kr-b300-c804-kr-c720-c131-ad6c-kr-acc4-c0b0-b3d9:region_tutor,,계산동,대전,95,/tutor/kr-b300-c804-kr-c720-c131-ad6c-kr-acc4-c0b0-b3d9/region_tutor,true,READY_REMOVE_DUPLICATE_H1,READY_REMOVE_DUPLICATE_H1,,true
candidate:tutor:kr-b300-c804-kr-c720-c131-ad6c-kr-c131-bd81-b3d9:region_tutor,,성북동,대전,96,/tutor/kr-b300-c804-kr-c720-c131-ad6c-kr-c131-bd81-b3d9/region_tutor,true,READY_REMOVE_DUPLICATE_H1,READY_REMOVE_DUPLICATE_H1,,true
candidate:tutor:kr-b300-c804-kr-c720-c131-ad6c-kr-c138-b3d9:region_tutor,,대전유성구 세동,대전,97,/tutor/kr-b300-c804-kr-c720-c131-ad6c-kr-c138-b3d9/region_tutor,true,READY_REMOVE_DUPLICATE_H1,READY_REMOVE_DUPLICATE_H1,,true
candidate:tutor:kr-b300-c804-kr-c720-c131-ad6c-kr-c1a1-c815-b3d9:region_tutor,,송정동,대전,98,/tutor/kr-b300-c804-kr-c720-c131-ad6c-kr-c1a1-c815-b3d9/region_tutor,true,READY_REMOVE_DUPLICATE_H1,READY_REMOVE_DUPLICATE_H1,,true
candidate:tutor:kr-b300-c804-kr-c720-c131-ad6c-kr-bc29-b3d9:region_tutor,,대전유성구 방동,대전,99,/tutor/kr-b300-c804-kr-c720-c131-ad6c-kr-bc29-b3d9/region_tutor,true,READY_REMOVE_DUPLICATE_H1,READY_REMOVE_DUPLICATE_H1,,true
candidate:tutor:kr-b300-c804-kr-c720-c131-ad6c-kr-bd09-ba85-b3d9:region_tutor,,봉명동,대전,100,/tutor/kr-b300-c804-kr-c720-c131-ad6c-kr-bd09-ba85-b3d9/region_tutor,true,READY_REMOVE_DUPLICATE_H1,READY_REMOVE_DUPLICATE_H1,,true
candidate:tutor:kr-b300-c804-kr-c720-c131-ad6c-kr-ad6c-c554-b3d9:region_tutor,,구암동,대전,101,/tutor/kr-b300-c804-kr-c720-c131-ad6c-kr-ad6c-c554-b3d9/region_tutor,true,READY_REMOVE_DUPLICATE_H1,READY_REMOVE_DUPLICATE_H1,,true
candidate:tutor:kr-b300-c804-kr-c720-c131-ad6c-kr-b355-ba85-b3d9:region_tutor,,덕명동,대전,102,/tutor/kr-b300-c804-kr-c720-c131-ad6c-kr-b355-ba85-b3d9/region_tutor,true,READY_REMOVE_DUPLICATE_H1,READY_REMOVE_DUPLICATE_H1,,true
candidate:tutor:kr-b300-c804-kr-c720-c131-ad6c-kr-c0c1-b300-b3d9:region_tutor,,상대동,대전,104,/tutor/kr-b300-c804-kr-c720-c131-ad6c-kr-c0c1-b300-b3d9/region_tutor,true,READY_REMOVE_DUPLICATE_H1,READY_REMOVE_DUPLICATE_H1,,true
candidate:tutor:kr-b300-c804-kr-c720-c131-ad6c-kr-c7a5-b300-b3d9:region_tutor,,장대동,대전,106,/tutor/kr-b300-c804-kr-c720-c131-ad6c-kr-c7a5-b300-b3d9/region_tutor,true,READY_REMOVE_DUPLICATE_H1,READY_REMOVE_DUPLICATE_H1,,true
candidate:tutor:kr-b300-c804-kr-c720-c131-ad6c-kr-ac11-b3d9:region_tutor,,대전유성구 갑동,대전,107,/tutor/kr-b300-c804-kr-c720-c131-ad6c-kr-ac11-b3d9/region_tutor,true,READY_REMOVE_DUPLICATE_H1,READY_REMOVE_DUPLICATE_H1,,true
candidate:tutor:kr-b300-c804-kr-c720-c131-ad6c-kr-c9c0-c871-b3d9:region_tutor,,지족동,대전,109,/tutor/kr-b300-c804-kr-c720-c131-ad6c-kr-c9c0-c871-b3d9/region_tutor,true,READY_REMOVE_DUPLICATE_H1,READY_REMOVE_DUPLICATE_H1,,true
candidate:tutor:kr-b300-c804-kr-c720-c131-ad6c-kr-c8fd-b3d9:region_tutor,,대전유성구 죽동,대전,110,/tutor/kr-b300-c804-kr-c720-c131-ad6c-kr-c8fd-b3d9/region_tutor,true,READY_REMOVE_DUPLICATE_H1,READY_REMOVE_DUPLICATE_H1,,true
candidate:tutor:kr-b300-c804-kr-c720-c131-ad6c-kr-ad81-b3d9:region_tutor,,대전유성구 궁동,대전,111,/tutor/kr-b300-c804-kr-c720-c131-ad6c-kr-ad81-b3d9/region_tutor,true,READY_REMOVE_DUPLICATE_H1,READY_REMOVE_DUPLICATE_H1,,true
candidate:tutor:kr-b300-c804-kr-c720-c131-ad6c-kr-c5b4-c740-b3d9:region_tutor,,어은동,대전,112,/tutor/kr-b300-c804-kr-c720-c131-ad6c-kr-c5b4-c740-b3d9/region_tutor,true,READY_REMOVE_DUPLICATE_H1,READY_REMOVE_DUPLICATE_H1,,true
candidate:tutor:kr-b300-c804-kr-c720-c131-ad6c-kr-ad6c-c131-b3d9:region_tutor,,구성동,대전,113,/tutor/kr-b300-c804-kr-c720-c131-ad6c-kr-ad6c-c131-b3d9/region_tutor,true,READY_REMOVE_DUPLICATE_H1,READY_REMOVE_DUPLICATE_H1,,true
candidate:tutor:kr-b300-c804-kr-c720-c131-ad6c-kr-c2e0-c131-b3d9:region_tutor,,신성동,대전,114,/tutor/kr-b300-c804-kr-c720-c131-ad6c-kr-c2e0-c131-b3d9/region_tutor,true,READY_REMOVE_DUPLICATE_H1,READY_REMOVE_DUPLICATE_H1,,true
candidate:tutor:kr-b300-c804-kr-c720-c131-ad6c-kr-ac00-c815-b3d9:region_tutor,,가정동,대전,115,/tutor/kr-b300-c804-kr-c720-c131-ad6c-kr-ac00-c815-b3d9/region_tutor,true,READY_REMOVE_DUPLICATE_H1,READY_REMOVE_DUPLICATE_H1,,true
candidate:tutor:kr-b300-c804-kr-c720-c131-ad6c-kr-b3c4-b8e1-b3d9:region_tutor,,도룡동,대전,116,/tutor/kr-b300-c804-kr-c720-c131-ad6c-kr-b3c4-b8e1-b3d9/region_tutor,true,READY_REMOVE_DUPLICATE_H1,READY_REMOVE_DUPLICATE_H1,,true
candidate:tutor:kr-b300-c804-kr-c720-c131-ad6c-kr-c7a5-b3d9:region_tutor,,대전유성구 장동,대전,117,/tutor/kr-b300-c804-kr-c720-c131-ad6c-kr-c7a5-b3d9/region_tutor,true,READY_REMOVE_DUPLICATE_H1,READY_REMOVE_DUPLICATE_H1,,true
candidate:tutor:kr-b300-c804-kr-c720-c131-ad6c-kr-b355-c9c4-b3d9:region_tutor,,덕진동,대전,118,/tutor/kr-b300-c804-kr-c720-c131-ad6c-kr-b355-c9c4-b3d9/region_tutor,true,READY_REMOVE_DUPLICATE_H1,READY_REMOVE_DUPLICATE_H1,,true
candidate:tutor:kr-b300-c804-kr-c720-c131-ad6c-kr-d558-ae30-b3d9:region_tutor,,하기동,대전,119,/tutor/kr-b300-c804-kr-c720-c131-ad6c-kr-d558-ae30-b3d9/region_tutor,true,READY_REMOVE_DUPLICATE_H1,READY_REMOVE_DUPLICATE_H1,,true
candidate:tutor:kr-b300-c804-kr-c720-c131-ad6c-kr-cd94-baa9-b3d9:region_tutor,,추목동,대전,120,/tutor/kr-b300-c804-kr-c720-c131-ad6c-kr-cd94-baa9-b3d9/region_tutor,true,READY_REMOVE_DUPLICATE_H1,READY_REMOVE_DUPLICATE_H1,,true
candidate:tutor:kr-b300-c804-kr-c720-c131-ad6c-kr-c790-c6b4-b3d9:region_tutor,,자운동,대전,121,/tutor/kr-b300-c804-kr-c720-c131-ad6c-kr-c790-c6b4-b3d9/region_tutor,true,READY_REMOVE_DUPLICATE_H1,READY_REMOVE_DUPLICATE_H1,,true
candidate:tutor:kr-b300-c804-kr-c720-c131-ad6c-kr-c2e0-bd09-b3d9:region_tutor,,신봉동,대전,122,/tutor/kr-b300-c804-kr-c720-c131-ad6c-kr-c2e0-bd09-b3d9/region_tutor,true,READY_REMOVE_DUPLICATE_H1,READY_REMOVE_DUPLICATE_H1,,true
candidate:tutor:kr-b300-c804-kr-c720-c131-ad6c-kr-c218-b0a8-b3d9:region_tutor,,수남동,대전,123,/tutor/kr-b300-c804-kr-c720-c131-ad6c-kr-c218-b0a8-b3d9/region_tutor,true,READY_REMOVE_DUPLICATE_H1,READY_REMOVE_DUPLICATE_H1,,true
candidate:tutor:kr-b300-c804-kr-c720-c131-ad6c-kr-c548-c0b0-b3d9:region_tutor,,안산동,대전,124,/tutor/kr-b300-c804-kr-c720-c131-ad6c-kr-c548-c0b0-b3d9/region_tutor,true,READY_REMOVE_DUPLICATE_H1,READY_REMOVE_DUPLICATE_H1,,true
candidate:tutor:kr-b300-c804-kr-c720-c131-ad6c-kr-c678-c0bc-b3d9:region_tutor,,외삼동,대전,125,/tutor/kr-b300-c804-kr-c720-c131-ad6c-kr-c678-c0bc-b3d9/region_tutor,true,READY_REMOVE_DUPLICATE_H1,READY_REMOVE_DUPLICATE_H1,,true
candidate:tutor:kr-b300-c804-kr-c720-c131-ad6c-kr-bc18-c11d-b3d9:region_tutor,,반석동,대전,126,/tutor/kr-b300-c804-kr-c720-c131-ad6c-kr-bc18-c11d-b3d9/region_tutor,true,READY_REMOVE_DUPLICATE_H1,READY_REMOVE_DUPLICATE_H1,,true
candidate:tutor:kr-b300-c804-kr-c720-c131-ad6c-kr-bb38-c9c0-b3d9:region_tutor,,문지동,대전,127,/tutor/kr-b300-c804-kr-c720-c131-ad6c-kr-bb38-c9c0-b3d9/region_tutor,true,READY_REMOVE_DUPLICATE_H1,READY_REMOVE_DUPLICATE_H1,,true
candidate:tutor:kr-b300-c804-kr-c720-c131-ad6c-kr-c804-bbfc-b3d9:region_tutor,,전민동,대전,128,/tutor/kr-b300-c804-kr-c720-c131-ad6c-kr-c804-bbfc-b3d9/region_tutor,true,READY_REMOVE_DUPLICATE_H1,READY_REMOVE_DUPLICATE_H1,,true
candidate:tutor:kr-b300-c804-kr-c720-c131-ad6c-kr-c6d0-cd0c-b3d9:region_tutor,,원촌동,대전,129,/tutor/kr-b300-c804-kr-c720-c131-ad6c-kr-c6d0-cd0c-b3d9/region_tutor,true,READY_REMOVE_DUPLICATE_H1,READY_REMOVE_DUPLICATE_H1,,true
candidate:tutor:kr-b300-c804-kr-c720-c131-ad6c-kr-d0d1-b9bd-b3d9:region_tutor,,탑립동,대전,130,/tutor/kr-b300-c804-kr-c720-c131-ad6c-kr-d0d1-b9bd-b3d9/region_tutor,true,READY_REMOVE_DUPLICATE_H1,READY_REMOVE_DUPLICATE_H1,,true
candidate:tutor:kr-b300-c804-kr-c720-c131-ad6c-kr-c6a9-c0b0-b3d9:region_tutor,,용산동,대전,131,/tutor/kr-b300-c804-kr-c720-c131-ad6c-kr-c6a9-c0b0-b3d9/region_tutor,true,READY_REMOVE_DUPLICATE_H1,READY_REMOVE_DUPLICATE_H1,,true
candidate:tutor:kr-b300-c804-kr-c720-c131-ad6c-kr-bd09-c0b0-b3d9:region_tutor,,봉산동,대전,132,/tutor/kr-b300-c804-kr-c720-c131-ad6c-kr-bd09-c0b0-b3d9/region_tutor,true,READY_REMOVE_DUPLICATE_H1,READY_REMOVE_DUPLICATE_H1,,true
candidate:tutor:kr-b300-c804-kr-c720-c131-ad6c-kr-ad00-d3c9-b3d9:region_tutor,,관평동,대전,133,/tutor/kr-b300-c804-kr-c720-c131-ad6c-kr-ad00-d3c9-b3d9/region_tutor,true,READY_REMOVE_DUPLICATE_H1,READY_REMOVE_DUPLICATE_H1,,true
candidate:tutor:kr-b300-c804-kr-c720-c131-ad6c-kr-d654-c554-b3d9:region_tutor,,화암동,대전,134,/tutor/kr-b300-c804-kr-c720-c131-ad6c-kr-d654-c554-b3d9/region_tutor,true,READY_REMOVE_DUPLICATE_H1,READY_REMOVE_DUPLICATE_H1,,true
candidate:tutor:kr-b300-c804-kr-b300-b355-ad6c-kr-c624-c815-b3d9:region_tutor,,오정동,대전,135,/tutor/kr-b300-c804-kr-b300-b355-ad6c-kr-c624-c815-b3d9/region_tutor,true,READY_REMOVE_DUPLICATE_H1,READY_REMOVE_DUPLICATE_H1,,true
candidate:tutor:kr-b300-c804-kr-b300-b355-ad6c-kr-b300-d654-b3d9:region_tutor,,대화동,대전,136,/tutor/kr-b300-c804-kr-b300-b355-ad6c-kr-b300-d654-b3d9/region_tutor,true,READY_REMOVE_DUPLICATE_H1,READY_REMOVE_DUPLICATE_H1,,true
candidate:tutor:kr-b300-c804-kr-b300-b355-ad6c-kr-c74d-b0b4-b3d9:region_tutor,,읍내동,대전,137,/tutor/kr-b300-c804-kr-b300-b355-ad6c-kr-c74d-b0b4-b3d9/region_tutor,true,READY_REMOVE_DUPLICATE_H1,READY_REMOVE_DUPLICATE_H1,,true
candidate:tutor:kr-b300-c804-kr-b300-b355-ad6c-kr-c5f0-cd95-b3d9:region_tutor,,연축동,대전,138,/tutor/kr-b300-c804-kr-b300-b355-ad6c-kr-c5f0-cd95-b3d9/region_tutor,true,READY_REMOVE_DUPLICATE_H1,READY_REMOVE_DUPLICATE_H1,,true
candidate:tutor:kr-b300-c804-kr-b300-b355-ad6c-kr-c2e0-b300-b3d9:region_tutor,,신대동,대전,139,/tutor/kr-b300-c804-kr-b300-b355-ad6c-kr-c2e0-b300-b3d9/region_tutor,true,READY_REMOVE_DUPLICATE_H1,READY_REMOVE_DUPLICATE_H1,,true
candidate:tutor:kr-b300-c804-kr-b300-b355-ad6c-kr-c640-b3d9:region_tutor,,대전대덕구 와동,대전,140,/tutor/kr-b300-c804-kr-b300-b355-ad6c-kr-c640-b3d9/region_tutor,true,READY_REMOVE_DUPLICATE_H1,READY_REMOVE_DUPLICATE_H1,,true
candidate:tutor:kr-b300-c804-kr-b300-b355-ad6c-kr-c1a1-cd0c-b3d9:region_tutor,,송촌동,대전,141,/tutor/kr-b300-c804-kr-b300-b355-ad6c-kr-c1a1-cd0c-b3d9/region_tutor,true,READY_REMOVE_DUPLICATE_H1,READY_REMOVE_DUPLICATE_H1,,true
candidate:tutor:kr-b300-c804-kr-b300-b355-ad6c-kr-c911-b9ac-b3d9:region_tutor,,중리동,대전,143,/tutor/kr-b300-c804-kr-b300-b355-ad6c-kr-c911-b9ac-b3d9/region_tutor,true,READY_REMOVE_DUPLICATE_H1,READY_REMOVE_DUPLICATE_H1,,true
candidate:tutor:kr-b300-c804-kr-b300-b355-ad6c-kr-c11d-bd09-b3d9:region_tutor,,석봉동,대전,145,/tutor/kr-b300-c804-kr-b300-b355-ad6c-kr-c11d-bd09-b3d9/region_tutor,true,READY_REMOVE_DUPLICATE_H1,READY_REMOVE_DUPLICATE_H1,,true
candidate:tutor:kr-b300-c804-kr-b300-b355-ad6c-kr-baa9-c0c1-b3d9:region_tutor,,목상동,대전,146,/tutor/kr-b300-c804-kr-b300-b355-ad6c-kr-baa9-c0c1-b3d9/region_tutor,true,READY_REMOVE_DUPLICATE_H1,READY_REMOVE_DUPLICATE_H1,,true
candidate:tutor:kr-b300-c804-kr-b300-b355-ad6c-kr-bb38-d3c9-b3d9:region_tutor,,문평동,대전,147,/tutor/kr-b300-c804-kr-b300-b355-ad6c-kr-bb38-d3c9-b3d9/region_tutor,true,READY_REMOVE_DUPLICATE_H1,READY_REMOVE_DUPLICATE_H1,,true
candidate:tutor:kr-b300-c804-kr-b300-b355-ad6c-kr-c2e0-c77c-b3d9:region_tutor,,신일동,대전,148,/tutor/kr-b300-c804-kr-b300-b355-ad6c-kr-c2e0-c77c-b3d9/region_tutor,true,READY_REMOVE_DUPLICATE_H1,READY_REMOVE_DUPLICATE_H1,,true
candidate:tutor:kr-b300-c804-kr-b300-b355-ad6c-kr-b355-c554-b3d9:region_tutor,,덕암동,대전,149,/tutor/kr-b300-c804-kr-b300-b355-ad6c-kr-b355-c554-b3d9/region_tutor,true,READY_REMOVE_DUPLICATE_H1,READY_REMOVE_DUPLICATE_H1,,true
candidate:tutor:kr-b300-c804-kr-b300-b355-ad6c-kr-c0c1-c11c-b3d9:region_tutor,,상서동,대전,150,/tutor/kr-b300-c804-kr-b300-b355-ad6c-kr-c0c1-c11c-b3d9/region_tutor,true,READY_REMOVE_DUPLICATE_H1,READY_REMOVE_DUPLICATE_H1,,true
candidate:tutor:kr-b300-c804-kr-c7a5-b3d9:region_tutor,,대전대덕구 장동,대전,152,/tutor/kr-b300-c804-kr-c7a5-b3d9/region_tutor,true,READY_REMOVE_DUPLICATE_H1,READY_REMOVE_DUPLICATE_H1,,true
candidate:tutor:kr-b300-c804-kr-b300-b355-ad6c-kr-c6a9-d638-b3d9:region_tutor,,용호동,대전,153,/tutor/kr-b300-c804-kr-b300-b355-ad6c-kr-c6a9-d638-b3d9/region_tutor,true,READY_REMOVE_DUPLICATE_H1,READY_REMOVE_DUPLICATE_H1,,true
candidate:tutor:kr-b300-c804-kr-b300-b355-ad6c-kr-c774-d604-b3d9:region_tutor,,이현동,대전,154,/tutor/kr-b300-c804-kr-b300-b355-ad6c-kr-c774-d604-b3d9/region_tutor,true,READY_REMOVE_DUPLICATE_H1,READY_REMOVE_DUPLICATE_H1,,true
candidate:tutor:kr-b300-c804-kr-b300-b355-ad6c-kr-ac08-c804-b3d9:region_tutor,,갈전동,대전,155,/tutor/kr-b300-c804-kr-b300-b355-ad6c-kr-ac08-c804-b3d9/region_tutor,true,READY_REMOVE_DUPLICATE_H1,READY_REMOVE_DUPLICATE_H1,,true
candidate:tutor:kr-b300-c804-kr-b300-b355-ad6c-kr-bd80-c218-b3d9:region_tutor,,부수동,대전,156,/tutor/kr-b300-c804-kr-b300-b355-ad6c-kr-bd80-c218-b3d9/region_tutor,true,READY_REMOVE_DUPLICATE_H1,READY_REMOVE_DUPLICATE_H1,,true
candidate:tutor:kr-b300-c804-kr-b300-b355-ad6c-kr-d669-d638-b3d9:region_tutor,,황호동,대전,157,/tutor/kr-b300-c804-kr-b300-b355-ad6c-kr-d669-d638-b3d9/region_tutor,true,READY_REMOVE_DUPLICATE_H1,READY_REMOVE_DUPLICATE_H1,,true
candidate:tutor:kr-b300-c804-kr-c0bc-c815-b3d9:region_tutor,,대전대덕구 삼정동,대전,158,/tutor/kr-b300-c804-kr-c0bc-c815-b3d9/region_tutor,true,READY_REMOVE_DUPLICATE_H1,READY_REMOVE_DUPLICATE_H1,,true
candidate:tutor:kr-b300-ad6c:region_tutor,,대구,대구,2,/tutor/kr-b300-ad6c/region_tutor,true,READY_AS_IS,READY_AS_IS,,true
candidate:tutor:kr-b300-ad6c-kr-b300-ad6c-bd81-ad6c:region_tutor,,대구북구,대구,3,/tutor/kr-b300-ad6c-kr-b300-ad6c-bd81-ad6c/region_tutor,true,READY_AS_IS,READY_AS_IS,,true
candidate:tutor:kr-b300-ad6c-kr-b2ec-c11c-ad6c:region_tutor,,달서구,대구,5,/tutor/kr-b300-ad6c-kr-b2ec-c11c-ad6c/region_tutor,true,READY_AS_IS,READY_AS_IS,,true
candidate:tutor:kr-b300-ad6c-kr-b2ec-c131-ad70:region_tutor,,달성군,대구,6,/tutor/kr-b300-ad6c-kr-b2ec-c131-ad70/region_tutor,true,READY_AS_IS,READY_AS_IS,,true
candidate:tutor:kr-b300-ad6c-kr-b300-ad6c-b3d9-ad6c:region_tutor,,대구동구,대구,7,/tutor/kr-b300-ad6c-kr-b300-ad6c-b3d9-ad6c/region_tutor,true,READY_AS_IS,READY_AS_IS,,true
candidate:tutor:kr-b300-ad6c-kr-b300-ad6c-c11c-ad6c:region_tutor,,대구서구,대구,8,/tutor/kr-b300-ad6c-kr-b300-ad6c-c11c-ad6c/region_tutor,true,READY_AS_IS,READY_AS_IS,,true
candidate:tutor:kr-b300-ad6c-kr-c218-c131-ad6c:region_tutor,,수성구,대구,9,/tutor/kr-b300-ad6c-kr-c218-c131-ad6c/region_tutor,true,READY_AS_IS,READY_AS_IS,,true
candidate:tutor:kr-b300-ad6c-kr-b300-ad6c-c911-ad6c:region_tutor,,대구중구,대구,10,/tutor/kr-b300-ad6c-kr-b300-ad6c-c911-ad6c/region_tutor,true,READY_AS_IS,READY_AS_IS,,true
candidate:tutor:kr-b300-ad6c-kr-b300-ad6c-c911-ad6c-kr-b9e4-cc9c-b3d9:region_tutor,,매천동,대구,17,/tutor/kr-b300-ad6c-kr-b300-ad6c-c911-ad6c-kr-b9e4-cc9c-b3d9/region_tutor,true,READY_AS_IS,READY_AS_IS,,true
candidate:tutor:kr-b300-ad6c-kr-b300-ad6c-c911-ad6c-kr-ce60-c131-b3d9:region_tutor,,칠성동,대구,21,/tutor/kr-b300-ad6c-kr-b300-ad6c-c911-ad6c-kr-ce60-c131-b3d9/region_tutor,true,READY_AS_IS,READY_AS_IS,,true
candidate:tutor:kr-b300-ad6c-kr-b300-ad6c-c911-ad6c-kr-d0dc-c804-b3d9:region_tutor,,태전동,대구,23,/tutor/kr-b300-ad6c-kr-b300-ad6c-c911-ad6c-kr-d0dc-c804-b3d9/region_tutor,true,READY_AS_IS,READY_AS_IS,,true
candidate:tutor:kr-b300-ad6c-kr-b300-ad6c-c911-ad6c-kr-c774-cc9c-b3d9:region_tutor,,이천동,대구,26,/tutor/kr-b300-ad6c-kr-b300-ad6c-c911-ad6c-kr-c774-cc9c-b3d9/region_tutor,true,READY_AS_IS,READY_AS_IS,,true
candidate:tutor:kr-b300-ad6c-kr-b300-ad6c-c911-ad6c-kr-b300-ace1-b3d9:region_tutor,,대곡동,대구,28,/tutor/kr-b300-ad6c-kr-b300-ad6c-c911-ad6c-kr-b300-ace1-b3d9/region_tutor,true,READY_AS_IS,READY_AS_IS,,true
candidate:tutor:kr-b300-ad6c-kr-b300-ad6c-c911-ad6c-kr-bcf8-b9ac-b3d9:region_tutor,,본리동,대구,32,/tutor/kr-b300-ad6c-kr-b300-ad6c-c911-ad6c-kr-bcf8-b9ac-b3d9/region_tutor,true,READY_AS_IS,READY_AS_IS,,true
candidate:tutor:kr-b300-ad6c-kr-b300-ad6c-c911-ad6c-kr-c1a1-d604-b3d9:region_tutor,,송현동,대구,35,/tutor/kr-b300-ad6c-kr-b300-ad6c-c911-ad6c-kr-c1a1-d604-b3d9/region_tutor,true,READY_AS_IS,READY_AS_IS,,true
candidate:tutor:kr-b300-ad6c-kr-b300-ad6c-c911-ad6c-kr-c2e0-b2f9-b3d9:region_tutor,,신당동,대구,36,/tutor/kr-b300-ad6c-kr-b300-ad6c-c911-ad6c-kr-c2e0-b2f9-b3d9/region_tutor,true,READY_AS_IS,READY_AS_IS,,true
candidate:tutor:kr-b300-ad6c-kr-b300-ad6c-c911-ad6c-kr-c6d4-c131-b3d9:region_tutor,,월성동,대구,38,/tutor/kr-b300-ad6c-kr-b300-ad6c-c911-ad6c-kr-c6d4-c131-b3d9/region_tutor,true,READY_AS_IS,READY_AS_IS,,true
candidate:tutor:kr-b300-ad6c-kr-b300-ad6c-c911-ad6c-kr-c7a5-ae30-b3d9:region_tutor,,장기동,대구,41,/tutor/kr-b300-ad6c-kr-b300-ad6c-c911-ad6c-kr-c7a5-ae30-b3d9/region_tutor,true,READY_AS_IS,READY_AS_IS,,true
candidate:tutor:kr-b300-ad6c-kr-b300-ad6c-c911-ad6c-kr-c8fd-c804-b3d9:region_tutor,,죽전동,대구,42,/tutor/kr-b300-ad6c-kr-b300-ad6c-c911-ad6c-kr-c8fd-c804-b3d9/region_tutor,true,READY_AS_IS,READY_AS_IS,,true
candidate:tutor:kr-b300-ad6c-kr-b300-ad6c-c911-ad6c-kr-c9c4-cc9c-b3d9:region_tutor,,진천동,대구,43,/tutor/kr-b300-ad6c-kr-b300-ad6c-c911-ad6c-kr-c9c4-cc9c-b3d9/region_tutor,true,READY_AS_IS,READY_AS_IS,,true
candidate:tutor:kr-b300-ad6c-kr-b300-ad6c-c911-ad6c-kr-ac01-c0b0-b3d9:region_tutor,,각산동,대구,46,/tutor/kr-b300-ad6c-kr-b300-ad6c-c911-ad6c-kr-ac01-c0b0-b3d9/region_tutor,true,READY_AS_IS,READY_AS_IS,,true
candidate:tutor:kr-b300-ad6c-kr-b300-ad6c-c911-ad6c-kr-ad34-c804-b3d9:region_tutor,,괴전동,대구,47,/tutor/kr-b300-ad6c-kr-b300-ad6c-c911-ad6c-kr-ad34-c804-b3d9/region_tutor,true,READY_AS_IS,READY_AS_IS,,true
candidate:tutor:kr-b300-ad6c-kr-b300-ad6c-c911-ad6c-kr-bd09-bb34-b3d9:region_tutor,,봉무동,대구,50,/tutor/kr-b300-ad6c-kr-b300-ad6c-c911-ad6c-kr-bd09-bb34-b3d9/region_tutor,true,READY_AS_IS,READY_AS_IS,,true
candidate:tutor:kr-b300-ad6c-kr-b300-ad6c-c911-ad6c-kr-c2e0-ae30-b3d9:region_tutor,,신기동,대구,53,/tutor/kr-b300-ad6c-kr-b300-ad6c-c911-ad6c-kr-c2e0-ae30-b3d9/region_tutor,true,READY_AS_IS,READY_AS_IS,,true
candidate:tutor:kr-b300-ad6c-kr-b300-ad6c-c911-ad6c-kr-c2e0-cc9c-b3d9:region_tutor,,신천동,대구,54,/tutor/kr-b300-ad6c-kr-b300-ad6c-c911-ad6c-kr-c2e0-cc9c-b3d9/region_tutor,true,READY_AS_IS,READY_AS_IS,,true
candidate:tutor:kr-b300-ad6c-kr-b300-ad6c-c911-ad6c-kr-c728-c554-b3d9:region_tutor,,율암동,대구,56,/tutor/kr-b300-ad6c-kr-b300-ad6c-c911-ad6c-kr-c728-c554-b3d9/region_tutor,true,READY_AS_IS,READY_AS_IS,,true
candidate:tutor:kr-b300-ad6c-kr-b300-ad6c-c911-ad6c-kr-c728-d558-b3d9:region_tutor,,율하동,대구,57,/tutor/kr-b300-ad6c-kr-b300-ad6c-c911-ad6c-kr-c728-d558-b3d9/region_tutor,true,READY_AS_IS,READY_AS_IS,,true
candidate:tutor:kr-b300-ad6c-kr-b300-ad6c-c911-ad6c-kr-c6d0-b300-b3d9:region_tutor,,원대동,대구,63,/tutor/kr-b300-ad6c-kr-b300-ad6c-c911-ad6c-kr-c6d0-b300-b3d9/region_tutor,true,READY_AS_IS,READY_AS_IS,,true
candidate:tutor:kr-b300-ad6c-kr-b300-ad6c-c911-ad6c-kr-b178-bcc0-b3d9:region_tutor,,노변동,대구,66,/tutor/kr-b300-ad6c-kr-b300-ad6c-c911-ad6c-kr-b178-bcc0-b3d9/region_tutor,true,READY_AS_IS,READY_AS_IS,,true
candidate:tutor:kr-b300-ad6c-kr-b300-ad6c-c911-ad6c-kr-b9cc-cd0c-b3d9:region_tutor,,만촌동,대구,68,/tutor/kr-b300-ad6c-kr-b300-ad6c-c911-ad6c-kr-b9cc-cd0c-b3d9/region_tutor,true,READY_AS_IS,READY_AS_IS,,true
candidate:tutor:kr-b300-ad6c-kr-b300-ad6c-c911-ad6c-kr-b9e4-d638-b3d9:region_tutor,,매호동,대구,71,/tutor/kr-b300-ad6c-kr-b300-ad6c-c911-ad6c-kr-b9e4-d638-b3d9/region_tutor,true,READY_AS_IS,READY_AS_IS,,true
candidate:tutor:kr-b300-ad6c-kr-b300-ad6c-c911-ad6c-kr-c0c1-b3d9:region_tutor,,상동,대구,73,/tutor/kr-b300-ad6c-kr-b300-ad6c-c911-ad6c-kr-c0c1-b3d9/region_tutor,true,READY_AS_IS,READY_AS_IS,,true
candidate:tutor:kr-b300-ad6c-kr-b300-ad6c-c911-ad6c-kr-c2dc-c9c0-b3d9:region_tutor,,시지동,대구,75,/tutor/kr-b300-ad6c-kr-b300-ad6c-c911-ad6c-kr-c2dc-c9c0-b3d9/region_tutor,true,READY_AS_IS,READY_AS_IS,,true
candidate:tutor:kr-b300-ad6c-kr-b300-ad6c-c911-ad6c-kr-c9c0-c0b0-b3d9:region_tutor,,지산동,대구,78,/tutor/kr-b300-ad6c-kr-b300-ad6c-c911-ad6c-kr-c9c0-c0b0-b3d9/region_tutor,true,READY_AS_IS,READY_AS_IS,,true
candidate:tutor:kr-b300-ad6c-kr-b300-ad6c-d601-c2e0-b3c4-c2dc-kr-d314-acf5-c0b0:region_tutor,,팔공산,대구,92,/tutor/kr-b300-ad6c-kr-b300-ad6c-d601-c2e0-b3c4-c2dc-kr-d314-acf5-c0b0/region_tutor,true,READY_AS_IS,READY_AS_IS,,true
candidate:tutor:kr-b300-ad6c-kr-ae08-c815-ad6c:region_tutor,,금정구,대구,99,/tutor/kr-b300-ad6c-kr-ae08-c815-ad6c/region_tutor,true,READY_AS_IS,READY_AS_IS,,true
candidate:tutor:kr-b300-ad6c-kr-c9c4-ad6c:region_tutor,,진구,대구,103,/tutor/kr-b300-ad6c-kr-c9c4-ad6c/region_tutor,true,READY_AS_IS,READY_AS_IS,,true
candidate:tutor:kr-b300-ad6c-kr-c218-c601-ad6c:region_tutor,,수영구,대구,107,/tutor/kr-b300-ad6c-kr-c218-c601-ad6c/region_tutor,true,READY_AS_IS,READY_AS_IS,,true
candidate:tutor:kr-b300-ad6c-kr-d574-c6b4-b300-ad6c-kr-ae08-c0ac-b3d9:region_tutor,,금사동,대구,111,/tutor/kr-b300-ad6c-kr-d574-c6b4-b300-ad6c-kr-ae08-c0ac-b3d9/region_tutor,true,READY_AS_IS,READY_AS_IS,,true
candidate:tutor:kr-b300-ad6c-kr-d574-c6b4-b300-ad6c-kr-c11c-b3d9:region_tutor,,서동,대구,117,/tutor/kr-b300-ad6c-kr-d574-c6b4-b300-ad6c-kr-c11c-b3d9/region_tutor,true,READY_AS_IS,READY_AS_IS,,true
candidate:tutor:kr-b300-ad6c-kr-d574-c6b4-b300-ad6c-kr-c7a5-c548-c74d:region_tutor,,장안읍,대구,122,/tutor/kr-b300-ad6c-kr-d574-c6b4-b300-ad6c-kr-c7a5-c548-c74d/region_tutor,true,READY_AS_IS,READY_AS_IS,,true
candidate:tutor:kr-b300-ad6c-kr-d574-c6b4-b300-ad6c-kr-ba85-c7a5-b3d9:region_tutor,,명장동,대구,129,/tutor/kr-b300-ad6c-kr-d574-c6b4-b300-ad6c-kr-ba85-c7a5-b3d9/region_tutor,true,READY_AS_IS,READY_AS_IS,,true
candidate:tutor:kr-b300-ad6c-kr-d574-c6b4-b300-ad6c-kr-bd80-c554-b3d9:region_tutor,,부암동,대구,137,/tutor/kr-b300-ad6c-kr-d574-c6b4-b300-ad6c-kr-bd80-c554-b3d9/region_tutor,true,READY_AS_IS,READY_AS_IS,,true
candidate:tutor:kr-b300-ad6c-kr-d574-c6b4-b300-ad6c-kr-c591-c815-b3d9:region_tutor,,양정동,대구,139,/tutor/kr-b300-ad6c-kr-d574-c6b4-b300-ad6c-kr-c591-c815-b3d9/region_tutor,true,READY_AS_IS,READY_AS_IS,,true
candidate:tutor:kr-b300-ad6c-kr-d574-c6b4-b300-ad6c-kr-b9cc-b355-b3d9:region_tutor,,만덕동,대구,145,/tutor/kr-b300-ad6c-kr-d574-c6b4-b300-ad6c-kr-b9cc-b355-b3d9/region_tutor,true,READY_AS_IS,READY_AS_IS,,true
candidate:tutor:kr-b300-ad6c-kr-d574-c6b4-b300-ad6c-kr-ac10-c804-b3d9:region_tutor,,감전동,대구,147,/tutor/kr-b300-ad6c-kr-d574-c6b4-b300-ad6c-kr-ac10-c804-b3d9/region_tutor,true,READY_AS_IS,READY_AS_IS,,true
candidate:tutor:kr-b300-ad6c-kr-d574-c6b4-b300-ad6c-kr-c2e0-d3c9-b3d9:region_tutor,,신평동,대구,152,/tutor/kr-b300-ad6c-kr-d574-c6b4-b300-ad6c-kr-c2e0-d3c9-b3d9/region_tutor,true,READY_AS_IS,READY_AS_IS,,true
candidate:tutor:kr-b300-ad6c-kr-d574-c6b4-b300-ad6c-kr-d558-b2e8-b3d9:region_tutor,,하단동,대구,153,/tutor/kr-b300-ad6c-kr-d574-c6b4-b300-ad6c-kr-d558-b2e8-b3d9/region_tutor,true,READY_AS_IS,READY_AS_IS,,true
candidate:tutor:kr-b300-ad6c-kr-d574-c6b4-b300-ad6c-kr-ad11-c548-b3d9:region_tutor,,광안동,대구,154,/tutor/kr-b300-ad6c-kr-d574-c6b4-b300-ad6c-kr-ad11-c548-b3d9/region_tutor,true,READY_AS_IS,READY_AS_IS,,true
candidate:tutor:kr-b300-ad6c-kr-d574-c6b4-b300-ad6c-kr-b0a8-cc9c-b3d9:region_tutor,,남천동,대구,155,/tutor/kr-b300-ad6c-kr-d574-c6b4-b300-ad6c-kr-b0a8-cc9c-b3d9/region_tutor,true,READY_AS_IS,READY_AS_IS,,true
candidate:tutor:kr-b300-ad6c-kr-d574-c6b4-b300-ad6c-kr-ac70-c81c-b3d9:region_tutor,,거제동,대구,158,/tutor/kr-b300-ad6c-kr-d574-c6b4-b300-ad6c-kr-ac70-c81c-b3d9/region_tutor,true,READY_AS_IS,READY_AS_IS,,true
candidate:tutor:kr-b300-ad6c-kr-d574-c6b4-b300-ad6c-kr-c7ac-c1a1-b3d9:region_tutor,,재송동,대구,165,/tutor/kr-b300-ad6c-kr-d574-c6b4-b300-ad6c-kr-c7ac-c1a1-b3d9/region_tutor,true,READY_AS_IS,READY_AS_IS,,true
candidate:tutor:kr-b300-ad6c-kr-b300-c804-b3d9-ad6c:region_tutor,,대전동구,대구,168,/tutor/kr-b300-ad6c-kr-b300-c804-b3d9-ad6c/region_tutor,true,READY_AS_IS,READY_AS_IS,,true
candidate:tutor:kr-b300-ad6c-kr-b300-c804-c911-ad6c:region_tutor,,대전중구,대구,171,/tutor/kr-b300-ad6c-kr-b300-c804-c911-ad6c/region_tutor,true,READY_AS_IS,READY_AS_IS,,true
candidate:tutor:kr-b300-ad6c-kr-b300-c804-c911-ad6c-kr-ac00-c591-b3d9:region_tutor,,가양동,대구,176,/tutor/kr-b300-ad6c-kr-b300-c804-c911-ad6c-kr-ac00-c591-b3d9/region_tutor,true,READY_AS_IS,READY_AS_IS,,true
candidate:tutor:kr-b300-ad6c-kr-b300-c804-c911-ad6c-kr-c2e0-d765-b3d9:region_tutor,,신흥동,대구,180,/tutor/kr-b300-ad6c-kr-b300-c804-c911-ad6c-kr-c2e0-d765-b3d9/region_tutor,true,READY_AS_IS,READY_AS_IS,,true
candidate:tutor:kr-b300-ad6c-kr-b300-c804-c911-ad6c-kr-bcf5-c218-b3d9:region_tutor,,복수동,대구,193,/tutor/kr-b300-ad6c-kr-b300-c804-c911-ad6c-kr-bcf5-c218-b3d9/region_tutor,true,READY_AS_IS,READY_AS_IS,,true
candidate:tutor:kr-b300-ad6c-kr-b300-c804-c911-ad6c-kr-b355-ba85-b3d9:region_tutor,,덕명동,대구,198,/tutor/kr-b300-ad6c-kr-b300-c804-c911-ad6c-kr-b355-ba85-b3d9/region_tutor,true,READY_AS_IS,READY_AS_IS,,true
candidate:tutor:kr-b300-ad6c-kr-b300-c804-c911-ad6c-kr-bc18-c11d-b3d9:region_tutor,,반석동,대구,199,/tutor/kr-b300-ad6c-kr-b300-c804-c911-ad6c-kr-bc18-c11d-b3d9/region_tutor,true,READY_AS_IS,READY_AS_IS,,true
candidate:tutor:kr-b300-ad6c-kr-b300-c804-c911-ad6c-kr-c0c1-b300-b3d9:region_tutor,,상대동,대구,201,/tutor/kr-b300-ad6c-kr-b300-c804-c911-ad6c-kr-c0c1-b300-b3d9/region_tutor,true,READY_AS_IS,READY_AS_IS,,true
candidate:tutor:kr-b300-ad6c-kr-b300-c804-c911-ad6c-kr-c6d0-b0b4-b3d9:region_tutor,,원내동,대구,203,/tutor/kr-b300-ad6c-kr-b300-c804-c911-ad6c-kr-c6d0-b0b4-b3d9/region_tutor,true,READY_AS_IS,READY_AS_IS,,true
candidate:tutor:kr-b300-ad6c-kr-b300-c804-c911-ad6c-kr-c6d0-c2e0-d765-b3d9:region_tutor,,원신흥동,대구,204,/tutor/kr-b300-ad6c-kr-b300-c804-c911-ad6c-kr-c6d0-c2e0-d765-b3d9/region_tutor,true,READY_AS_IS,READY_AS_IS,,true
candidate:tutor:kr-b300-ad6c-kr-b300-c804-c911-ad6c-kr-c804-bbfc-b3d9:region_tutor,,전민동,대구,206,/tutor/kr-b300-ad6c-kr-b300-c804-c911-ad6c-kr-c804-bbfc-b3d9/region_tutor,true,READY_AS_IS,READY_AS_IS,,true
candidate:tutor:kr-b300-ad6c-kr-b300-c804-c911-ad6c-kr-c8fd-b3d9:region_tutor,,죽동,대구,207,/tutor/kr-b300-ad6c-kr-b300-c804-c911-ad6c-kr-c8fd-b3d9/region_tutor,true,READY_AS_IS,READY_AS_IS,,true
candidate:tutor:kr-b300-ad6c-kr-b300-c804-c911-ad6c-kr-c9c0-c871-b3d9:region_tutor,,지족동,대구,208,/tutor/kr-b300-ad6c-kr-b300-c804-c911-ad6c-kr-c9c0-c871-b3d9/region_tutor,true,READY_AS_IS,READY_AS_IS,,true
candidate:tutor:kr-b300-ad6c-kr-b300-c804-c911-ad6c-kr-d558-ae30-b3d9:region_tutor,,하기동,대구,209,/tutor/kr-b300-ad6c-kr-b300-c804-c911-ad6c-kr-d558-ae30-b3d9/region_tutor,true,READY_AS_IS,READY_AS_IS,,true
candidate:tutor:kr-b300-ad6c-kr-b300-c804-c911-ad6c-kr-b300-c0ac-b3d9:region_tutor,,대사동,대구,210,/tutor/kr-b300-ad6c-kr-b300-c804-c911-ad6c-kr-b300-c0ac-b3d9/region_tutor,true,READY_AS_IS,READY_AS_IS,,true
candidate:tutor:kr-b300-ad6c-kr-b454-c0b0-c2e0-b3c4-c2dc:region_tutor,,둔산신도시,대구,215,/tutor/kr-b300-ad6c-kr-b454-c0b0-c2e0-b3c4-c2dc/region_tutor,true,READY_AS_IS,READY_AS_IS,,true
candidate:tutor:kr-b300-ad6c-kr-b178-c740-c9c0-ad6c:region_tutor,,노은지구,대구,217,/tutor/kr-b300-ad6c-kr-b178-c740-c9c0-ad6c/region_tutor,true,READY_AS_IS,READY_AS_IS,,true
candidate:tutor:kr-b300-ad6c-kr-ad11-c8fc-b0a8-ad6c:region_tutor,,광주남구,대구,223,/tutor/kr-b300-ad6c-kr-ad11-c8fc-b0a8-ad6c/region_tutor,true,READY_AS_IS,READY_AS_IS,,true
candidate:tutor:kr-b300-ad6c-kr-ad11-c8fc-bd81-ad6c:region_tutor,,광주북구,대구,224,/tutor/kr-b300-ad6c-kr-ad11-c8fc-bd81-ad6c/region_tutor,true,READY_AS_IS,READY_AS_IS,,true
candidate:tutor:kr-b300-ad6c-kr-ad11-c8fc-c11c-ad6c-kr-c0b0-c815-b3d9:region_tutor,,산정동,대구,226,/tutor/kr-b300-ad6c-kr-ad11-c8fc-c11c-ad6c-kr-c0b0-c815-b3d9/region_tutor,true,READY_AS_IS,READY_AS_IS,,true
candidate:tutor:kr-b300-ad6c-kr-ad11-c8fc-c11c-ad6c-kr-c18c-cd0c-b3d9:region_tutor,,소촌동,대구,228,/tutor/kr-b300-ad6c-kr-ad11-c8fc-c11c-ad6c-kr-c18c-cd0c-b3d9/region_tutor,true,READY_AS_IS,READY_AS_IS,,true
candidate:tutor:kr-b300-ad6c-kr-ad11-c8fc-c11c-ad6c-kr-c2e0-b8e1-b3d9:region_tutor,,신룡동,대구,229,/tutor/kr-b300-ad6c-kr-ad11-c8fc-c11c-ad6c-kr-c2e0-b8e1-b3d9/region_tutor,true,READY_AS_IS,READY_AS_IS,,true
candidate:tutor:kr-b300-ad6c-kr-ad11-c8fc-c11c-ad6c-kr-c6d4-acc4-b3d9:region_tutor,,월계동,대구,230,/tutor/kr-b300-ad6c-kr-ad11-c8fc-c11c-ad6c-kr-c6d4-acc4-b3d9/region_tutor,true,READY_AS_IS,READY_AS_IS,,true
candidate:tutor:kr-b300-ad6c-kr-ad11-c8fc-c11c-ad6c-kr-c7a5-b355-b3d9:region_tutor,,장덕동,대구,231,/tutor/kr-b300-ad6c-kr-ad11-c8fc-c11c-ad6c-kr-c7a5-b355-b3d9/region_tutor,true,READY_AS_IS,READY_AS_IS,,true
candidate:tutor:kr-b300-ad6c-kr-ad11-c8fc-c11c-ad6c-kr-c8fc-c6d4-b3d9:region_tutor,,주월동,대구,245,/tutor/kr-b300-ad6c-kr-ad11-c8fc-c11c-ad6c-kr-c8fc-c6d4-b3d9/region_tutor,true,READY_AS_IS,READY_AS_IS,,true
candidate:tutor:kr-b300-ad6c-kr-ad11-c8fc-c11c-ad6c-kr-ac01-d654-b3d9:region_tutor,,각화동,대구,246,/tutor/kr-b300-ad6c-kr-ad11-c8fc-c11c-ad6c-kr-ac01-d654-b3d9/region_tutor,true,READY_AS_IS,READY_AS_IS,,true
candidate:tutor:kr-b300-ad6c-kr-ad11-c8fc-c11c-ad6c-kr-c0bc-ac01-b3d9:region_tutor,,삼각동,대구,250,/tutor/kr-b300-ad6c-kr-ad11-c8fc-c11c-ad6c-kr-c0bc-ac01-b3d9/region_tutor,true,READY_AS_IS,READY_AS_IS,,true
candidate:tutor:kr-b300-ad6c-kr-ad11-c8fc-c11c-ad6c-kr-c591-c0b0-b3d9:region_tutor,,양산동,대구,252,/tutor/kr-b300-ad6c-kr-ad11-c8fc-c11c-ad6c-kr-c591-c0b0-b3d9/region_tutor,true,READY_AS_IS,READY_AS_IS,,true
candidate:tutor:kr-b300-ad6c-kr-ad11-c8fc-c11c-ad6c-kr-c6a9-bd09-b3d9:region_tutor,,용봉동,대구,254,/tutor/kr-b300-ad6c-kr-ad11-c8fc-c11c-ad6c-kr-c6a9-bd09-b3d9/region_tutor,true,READY_AS_IS,READY_AS_IS,,true
candidate:tutor:kr-b300-ad6c-kr-ad11-c8fc-c11c-ad6c-kr-c77c-ace1-b3d9:region_tutor,,일곡동,대구,257,/tutor/kr-b300-ad6c-kr-ad11-c8fc-c11c-ad6c-kr-c77c-ace1-b3d9/region_tutor,true,READY_AS_IS,READY_AS_IS,,true
candidate:tutor:kr-b300-ad6c-kr-d48d-c554-c9c0-ad6c:region_tutor,,풍암지구,대구,270,/tutor/kr-b300-ad6c-kr-d48d-c554-c9c0-ad6c/region_tutor,true,READY_AS_IS,READY_AS_IS,,true
candidate:tutor:kr-b300-ad6c-kr-bd09-c120-c9c0-ad6c:region_tutor,,봉선지구,대구,271,/tutor/kr-b300-ad6c-kr-bd09-c120-c9c0-ad6c/region_tutor,true,READY_AS_IS,READY_AS_IS,,true
candidate:tutor:kr-b300-ad6c-kr-cca8-b2e8-c9c0-ad6c:region_tutor,,첨단지구,대구,274,/tutor/kr-b300-ad6c-kr-cca8-b2e8-c9c0-ad6c/region_tutor,true,READY_AS_IS,READY_AS_IS,,true
candidate:tutor:kr-b300-ad6c-kr-c804-c8fc-d6a8-cc9c-c9c0-ad6c:region_tutor,,전주효천지구,대구,306,/tutor/kr-b300-ad6c-kr-c804-c8fc-d6a8-cc9c-c9c0-ad6c/region_tutor,true,READY_AS_IS,READY_AS_IS,,true
candidate:tutor:kr-b300-ad6c-kr-c1a1-cc9c-c9c0-ad6c-kr-c5d0-cf54-c2dc-d2f0:region_tutor,,에코시티,대구,309,/tutor/kr-b300-ad6c-kr-c1a1-cc9c-c9c0-ad6c-kr-c5d0-cf54-c2dc-d2f0/region_tutor,true,READY_AS_IS,READY_AS_IS,,true
candidate:tutor:kr-b300-ad6c-kr-b9cc-c131-c9c0-ad6c-kr-b2e8-acc4-b3d9:region_tutor,,단계동,대구,313,/tutor/kr-b300-ad6c-kr-b9cc-c131-c9c0-ad6c-kr-b2e8-acc4-b3d9/region_tutor,true,READY_AS_IS,READY_AS_IS,,true
candidate:tutor:kr-b300-ad6c-kr-b9cc-c131-c9c0-ad6c-kr-bc18-ace1-b3d9:region_tutor,,반곡동,대구,317,/tutor/kr-b300-ad6c-kr-b9cc-c131-c9c0-ad6c-kr-bc18-ace1-b3d9/region_tutor,true,READY_AS_IS,READY_AS_IS,,true
candidate:tutor:kr-b300-ad6c-kr-bb34-c2e4-c9c0-ad6c:region_tutor,,무실지구,대구,321,/tutor/kr-b300-ad6c-kr-bb34-c2e4-c9c0-ad6c/region_tutor,true,READY_AS_IS,READY_AS_IS,,true
candidate:tutor:kr-b300-ad6c-kr-ae30-c5c5-b3c4-c2dc:region_tutor,,기업도시,대구,323,/tutor/kr-b300-ad6c-kr-ae30-c5c5-b3c4-c2dc/region_tutor,true,READY_AS_IS,READY_AS_IS,,true
candidate:tutor:kr-b300-ad6c-kr-b2e8-acc4-c9c0-ad6c:region_tutor,,단계지구,대구,324,/tutor/kr-b300-ad6c-kr-b2e8-acc4-c9c0-ad6c/region_tutor,true,READY_AS_IS,READY_AS_IS,,true
candidate:tutor:kr-b300-ad6c-kr-b2e8-ad6c-c9c0-ad6c:region_tutor,,단구지구,대구,325,/tutor/kr-b300-ad6c-kr-b2e8-ad6c-c9c0-ad6c/region_tutor,true,READY_AS_IS,READY_AS_IS,,true
candidate:tutor:kr-b300-ad6c-kr-c9c0-c815-c9c0-ad6c:region_tutor,,지정지구,대구,327,/tutor/kr-b300-ad6c-kr-c9c0-c815-c9c0-ad6c/region_tutor,true,READY_AS_IS,READY_AS_IS,,true
candidate:tutor:kr-b300-ad6c-kr-c9c0-c815-c9c0-ad6c-kr-b3d9-ba74:region_tutor,,동면,대구,331,/tutor/kr-b300-ad6c-kr-c9c0-c815-c9c0-ad6c-kr-b3d9-ba74/region_tutor,true,READY_AS_IS,READY_AS_IS,,true
candidate:tutor:kr-b300-ad6c-kr-c9c0-c815-c9c0-ad6c-kr-c11d-c0ac-b3d9:region_tutor,,석사동,대구,332,/tutor/kr-b300-ad6c-kr-c9c0-c815-c9c0-ad6c-kr-c11d-c0ac-b3d9/region_tutor,true,READY_AS_IS,READY_AS_IS,,true
candidate:tutor:kr-b300-ad6c-kr-c9c0-c815-c9c0-ad6c-kr-c18c-c591-b85c:region_tutor,,소양로,대구,333,/tutor/kr-b300-ad6c-kr-c9c0-c815-c9c0-ad6c-kr-c18c-c591-b85c/region_tutor,true,READY_AS_IS,READY_AS_IS,,true
candidate:tutor:kr-b300-ad6c-kr-c9c0-c815-c9c0-ad6c-kr-c57d-c0ac-b3d9:region_tutor,,약사동,대구,334,/tutor/kr-b300-ad6c-kr-c9c0-c815-c9c0-ad6c-kr-c57d-c0ac-b3d9/region_tutor,true,READY_AS_IS,READY_AS_IS,,true
candidate:tutor:kr-b300-ad6c-kr-c9c0-c815-c9c0-ad6c-kr-c6b0-b450-b3d9:region_tutor,,우두동,대구,335,/tutor/kr-b300-ad6c-kr-c9c0-c815-c9c0-ad6c-kr-c6b0-b450-b3d9/region_tutor,true,READY_AS_IS,READY_AS_IS,,true
candidate:tutor:kr-b300-ad6c-kr-c628-c758-c9c0-ad6c:region_tutor,,온의지구,대구,343,/tutor/kr-b300-ad6c-kr-c628-c758-c9c0-ad6c/region_tutor,true,READY_AS_IS,READY_AS_IS,,true
candidate:tutor:kr-b300-ad6c-kr-ac70-b450-c9c0-ad6c:region_tutor,,거두지구,대구,344,/tutor/kr-b300-ad6c-kr-ac70-b450-c9c0-ad6c/region_tutor,true,READY_AS_IS,READY_AS_IS,,true
candidate:tutor:kr-b300-ad6c-kr-c18c-c591-c9c0-ad6c-kr-c778-cc9c:region_tutor,,인천,대구,347,/tutor/kr-b300-ad6c-kr-c18c-c591-c9c0-ad6c-kr-c778-cc9c/region_tutor,true,READY_AS_IS,READY_AS_IS,,true
candidate:tutor:kr-b300-ad6c-kr-c5f0-c218-ad6c:region_tutor,,연수구,대구,353,/tutor/kr-b300-ad6c-kr-c5f0-c218-ad6c/region_tutor,true,READY_AS_IS,READY_AS_IS,,true
candidate:tutor:kr-b300-ad6c-kr-c778-cc9c-b3d9-ad6c:region_tutor,,인천동구,대구,355,/tutor/kr-b300-ad6c-kr-c778-cc9c-b3d9-ad6c/region_tutor,true,READY_AS_IS,READY_AS_IS,,true
candidate:tutor:kr-b300-ad6c-kr-c778-cc9c-b3d9-ad6c-kr-c784-d559-b3d9:region_tutor,,임학동,대구,358,/tutor/kr-b300-ad6c-kr-c778-cc9c-b3d9-ad6c-kr-c784-d559-b3d9/region_tutor,true,READY_AS_IS,READY_AS_IS,,true
candidate:tutor:kr-b300-ad6c-kr-c778-cc9c-b3d9-ad6c-kr-ac04-c11d-b3d9:region_tutor,,간석동,대구,360,/tutor/kr-b300-ad6c-kr-c778-cc9c-b3d9-ad6c-kr-ac04-c11d-b3d9/region_tutor,true,READY_AS_IS,READY_AS_IS,,true
candidate:tutor:kr-b300-ad6c-kr-c778-cc9c-b3d9-ad6c-kr-b0a8-cd0c-b3d9:region_tutor,,남촌동,대구,362,/tutor/kr-b300-ad6c-kr-c778-cc9c-b3d9-ad6c-kr-b0a8-cd0c-b3d9/region_tutor,true,READY_AS_IS,READY_AS_IS,,true
candidate:tutor:kr-b300-ad6c-kr-c778-cc9c-b3d9-ad6c-kr-ad00-ad50-b3d9:region_tutor,,관교동,대구,367,/tutor/kr-b300-ad6c-kr-c778-cc9c-b3d9-ad6c-kr-ad00-ad50-b3d9/region_tutor,true,READY_AS_IS,READY_AS_IS,,true
candidate:tutor:kr-b300-ad6c-kr-c778-cc9c-b3d9-ad6c-kr-c0bc-c0b0-b3d9:region_tutor,,삼산동,대구,376,/tutor/kr-b300-ad6c-kr-c778-cc9c-b3d9-ad6c-kr-c0bc-c0b0-b3d9/region_tutor,true,READY_AS_IS,READY_AS_IS,,true
candidate:tutor:kr-b300-ad6c-kr-c778-cc9c-b3d9-ad6c-kr-ccad-cc9c-b3d9:region_tutor,,청천동,대구,378,/tutor/kr-b300-ad6c-kr-c778-cc9c-b3d9-ad6c-kr-ccad-cc9c-b3d9/region_tutor,true,READY_AS_IS,READY_AS_IS,,true
candidate:tutor:kr-b300-ad6c-kr-c778-cc9c-b3d9-ad6c-kr-c6b4-c11c-b3d9:region_tutor,,운서동,대구,395,/tutor/kr-b300-ad6c-kr-c778-cc9c-b3d9-ad6c-kr-c6b4-c11c-b3d9/region_tutor,true,READY_AS_IS,READY_AS_IS,,true
candidate:tutor:kr-b300-ad6c-kr-ac80-b2e8-c2e0-b3c4-c2dc:region_tutor,,검단신도시,대구,400,/tutor/kr-b300-ad6c-kr-ac80-b2e8-c2e0-b3c4-c2dc/region_tutor,true,READY_AS_IS,READY_AS_IS,,true
candidate:tutor:kr-b300-ad6c-kr-ac80-b2e8-c2e0-b3c4-c2dc-kr-b8e8-c6d0-c2dc-d2f0:region_tutor,,루원시티,대구,401,/tutor/kr-b300-ad6c-kr-ac80-b2e8-c2e0-b3c4-c2dc-kr-b8e8-c6d0-c2dc-d2f0/region_tutor,true,READY_AS_IS,READY_AS_IS,,true
candidate:tutor:kr-b300-ad6c-kr-b17c-d604-c9c0-ad6c:region_tutor,,논현지구,대구,405,/tutor/kr-b300-ad6c-kr-b17c-d604-c9c0-ad6c/region_tutor,true,READY_AS_IS,READY_AS_IS,,true
candidate:tutor:kr-b300-ad6c-kr-b9cc-c218-c9c0-ad6c:region_tutor,,만수지구,대구,407,/tutor/kr-b300-ad6c-kr-b9cc-c218-c9c0-ad6c/region_tutor,true,READY_AS_IS,READY_AS_IS,,true
candidate:tutor:kr-b300-ad6c-kr-bd88-b85c-c9c0-ad6c:region_tutor,,불로지구,대구,413,/tutor/kr-b300-ad6c-kr-bd88-b85c-c9c0-ad6c/region_tutor,true,READY_AS_IS,READY_AS_IS,,true
candidate:tutor:kr-b300-ad6c-kr-c22d-c758-c9c0-ad6c:region_tutor,,숭의지구,대구,420,/tutor/kr-b300-ad6c-kr-c22d-c758-c9c0-ad6c/region_tutor,true,READY_AS_IS,READY_AS_IS,,true
candidate:tutor:kr-b300-ad6c-kr-ccad-d559-c9c0-ad6c:region_tutor,,청학지구,대구,423,/tutor/kr-b300-ad6c-kr-ccad-d559-c9c0-ad6c/region_tutor,true,READY_AS_IS,READY_AS_IS,,true
candidate:tutor:kr-b300-ad6c-kr-c5f0-c218-c9c0-ad6c:region_tutor,,연수지구,대구,424,/tutor/kr-b300-ad6c-kr-c5f0-c218-c9c0-ad6c/region_tutor,true,READY_AS_IS,READY_AS_IS,,true
candidate:tutor:kr-b300-ad6c-kr-ac04-c11d-c9c0-ad6c:region_tutor,,간석지구,대구,427,/tutor/kr-b300-ad6c-kr-ac04-c11d-c9c0-ad6c/region_tutor,true,READY_AS_IS,READY_AS_IS,,true
candidate:tutor:kr-b300-ad6c-kr-ac04-c11d-c9c0-ad6c-kr-cc9c-c548:region_tutor,,천안,대구,429,/tutor/kr-b300-ad6c-kr-ac04-c11d-c9c0-ad6c-kr-cc9c-c548/region_tutor,true,READY_AS_IS,READY_AS_IS,,true
candidate:tutor:kr-b300-ad6c-kr-c11c-bd81-ad6c-kr-cc9c-c548-bb38-d559-b3d9:region_tutor,,천안문학동,대구,433,/tutor/kr-b300-ad6c-kr-c11c-bd81-ad6c-kr-cc9c-c548-bb38-d559-b3d9/region_tutor,true,READY_AS_IS,READY_AS_IS,,true
candidate:tutor:kr-b300-ad6c-kr-c11c-bd81-ad6c-kr-ccad-b2f9-b3d9:region_tutor,,청당동,대구,436,/tutor/kr-b300-ad6c-kr-c11c-bd81-ad6c-kr-ccad-b2f9-b3d9/region_tutor,true,READY_AS_IS,READY_AS_IS,,true
candidate:tutor:kr-b300-ad6c-kr-c11c-bd81-ad6c-kr-ccad-c218-b3d9:region_tutor,,청수동,대구,437,/tutor/kr-b300-ad6c-kr-c11c-bd81-ad6c-kr-ccad-c218-b3d9/region_tutor,true,READY_AS_IS,READY_AS_IS,,true
candidate:tutor:kr-b300-ad6c-kr-c11c-bd81-ad6c-kr-bd88-b2f9-b3d9:region_tutor,,불당동,대구,441,/tutor/kr-b300-ad6c-kr-c11c-bd81-ad6c-kr-bd88-b2f9-b3d9/region_tutor,true,READY_AS_IS,READY_AS_IS,,true
candidate:tutor:kr-b300-ad6c-kr-c11c-bd81-ad6c-kr-c131-c131-b3d9:region_tutor,,성성동,대구,443,/tutor/kr-b300-ad6c-kr-c11c-bd81-ad6c-kr-c131-c131-b3d9/region_tutor,true,READY_AS_IS,READY_AS_IS,,true
candidate:tutor:kr-b300-ad6c-kr-c11c-bd81-ad6c-kr-c131-c815-b3d9:region_tutor,,성정동,대구,444,/tutor/kr-b300-ad6c-kr-c11c-bd81-ad6c-kr-c131-c815-b3d9/region_tutor,true,READY_AS_IS,READY_AS_IS,,true
candidate:tutor:kr-b300-ad6c-kr-c544-c0b0-d0d5-c815-c2e0-b3c4-c2dc:region_tutor,,아산탕정신도시,대구,448,/tutor/kr-b300-ad6c-kr-c544-c0b0-d0d5-c815-c2e0-b3c4-c2dc/region_tutor,true,READY_AS_IS,READY_AS_IS,,true
candidate:tutor:kr-b300-ad6c-kr-c30d-c6a9-c9c0-ad6c:region_tutor,,쌍용지구,대구,451,/tutor/kr-b300-ad6c-kr-c30d-c6a9-c9c0-ad6c/region_tutor,true,READY_AS_IS,READY_AS_IS,,true
candidate:tutor:kr-b300-ad6c-kr-c9c1-c0b0-c9c0-ad6c:region_tutor,,직산지구,대구,453,/tutor/kr-b300-ad6c-kr-c9c1-c0b0-c9c0-ad6c/region_tutor,true,READY_AS_IS,READY_AS_IS,,true
candidate:tutor:kr-b300-ad6c-kr-ccad-c218-c9c0-ad6c:region_tutor,,청수지구,대구,455,/tutor/kr-b300-ad6c-kr-ccad-c218-c9c0-ad6c/region_tutor,true,READY_AS_IS,READY_AS_IS,,true
candidate:tutor:kr-b300-ad6c-kr-c2e0-bc29-c9c0-ad6c:region_tutor,,신방지구,대구,456,/tutor/kr-b300-ad6c-kr-c2e0-bc29-c9c0-ad6c/region_tutor,true,READY_AS_IS,READY_AS_IS,,true
candidate:tutor:kr-b300-ad6c-kr-ccad-b2f9-c9c0-ad6c:region_tutor,,청당지구,대구,457,/tutor/kr-b300-ad6c-kr-ccad-b2f9-c9c0-ad6c/region_tutor,true,READY_AS_IS,READY_AS_IS,,true
candidate:tutor:kr-b300-ad6c-kr-d765-b355-ad6c-kr-c0b0-b0a8-b3d9:region_tutor,,산남동,대구,475,/tutor/kr-b300-ad6c-kr-d765-b355-ad6c-kr-c0b0-b0a8-b3d9/region_tutor,true,READY_AS_IS,READY_AS_IS,,true
candidate:tutor:kr-b300-c804-kr-b3d9-ad6c-kr-c778-b3d9:region_tutor,,대전동구 인동,대전,3,/tutor/kr-b300-c804-kr-b3d9-ad6c-kr-c778-b3d9/region_tutor,true,READY_AS_IS,READY_AS_IS,,true
candidate:tutor:kr-b300-c804-kr-b3d9-ad6c-kr-cc9c-b3d9:region_tutor,,대전동구 천동,대전,5,/tutor/kr-b300-c804-kr-b3d9-ad6c-kr-cc9c-b3d9/region_tutor,true,READY_AS_IS,READY_AS_IS,,true
candidate:tutor:kr-b300-c804-kr-b3d9-ad6c-kr-c0bc-c815-b3d9:region_tutor,,대전동구 삼정동,대전,9,/tutor/kr-b300-c804-kr-b3d9-ad6c-kr-c0bc-c815-b3d9/region_tutor,true,READY_AS_IS,READY_AS_IS,,true
candidate:tutor:kr-b300-c804-kr-b3d9-ad6c-kr-c2e0-d558-b3d9:region_tutor,,신하동,대전,31,/tutor/kr-b300-c804-kr-b3d9-ad6c-kr-c2e0-d558-b3d9/region_tutor,true,READY_AS_IS,READY_AS_IS,,true
candidate:tutor:kr-b300-c804-kr-c911-ad6c-kr-d638-b3d9:region_tutor,,대전중구 호동,대전,48,/tutor/kr-b300-c804-kr-c911-ad6c-kr-d638-b3d9/region_tutor,true,READY_AS_IS,READY_AS_IS,,true
candidate:tutor:kr-b300-c804-kr-c911-ad6c-kr-c624-b958-b3d9:region_tutor,,오류동,대전,53,/tutor/kr-b300-c804-kr-c911-ad6c-kr-c624-b958-b3d9/region_tutor,true,READY_AS_IS,READY_AS_IS,,true
candidate:tutor:kr-b300-c804-kr-c11c-ad6c-kr-bcc0-b3d9:region_tutor,,대전서구 변동,대전,68,/tutor/kr-b300-c804-kr-c11c-ad6c-kr-bcc0-b3d9/region_tutor,true,READY_AS_IS,READY_AS_IS,,true
candidate:tutor:kr-b300-c804-kr-c11c-ad6c-kr-b3c4-c548-b3d9:region_tutor,,도안동,대전,80,/tutor/kr-b300-c804-kr-c11c-ad6c-kr-b3c4-c548-b3d9/region_tutor,true,READY_AS_IS,READY_AS_IS,,true
candidate:tutor:kr-b300-c804-kr-c11c-ad6c-kr-c6d0-c815-b3d9:region_tutor,,원정동,대전,89,/tutor/kr-b300-c804-kr-c11c-ad6c-kr-c6d0-c815-b3d9/region_tutor,true,READY_AS_IS,READY_AS_IS,,true
candidate:tutor:kr-b300-c804-kr-c720-c131-ad6c-kr-ad50-cd0c-b3d9:region_tutor,,교촌동,대전,91,/tutor/kr-b300-c804-kr-c720-c131-ad6c-kr-ad50-cd0c-b3d9/region_tutor,true,READY_AS_IS,READY_AS_IS,,true
candidate:tutor:kr-b300-c804-kr-c720-c131-ad6c-kr-d559-d558-b3d9:region_tutor,,학하동,대전,94,/tutor/kr-b300-c804-kr-c720-c131-ad6c-kr-d559-d558-b3d9/region_tutor,true,READY_AS_IS,READY_AS_IS,,true
candidate:tutor:kr-b300-c804-kr-c720-c131-ad6c-kr-c6d0-c2e0-d765-b3d9:region_tutor,,원신흥동,대전,103,/tutor/kr-b300-c804-kr-c720-c131-ad6c-kr-c6d0-c2e0-d765-b3d9/region_tutor,true,READY_AS_IS,READY_AS_IS,,true
candidate:tutor:kr-b300-c804-kr-c720-c131-ad6c-kr-bcf5-c6a9-b3d9:region_tutor,,복용동,대전,105,/tutor/kr-b300-c804-kr-c720-c131-ad6c-kr-bcf5-c6a9-b3d9/region_tutor,true,READY_AS_IS,READY_AS_IS,,true
candidate:tutor:kr-b300-c804-kr-c720-c131-ad6c-kr-b178-c740-b3d9:region_tutor,,노은동,대전,108,/tutor/kr-b300-c804-kr-c720-c131-ad6c-kr-b178-c740-b3d9/region_tutor,true,READY_AS_IS,READY_AS_IS,,true
candidate:tutor:kr-b300-c804-kr-b300-b355-ad6c-kr-bc95-b3d9:region_tutor,,대전대덕구 법동,대전,142,/tutor/kr-b300-c804-kr-b300-b355-ad6c-kr-bc95-b3d9/region_tutor,true,READY_AS_IS,READY_AS_IS,,true
candidate:tutor:kr-b300-c804-kr-b300-b355-ad6c-kr-be44-b798-b3d9:region_tutor,,비래동,대전,144,/tutor/kr-b300-c804-kr-b300-b355-ad6c-kr-be44-b798-b3d9/region_tutor,true,READY_AS_IS,READY_AS_IS,,true
candidate:tutor:kr-b300-c804-kr-d3c9-cd0c-b3d9:region_tutor,,대전대덕구 평촌동,대전,151,/tutor/kr-b300-c804-kr-d3c9-cd0c-b3d9/region_tutor,true,READY_AS_IS,READY_AS_IS,,true
candidate:tutor:kr-b300-c804-kr-b300-b355-ad6c-kr-bbf8-d638-b3d9:region_tutor,,미호동,대전,159,/tutor/kr-b300-c804-kr-b300-b355-ad6c-kr-bbf8-d638-b3d9/region_tutor,true,READY_AS_IS,READY_AS_IS,,true
candidate:tutor:kr-c778-cc9c:region_tutor,,인천과외,인천,2,/tutor/kr-c778-cc9c/region_tutor,true,READY_AS_IS,READY_AS_IS,,true
candidate:tutor:kr-c778-cc9c-kr-c778-cc9c-c911-ad6c:region_tutor,,인천중구과외,인천,3,/tutor/kr-c778-cc9c-kr-c778-cc9c-c911-ad6c/region_tutor,true,READY_AS_IS,READY_AS_IS,,true
candidate:tutor:kr-c778-cc9c-kr-c778-cc9c-b3d9-ad6c:region_tutor,,인천동구과외,인천,4,/tutor/kr-c778-cc9c-kr-c778-cc9c-b3d9-ad6c/region_tutor,true,READY_AS_IS,READY_AS_IS,,true
candidate:tutor:kr-c778-cc9c-kr-bbf8-cd94-d640-ad6c:region_tutor,,미추홀구과외,인천,5,/tutor/kr-c778-cc9c-kr-bbf8-cd94-d640-ad6c/region_tutor,true,READY_AS_IS,READY_AS_IS,,true
candidate:tutor:kr-c778-cc9c-kr-c778-cc9c-b0a8-b3d9-ad6c:region_tutor,,인천남동구과외,인천,6,/tutor/kr-c778-cc9c-kr-c778-cc9c-b0a8-b3d9-ad6c/region_tutor,true,READY_AS_IS,READY_AS_IS,,true
candidate:tutor:kr-c778-cc9c-kr-bd80-d3c9-ad6c:region_tutor,,부평구과외,인천,7,/tutor/kr-c778-cc9c-kr-bd80-d3c9-ad6c/region_tutor,true,READY_AS_IS,READY_AS_IS,,true
candidate:tutor:kr-c778-cc9c-kr-acc4-c591-ad6c:region_tutor,,계양구과외,인천,8,/tutor/kr-c778-cc9c-kr-acc4-c591-ad6c/region_tutor,true,READY_AS_IS,READY_AS_IS,,true
candidate:tutor:kr-c778-cc9c-kr-c778-cc9c-c11c-ad6c:region_tutor,,인천서구과외,인천,9,/tutor/kr-c778-cc9c-kr-c778-cc9c-c11c-ad6c/region_tutor,true,READY_AS_IS,READY_AS_IS,,true
candidate:tutor:kr-c778-cc9c-kr-c778-cc9c-ac15-d654-ad70:region_tutor,,인천강화군과외,인천,10,/tutor/kr-c778-cc9c-kr-c778-cc9c-ac15-d654-ad70/region_tutor,true,READY_AS_IS,READY_AS_IS,,true
candidate:tutor:kr-c778-cc9c-kr-c778-cc9c-c639-c9c4-ad70:region_tutor,,인천옹진군과외,인천,11,/tutor/kr-c778-cc9c-kr-c778-cc9c-c639-c9c4-ad70/region_tutor,true,READY_AS_IS,READY_AS_IS,,true
candidate:tutor:kr-c778-cc9c-kr-c778-cc9c-c639-c9c4-ad70-kr-c911-c559-b3d9:region_tutor,,중앙동과외,인천,12,/tutor/kr-c778-cc9c-kr-c778-cc9c-c639-c9c4-ad70-kr-c911-c559-b3d9/region_tutor,true,READY_AS_IS,READY_AS_IS,,true
candidate:tutor:kr-c778-cc9c-kr-c778-cc9c-c639-c9c4-ad70-kr-d574-c548-b3d9:region_tutor,,해안동과외,인천,13,/tutor/kr-c778-cc9c-kr-c778-cc9c-c639-c9c4-ad70-kr-d574-c548-b3d9/region_tutor,true,READY_AS_IS,READY_AS_IS,,true
candidate:tutor:kr-c778-cc9c-kr-c778-cc9c-c639-c9c4-ad70-kr-ad00-b3d9:region_tutor,,관동과외,인천,14,/tutor/kr-c778-cc9c-kr-c778-cc9c-c639-c9c4-ad70-kr-ad00-b3d9/region_tutor,true,READY_AS_IS,READY_AS_IS,,true
candidate:tutor:kr-c778-cc9c-kr-c778-cc9c-c639-c9c4-ad70-kr-d56d-b3d9:region_tutor,,항동과외,인천,15,/tutor/kr-c778-cc9c-kr-c778-cc9c-c639-c9c4-ad70-kr-d56d-b3d9/region_tutor,true,READY_AS_IS,READY_AS_IS,,true
candidate:tutor:kr-c778-cc9c-kr-c778-cc9c-c639-c9c4-ad70-kr-c2e0-d3ec-b3d9:region_tutor,,신포동과외,인천,16,/tutor/kr-c778-cc9c-kr-c778-cc9c-c639-c9c4-ad70-kr-c2e0-d3ec-b3d9/region_tutor,true,READY_AS_IS,READY_AS_IS,,true
candidate:tutor:kr-c778-cc9c-kr-c778-cc9c-c639-c9c4-ad70-kr-b2f5-b3d9:region_tutor,,답동과외,인천,17,/tutor/kr-c778-cc9c-kr-c778-cc9c-c639-c9c4-ad70-kr-b2f5-b3d9/region_tutor,true,READY_AS_IS,READY_AS_IS,,true
candidate:tutor:kr-c778-cc9c-kr-c778-cc9c-c639-c9c4-ad70-kr-b0b4-b3d9:region_tutor,,내동과외,인천,18,/tutor/kr-c778-cc9c-kr-c778-cc9c-c639-c9c4-ad70-kr-b0b4-b3d9/region_tutor,true,READY_AS_IS,READY_AS_IS,,true
candidate:tutor:kr-c778-cc9c-kr-c778-cc9c-c639-c9c4-ad70-kr-acbd-b3d9:region_tutor,,경동과외,인천,19,/tutor/kr-c778-cc9c-kr-c778-cc9c-c639-c9c4-ad70-kr-acbd-b3d9/region_tutor,true,READY_AS_IS,READY_AS_IS,,true
candidate:tutor:kr-c778-cc9c-kr-c778-cc9c-c639-c9c4-ad70-kr-c6a9-b3d9:region_tutor,,용동과외,인천,20,/tutor/kr-c778-cc9c-kr-c778-cc9c-c639-c9c4-ad70-kr-c6a9-b3d9/region_tutor,true,READY_AS_IS,READY_AS_IS,,true
candidate:tutor:kr-c778-cc9c-kr-c778-cc9c-c639-c9c4-ad70-kr-c778-d604-b3d9:region_tutor,,인현동과외,인천,21,/tutor/kr-c778-cc9c-kr-c778-cc9c-c639-c9c4-ad70-kr-c778-d604-b3d9/region_tutor,true,READY_AS_IS,READY_AS_IS,,true
candidate:tutor:kr-c778-cc9c-kr-c778-cc9c-c639-c9c4-ad70-kr-c804-b3d9:region_tutor,,전동과외,인천,22,/tutor/kr-c778-cc9c-kr-c778-cc9c-c639-c9c4-ad70-kr-c804-b3d9/region_tutor,true,READY_AS_IS,READY_AS_IS,,true
candidate:tutor:kr-c778-cc9c-kr-c778-cc9c-c639-c9c4-ad70-kr-bd81-c131-b3d9:region_tutor,,북성동과외,인천,23,/tutor/kr-c778-cc9c-kr-c778-cc9c-c639-c9c4-ad70-kr-bd81-c131-b3d9/region_tutor,true,READY_AS_IS,READY_AS_IS,,true
candidate:tutor:kr-c778-cc9c-kr-c778-cc9c-c639-c9c4-ad70-kr-c120-b9b0-b3d9:region_tutor,,선린동과외,인천,24,/tutor/kr-c778-cc9c-kr-c778-cc9c-c639-c9c4-ad70-kr-c120-b9b0-b3d9/region_tutor,true,READY_AS_IS,READY_AS_IS,,true
candidate:tutor:kr-c778-cc9c-kr-c778-cc9c-c639-c9c4-ad70-kr-c1a1-c6d4-b3d9:region_tutor,,송월동과외,인천,25,/tutor/kr-c778-cc9c-kr-c778-cc9c-c639-c9c4-ad70-kr-c1a1-c6d4-b3d9/region_tutor,true,READY_AS_IS,READY_AS_IS,,true
candidate:tutor:kr-c778-cc9c-kr-c778-cc9c-c639-c9c4-ad70-kr-c720-b3d9:region_tutor,,유동과외,인천,26,/tutor/kr-c778-cc9c-kr-c778-cc9c-c639-c9c4-ad70-kr-c720-b3d9/region_tutor,true,READY_AS_IS,READY_AS_IS,,true
candidate:tutor:kr-c778-cc9c-kr-c778-cc9c-c639-c9c4-ad70-kr-c728-baa9-b3d9:region_tutor,,율목동과외,인천,27,/tutor/kr-c778-cc9c-kr-c778-cc9c-c639-c9c4-ad70-kr-c728-baa9-b3d9/region_tutor,true,READY_AS_IS,READY_AS_IS,,true
candidate:tutor:kr-c778-cc9c-kr-c778-cc9c-c639-c9c4-ad70-kr-b3c4-c6d0-b3d9:region_tutor,,도원동과외,인천,28,/tutor/kr-c778-cc9c-kr-c778-cc9c-c639-c9c4-ad70-kr-b3c4-c6d0-b3d9/region_tutor,true,READY_AS_IS,READY_AS_IS,,true
candidate:tutor:kr-c778-cc9c-kr-c778-cc9c-c639-c9c4-ad70-kr-c2e0-d765-b3d9:region_tutor,,신흥동과외,인천,29,/tutor/kr-c778-cc9c-kr-c778-cc9c-c639-c9c4-ad70-kr-c2e0-d765-b3d9/region_tutor,true,READY_AS_IS,READY_AS_IS,,true
candidate:tutor:kr-c778-cc9c-kr-c778-cc9c-c639-c9c4-ad70-kr-c120-d654-b3d9:region_tutor,,선화동과외,인천,30,/tutor/kr-c778-cc9c-kr-c778-cc9c-c639-c9c4-ad70-kr-c120-d654-b3d9/region_tutor,true,READY_AS_IS,READY_AS_IS,,true
candidate:tutor:kr-c778-cc9c-kr-c778-cc9c-c639-c9c4-ad70-kr-c6b4-c11c-b3d9:region_tutor,,운서동과외,인천,32,/tutor/kr-c778-cc9c-kr-c778-cc9c-c639-c9c4-ad70-kr-c6b4-c11c-b3d9/region_tutor,true,READY_AS_IS,READY_AS_IS,,true
candidate:tutor:kr-c778-cc9c-kr-c778-cc9c-c639-c9c4-ad70-kr-c6b4-b0a8-b3d9:region_tutor,,운남동과외,인천,33,/tutor/kr-c778-cc9c-kr-c778-cc9c-c639-c9c4-ad70-kr-c6b4-b0a8-b3d9/region_tutor,true,READY_AS_IS,READY_AS_IS,,true
candidate:tutor:kr-c778-cc9c-kr-c778-cc9c-c639-c9c4-ad70-kr-c6b4-bd81-b3d9:region_tutor,,운북동과외,인천,34,/tutor/kr-c778-cc9c-kr-c778-cc9c-c639-c9c4-ad70-kr-c6b4-bd81-b3d9/region_tutor,true,READY_AS_IS,READY_AS_IS,,true
candidate:tutor:kr-c778-cc9c-kr-c778-cc9c-c639-c9c4-ad70-kr-c911-c0b0-b3d9:region_tutor,,중산동과외,인천,35,/tutor/kr-c778-cc9c-kr-c778-cc9c-c639-c9c4-ad70-kr-c911-c0b0-b3d9/region_tutor,true,READY_AS_IS,READY_AS_IS,,true
candidate:tutor:kr-c778-cc9c-kr-c778-cc9c-c639-c9c4-ad70-kr-b0a8-bd81-b3d9:region_tutor,,남북동과외,인천,36,/tutor/kr-c778-cc9c-kr-c778-cc9c-c639-c9c4-ad70-kr-b0a8-bd81-b3d9/region_tutor,true,READY_AS_IS,READY_AS_IS,,true
candidate:tutor:kr-c778-cc9c-kr-c778-cc9c-c639-c9c4-ad70-kr-b355-ad50-b3d9:region_tutor,,덕교동과외,인천,37,/tutor/kr-c778-cc9c-kr-c778-cc9c-c639-c9c4-ad70-kr-b355-ad50-b3d9/region_tutor,true,READY_AS_IS,READY_AS_IS,,true
candidate:tutor:kr-c778-cc9c-kr-c778-cc9c-c639-c9c4-ad70-kr-c744-c655-b3d9:region_tutor,,을왕동과외,인천,38,/tutor/kr-c778-cc9c-kr-c778-cc9c-c639-c9c4-ad70-kr-c744-c655-b3d9/region_tutor,true,READY_AS_IS,READY_AS_IS,,true
candidate:tutor:kr-c778-cc9c-kr-c778-cc9c-c639-c9c4-ad70-kr-bb34-c758-b3d9:region_tutor,,무의동과외,인천,39,/tutor/kr-c778-cc9c-kr-c778-cc9c-c639-c9c4-ad70-kr-bb34-c758-b3d9/region_tutor,true,READY_AS_IS,READY_AS_IS,,true
candidate:tutor:kr-c778-cc9c-kr-c778-cc9c-c639-c9c4-ad70-kr-b9cc-c11d-b3d9:region_tutor,,만석동과외,인천,40,/tutor/kr-c778-cc9c-kr-c778-cc9c-c639-c9c4-ad70-kr-b9cc-c11d-b3d9/region_tutor,true,READY_AS_IS,READY_AS_IS,,true
candidate:tutor:kr-c778-cc9c-kr-c778-cc9c-c639-c9c4-ad70-kr-d654-c218-b3d9:region_tutor,,화수동과외,인천,41,/tutor/kr-c778-cc9c-kr-c778-cc9c-c639-c9c4-ad70-kr-d654-c218-b3d9/region_tutor,true,READY_AS_IS,READY_AS_IS,,true
candidate:tutor:kr-c778-cc9c-kr-c778-cc9c-c639-c9c4-ad70-kr-c1a1-d604-b3d9:region_tutor,,송현동과외,인천,42,/tutor/kr-c778-cc9c-kr-c778-cc9c-c639-c9c4-ad70-kr-c1a1-d604-b3d9/region_tutor,true,READY_AS_IS,READY_AS_IS,,true
candidate:tutor:kr-c778-cc9c-kr-c778-cc9c-c639-c9c4-ad70-kr-d654-d3c9-b3d9:region_tutor,,화평동과외,인천,43,/tutor/kr-c778-cc9c-kr-c778-cc9c-c639-c9c4-ad70-kr-d654-d3c9-b3d9/region_tutor,true,READY_AS_IS,READY_AS_IS,,true
candidate:tutor:kr-c778-cc9c-kr-c778-cc9c-c639-c9c4-ad70-kr-cc3d-c601-b3d9:region_tutor,,창영동과외,인천,44,/tutor/kr-c778-cc9c-kr-c778-cc9c-c639-c9c4-ad70-kr-cc3d-c601-b3d9/region_tutor,true,READY_AS_IS,READY_AS_IS,,true
candidate:tutor:kr-c778-cc9c-kr-c778-cc9c-c639-c9c4-ad70-kr-ae08-ace1-b3d9:region_tutor,,금곡동과외,인천,45,/tutor/kr-c778-cc9c-kr-c778-cc9c-c639-c9c4-ad70-kr-ae08-ace1-b3d9/region_tutor,true,READY_AS_IS,READY_AS_IS,,true
candidate:tutor:kr-c778-cc9c-kr-c778-cc9c-c639-c9c4-ad70-kr-c1a1-b9bc-b3d9:region_tutor,,송림동과외,인천,46,/tutor/kr-c778-cc9c-kr-c778-cc9c-c639-c9c4-ad70-kr-c1a1-b9bc-b3d9/region_tutor,true,READY_AS_IS,READY_AS_IS,,true
candidate:tutor:kr-c778-cc9c-kr-c778-cc9c-c639-c9c4-ad70-kr-c22d-c758-b3d9:region_tutor,,숭의동과외,인천,47,/tutor/kr-c778-cc9c-kr-c778-cc9c-c639-c9c4-ad70-kr-c22d-c758-b3d9/region_tutor,true,READY_AS_IS,READY_AS_IS,,true
candidate:tutor:kr-c778-cc9c-kr-c778-cc9c-c639-c9c4-ad70-kr-c6a9-d604-b3d9:region_tutor,,용현동과외,인천,48,/tutor/kr-c778-cc9c-kr-c778-cc9c-c639-c9c4-ad70-kr-c6a9-d604-b3d9/region_tutor,true,READY_AS_IS,READY_AS_IS,,true
candidate:tutor:kr-c778-cc9c-kr-c778-cc9c-c639-c9c4-ad70-kr-d559-c775-b3d9:region_tutor,,학익동과외,인천,49,/tutor/kr-c778-cc9c-kr-c778-cc9c-c639-c9c4-ad70-kr-d559-c775-b3d9/region_tutor,true,READY_AS_IS,READY_AS_IS,,true
candidate:tutor:kr-c778-cc9c-kr-c778-cc9c-c639-c9c4-ad70-kr-b3c4-d654-b3d9:region_tutor,,도화동과외,인천,50,/tutor/kr-c778-cc9c-kr-c778-cc9c-c639-c9c4-ad70-kr-b3c4-d654-b3d9/region_tutor,true,READY_AS_IS,READY_AS_IS,,true
candidate:tutor:kr-c778-cc9c-kr-c778-cc9c-c639-c9c4-ad70-kr-c8fc-c548-b3d9:region_tutor,,주안동과외,인천,51,/tutor/kr-c778-cc9c-kr-c778-cc9c-c639-c9c4-ad70-kr-c8fc-c548-b3d9/region_tutor,true,READY_AS_IS,READY_AS_IS,,true
candidate:tutor:kr-c778-cc9c-kr-c778-cc9c-c639-c9c4-ad70-kr-ad00-ad50-b3d9:region_tutor,,관교동과외,인천,52,/tutor/kr-c778-cc9c-kr-c778-cc9c-c639-c9c4-ad70-kr-ad00-ad50-b3d9/region_tutor,true,READY_AS_IS,READY_AS_IS,,true
candidate:tutor:kr-c778-cc9c-kr-c778-cc9c-c639-c9c4-ad70-kr-bb38-d559-b3d9:region_tutor,,문학동과외,인천,53,/tutor/kr-c778-cc9c-kr-c778-cc9c-c639-c9c4-ad70-kr-bb38-d559-b3d9/region_tutor,true,READY_AS_IS,READY_AS_IS,,true
candidate:tutor:kr-c778-cc9c-kr-c778-cc9c-c639-c9c4-ad70-kr-c625-b828-b3d9:region_tutor,,옥련동과외,인천,54,/tutor/kr-c778-cc9c-kr-c778-cc9c-c639-c9c4-ad70-kr-c625-b828-b3d9/region_tutor,true,READY_AS_IS,READY_AS_IS,,true
candidate:tutor:kr-c778-cc9c-kr-c778-cc9c-c639-c9c4-ad70-kr-c120-d559-b3d9:region_tutor,,선학동과외,인천,55,/tutor/kr-c778-cc9c-kr-c778-cc9c-c639-c9c4-ad70-kr-c120-d559-b3d9/region_tutor,true,READY_AS_IS,READY_AS_IS,,true
candidate:tutor:kr-c778-cc9c-kr-c778-cc9c-c639-c9c4-ad70-kr-c5f0-c218-b3d9:region_tutor,,연수동과외,인천,56,/tutor/kr-c778-cc9c-kr-c778-cc9c-c639-c9c4-ad70-kr-c5f0-c218-b3d9/region_tutor,true,READY_AS_IS,READY_AS_IS,,true
candidate:tutor:kr-c778-cc9c-kr-c778-cc9c-c639-c9c4-ad70-kr-ccad-d559-b3d9:region_tutor,,청학동과외,인천,57,/tutor/kr-c778-cc9c-kr-c778-cc9c-c639-c9c4-ad70-kr-ccad-d559-b3d9/region_tutor,true,READY_AS_IS,READY_AS_IS,,true
candidate:tutor:kr-c778-cc9c-kr-c778-cc9c-c639-c9c4-ad70-kr-b3d9-cd98-b3d9:region_tutor,,동춘동과외,인천,58,/tutor/kr-c778-cc9c-kr-c778-cc9c-c639-c9c4-ad70-kr-b3d9-cd98-b3d9/region_tutor,true,READY_AS_IS,READY_AS_IS,,true
candidate:tutor:kr-c778-cc9c-kr-c778-cc9c-c639-c9c4-ad70-kr-c1a1-b3c4-b3d9:region_tutor,,송도동과외,인천,59,/tutor/kr-c778-cc9c-kr-c778-cc9c-c639-c9c4-ad70-kr-c1a1-b3c4-b3d9/region_tutor,true,READY_AS_IS,READY_AS_IS,,true
candidate:tutor:kr-c778-cc9c-kr-c778-cc9c-c639-c9c4-ad70-kr-ad6c-c6d4-b3d9:region_tutor,,구월동과외,인천,60,/tutor/kr-c778-cc9c-kr-c778-cc9c-c639-c9c4-ad70-kr-ad6c-c6d4-b3d9/region_tutor,true,READY_AS_IS,READY_AS_IS,,true
candidate:tutor:kr-c778-cc9c-kr-c778-cc9c-c639-c9c4-ad70-kr-ac04-c11d-b3d9:region_tutor,,간석동과외,인천,61,/tutor/kr-c778-cc9c-kr-c778-cc9c-c639-c9c4-ad70-kr-ac04-c11d-b3d9/region_tutor,true,READY_AS_IS,READY_AS_IS,,true
candidate:tutor:kr-c778-cc9c-kr-c778-cc9c-c639-c9c4-ad70-kr-b9cc-c218-b3d9:region_tutor,,만수동과외,인천,62,/tutor/kr-c778-cc9c-kr-c778-cc9c-c639-c9c4-ad70-kr-b9cc-c218-b3d9/region_tutor,true,READY_AS_IS,READY_AS_IS,,true
candidate:tutor:kr-c778-cc9c-kr-c778-cc9c-c639-c9c4-ad70-kr-c7a5-c218-b3d9:region_tutor,,장수동과외,인천,63,/tutor/kr-c778-cc9c-kr-c778-cc9c-c639-c9c4-ad70-kr-c7a5-c218-b3d9/region_tutor,true,READY_AS_IS,READY_AS_IS,,true
candidate:tutor:kr-c778-cc9c-kr-c778-cc9c-c639-c9c4-ad70-kr-c11c-cc3d-b3d9:region_tutor,,서창동과외,인천,64,/tutor/kr-c778-cc9c-kr-c778-cc9c-c639-c9c4-ad70-kr-c11c-cc3d-b3d9/region_tutor,true,READY_AS_IS,READY_AS_IS,,true
candidate:tutor:kr-c778-cc9c-kr-c778-cc9c-c639-c9c4-ad70-kr-c6b4-c5f0-b3d9:region_tutor,,운연동과외,인천,65,/tutor/kr-c778-cc9c-kr-c778-cc9c-c639-c9c4-ad70-kr-c6b4-c5f0-b3d9/region_tutor,true,READY_AS_IS,READY_AS_IS,,true
candidate:tutor:kr-c778-cc9c-kr-c778-cc9c-c639-c9c4-ad70-kr-b0a8-cd0c-b3d9:region_tutor,,남촌동과외,인천,66,/tutor/kr-c778-cc9c-kr-c778-cc9c-c639-c9c4-ad70-kr-b0a8-cd0c-b3d9/region_tutor,true,READY_AS_IS,READY_AS_IS,,true
candidate:tutor:kr-c778-cc9c-kr-c778-cc9c-c639-c9c4-ad70-kr-c218-c0b0-b3d9:region_tutor,,수산동과외,인천,67,/tutor/kr-c778-cc9c-kr-c778-cc9c-c639-c9c4-ad70-kr-c218-c0b0-b3d9/region_tutor,true,READY_AS_IS,READY_AS_IS,,true
candidate:tutor:kr-c778-cc9c-kr-c778-cc9c-c639-c9c4-ad70-kr-b3c4-b9bc-b3d9:region_tutor,,도림동과외,인천,68,/tutor/kr-c778-cc9c-kr-c778-cc9c-c639-c9c4-ad70-kr-b3c4-b9bc-b3d9/region_tutor,true,READY_AS_IS,READY_AS_IS,,true
candidate:tutor:kr-c778-cc9c-kr-c778-cc9c-c639-c9c4-ad70-kr-b17c-d604-b3d9:region_tutor,,논현동과외,인천,69,/tutor/kr-c778-cc9c-kr-c778-cc9c-c639-c9c4-ad70-kr-b17c-d604-b3d9/region_tutor,true,READY_AS_IS,READY_AS_IS,,true
candidate:tutor:kr-c778-cc9c-kr-c778-cc9c-c639-c9c4-ad70-kr-ace0-c794-b3d9:region_tutor,,고잔동과외,인천,70,/tutor/kr-c778-cc9c-kr-c778-cc9c-c639-c9c4-ad70-kr-ace0-c794-b3d9/region_tutor,true,READY_AS_IS,READY_AS_IS,,true
candidate:tutor:kr-c778-cc9c-kr-c778-cc9c-c639-c9c4-ad70-kr-bd80-d3c9-b3d9:region_tutor,,부평동과외,인천,71,/tutor/kr-c778-cc9c-kr-c778-cc9c-c639-c9c4-ad70-kr-bd80-d3c9-b3d9/region_tutor,true,READY_AS_IS,READY_AS_IS,,true
candidate:tutor:kr-c778-cc9c-kr-c778-cc9c-c639-c9c4-ad70-kr-c2ed-c815-b3d9:region_tutor,,십정동과외,인천,72,/tutor/kr-c778-cc9c-kr-c778-cc9c-c639-c9c4-ad70-kr-c2ed-c815-b3d9/region_tutor,true,READY_AS_IS,READY_AS_IS,,true
candidate:tutor:kr-c778-cc9c-kr-c778-cc9c-c639-c9c4-ad70-kr-c0b0-ace1-b3d9:region_tutor,,산곡동과외,인천,73,/tutor/kr-c778-cc9c-kr-c778-cc9c-c639-c9c4-ad70-kr-c0b0-ace1-b3d9/region_tutor,true,READY_AS_IS,READY_AS_IS,,true
candidate:tutor:kr-c778-cc9c-kr-c778-cc9c-c639-c9c4-ad70-kr-ccad-cc9c-b3d9:region_tutor,,청천동과외,인천,74,/tutor/kr-c778-cc9c-kr-c778-cc9c-c639-c9c4-ad70-kr-ccad-cc9c-b3d9/region_tutor,true,READY_AS_IS,READY_AS_IS,,true
candidate:tutor:kr-c778-cc9c-kr-c778-cc9c-c639-c9c4-ad70-kr-ac08-c0b0-b3d9:region_tutor,,갈산동과외,인천,75,/tutor/kr-c778-cc9c-kr-c778-cc9c-c639-c9c4-ad70-kr-ac08-c0b0-b3d9/region_tutor,true,READY_AS_IS,READY_AS_IS,,true
candidate:tutor:kr-c778-cc9c-kr-c778-cc9c-c639-c9c4-ad70-kr-c0bc-c0b0-b3d9:region_tutor,,삼산동과외,인천,76,/tutor/kr-c778-cc9c-kr-c778-cc9c-c639-c9c4-ad70-kr-c0bc-c0b0-b3d9/region_tutor,true,READY_AS_IS,READY_AS_IS,,true
candidate:tutor:kr-c778-cc9c-kr-c778-cc9c-c639-c9c4-ad70-kr-bd80-ac1c-b3d9:region_tutor,,부개동과외,인천,77,/tutor/kr-c778-cc9c-kr-c778-cc9c-c639-c9c4-ad70-kr-bd80-ac1c-b3d9/region_tutor,true,READY_AS_IS,READY_AS_IS,,true
candidate:tutor:kr-c778-cc9c-kr-c778-cc9c-c639-c9c4-ad70-kr-c77c-c2e0-b3d9:region_tutor,,일신동과외,인천,78,/tutor/kr-c778-cc9c-kr-c778-cc9c-c639-c9c4-ad70-kr-c77c-c2e0-b3d9/region_tutor,true,READY_AS_IS,READY_AS_IS,,true
candidate:tutor:kr-c778-cc9c-kr-c778-cc9c-c639-c9c4-ad70-kr-ad6c-c0b0-b3d9:region_tutor,,구산동과외,인천,79,/tutor/kr-c778-cc9c-kr-c778-cc9c-c639-c9c4-ad70-kr-ad6c-c0b0-b3d9/region_tutor,true,READY_AS_IS,READY_AS_IS,,true
candidate:tutor:kr-c778-cc9c-kr-c778-cc9c-c639-c9c4-ad70-kr-d6a8-c131-b3d9:region_tutor,,효성동과외,인천,80,/tutor/kr-c778-cc9c-kr-c778-cc9c-c639-c9c4-ad70-kr-d6a8-c131-b3d9/region_tutor,true,READY_AS_IS,READY_AS_IS,,true
candidate:tutor:kr-c778-cc9c-kr-c778-cc9c-c639-c9c4-ad70-kr-acc4-c0b0-b3d9:region_tutor,,계산동과외,인천,81,/tutor/kr-c778-cc9c-kr-c778-cc9c-c639-c9c4-ad70-kr-acc4-c0b0-b3d9/region_tutor,true,READY_AS_IS,READY_AS_IS,,true
candidate:tutor:kr-c778-cc9c-kr-c778-cc9c-c639-c9c4-ad70-kr-c791-c804-b3d9:region_tutor,,작전동과외,인천,82,/tutor/kr-c778-cc9c-kr-c778-cc9c-c639-c9c4-ad70-kr-c791-c804-b3d9/region_tutor,true,READY_AS_IS,READY_AS_IS,,true
candidate:tutor:kr-c778-cc9c-kr-c778-cc9c-c639-c9c4-ad70-kr-c11c-c6b4-b3d9:region_tutor,,서운동과외,인천,83,/tutor/kr-c778-cc9c-kr-c778-cc9c-c639-c9c4-ad70-kr-c11c-c6b4-b3d9/region_tutor,true,READY_AS_IS,READY_AS_IS,,true
candidate:tutor:kr-c778-cc9c-kr-c778-cc9c-c639-c9c4-ad70-kr-c784-d559-b3d9:region_tutor,,임학동과외,인천,84,/tutor/kr-c778-cc9c-kr-c778-cc9c-c639-c9c4-ad70-kr-c784-d559-b3d9/region_tutor,true,READY_AS_IS,READY_AS_IS,,true
candidate:tutor:kr-c778-cc9c-kr-c778-cc9c-c639-c9c4-ad70-kr-c6a9-c885-b3d9:region_tutor,,용종동과외,인천,85,/tutor/kr-c778-cc9c-kr-c778-cc9c-c639-c9c4-ad70-kr-c6a9-c885-b3d9/region_tutor,true,READY_AS_IS,READY_AS_IS,,true
candidate:tutor:kr-c778-cc9c-kr-c778-cc9c-c639-c9c4-ad70-kr-bcd1-bc29-b3d9:region_tutor,,병방동과외,인천,86,/tutor/kr-c778-cc9c-kr-c778-cc9c-c639-c9c4-ad70-kr-bcd1-bc29-b3d9/region_tutor,true,READY_AS_IS,READY_AS_IS,,true
candidate:tutor:kr-c778-cc9c-kr-c778-cc9c-c639-c9c4-ad70-kr-bc29-cd95-b3d9:region_tutor,,방축동과외,인천,87,/tutor/kr-c778-cc9c-kr-c778-cc9c-c639-c9c4-ad70-kr-bc29-cd95-b3d9/region_tutor,true,READY_AS_IS,READY_AS_IS,,true
candidate:tutor:kr-c778-cc9c-kr-c778-cc9c-c639-c9c4-ad70-kr-bc15-cd0c-b3d9:region_tutor,,박촌동과외,인천,88,/tutor/kr-c778-cc9c-kr-c778-cc9c-c639-c9c4-ad70-kr-bc15-cd0c-b3d9/region_tutor,true,READY_AS_IS,READY_AS_IS,,true
candidate:tutor:kr-c778-cc9c-kr-c778-cc9c-c639-c9c4-ad70-kr-b3d9-c591-b3d9:region_tutor,,동양동과외,인천,89,/tutor/kr-c778-cc9c-kr-c778-cc9c-c639-c9c4-ad70-kr-b3d9-c591-b3d9/region_tutor,true,READY_AS_IS,READY_AS_IS,,true
candidate:tutor:kr-c778-cc9c-kr-c778-cc9c-c639-c9c4-ad70-kr-ade4-d604-b3d9:region_tutor,,귤현동과외,인천,90,/tutor/kr-c778-cc9c-kr-c778-cc9c-c639-c9c4-ad70-kr-ade4-d604-b3d9/region_tutor,true,READY_AS_IS,READY_AS_IS,,true
candidate:tutor:kr-c778-cc9c-kr-c778-cc9c-c639-c9c4-ad70-kr-c0c1-c57c-b3d9:region_tutor,,상야동과외,인천,91,/tutor/kr-c778-cc9c-kr-c778-cc9c-c639-c9c4-ad70-kr-c0c1-c57c-b3d9/region_tutor,true,READY_AS_IS,READY_AS_IS,,true
candidate:tutor:kr-c778-cc9c-kr-c778-cc9c-c639-c9c4-ad70-kr-d558-c57c-b3d9:region_tutor,,하야동과외,인천,92,/tutor/kr-c778-cc9c-kr-c778-cc9c-c639-c9c4-ad70-kr-d558-c57c-b3d9/region_tutor,true,READY_AS_IS,READY_AS_IS,,true
candidate:tutor:kr-c778-cc9c-kr-c778-cc9c-c639-c9c4-ad70-kr-d3c9-b3d9:region_tutor,,평동과외,인천,93,/tutor/kr-c778-cc9c-kr-c778-cc9c-c639-c9c4-ad70-kr-d3c9-b3d9/region_tutor,true,READY_AS_IS,READY_AS_IS,,true
candidate:tutor:kr-c778-cc9c-kr-c778-cc9c-c639-c9c4-ad70-kr-b178-c624-c9c0-b3d9:region_tutor,,노오지동과외,인천,94,/tutor/kr-c778-cc9c-kr-c778-cc9c-c639-c9c4-ad70-kr-b178-c624-c9c0-b3d9/region_tutor,true,READY_AS_IS,READY_AS_IS,,true
candidate:tutor:kr-c778-cc9c-kr-c778-cc9c-c639-c9c4-ad70-kr-c120-c8fc-c9c0-b3d9:region_tutor,,선주지동과외,인천,95,/tutor/kr-c778-cc9c-kr-c778-cc9c-c639-c9c4-ad70-kr-c120-c8fc-c9c0-b3d9/region_tutor,true,READY_AS_IS,READY_AS_IS,,true
candidate:tutor:kr-c778-cc9c-kr-c778-cc9c-c639-c9c4-ad70-kr-c774-d654-b3d9:region_tutor,,이화동과외,인천,96,/tutor/kr-c778-cc9c-kr-c778-cc9c-c639-c9c4-ad70-kr-c774-d654-b3d9/region_tutor,true,READY_AS_IS,READY_AS_IS,,true
candidate:tutor:kr-c778-cc9c-kr-c778-cc9c-c639-c9c4-ad70-kr-c624-b958-b3d9:region_tutor,,오류동과외,인천,97,/tutor/kr-c778-cc9c-kr-c778-cc9c-c639-c9c4-ad70-kr-c624-b958-b3d9/region_tutor,true,READY_AS_IS,READY_AS_IS,,true
candidate:tutor:kr-c778-cc9c-kr-c778-cc9c-c639-c9c4-ad70-kr-ac08-d604-b3d9:region_tutor,,갈현동과외,인천,98,/tutor/kr-c778-cc9c-kr-c778-cc9c-c639-c9c4-ad70-kr-ac08-d604-b3d9/region_tutor,true,READY_AS_IS,READY_AS_IS,,true
candidate:tutor:kr-c778-cc9c-kr-c778-cc9c-c639-c9c4-ad70-kr-b451-c2e4-b3d9:region_tutor,,둑실동과외,인천,99,/tutor/kr-c778-cc9c-kr-c778-cc9c-c639-c9c4-ad70-kr-b451-c2e4-b3d9/region_tutor,true,READY_AS_IS,READY_AS_IS,,true
candidate:tutor:kr-c778-cc9c-kr-c778-cc9c-c639-c9c4-ad70-kr-baa9-c0c1-b3d9:region_tutor,,목상동과외,인천,100,/tutor/kr-c778-cc9c-kr-c778-cc9c-c639-c9c4-ad70-kr-baa9-c0c1-b3d9/region_tutor,true,READY_AS_IS,READY_AS_IS,,true
candidate:tutor:kr-c778-cc9c-kr-c778-cc9c-c639-c9c4-ad70-kr-b2e4-b0a8-b3d9:region_tutor,,다남동과외,인천,101,/tutor/kr-c778-cc9c-kr-c778-cc9c-c639-c9c4-ad70-kr-b2e4-b0a8-b3d9/region_tutor,true,READY_AS_IS,READY_AS_IS,,true
candidate:tutor:kr-c778-cc9c-kr-c778-cc9c-c639-c9c4-ad70-kr-c7a5-ae30-b3d9:region_tutor,,장기동과외,인천,102,/tutor/kr-c778-cc9c-kr-c778-cc9c-c639-c9c4-ad70-kr-c7a5-ae30-b3d9/region_tutor,true,READY_AS_IS,READY_AS_IS,,true
candidate:tutor:kr-c778-cc9c-kr-c778-cc9c-c639-c9c4-ad70-kr-ac00-c815-b3d9:region_tutor,,가정동과외,인천,103,/tutor/kr-c778-cc9c-kr-c778-cc9c-c639-c9c4-ad70-kr-ac00-c815-b3d9/region_tutor,true,READY_AS_IS,READY_AS_IS,,true
candidate:tutor:kr-c778-cc9c-kr-c778-cc9c-c639-c9c4-ad70-kr-ac00-c88c-b3d9:region_tutor,,가좌동과외,인천,104,/tutor/kr-c778-cc9c-kr-c778-cc9c-c639-c9c4-ad70-kr-ac00-c88c-b3d9/region_tutor,true,READY_AS_IS,READY_AS_IS,,true
candidate:tutor:kr-c778-cc9c-kr-c778-cc9c-c639-c9c4-ad70-kr-ac80-c554-b3d9:region_tutor,,검암동과외,인천,105,/tutor/kr-c778-cc9c-kr-c778-cc9c-c639-c9c4-ad70-kr-ac80-c554-b3d9/region_tutor,true,READY_AS_IS,READY_AS_IS,,true
candidate:tutor:kr-c778-cc9c-kr-c778-cc9c-c639-c9c4-ad70-kr-acbd-c11c-b3d9:region_tutor,,경서동과외,인천,106,/tutor/kr-c778-cc9c-kr-c778-cc9c-c639-c9c4-ad70-kr-acbd-c11c-b3d9/region_tutor,true,READY_AS_IS,READY_AS_IS,,true
candidate:tutor:kr-c778-cc9c-kr-c778-cc9c-c639-c9c4-ad70-kr-acf5-cd0c-b3d9:region_tutor,,공촌동과외,인천,107,/tutor/kr-c778-cc9c-kr-c778-cc9c-c639-c9c4-ad70-kr-acf5-cd0c-b3d9/region_tutor,true,READY_AS_IS,READY_AS_IS,,true
candidate:tutor:kr-c778-cc9c-kr-c778-cc9c-c639-c9c4-ad70-kr-b2f9-d558-b3d9:region_tutor,,당하동과외,인천,109,/tutor/kr-c778-cc9c-kr-c778-cc9c-c639-c9c4-ad70-kr-b2f9-d558-b3d9/region_tutor,true,READY_AS_IS,READY_AS_IS,,true
candidate:tutor:kr-c778-cc9c-kr-c778-cc9c-c639-c9c4-ad70-kr-b9c8-c804-b3d9:region_tutor,,마전동과외,인천,110,/tutor/kr-c778-cc9c-kr-c778-cc9c-c639-c9c4-ad70-kr-b9c8-c804-b3d9/region_tutor,true,READY_AS_IS,READY_AS_IS,,true
candidate:tutor:kr-c778-cc9c-kr-c778-cc9c-c639-c9c4-ad70-kr-bc31-c11d-b3d9:region_tutor,,백석동과외,인천,111,/tutor/kr-c778-cc9c-kr-c778-cc9c-c639-c9c4-ad70-kr-bc31-c11d-b3d9/region_tutor,true,READY_AS_IS,READY_AS_IS,,true
candidate:tutor:kr-c778-cc9c-kr-c778-cc9c-c639-c9c4-ad70-kr-bd88-b85c-b3d9:region_tutor,,불로동과외,인천,112,/tutor/kr-c778-cc9c-kr-c778-cc9c-c639-c9c4-ad70-kr-bd88-b85c-b3d9/region_tutor,true,READY_AS_IS,READY_AS_IS,,true
candidate:tutor:kr-c778-cc9c-kr-c778-cc9c-c639-c9c4-ad70-kr-c11d-b0a8-b3d9:region_tutor,,석남동과외,인천,113,/tutor/kr-c778-cc9c-kr-c778-cc9c-c639-c9c4-ad70-kr-c11d-b0a8-b3d9/region_tutor,true,READY_AS_IS,READY_AS_IS,,true
candidate:tutor:kr-c778-cc9c-kr-c778-cc9c-c639-c9c4-ad70-kr-c2dc-cc9c-b3d9:region_tutor,,시천동과외,인천,114,/tutor/kr-c778-cc9c-kr-c778-cc9c-c639-c9c4-ad70-kr-c2dc-cc9c-b3d9/region_tutor,true,READY_AS_IS,READY_AS_IS,,true
candidate:tutor:kr-c778-cc9c-kr-c778-cc9c-c639-c9c4-ad70-kr-c2e0-d604-b3d9:region_tutor,,신현동과외,인천,115,/tutor/kr-c778-cc9c-kr-c778-cc9c-c639-c9c4-ad70-kr-c2e0-d604-b3d9/region_tutor,true,READY_AS_IS,READY_AS_IS,,true
candidate:tutor:kr-c778-cc9c-kr-c778-cc9c-c639-c9c4-ad70-kr-c5f0-d76c-b3d9:region_tutor,,연희동과외,인천,116,/tutor/kr-c778-cc9c-kr-c778-cc9c-c639-c9c4-ad70-kr-c5f0-d76c-b3d9/region_tutor,true,READY_AS_IS,READY_AS_IS,,true
candidate:tutor:kr-c778-cc9c-kr-c778-cc9c-c639-c9c4-ad70-kr-c655-ae38-b3d9:region_tutor,,왕길동과외,인천,118,/tutor/kr-c778-cc9c-kr-c778-cc9c-c639-c9c4-ad70-kr-c655-ae38-b3d9/region_tutor,true,READY_AS_IS,READY_AS_IS,,true
candidate:tutor:kr-c778-cc9c-kr-c778-cc9c-c639-c9c4-ad70-kr-c6d0-b2f9-b3d9:region_tutor,,원당동과외,인천,119,/tutor/kr-c778-cc9c-kr-c778-cc9c-c639-c9c4-ad70-kr-c6d0-b2f9-b3d9/region_tutor,true,READY_AS_IS,READY_AS_IS,,true
candidate:tutor:kr-c778-cc9c-kr-c778-cc9c-c639-c9c4-ad70-kr-ccad-b77c-b3d9:region_tutor,,청라동과외,인천,120,/tutor/kr-c778-cc9c-kr-c778-cc9c-c639-c9c4-ad70-kr-ccad-b77c-b3d9/region_tutor,true,READY_AS_IS,READY_AS_IS,,true
candidate:tutor:kr-c778-cc9c-kr-c778-cc9c-c639-c9c4-ad70-kr-ac15-d654-c74d:region_tutor,,강화읍과외,인천,121,/tutor/kr-c778-cc9c-kr-c778-cc9c-c639-c9c4-ad70-kr-ac15-d654-c74d/region_tutor,true,READY_AS_IS,READY_AS_IS,,true
candidate:tutor:kr-c778-cc9c-kr-c778-cc9c-c639-c9c4-ad70-kr-c120-c6d0-ba74:region_tutor,,선원면과외,인천,122,/tutor/kr-c778-cc9c-kr-c778-cc9c-c639-c9c4-ad70-kr-c120-c6d0-ba74/region_tutor,true,READY_AS_IS,READY_AS_IS,,true
candidate:tutor:kr-c778-cc9c-kr-c778-cc9c-c639-c9c4-ad70-kr-bd88-c740-ba74:region_tutor,,불은면과외,인천,123,/tutor/kr-c778-cc9c-kr-c778-cc9c-c639-c9c4-ad70-kr-bd88-c740-ba74/region_tutor,true,READY_AS_IS,READY_AS_IS,,true
candidate:tutor:kr-c778-cc9c-kr-c778-cc9c-c639-c9c4-ad70-kr-ae38-c0c1-ba74:region_tutor,,길상면과외,인천,124,/tutor/kr-c778-cc9c-kr-c778-cc9c-c639-c9c4-ad70-kr-ae38-c0c1-ba74/region_tutor,true,READY_AS_IS,READY_AS_IS,,true
candidate:tutor:kr-c778-cc9c-kr-c778-cc9c-c639-c9c4-ad70-kr-d654-b3c4-ba74:region_tutor,,화도면과외,인천,125,/tutor/kr-c778-cc9c-kr-c778-cc9c-c639-c9c4-ad70-kr-d654-b3c4-ba74/region_tutor,true,READY_AS_IS,READY_AS_IS,,true
candidate:tutor:kr-c778-cc9c-kr-c778-cc9c-c639-c9c4-ad70-kr-c591-b3c4-ba74:region_tutor,,양도면과외,인천,126,/tutor/kr-c778-cc9c-kr-c778-cc9c-c639-c9c4-ad70-kr-c591-b3c4-ba74/region_tutor,true,READY_AS_IS,READY_AS_IS,,true
candidate:tutor:kr-c778-cc9c-kr-c778-cc9c-c639-c9c4-ad70-kr-b0b4-ac00-ba74:region_tutor,,내가면과외,인천,127,/tutor/kr-c778-cc9c-kr-c778-cc9c-c639-c9c4-ad70-kr-b0b4-ac00-ba74/region_tutor,true,READY_AS_IS,READY_AS_IS,,true
candidate:tutor:kr-c778-cc9c-kr-c778-cc9c-c639-c9c4-ad70-kr-d558-c810-ba74:region_tutor,,하점면과외,인천,128,/tutor/kr-c778-cc9c-kr-c778-cc9c-c639-c9c4-ad70-kr-d558-c810-ba74/region_tutor,true,READY_AS_IS,READY_AS_IS,,true
candidate:tutor:kr-c778-cc9c-kr-c778-cc9c-c639-c9c4-ad70-kr-c591-c0ac-ba74:region_tutor,,양사면과외,인천,129,/tutor/kr-c778-cc9c-kr-c778-cc9c-c639-c9c4-ad70-kr-c591-c0ac-ba74/region_tutor,true,READY_AS_IS,READY_AS_IS,,true
candidate:tutor:kr-c778-cc9c-kr-c778-cc9c-c639-c9c4-ad70-kr-c1a1-d574-ba74:region_tutor,,송해면과외,인천,130,/tutor/kr-c778-cc9c-kr-c778-cc9c-c639-c9c4-ad70-kr-c1a1-d574-ba74/region_tutor,true,READY_AS_IS,READY_AS_IS,,true
candidate:tutor:kr-c778-cc9c-kr-c778-cc9c-c639-c9c4-ad70-kr-ad50-b3d9-ba74:region_tutor,,교동면과외,인천,131,/tutor/kr-c778-cc9c-kr-c778-cc9c-c639-c9c4-ad70-kr-ad50-b3d9-ba74/region_tutor,true,READY_AS_IS,READY_AS_IS,,true
candidate:tutor:kr-c778-cc9c-kr-c778-cc9c-c639-c9c4-ad70-kr-c0bc-c0b0-ba74:region_tutor,,삼산면과외,인천,132,/tutor/kr-c778-cc9c-kr-c778-cc9c-c639-c9c4-ad70-kr-c0bc-c0b0-ba74/region_tutor,true,READY_AS_IS,READY_AS_IS,,true
candidate:tutor:kr-c778-cc9c-kr-c778-cc9c-c639-c9c4-ad70-kr-c11c-b3c4-ba74:region_tutor,,서도면과외,인천,133,/tutor/kr-c778-cc9c-kr-c778-cc9c-c639-c9c4-ad70-kr-c11c-b3c4-ba74/region_tutor,true,READY_AS_IS,READY_AS_IS,,true
candidate:tutor:kr-c778-cc9c-kr-c778-cc9c-c639-c9c4-ad70-kr-bd81-b3c4-ba74:region_tutor,,북도면과외,인천,134,/tutor/kr-c778-cc9c-kr-c778-cc9c-c639-c9c4-ad70-kr-bd81-b3c4-ba74/region_tutor,true,READY_AS_IS,READY_AS_IS,,true
candidate:tutor:kr-c778-cc9c-kr-c778-cc9c-c639-c9c4-ad70-kr-bc31-b839-ba74:region_tutor,,백령면과외,인천,135,/tutor/kr-c778-cc9c-kr-c778-cc9c-c639-c9c4-ad70-kr-bc31-b839-ba74/region_tutor,true,READY_AS_IS,READY_AS_IS,,true
candidate:tutor:kr-c778-cc9c-kr-c778-cc9c-c639-c9c4-ad70-kr-b300-ccad-ba74:region_tutor,,대청면과외,인천,136,/tutor/kr-c778-cc9c-kr-c778-cc9c-c639-c9c4-ad70-kr-b300-ccad-ba74/region_tutor,true,READY_AS_IS,READY_AS_IS,,true
candidate:tutor:kr-c778-cc9c-kr-c778-cc9c-c639-c9c4-ad70-kr-b355-c801-ba74:region_tutor,,덕적면과외,인천,137,/tutor/kr-c778-cc9c-kr-c778-cc9c-c639-c9c4-ad70-kr-b355-c801-ba74/region_tutor,true,READY_AS_IS,READY_AS_IS,,true
candidate:tutor:kr-c778-cc9c-kr-c778-cc9c-c639-c9c4-ad70-kr-c790-c6d4-ba74:region_tutor,,자월면과외,인천,138,/tutor/kr-c778-cc9c-kr-c778-cc9c-c639-c9c4-ad70-kr-c790-c6d4-ba74/region_tutor,true,READY_AS_IS,READY_AS_IS,,true
candidate:tutor:kr-c778-cc9c-kr-c778-cc9c-c639-c9c4-ad70-kr-c601-d765-ba74:region_tutor,,영흥면과외,인천,139,/tutor/kr-c778-cc9c-kr-c778-cc9c-c639-c9c4-ad70-kr-c601-d765-ba74/region_tutor,true,READY_AS_IS,READY_AS_IS,,true
candidate:tutor:kr-c778-cc9c-kr-c778-cc9c-c639-c9c4-ad70-kr-c5f0-d3c9-ba74:region_tutor,,연평면과외,인천,140,/tutor/kr-c778-cc9c-kr-c778-cc9c-c639-c9c4-ad70-kr-c5f0-d3c9-ba74/region_tutor,true,READY_AS_IS,READY_AS_IS,,true
candidate:tutor:kr-ad11-c8fc:region_tutor,,광주과외,광주,2,/tutor/kr-ad11-c8fc/region_tutor,true,READY_AS_IS,READY_AS_IS,,true
candidate:tutor:kr-ad11-c8fc-kr-ad11-c8fc-b3d9-ad6c:region_tutor,,광주동구과외,광주,3,/tutor/kr-ad11-c8fc-kr-ad11-c8fc-b3d9-ad6c/region_tutor,true,READY_AS_IS,READY_AS_IS,,true
candidate:tutor:kr-ad11-c8fc-kr-ad11-c8fc-c11c-ad6c:region_tutor,,광주서구과외,광주,4,/tutor/kr-ad11-c8fc-kr-ad11-c8fc-c11c-ad6c/region_tutor,true,READY_AS_IS,READY_AS_IS,,true
candidate:tutor:kr-ad11-c8fc-kr-ad11-c8fc-b0a8-ad6c:region_tutor,,광주남구과외,광주,5,/tutor/kr-ad11-c8fc-kr-ad11-c8fc-b0a8-ad6c/region_tutor,true,READY_AS_IS,READY_AS_IS,,true
candidate:tutor:kr-ad11-c8fc-kr-ad11-c8fc-bd81-ad6c:region_tutor,,광주북구과외,광주,6,/tutor/kr-ad11-c8fc-kr-ad11-c8fc-bd81-ad6c/region_tutor,true,READY_AS_IS,READY_AS_IS,,true
candidate:tutor:kr-ad11-c8fc-kr-ad11-c0b0-ad6c:region_tutor,,광산구과외,광주,7,/tutor/kr-ad11-c8fc-kr-ad11-c0b0-ad6c/region_tutor,true,READY_AS_IS,READY_AS_IS,,true
candidate:tutor:kr-ad11-c8fc-kr-ad11-c0b0-ad6c-kr-b300-c778-b3d9:region_tutor,,대인동과외,광주,8,/tutor/kr-ad11-c8fc-kr-ad11-c0b0-ad6c-kr-b300-c778-b3d9/region_tutor,true,READY_AS_IS,READY_AS_IS,,true
candidate:tutor:kr-ad11-c8fc-kr-ad11-c0b0-ad6c-kr-ae08-b0a8-b85c:region_tutor,,금남로과외,광주,9,/tutor/kr-ad11-c8fc-kr-ad11-c0b0-ad6c-kr-ae08-b0a8-b85c/region_tutor,true,READY_AS_IS,READY_AS_IS,,true
candidate:tutor:kr-ad11-c8fc-kr-ad11-c0b0-ad6c-kr-cda9-c7a5-b85c:region_tutor,,충장로과외,광주,10,/tutor/kr-ad11-c8fc-kr-ad11-c0b0-ad6c-kr-cda9-c7a5-b85c/region_tutor,true,READY_AS_IS,READY_AS_IS,,true
candidate:tutor:kr-ad11-c8fc-kr-ad11-c0b0-ad6c-kr-c218-ae30-b3d9:region_tutor,,수기동과외,광주,11,/tutor/kr-ad11-c8fc-kr-ad11-c0b0-ad6c-kr-c218-ae30-b3d9/region_tutor,true,READY_AS_IS,READY_AS_IS,,true
candidate:tutor:kr-ad11-c8fc-kr-ad11-c0b0-ad6c-kr-bd88-b85c-b3d9:region_tutor,,불로동과외,광주,12,/tutor/kr-ad11-c8fc-kr-ad11-c0b0-ad6c-kr-bd88-b85c-b3d9/region_tutor,true,READY_AS_IS,READY_AS_IS,,true
candidate:tutor:kr-ad11-c8fc-kr-ad11-c0b0-ad6c-kr-d669-ae08-b3d9:region_tutor,,황금동과외,광주,13,/tutor/kr-ad11-c8fc-kr-ad11-c0b0-ad6c-kr-d669-ae08-b3d9/region_tutor,true,READY_AS_IS,READY_AS_IS,,true
candidate:tutor:kr-ad11-c8fc-kr-ad11-c0b0-ad6c-kr-ad81-b3d9:region_tutor,,궁동과외,광주,14,/tutor/kr-ad11-c8fc-kr-ad11-c0b0-ad6c-kr-ad81-b3d9/region_tutor,true,READY_AS_IS,READY_AS_IS,,true
candidate:tutor:kr-ad11-c8fc-kr-ad11-c0b0-ad6c-kr-c7a5-b3d9:region_tutor,,장동과외,광주,15,/tutor/kr-ad11-c8fc-kr-ad11-c0b0-ad6c-kr-c7a5-b3d9/region_tutor,true,READY_AS_IS,READY_AS_IS,,true
candidate:tutor:kr-ad11-c8fc-kr-ad11-c0b0-ad6c-kr-b3d9-ba85-b3d9:region_tutor,,동명동과외,광주,16,/tutor/kr-ad11-c8fc-kr-ad11-c0b0-ad6c-kr-b3d9-ba85-b3d9/region_tutor,true,READY_AS_IS,READY_AS_IS,,true
candidate:tutor:kr-ad11-c8fc-kr-ad11-c0b0-ad6c-kr-acc4-b9bc-b3d9:region_tutor,,계림동과외,광주,17,/tutor/kr-ad11-c8fc-kr-ad11-c0b0-ad6c-kr-acc4-b9bc-b3d9/region_tutor,true,READY_AS_IS,READY_AS_IS,,true
candidate:tutor:kr-ad11-c8fc-kr-ad11-c0b0-ad6c-kr-c0b0-c218-b3d9:region_tutor,,산수동과외,광주,18,/tutor/kr-ad11-c8fc-kr-ad11-c0b0-ad6c-kr-c0b0-c218-b3d9/region_tutor,true,READY_AS_IS,READY_AS_IS,,true
candidate:tutor:kr-ad11-c8fc-kr-ad11-c0b0-ad6c-kr-c9c0-c0b0-b3d9:region_tutor,,지산동과외,광주,19,/tutor/kr-ad11-c8fc-kr-ad11-c0b0-ad6c-kr-c9c0-c0b0-b3d9/region_tutor,true,READY_AS_IS,READY_AS_IS,,true
candidate:tutor:kr-ad11-c8fc-kr-ad11-c0b0-ad6c-kr-d559-b3d9:region_tutor,,학동과외,광주,20,/tutor/kr-ad11-c8fc-kr-ad11-c0b0-ad6c-kr-d559-b3d9/region_tutor,true,READY_AS_IS,READY_AS_IS,,true
candidate:tutor:kr-ad11-c8fc-kr-ad11-c0b0-ad6c-kr-c18c-d0dc-b3d9:region_tutor,,소태동과외,광주,21,/tutor/kr-ad11-c8fc-kr-ad11-c0b0-ad6c-kr-c18c-d0dc-b3d9/region_tutor,true,READY_AS_IS,READY_AS_IS,,true
candidate:tutor:kr-ad11-c8fc-kr-ad11-c0b0-ad6c-kr-c6a9-c5f0-b3d9:region_tutor,,용연동과외,광주,22,/tutor/kr-ad11-c8fc-kr-ad11-c0b0-ad6c-kr-c6a9-c5f0-b3d9/region_tutor,true,READY_AS_IS,READY_AS_IS,,true
candidate:tutor:kr-ad11-c8fc-kr-ad11-c0b0-ad6c-kr-c6b4-b9bc-b3d9:region_tutor,,운림동과외,광주,23,/tutor/kr-ad11-c8fc-kr-ad11-c0b0-ad6c-kr-c6b4-b9bc-b3d9/region_tutor,true,READY_AS_IS,READY_AS_IS,,true
candidate:tutor:kr-ad11-c8fc-kr-ad11-c0b0-ad6c-kr-c120-ad50-b3d9:region_tutor,,선교동과외,광주,24,/tutor/kr-ad11-c8fc-kr-ad11-c0b0-ad6c-kr-c120-ad50-b3d9/region_tutor,true,READY_AS_IS,READY_AS_IS,,true
candidate:tutor:kr-ad11-c8fc-kr-ad11-c0b0-ad6c-kr-b0b4-b0a8-b3d9:region_tutor,,내남동과외,광주,25,/tutor/kr-ad11-c8fc-kr-ad11-c0b0-ad6c-kr-b0b4-b0a8-b3d9/region_tutor,true,READY_AS_IS,READY_AS_IS,,true
candidate:tutor:kr-ad11-c8fc-kr-ad11-c0b0-ad6c-kr-c6a9-c0b0-b3d9:region_tutor,,용산동과외,광주,26,/tutor/kr-ad11-c8fc-kr-ad11-c0b0-ad6c-kr-c6a9-c0b0-b3d9/region_tutor,true,READY_AS_IS,READY_AS_IS,,true
candidate:tutor:kr-ad11-c8fc-kr-ad11-c0b0-ad6c-kr-c591-b3d9:region_tutor,,양동과외,광주,27,/tutor/kr-ad11-c8fc-kr-ad11-c0b0-ad6c-kr-c591-b3d9/region_tutor,true,READY_AS_IS,READY_AS_IS,,true
candidate:tutor:kr-ad11-c8fc-kr-ad11-c0b0-ad6c-kr-b18d-c131-b3d9:region_tutor,,농성동과외,광주,28,/tutor/kr-ad11-c8fc-kr-ad11-c0b0-ad6c-kr-b18d-c131-b3d9/region_tutor,true,READY_AS_IS,READY_AS_IS,,true
candidate:tutor:kr-ad11-c8fc-kr-ad11-c0b0-ad6c-kr-ad11-cc9c-b3d9:region_tutor,,광천동과외,광주,29,/tutor/kr-ad11-c8fc-kr-ad11-c0b0-ad6c-kr-ad11-cc9c-b3d9/region_tutor,true,READY_AS_IS,READY_AS_IS,,true
candidate:tutor:kr-ad11-c8fc-kr-ad11-c0b0-ad6c-kr-c720-cd0c-b3d9:region_tutor,,유촌동과외,광주,30,/tutor/kr-ad11-c8fc-kr-ad11-c0b0-ad6c-kr-c720-cd0c-b3d9/region_tutor,true,READY_AS_IS,READY_AS_IS,,true
candidate:tutor:kr-ad11-c8fc-kr-ad11-c0b0-ad6c-kr-b355-d765-b3d9:region_tutor,,덕흥동과외,광주,31,/tutor/kr-ad11-c8fc-kr-ad11-c0b0-ad6c-kr-b355-d765-b3d9/region_tutor,true,READY_AS_IS,READY_AS_IS,,true
candidate:tutor:kr-ad11-c8fc-kr-ad11-c0b0-ad6c-kr-c30d-cd0c-b3d9:region_tutor,,쌍촌동과외,광주,32,/tutor/kr-ad11-c8fc-kr-ad11-c0b0-ad6c-kr-c30d-cd0c-b3d9/region_tutor,true,READY_AS_IS,READY_AS_IS,,true
candidate:tutor:kr-ad11-c8fc-kr-ad11-c0b0-ad6c-kr-d654-c815-b3d9:region_tutor,,화정동과외,광주,33,/tutor/kr-ad11-c8fc-kr-ad11-c0b0-ad6c-kr-d654-c815-b3d9/region_tutor,true,READY_AS_IS,READY_AS_IS,,true
candidate:tutor:kr-ad11-c8fc-kr-ad11-c0b0-ad6c-kr-ce58-d3c9-b3d9:region_tutor,,치평동과외,광주,34,/tutor/kr-ad11-c8fc-kr-ad11-c0b0-ad6c-kr-ce58-d3c9-b3d9/region_tutor,true,READY_AS_IS,READY_AS_IS,,true
candidate:tutor:kr-ad11-c8fc-kr-ad11-c0b0-ad6c-kr-b0b4-bc29-b3d9:region_tutor,,내방동과외,광주,35,/tutor/kr-ad11-c8fc-kr-ad11-c0b0-ad6c-kr-b0b4-bc29-b3d9/region_tutor,true,READY_AS_IS,READY_AS_IS,,true
candidate:tutor:kr-ad11-c8fc-kr-ad11-c0b0-ad6c-kr-ae08-d638-b3d9:region_tutor,,금호동과외,광주,36,/tutor/kr-ad11-c8fc-kr-ad11-c0b0-ad6c-kr-ae08-d638-b3d9/region_tutor,true,READY_AS_IS,READY_AS_IS,,true
candidate:tutor:kr-ad11-c8fc-kr-ad11-c0b0-ad6c-kr-d48d-c554-b3d9:region_tutor,,풍암동과외,광주,37,/tutor/kr-ad11-c8fc-kr-ad11-c0b0-ad6c-kr-d48d-c554-b3d9/region_tutor,true,READY_AS_IS,READY_AS_IS,,true
candidate:tutor:kr-ad11-c8fc-kr-ad11-c0b0-ad6c-kr-b9e4-c6d4-b3d9:region_tutor,,매월동과외,광주,38,/tutor/kr-ad11-c8fc-kr-ad11-c0b0-ad6c-kr-b9e4-c6d4-b3d9/region_tutor,true,READY_AS_IS,READY_AS_IS,,true
candidate:tutor:kr-ad11-c8fc-kr-ad11-c0b0-ad6c-kr-b3d9-cc9c-b3d9:region_tutor,,동천동과외,광주,39,/tutor/kr-ad11-c8fc-kr-ad11-c0b0-ad6c-kr-b3d9-cc9c-b3d9/region_tutor,true,READY_AS_IS,READY_AS_IS,,true
candidate:tutor:kr-ad11-c8fc-kr-ad11-c0b0-ad6c-kr-b9c8-b975-b3d9:region_tutor,,마륵동과외,광주,40,/tutor/kr-ad11-c8fc-kr-ad11-c0b0-ad6c-kr-b9c8-b975-b3d9/region_tutor,true,READY_AS_IS,READY_AS_IS,,true
candidate:tutor:kr-ad11-c8fc-kr-ad11-c0b0-ad6c-kr-c138-d558-b3d9:region_tutor,,세하동과외,광주,41,/tutor/kr-ad11-c8fc-kr-ad11-c0b0-ad6c-kr-c138-d558-b3d9/region_tutor,true,READY_AS_IS,READY_AS_IS,,true
candidate:tutor:kr-ad11-c8fc-kr-ad11-c0b0-ad6c-kr-c0ac-b3d9:region_tutor,,사동과외,광주,42,/tutor/kr-ad11-c8fc-kr-ad11-c0b0-ad6c-kr-c0ac-b3d9/region_tutor,true,READY_AS_IS,READY_AS_IS,,true
candidate:tutor:kr-ad11-c8fc-kr-ad11-c0b0-ad6c-kr-ad6c-b3d9:region_tutor,,구동과외,광주,43,/tutor/kr-ad11-c8fc-kr-ad11-c0b0-ad6c-kr-ad6c-b3d9/region_tutor,true,READY_AS_IS,READY_AS_IS,,true
candidate:tutor:kr-ad11-c8fc-kr-ad11-c0b0-ad6c-kr-c11c-b3d9:region_tutor,,서동과외,광주,44,/tutor/kr-ad11-c8fc-kr-ad11-c0b0-ad6c-kr-c11c-b3d9/region_tutor,true,READY_AS_IS,READY_AS_IS,,true
candidate:tutor:kr-ad11-c8fc-kr-ad11-c0b0-ad6c-kr-c6d4-c0b0-b3d9:region_tutor,,월산동과외,광주,45,/tutor/kr-ad11-c8fc-kr-ad11-c0b0-ad6c-kr-c6d4-c0b0-b3d9/region_tutor,true,READY_AS_IS,READY_AS_IS,,true
candidate:tutor:kr-ad11-c8fc-kr-ad11-c0b0-ad6c-kr-bc31-c6b4-b3d9:region_tutor,,백운동과외,광주,46,/tutor/kr-ad11-c8fc-kr-ad11-c0b0-ad6c-kr-bc31-c6b4-b3d9/region_tutor,true,READY_AS_IS,READY_AS_IS,,true
candidate:tutor:kr-ad11-c8fc-kr-ad11-c0b0-ad6c-kr-c8fc-c6d4-b3d9:region_tutor,,주월동과외,광주,47,/tutor/kr-ad11-c8fc-kr-ad11-c0b0-ad6c-kr-c8fc-c6d4-b3d9/region_tutor,true,READY_AS_IS,READY_AS_IS,,true
candidate:tutor:kr-ad11-c8fc-kr-ad11-c0b0-ad6c-kr-c9c4-c6d4-b3d9:region_tutor,,진월동과외,광주,48,/tutor/kr-ad11-c8fc-kr-ad11-c0b0-ad6c-kr-c9c4-c6d4-b3d9/region_tutor,true,READY_AS_IS,READY_AS_IS,,true
candidate:tutor:kr-ad11-c8fc-kr-ad11-c0b0-ad6c-kr-bd09-c120-b3d9:region_tutor,,봉선동과외,광주,49,/tutor/kr-ad11-c8fc-kr-ad11-c0b0-ad6c-kr-bd09-c120-b3d9/region_tutor,true,READY_AS_IS,READY_AS_IS,,true
candidate:tutor:kr-ad11-c8fc-kr-ad11-c0b0-ad6c-kr-bc29-b9bc-b3d9:region_tutor,,방림동과외,광주,50,/tutor/kr-ad11-c8fc-kr-ad11-c0b0-ad6c-kr-bc29-b9bc-b3d9/region_tutor,true,READY_AS_IS,READY_AS_IS,,true
candidate:tutor:kr-ad11-c8fc-kr-ad11-c0b0-ad6c-kr-c591-b9bc-b3d9:region_tutor,,양림동과외,광주,51,/tutor/kr-ad11-c8fc-kr-ad11-c0b0-ad6c-kr-c591-b9bc-b3d9/region_tutor,true,READY_AS_IS,READY_AS_IS,,true
candidate:tutor:kr-ad11-c8fc-kr-ad11-c0b0-ad6c-kr-b178-b300-b3d9:region_tutor,,노대동과외,광주,52,/tutor/kr-ad11-c8fc-kr-ad11-c0b0-ad6c-kr-b178-b300-b3d9/region_tutor,true,READY_AS_IS,READY_AS_IS,,true
candidate:tutor:kr-ad11-c8fc-kr-ad11-c0b0-ad6c-kr-d589-c554-b3d9:region_tutor,,행암동과외,광주,53,/tutor/kr-ad11-c8fc-kr-ad11-c0b0-ad6c-kr-d589-c554-b3d9/region_tutor,true,READY_AS_IS,READY_AS_IS,,true
candidate:tutor:kr-ad11-c8fc-kr-ad11-c0b0-ad6c-kr-c1a1-d558-b3d9:region_tutor,,송하동과외,광주,54,/tutor/kr-ad11-c8fc-kr-ad11-c0b0-ad6c-kr-c1a1-d558-b3d9/region_tutor,true,READY_AS_IS,READY_AS_IS,,true
candidate:tutor:kr-ad11-c8fc-kr-ad11-c0b0-ad6c-kr-c784-c554-b3d9:region_tutor,,임암동과외,광주,55,/tutor/kr-ad11-c8fc-kr-ad11-c0b0-ad6c-kr-c784-c554-b3d9/region_tutor,true,READY_AS_IS,READY_AS_IS,,true
candidate:tutor:kr-ad11-c8fc-kr-ad11-c0b0-ad6c-kr-c555-cd0c-b3d9:region_tutor,,압촌동과외,광주,56,/tutor/kr-ad11-c8fc-kr-ad11-c0b0-ad6c-kr-c555-cd0c-b3d9/region_tutor,true,READY_AS_IS,READY_AS_IS,,true
candidate:tutor:kr-ad11-c8fc-kr-ad11-c0b0-ad6c-kr-c6d0-c0b0-b3d9:region_tutor,,원산동과외,광주,57,/tutor/kr-ad11-c8fc-kr-ad11-c0b0-ad6c-kr-c6d0-c0b0-b3d9/region_tutor,true,READY_AS_IS,READY_AS_IS,,true
candidate:tutor:kr-ad11-c8fc-kr-ad11-c0b0-ad6c-kr-c911-d765-b3d9:region_tutor,,중흥동과외,광주,58,/tutor/kr-ad11-c8fc-kr-ad11-c0b0-ad6c-kr-c911-d765-b3d9/region_tutor,true,READY_AS_IS,READY_AS_IS,,true
candidate:tutor:kr-ad11-c8fc-kr-ad11-c0b0-ad6c-kr-c720-b3d9:region_tutor,,유동과외,광주,59,/tutor/kr-ad11-c8fc-kr-ad11-c0b0-ad6c-kr-c720-b3d9/region_tutor,true,READY_AS_IS,READY_AS_IS,,true
candidate:tutor:kr-ad11-c8fc-kr-ad11-c0b0-ad6c-kr-b204-bb38-b3d9:region_tutor,,누문동과외,광주,60,/tutor/kr-ad11-c8fc-kr-ad11-c0b0-ad6c-kr-b204-bb38-b3d9/region_tutor,true,READY_AS_IS,READY_AS_IS,,true
candidate:tutor:kr-ad11-c8fc-kr-ad11-c0b0-ad6c-kr-c784-b3d9:region_tutor,,임동과외,광주,61,/tutor/kr-ad11-c8fc-kr-ad11-c0b0-ad6c-kr-c784-b3d9/region_tutor,true,READY_AS_IS,READY_AS_IS,,true
candidate:tutor:kr-ad11-c8fc-kr-ad11-c0b0-ad6c-kr-c2e0-c548-b3d9:region_tutor,,신안동과외,광주,62,/tutor/kr-ad11-c8fc-kr-ad11-c0b0-ad6c-kr-c2e0-c548-b3d9/region_tutor,true,READY_AS_IS,READY_AS_IS,,true
candidate:tutor:kr-ad11-c8fc-kr-ad11-c0b0-ad6c-kr-c6a9-bd09-b3d9:region_tutor,,용봉동과외,광주,63,/tutor/kr-ad11-c8fc-kr-ad11-c0b0-ad6c-kr-c6a9-bd09-b3d9/region_tutor,true,READY_AS_IS,READY_AS_IS,,true
candidate:tutor:kr-ad11-c8fc-kr-ad11-c0b0-ad6c-kr-c6b4-c554-b3d9:region_tutor,,운암동과외,광주,64,/tutor/kr-ad11-c8fc-kr-ad11-c0b0-ad6c-kr-c6b4-c554-b3d9/region_tutor,true,READY_AS_IS,READY_AS_IS,,true
candidate:tutor:kr-ad11-c8fc-kr-ad11-c0b0-ad6c-kr-bd81-ad6c-b3d9-b9bc-b3d9:region_tutor,,북구동림동과외,광주,65,/tutor/kr-ad11-c8fc-kr-ad11-c0b0-ad6c-kr-bd81-ad6c-b3d9-b9bc-b3d9/region_tutor,true,READY_AS_IS,READY_AS_IS,,true
candidate:tutor:kr-ad11-c8fc-kr-ad11-c0b0-ad6c-kr-c0bc-ac01-b3d9:region_tutor,,삼각동과외,광주,66,/tutor/kr-ad11-c8fc-kr-ad11-c0b0-ad6c-kr-c0bc-ac01-b3d9/region_tutor,true,READY_AS_IS,READY_AS_IS,,true
candidate:tutor:kr-ad11-c8fc-kr-ad11-c0b0-ad6c-kr-b9e4-ace1-b3d9:region_tutor,,매곡동과외,광주,67,/tutor/kr-ad11-c8fc-kr-ad11-c0b0-ad6c-kr-b9e4-ace1-b3d9/region_tutor,true,READY_AS_IS,READY_AS_IS,,true
candidate:tutor:kr-ad11-c8fc-kr-ad11-c0b0-ad6c-kr-c624-ce58-b3d9:region_tutor,,오치동과외,광주,68,/tutor/kr-ad11-c8fc-kr-ad11-c0b0-ad6c-kr-c624-ce58-b3d9/region_tutor,true,READY_AS_IS,READY_AS_IS,,true
candidate:tutor:kr-ad11-c8fc-kr-ad11-c0b0-ad6c-kr-bb38-d765-b3d9:region_tutor,,문흥동과외,광주,69,/tutor/kr-ad11-c8fc-kr-ad11-c0b0-ad6c-kr-bb38-d765-b3d9/region_tutor,true,READY_AS_IS,READY_AS_IS,,true
candidate:tutor:kr-ad11-c8fc-kr-ad11-c0b0-ad6c-kr-b450-c554-b3d9:region_tutor,,두암동과외,광주,70,/tutor/kr-ad11-c8fc-kr-ad11-c0b0-ad6c-kr-b450-c554-b3d9/region_tutor,true,READY_AS_IS,READY_AS_IS,,true
candidate:tutor:kr-ad11-c8fc-kr-ad11-c0b0-ad6c-kr-ac01-d654-b3d9:region_tutor,,각화동과외,광주,71,/tutor/kr-ad11-c8fc-kr-ad11-c0b0-ad6c-kr-ac01-d654-b3d9/region_tutor,true,READY_AS_IS,READY_AS_IS,,true
candidate:tutor:kr-ad11-c8fc-kr-ad11-c0b0-ad6c-kr-c77c-ace1-b3d9:region_tutor,,일곡동과외,광주,72,/tutor/kr-ad11-c8fc-kr-ad11-c0b0-ad6c-kr-c77c-ace1-b3d9/region_tutor,true,READY_AS_IS,READY_AS_IS,,true
candidate:tutor:kr-ad11-c8fc-kr-ad11-c0b0-ad6c-kr-c591-c0b0-b3d9:region_tutor,,양산동과외,광주,73,/tutor/kr-ad11-c8fc-kr-ad11-c0b0-ad6c-kr-c591-c0b0-b3d9/region_tutor,true,READY_AS_IS,READY_AS_IS,,true
candidate:tutor:kr-ad11-c8fc-kr-ad11-c0b0-ad6c-kr-c5f0-c81c-b3d9:region_tutor,,연제동과외,광주,74,/tutor/kr-ad11-c8fc-kr-ad11-c0b0-ad6c-kr-c5f0-c81c-b3d9/region_tutor,true,READY_AS_IS,READY_AS_IS,,true
candidate:tutor:kr-ad11-c8fc-kr-ad11-c0b0-ad6c-kr-c2e0-c6a9-b3d9:region_tutor,,신용동과외,광주,75,/tutor/kr-ad11-c8fc-kr-ad11-c0b0-ad6c-kr-c2e0-c6a9-b3d9/region_tutor,true,READY_AS_IS,READY_AS_IS,,true
candidate:tutor:kr-ad11-c8fc-kr-ad11-c0b0-ad6c-kr-c6a9-b450-b3d9:region_tutor,,용두동과외,광주,76,/tutor/kr-ad11-c8fc-kr-ad11-c0b0-ad6c-kr-c6a9-b450-b3d9/region_tutor,true,READY_AS_IS,READY_AS_IS,,true
candidate:tutor:kr-ad11-c8fc-kr-ad11-c0b0-ad6c-kr-bcf8-cd0c-b3d9:region_tutor,,본촌동과외,광주,77,/tutor/kr-ad11-c8fc-kr-ad11-c0b0-ad6c-kr-bcf8-cd0c-b3d9/region_tutor,true,READY_AS_IS,READY_AS_IS,,true
candidate:tutor:kr-ad11-c8fc-kr-ad11-c0b0-ad6c-kr-c6d4-cd9c-b3d9:region_tutor,,월출동과외,광주,78,/tutor/kr-ad11-c8fc-kr-ad11-c0b0-ad6c-kr-c6d4-cd9c-b3d9/region_tutor,true,READY_AS_IS,READY_AS_IS,,true
candidate:tutor:kr-ad11-c8fc-kr-ad11-c0b0-ad6c-kr-b300-cd0c-b3d9:region_tutor,,대촌동과외,광주,79,/tutor/kr-ad11-c8fc-kr-ad11-c0b0-ad6c-kr-b300-cd0c-b3d9/region_tutor,true,READY_AS_IS,READY_AS_IS,,true
candidate:tutor:kr-ad11-c8fc-kr-ad11-c0b0-ad6c-kr-c624-b8e1-b3d9:region_tutor,,오룡동과외,광주,80,/tutor/kr-ad11-c8fc-kr-ad11-c0b0-ad6c-kr-c624-b8e1-b3d9/region_tutor,true,READY_AS_IS,READY_AS_IS,,true
candidate:tutor:kr-ad11-c8fc-kr-ad11-c0b0-ad6c-kr-c9c0-c57c-b3d9:region_tutor,,지야동과외,광주,81,/tutor/kr-ad11-c8fc-kr-ad11-c0b0-ad6c-kr-c9c0-c57c-b3d9/region_tutor,true,READY_AS_IS,READY_AS_IS,,true
candidate:tutor:kr-ad11-c8fc-kr-ad11-c0b0-ad6c-kr-d0dc-b839-b3d9:region_tutor,,태령동과외,광주,82,/tutor/kr-ad11-c8fc-kr-ad11-c0b0-ad6c-kr-d0dc-b839-b3d9/region_tutor,true,READY_AS_IS,READY_AS_IS,,true
candidate:tutor:kr-ad11-c8fc-kr-ad11-c0b0-ad6c-kr-c218-ace1-b3d9:region_tutor,,수곡동과외,광주,83,/tutor/kr-ad11-c8fc-kr-ad11-c0b0-ad6c-kr-c218-ace1-b3d9/region_tutor,true,READY_AS_IS,READY_AS_IS,,true
candidate:tutor:kr-ad11-c8fc-kr-ad11-c0b0-ad6c-kr-d6a8-b839-b3d9:region_tutor,,효령동과외,광주,84,/tutor/kr-ad11-c8fc-kr-ad11-c0b0-ad6c-kr-d6a8-b839-b3d9/region_tutor,true,READY_AS_IS,READY_AS_IS,,true
candidate:tutor:kr-ad11-c8fc-kr-ad11-c0b0-ad6c-kr-c1a1-c815-b3d9:region_tutor,,송정동과외,광주,85,/tutor/kr-ad11-c8fc-kr-ad11-c0b0-ad6c-kr-c1a1-c815-b3d9/region_tutor,true,READY_AS_IS,READY_AS_IS,,true
candidate:tutor:kr-ad11-c8fc-kr-ad11-c0b0-ad6c-kr-b3c4-c0b0-b3d9:region_tutor,,도산동과외,광주,86,/tutor/kr-ad11-c8fc-kr-ad11-c0b0-ad6c-kr-b3c4-c0b0-b3d9/region_tutor,true,READY_AS_IS,READY_AS_IS,,true
candidate:tutor:kr-ad11-c8fc-kr-ad11-c0b0-ad6c-kr-c2e0-d765-b3d9:region_tutor,,신흥동과외,광주,87,/tutor/kr-ad11-c8fc-kr-ad11-c0b0-ad6c-kr-c2e0-d765-b3d9/region_tutor,true,READY_AS_IS,READY_AS_IS,,true
candidate:tutor:kr-ad11-c8fc-kr-ad11-c0b0-ad6c-kr-c6b0-c0b0-b3d9:region_tutor,,우산동과외,광주,88,/tutor/kr-ad11-c8fc-kr-ad11-c0b0-ad6c-kr-c6b0-c0b0-b3d9/region_tutor,true,READY_AS_IS,READY_AS_IS,,true
candidate:tutor:kr-ad11-c8fc-kr-ad11-c0b0-ad6c-kr-c6d4-ace1-b3d9:region_tutor,,월곡동과외,광주,89,/tutor/kr-ad11-c8fc-kr-ad11-c0b0-ad6c-kr-c6d4-ace1-b3d9/region_tutor,true,READY_AS_IS,READY_AS_IS,,true
candidate:tutor:kr-ad11-c8fc-kr-ad11-c0b0-ad6c-kr-c6b4-b0a8-b3d9:region_tutor,,운남동과외,광주,90,/tutor/kr-ad11-c8fc-kr-ad11-c0b0-ad6c-kr-c6b4-b0a8-b3d9/region_tutor,true,READY_AS_IS,READY_AS_IS,,true
candidate:tutor:kr-ad11-c8fc-kr-ad11-c0b0-ad6c-kr-c30d-c554-b3d9:region_tutor,,쌍암동과외,광주,91,/tutor/kr-ad11-c8fc-kr-ad11-c0b0-ad6c-kr-c30d-c554-b3d9/region_tutor,true,READY_AS_IS,READY_AS_IS,,true
candidate:tutor:kr-ad11-c8fc-kr-ad11-c0b0-ad6c-kr-c0b0-c6d4-b3d9:region_tutor,,산월동과외,광주,92,/tutor/kr-ad11-c8fc-kr-ad11-c0b0-ad6c-kr-c0b0-c6d4-b3d9/region_tutor,true,READY_AS_IS,READY_AS_IS,,true
candidate:tutor:kr-ad11-c8fc-kr-ad11-c0b0-ad6c-kr-c2e0-cc3d-b3d9:region_tutor,,신창동과외,광주,93,/tutor/kr-ad11-c8fc-kr-ad11-c0b0-ad6c-kr-c2e0-cc3d-b3d9/region_tutor,true,READY_AS_IS,READY_AS_IS,,true
candidate:tutor:kr-ad11-c8fc-kr-ad11-c0b0-ad6c-kr-c2e0-ac00-b3d9:region_tutor,,신가동과외,광주,94,/tutor/kr-ad11-c8fc-kr-ad11-c0b0-ad6c-kr-c2e0-ac00-b3d9/region_tutor,true,READY_AS_IS,READY_AS_IS,,true
candidate:tutor:kr-ad11-c8fc-kr-ad11-c0b0-ad6c-kr-c218-c644-b3d9:region_tutor,,수완동과외,광주,95,/tutor/kr-ad11-c8fc-kr-ad11-c0b0-ad6c-kr-c218-c644-b3d9/region_tutor,true,READY_AS_IS,READY_AS_IS,,true
candidate:tutor:kr-ad11-c8fc-kr-ad11-c0b0-ad6c-kr-c7a5-b355-b3d9:region_tutor,,장덕동과외,광주,96,/tutor/kr-ad11-c8fc-kr-ad11-c0b0-ad6c-kr-c7a5-b355-b3d9/region_tutor,true,READY_AS_IS,READY_AS_IS,,true
candidate:tutor:kr-ad11-c8fc-kr-ad11-c0b0-ad6c-kr-d751-c11d-b3d9:region_tutor,,흑석동과외,광주,97,/tutor/kr-ad11-c8fc-kr-ad11-c0b0-ad6c-kr-d751-c11d-b3d9/region_tutor,true,READY_AS_IS,READY_AS_IS,,true
candidate:tutor:kr-ad11-c8fc-kr-ad11-c0b0-ad6c-kr-d558-b0a8-b3d9:region_tutor,,하남동과외,광주,98,/tutor/kr-ad11-c8fc-kr-ad11-c0b0-ad6c-kr-d558-b0a8-b3d9/region_tutor,true,READY_AS_IS,READY_AS_IS,,true
candidate:tutor:kr-ad11-c8fc-kr-ad11-c0b0-ad6c-kr-c7a5-c218-b3d9:region_tutor,,장수동과외,광주,99,/tutor/kr-ad11-c8fc-kr-ad11-c0b0-ad6c-kr-c7a5-c218-b3d9/region_tutor,true,READY_AS_IS,READY_AS_IS,,true
candidate:tutor:kr-ad11-c8fc-kr-ad11-c0b0-ad6c-kr-c548-ccad-b3d9:region_tutor,,안청동과외,광주,100,/tutor/kr-ad11-c8fc-kr-ad11-c0b0-ad6c-kr-c548-ccad-b3d9/region_tutor,true,READY_AS_IS,READY_AS_IS,,true
candidate:tutor:kr-ad11-c8fc-kr-ad11-c0b0-ad6c-kr-c624-c120-b3d9:region_tutor,,오선동과외,광주,101,/tutor/kr-ad11-c8fc-kr-ad11-c0b0-ad6c-kr-c624-c120-b3d9/region_tutor,true,READY_AS_IS,READY_AS_IS,,true
candidate:tutor:kr-ad11-c8fc-kr-ad11-c0b0-ad6c-kr-be44-c544-b3d9:region_tutor,,비아동과외,광주,102,/tutor/kr-ad11-c8fc-kr-ad11-c0b0-ad6c-kr-be44-c544-b3d9/region_tutor,true,READY_AS_IS,READY_AS_IS,,true
candidate:tutor:kr-ad11-c8fc-kr-ad11-c0b0-ad6c-kr-c6d4-c804-b3d9:region_tutor,,월전동과외,광주,103,/tutor/kr-ad11-c8fc-kr-ad11-c0b0-ad6c-kr-c6d4-c804-b3d9/region_tutor,true,READY_AS_IS,READY_AS_IS,,true
candidate:tutor:kr-ad11-c8fc-kr-ad11-c0b0-ad6c-kr-ace0-b8e1-b3d9:region_tutor,,고룡동과외,광주,104,/tutor/kr-ad11-c8fc-kr-ad11-c0b0-ad6c-kr-ace0-b8e1-b3d9/region_tutor,true,READY_AS_IS,READY_AS_IS,,true
candidate:tutor:kr-ad11-c8fc-kr-ad11-c0b0-ad6c-kr-c9c0-c8fd-b3d9:region_tutor,,지죽동과외,광주,105,/tutor/kr-ad11-c8fc-kr-ad11-c0b0-ad6c-kr-c9c0-c8fd-b3d9/region_tutor,true,READY_AS_IS,READY_AS_IS,,true
candidate:tutor:kr-ad11-c8fc-kr-ad11-c0b0-ad6c-kr-c6a9-b3d9:region_tutor,,용동과외,광주,106,/tutor/kr-ad11-c8fc-kr-ad11-c0b0-ad6c-kr-c6a9-b3d9/region_tutor,true,READY_AS_IS,READY_AS_IS,,true
candidate:tutor:kr-ad11-c8fc-kr-ad11-c0b0-ad6c-kr-ba85-d654-b3d9:region_tutor,,명화동과외,광주,107,/tutor/kr-ad11-c8fc-kr-ad11-c0b0-ad6c-kr-ba85-d654-b3d9/region_tutor,true,READY_AS_IS,READY_AS_IS,,true
candidate:tutor:kr-ad11-c8fc-kr-ad11-c0b0-ad6c-kr-ad11-c0b0-ad6c-b3d9-b9bc-b3d9:region_tutor,,광산구동림동과외,광주,108,/tutor/kr-ad11-c8fc-kr-ad11-c0b0-ad6c-kr-ad11-c0b0-ad6c-b3d9-b9bc-b3d9/region_tutor,true,READY_AS_IS,READY_AS_IS,,true
candidate:tutor:kr-ad11-c8fc-kr-ad11-c0b0-ad6c-kr-c120-c554-b3d9:region_tutor,,선암동과외,광주,109,/tutor/kr-ad11-c8fc-kr-ad11-c0b0-ad6c-kr-c120-c554-b3d9/region_tutor,true,READY_AS_IS,READY_AS_IS,,true
candidate:tutor:kr-ad11-c8fc-kr-ad11-c0b0-ad6c-kr-d3c9-b3d9:region_tutor,,평동과외,광주,110,/tutor/kr-ad11-c8fc-kr-ad11-c0b0-ad6c-kr-d3c9-b3d9/region_tutor,true,READY_AS_IS,READY_AS_IS,,true
candidate:tutor:kr-ad11-c8fc-kr-ad11-c0b0-ad6c-kr-c625-b3d9:region_tutor,,옥동과외,광주,111,/tutor/kr-ad11-c8fc-kr-ad11-c0b0-ad6c-kr-c625-b3d9/region_tutor,true,READY_AS_IS,READY_AS_IS,,true
candidate:tutor:kr-ad11-c8fc-kr-ad11-c0b0-ad6c-kr-c0bc-ac70-b3d9:region_tutor,,삼거동과외,광주,112,/tutor/kr-ad11-c8fc-kr-ad11-c0b0-ad6c-kr-c0bc-ac70-b3d9/region_tutor,true,READY_AS_IS,READY_AS_IS,,true
candidate:tutor:kr-ad11-c8fc-kr-ad11-c0b0-ad6c-kr-bcf8-b355-b3d9:region_tutor,,본덕동과외,광주,113,/tutor/kr-ad11-c8fc-kr-ad11-c0b0-ad6c-kr-bcf8-b355-b3d9/region_tutor,true,READY_AS_IS,READY_AS_IS,,true
candidate:tutor:kr-ad11-c8fc-kr-ad11-c0b0-ad6c-kr-bcf5-b8e1-b3d9:region_tutor,,복룡동과외,광주,114,/tutor/kr-ad11-c8fc-kr-ad11-c0b0-ad6c-kr-bcf5-b8e1-b3d9/region_tutor,true,READY_AS_IS,READY_AS_IS,,true
candidate:tutor:kr-ad11-c8fc-kr-ad11-c0b0-ad6c-kr-c784-ace1-b3d9:region_tutor,,임곡동과외,광주,115,/tutor/kr-ad11-c8fc-kr-ad11-c0b0-ad6c-kr-c784-ace1-b3d9/region_tutor,true,READY_AS_IS,READY_AS_IS,,true
candidate:tutor:kr-ad11-c8fc-kr-ad11-c0b0-ad6c-kr-b3d9-d638-b3d9:region_tutor,,동호동과외,광주,116,/tutor/kr-ad11-c8fc-kr-ad11-c0b0-ad6c-kr-b3d9-d638-b3d9/region_tutor,true,READY_AS_IS,READY_AS_IS,,true
candidate:tutor:kr-ad11-c8fc-kr-ad11-c0b0-ad6c-kr-c0bc-b3c4-b3d9:region_tutor,,삼도동과외,광주,117,/tutor/kr-ad11-c8fc-kr-ad11-c0b0-ad6c-kr-c0bc-b3c4-b3d9/region_tutor,true,READY_AS_IS,READY_AS_IS,,true
