page_id,route,final_status,generation_allowed,source_sheet,source_row,k_present,output_path,output_exists_after,action
candidate:tutor:kr-b300-ad6c-kr-b300-ad6c-b0a8-ad6c:region_tutor,/tutor/kr-b300-ad6c-kr-b300-ad6c-b0a8-ad6c/region_tutor,READY_REMOVE_DUPLICATE_H1,true,대구,4,true,C:\프로젝트\tutorplan\output\tutor\kr-b300-ad6c-kr-b300-ad6c-b0a8-ad6c\region_tutor\index.html,True,GENERATED_K_REMOVE_H1
candidate:tutor:kr-b300-ad6c-kr-b300-ad6c-c911-ad6c-kr-ac80-b2e8-b3d9:region_tutor,/tutor/kr-b300-ad6c-kr-b300-ad6c-c911-ad6c-kr-ac80-b2e8-b3d9/region_tutor,READY_REMOVE_DUPLICATE_H1,true,대구,11,true,C:\프로젝트\tutorplan\output\tutor\kr-b300-ad6c-kr-b300-ad6c-c911-ad6c-kr-ac80-b2e8-b3d9\region_tutor\index.html,True,GENERATED_K_REMOVE_H1
candidate:tutor:kr-b300-ad6c-kr-b300-ad6c-c911-ad6c-kr-ace0-c131-b3d9:region_tutor,/tutor/kr-b300-ad6c-kr-b300-ad6c-c911-ad6c-kr-ace0-c131-b3d9/region_tutor,READY_REMOVE_DUPLICATE_H1,true,대구,12,true,C:\프로젝트\tutorplan\output\tutor\kr-b300-ad6c-kr-b300-ad6c-c911-ad6c-kr-ace0-c131-b3d9\region_tutor\index.html,True,GENERATED_K_REMOVE_H1
candidate:tutor:kr-b300-ad6c-kr-b300-ad6c-c911-ad6c-kr-ad6c-c554-b3d9:region_tutor,/tutor/kr-b300-ad6c-kr-b300-ad6c-c911-ad6c-kr-ad6c-c554-b3d9/region_tutor,READY_REMOVE_DUPLICATE_H1,true,대구,13,true,C:\프로젝트\tutorplan\output\tutor\kr-b300-ad6c-kr-b300-ad6c-c911-ad6c-kr-ad6c-c554-b3d9\region_tutor\index.html,True,GENERATED_K_REMOVE_H1
candidate:tutor:kr-b300-ad6c-kr-b300-ad6c-c911-ad6c-kr-ad6d-c6b0-b3d9:region_tutor,/tutor/kr-b300-ad6c-kr-b300-ad6c-c911-ad6c-kr-ad6d-c6b0-b3d9/region_tutor,READY_REMOVE_DUPLICATE_H1,true,대구,14,true,C:\프로젝트\tutorplan\output\tutor\kr-b300-ad6c-kr-b300-ad6c-c911-ad6c-kr-ad6d-c6b0-b3d9\region_tutor\index.html,True,GENERATED_K_REMOVE_H1
candidate:tutor:kr-b300-ad6c-kr-b300-ad6c-c911-ad6c-kr-b300-d604-b3d9:region_tutor,/tutor/kr-b300-ad6c-kr-b300-ad6c-c911-ad6c-kr-b300-d604-b3d9/region_tutor,READY_REMOVE_DUPLICATE_H1,true,대구,15,true,C:\프로젝트\tutorplan\output\tutor\kr-b300-ad6c-kr-b300-ad6c-c911-ad6c-kr-b300-d604-b3d9\region_tutor\index.html,True,GENERATED_K_REMOVE_H1
candidate:tutor:kr-b300-ad6c-kr-b300-ad6c-c911-ad6c-kr-b300-ad6c-b3d9-cc9c-b3d9:region_tutor,/tutor/kr-b300-ad6c-kr-b300-ad6c-c911-ad6c-kr-b300-ad6c-b3d9-cc9c-b3d9/region_tutor,READY_REMOVE_DUPLICATE_H1,true,대구,16,true,C:\프로젝트\tutorplan\output\tutor\kr-b300-ad6c-kr-b300-ad6c-c911-ad6c-kr-b300-ad6c-b3d9-cc9c-b3d9\region_tutor\index.html,True,GENERATED_K_REMOVE_H1
candidate:tutor:kr-b300-ad6c-kr-b300-ad6c-c911-ad6c-kr-bcf5-d604-b3d9:region_tutor,/tutor/kr-b300-ad6c-kr-b300-ad6c-c911-ad6c-kr-bcf5-d604-b3d9/region_tutor,READY_REMOVE_DUPLICATE_H1,true,대구,18,true,C:\프로젝트\tutorplan\output\tutor\kr-b300-ad6c-kr-b300-ad6c-c911-ad6c-kr-bcf5-d604-b3d9\region_tutor\index.html,True,GENERATED_K_REMOVE_H1
candidate:tutor:kr-b300-ad6c-kr-b300-ad6c-c911-ad6c-kr-c0b0-aca9-b3d9:region_tutor,/tutor/kr-b300-ad6c-kr-b300-ad6c-c911-ad6c-kr-c0b0-aca9-b3d9/region_tutor,READY_REMOVE_DUPLICATE_H1,true,대구,19,true,C:\프로젝트\tutorplan\output\tutor\kr-b300-ad6c-kr-b300-ad6c-c911-ad6c-kr-c0b0-aca9-b3d9\region_tutor\index.html,True,GENERATED_K_REMOVE_H1
candidate:tutor:kr-b300-ad6c-kr-b300-ad6c-c911-ad6c-kr-ce68-c0b0-b3d9:region_tutor,/tutor/kr-b300-ad6c-kr-b300-ad6c-c911-ad6c-kr-ce68-c0b0-b3d9/region_tutor,READY_REMOVE_DUPLICATE_H1,true,대구,22,true,C:\프로젝트\tutorplan\output\tutor\kr-b300-ad6c-kr-b300-ad6c-c911-ad6c-kr-ce68-c0b0-b3d9\region_tutor\index.html,True,GENERATED_K_REMOVE_H1
candidate:tutor:kr-b300-ad6c-kr-b300-ad6c-c911-ad6c-kr-b300-ba85-b3d9:region_tutor,/tutor/kr-b300-ad6c-kr-b300-ad6c-c911-ad6c-kr-b300-ba85-b3d9/region_tutor,READY_REMOVE_DUPLICATE_H1,true,대구,24,true,C:\프로젝트\tutorplan\output\tutor\kr-b300-ad6c-kr-b300-ad6c-c911-ad6c-kr-b300-ba85-b3d9\region_tutor\index.html,True,GENERATED_K_REMOVE_H1
candidate:tutor:kr-b300-ad6c-kr-b300-ad6c-c911-ad6c-kr-bd09-b355-b3d9:region_tutor,/tutor/kr-b300-ad6c-kr-b300-ad6c-c911-ad6c-kr-bd09-b355-b3d9/region_tutor,READY_REMOVE_DUPLICATE_H1,true,대구,25,true,C:\프로젝트\tutorplan\output\tutor\kr-b300-ad6c-kr-b300-ad6c-c911-ad6c-kr-bd09-b355-b3d9\region_tutor\index.html,True,GENERATED_K_REMOVE_H1
candidate:tutor:kr-b300-ad6c-kr-b300-ad6c-c911-ad6c-kr-ac10-c0bc-b3d9:region_tutor,/tutor/kr-b300-ad6c-kr-b300-ad6c-c911-ad6c-kr-ac10-c0bc-b3d9/region_tutor,READY_REMOVE_DUPLICATE_H1,true,대구,27,true,C:\프로젝트\tutorplan\output\tutor\kr-b300-ad6c-kr-b300-ad6c-c911-ad6c-kr-ac10-c0bc-b3d9\region_tutor\index.html,True,GENERATED_K_REMOVE_H1
candidate:tutor:kr-b300-ad6c-kr-b300-ad6c-c911-ad6c-kr-b3c4-c6d0-b3d9:region_tutor,/tutor/kr-b300-ad6c-kr-b300-ad6c-c911-ad6c-kr-b3c4-c6d0-b3d9/region_tutor,READY_REMOVE_DUPLICATE_H1,true,대구,29,true,C:\프로젝트\tutorplan\output\tutor\kr-b300-ad6c-kr-b300-ad6c-c911-ad6c-kr-b3c4-c6d0-b3d9\region_tutor\index.html,True,GENERATED_K_REMOVE_H1
candidate:tutor:kr-b300-ad6c-kr-b300-ad6c-c911-ad6c-kr-b450-b958-b3d9:region_tutor,/tutor/kr-b300-ad6c-kr-b300-ad6c-c911-ad6c-kr-b450-b958-b3d9/region_tutor,READY_REMOVE_DUPLICATE_H1,true,대구,30,true,C:\프로젝트\tutorplan\output\tutor\kr-b300-ad6c-kr-b300-ad6c-c911-ad6c-kr-b450-b958-b3d9\region_tutor\index.html,True,GENERATED_K_REMOVE_H1
candidate:tutor:kr-b300-ad6c-kr-b300-ad6c-c911-ad6c-kr-c0c1-c778-b3d9:region_tutor,/tutor/kr-b300-ad6c-kr-b300-ad6c-c911-ad6c-kr-c0c1-c778-b3d9/region_tutor,READY_REMOVE_DUPLICATE_H1,true,대구,33,true,C:\프로젝트\tutorplan\output\tutor\kr-b300-ad6c-kr-b300-ad6c-c911-ad6c-kr-c0c1-c778-b3d9\region_tutor\index.html,True,GENERATED_K_REMOVE_H1
candidate:tutor:kr-b300-ad6c-kr-b300-ad6c-c911-ad6c-kr-c131-b2f9-b3d9:region_tutor,/tutor/kr-b300-ad6c-kr-b300-ad6c-c911-ad6c-kr-c131-b2f9-b3d9/region_tutor,READY_REMOVE_DUPLICATE_H1,true,대구,34,true,C:\프로젝트\tutorplan\output\tutor\kr-b300-ad6c-kr-b300-ad6c-c911-ad6c-kr-c131-b2f9-b3d9\region_tutor\index.html,True,GENERATED_K_REMOVE_H1
candidate:tutor:kr-b300-ad6c-kr-b300-ad6c-c911-ad6c-kr-c6a9-c0b0-b3d9:region_tutor,/tutor/kr-b300-ad6c-kr-b300-ad6c-c911-ad6c-kr-c6a9-c0b0-b3d9/region_tutor,READY_REMOVE_DUPLICATE_H1,true,대구,37,true,C:\프로젝트\tutorplan\output\tutor\kr-b300-ad6c-kr-b300-ad6c-c911-ad6c-kr-c6a9-c0b0-b3d9\region_tutor\index.html,True,GENERATED_K_REMOVE_H1
candidate:tutor:kr-b300-ad6c-kr-b300-ad6c-c911-ad6c-kr-c720-cc9c-b3d9:region_tutor,/tutor/kr-b300-ad6c-kr-b300-ad6c-c911-ad6c-kr-c720-cc9c-b3d9/region_tutor,READY_REMOVE_DUPLICATE_H1,true,대구,39,true,C:\프로젝트\tutorplan\output\tutor\kr-b300-ad6c-kr-b300-ad6c-c911-ad6c-kr-c720-cc9c-b3d9\region_tutor\index.html,True,GENERATED_K_REMOVE_H1
candidate:tutor:kr-b300-ad6c-kr-b300-ad6c-c911-ad6c-kr-c774-ace1-b3d9:region_tutor,/tutor/kr-b300-ad6c-kr-b300-ad6c-c911-ad6c-kr-c774-ace1-b3d9/region_tutor,READY_REMOVE_DUPLICATE_H1,true,대구,40,true,C:\프로젝트\tutorplan\output\tutor\kr-b300-ad6c-kr-b300-ad6c-c911-ad6c-kr-c774-ace1-b3d9\region_tutor\index.html,True,GENERATED_K_REMOVE_H1
candidate:tutor:kr-b300-ad6c-kr-b300-ad6c-c911-ad6c-kr-d654-c6d0-c74d:region_tutor,/tutor/kr-b300-ad6c-kr-b300-ad6c-c911-ad6c-kr-d654-c6d0-c74d/region_tutor,READY_REMOVE_DUPLICATE_H1,true,대구,44,true,C:\프로젝트\tutorplan\output\tutor\kr-b300-ad6c-kr-b300-ad6c-c911-ad6c-kr-d654-c6d0-c74d\region_tutor\index.html,True,GENERATED_K_REMOVE_H1
candidate:tutor:kr-b300-ad6c-kr-b300-ad6c-c911-ad6c-kr-b300-ad6c-bd88-b85c-b3d9:region_tutor,/tutor/kr-b300-ad6c-kr-b300-ad6c-c911-ad6c-kr-b300-ad6c-bd88-b85c-b3d9/region_tutor,READY_REMOVE_DUPLICATE_H1,true,대구,48,true,C:\프로젝트\tutorplan\output\tutor\kr-b300-ad6c-kr-b300-ad6c-c911-ad6c-kr-b300-ad6c-bd88-b85c-b3d9\region_tutor\index.html,True,GENERATED_K_REMOVE_H1
candidate:tutor:kr-b300-ad6c-kr-b300-ad6c-c911-ad6c-kr-b300-b9bc-b3d9:region_tutor,/tutor/kr-b300-ad6c-kr-b300-ad6c-c911-ad6c-kr-b300-b9bc-b3d9/region_tutor,READY_REMOVE_DUPLICATE_H1,true,대구,49,true,C:\프로젝트\tutorplan\output\tutor\kr-b300-ad6c-kr-b300-ad6c-c911-ad6c-kr-b300-b9bc-b3d9\region_tutor\index.html,True,GENERATED_K_REMOVE_H1
candidate:tutor:kr-b300-ad6c-kr-b300-ad6c-c911-ad6c-kr-c2e0-c11c-b3d9:region_tutor,/tutor/kr-b300-ad6c-kr-b300-ad6c-c911-ad6c-kr-c2e0-c11c-b3d9/region_tutor,READY_REMOVE_DUPLICATE_H1,true,대구,52,true,C:\프로젝트\tutorplan\output\tutor\kr-b300-ad6c-kr-b300-ad6c-c911-ad6c-kr-c2e0-c11c-b3d9\region_tutor\index.html,True,GENERATED_K_REMOVE_H1
candidate:tutor:kr-b300-ad6c-kr-b300-ad6c-c911-ad6c-kr-c2e0-c554-b3d9:region_tutor,/tutor/kr-b300-ad6c-kr-b300-ad6c-c911-ad6c-kr-c2e0-c554-b3d9/region_tutor,READY_REMOVE_DUPLICATE_H1,true,대구,55,true,C:\프로젝트\tutorplan\output\tutor\kr-b300-ad6c-kr-b300-ad6c-c911-ad6c-kr-c2e0-c554-b3d9\region_tutor\index.html,True,GENERATED_K_REMOVE_H1
candidate:tutor:kr-b300-ad6c-kr-b300-ad6c-c911-ad6c-kr-d6a8-baa9-b3d9:region_tutor,/tutor/kr-b300-ad6c-kr-b300-ad6c-c911-ad6c-kr-d6a8-baa9-b3d9/region_tutor,READY_REMOVE_DUPLICATE_H1,true,대구,59,true,C:\프로젝트\tutorplan\output\tutor\kr-b300-ad6c-kr-b300-ad6c-c911-ad6c-kr-d6a8-baa9-b3d9\region_tutor\index.html,True,GENERATED_K_REMOVE_H1
candidate:tutor:kr-b300-ad6c-kr-b300-ad6c-c911-ad6c-kr-b3d9-d638-b3d9:region_tutor,/tutor/kr-b300-ad6c-kr-b300-ad6c-c911-ad6c-kr-b3d9-d638-b3d9/region_tutor,READY_REMOVE_DUPLICATE_H1,true,대구,60,true,C:\프로젝트\tutorplan\output\tutor\kr-b300-ad6c-kr-b300-ad6c-c911-ad6c-kr-b3d9-d638-b3d9\region_tutor\index.html,True,GENERATED_K_REMOVE_H1
candidate:tutor:kr-b300-ad6c-kr-b300-ad6c-c911-ad6c-kr-d3c9-b9ac-b3d9:region_tutor,/tutor/kr-b300-ad6c-kr-b300-ad6c-c911-ad6c-kr-d3c9-b9ac-b3d9/region_tutor,READY_REMOVE_DUPLICATE_H1,true,대구,62,true,C:\프로젝트\tutorplan\output\tutor\kr-b300-ad6c-kr-b300-ad6c-c911-ad6c-kr-d3c9-b9ac-b3d9\region_tutor\index.html,True,GENERATED_K_REMOVE_H1
candidate:tutor:kr-b300-ad6c-kr-b300-ad6c-c911-ad6c-kr-ac00-cc9c-b3d9:region_tutor,/tutor/kr-b300-ad6c-kr-b300-ad6c-c911-ad6c-kr-ac00-cc9c-b3d9/region_tutor,READY_REMOVE_DUPLICATE_H1,true,대구,64,true,C:\프로젝트\tutorplan\output\tutor\kr-b300-ad6c-kr-b300-ad6c-c911-ad6c-kr-ac00-cc9c-b3d9\region_tutor\index.html,True,GENERATED_K_REMOVE_H1
candidate:tutor:kr-b300-ad6c-kr-b300-ad6c-c911-ad6c-kr-ace0-baa8-b3d9:region_tutor,/tutor/kr-b300-ad6c-kr-b300-ad6c-c911-ad6c-kr-ace0-baa8-b3d9/region_tutor,READY_REMOVE_DUPLICATE_H1,true,대구,65,true,C:\프로젝트\tutorplan\output\tutor\kr-b300-ad6c-kr-b300-ad6c-c911-ad6c-kr-ace0-baa8-b3d9\region_tutor\index.html,True,GENERATED_K_REMOVE_H1
candidate:tutor:kr-b300-ad6c-kr-b300-ad6c-c911-ad6c-kr-b450-c0b0-b3d9:region_tutor,/tutor/kr-b300-ad6c-kr-b300-ad6c-c911-ad6c-kr-b450-c0b0-b3d9/region_tutor,READY_REMOVE_DUPLICATE_H1,true,대구,67,true,C:\프로젝트\tutorplan\output\tutor\kr-b300-ad6c-kr-b300-ad6c-c911-ad6c-kr-b450-c0b0-b3d9\region_tutor\index.html,True,GENERATED_K_REMOVE_H1
candidate:tutor:kr-b300-ad6c-kr-b300-ad6c-c911-ad6c-kr-bc94-c5b4-b3d9:region_tutor,/tutor/kr-b300-ad6c-kr-b300-ad6c-c911-ad6c-kr-bc94-c5b4-b3d9/region_tutor,READY_REMOVE_DUPLICATE_H1,true,대구,70,true,C:\프로젝트\tutorplan\output\tutor\kr-b300-ad6c-kr-b300-ad6c-c911-ad6c-kr-bc94-c5b4-b3d9\region_tutor\index.html,True,GENERATED_K_REMOVE_H1
candidate:tutor:kr-b300-ad6c-kr-b300-ad6c-c911-ad6c-kr-c218-c131-b3d9:region_tutor,/tutor/kr-b300-ad6c-kr-b300-ad6c-c911-ad6c-kr-c218-c131-b3d9/region_tutor,READY_REMOVE_DUPLICATE_H1,true,대구,74,true,C:\프로젝트\tutorplan\output\tutor\kr-b300-ad6c-kr-b300-ad6c-c911-ad6c-kr-c218-c131-b3d9\region_tutor\index.html,True,GENERATED_K_REMOVE_H1
candidate:tutor:kr-b300-ad6c-kr-b300-ad6c-c911-ad6c-kr-c2e0-b9e4-b3d9:region_tutor,/tutor/kr-b300-ad6c-kr-b300-ad6c-c911-ad6c-kr-c2e0-b9e4-b3d9/region_tutor,READY_REMOVE_DUPLICATE_H1,true,대구,76,true,C:\프로젝트\tutorplan\output\tutor\kr-b300-ad6c-kr-b300-ad6c-c911-ad6c-kr-c2e0-b9e4-b3d9\region_tutor\index.html,True,GENERATED_K_REMOVE_H1
candidate:tutor:kr-b300-ad6c-kr-b300-ad6c-c911-ad6c-kr-b300-ad6c-c911-b3d9:region_tutor,/tutor/kr-b300-ad6c-kr-b300-ad6c-c911-ad6c-kr-b300-ad6c-c911-b3d9/region_tutor,READY_REMOVE_DUPLICATE_H1,true,대구,77,true,C:\프로젝트\tutorplan\output\tutor\kr-b300-ad6c-kr-b300-ad6c-c911-ad6c-kr-b300-ad6c-c911-b3d9\region_tutor\index.html,True,GENERATED_K_REMOVE_H1
candidate:tutor:kr-b300-ad6c-kr-b300-ad6c-c911-ad6c-kr-d669-ae08-b3d9:region_tutor,/tutor/kr-b300-ad6c-kr-b300-ad6c-c911-ad6c-kr-d669-ae08-b3d9/region_tutor,READY_REMOVE_DUPLICATE_H1,true,대구,80,true,C:\프로젝트\tutorplan\output\tutor\kr-b300-ad6c-kr-b300-ad6c-c911-ad6c-kr-d669-ae08-b3d9\region_tutor\index.html,True,GENERATED_K_REMOVE_H1
candidate:tutor:kr-b300-ad6c-kr-b300-ad6c-c911-ad6c-kr-b300-ad6c-b0a8-c0b0-b3d9:region_tutor,/tutor/kr-b300-ad6c-kr-b300-ad6c-c911-ad6c-kr-b300-ad6c-b0a8-c0b0-b3d9/region_tutor,READY_REMOVE_DUPLICATE_H1,true,대구,81,true,C:\프로젝트\tutorplan\output\tutor\kr-b300-ad6c-kr-b300-ad6c-c911-ad6c-kr-b300-ad6c-b0a8-c0b0-b3d9\region_tutor\index.html,True,GENERATED_K_REMOVE_H1
candidate:tutor:kr-b300-ad6c-kr-b300-ad6c-c911-ad6c-kr-b300-bd09-b3d9:region_tutor,/tutor/kr-b300-ad6c-kr-b300-ad6c-c911-ad6c-kr-b300-bd09-b3d9/region_tutor,READY_REMOVE_DUPLICATE_H1,true,대구,82,true,C:\프로젝트\tutorplan\output\tutor\kr-b300-ad6c-kr-b300-ad6c-c911-ad6c-kr-b300-bd09-b3d9\region_tutor\index.html,True,GENERATED_K_REMOVE_H1
candidate:tutor:kr-b300-ad6c-kr-b300-ad6c-c911-ad6c-kr-b3d9-c131-b85c:region_tutor,/tutor/kr-b300-ad6c-kr-b300-ad6c-c911-ad6c-kr-b3d9-c131-b85c/region_tutor,READY_REMOVE_DUPLICATE_H1,true,대구,83,true,C:\프로젝트\tutorplan\output\tutor\kr-b300-ad6c-kr-b300-ad6c-c911-ad6c-kr-b3d9-c131-b85c\region_tutor\index.html,True,GENERATED_K_REMOVE_H1
candidate:tutor:kr-b300-ad6c-kr-b300-ad6c-c911-ad6c-kr-b3d9-c778-b3d9:region_tutor,/tutor/kr-b300-ad6c-kr-b300-ad6c-c911-ad6c-kr-b3d9-c778-b3d9/region_tutor,READY_REMOVE_DUPLICATE_H1,true,대구,84,true,C:\프로젝트\tutorplan\output\tutor\kr-b300-ad6c-kr-b300-ad6c-c911-ad6c-kr-b3d9-c778-b3d9\region_tutor\index.html,True,GENERATED_K_REMOVE_H1
candidate:tutor:kr-b300-ad6c-kr-b300-ad6c-c911-ad6c-kr-bd09-c0b0-b3d9:region_tutor,/tutor/kr-b300-ad6c-kr-b300-ad6c-c911-ad6c-kr-bd09-c0b0-b3d9/region_tutor,READY_REMOVE_DUPLICATE_H1,true,대구,85,true,C:\프로젝트\tutorplan\output\tutor\kr-b300-ad6c-kr-b300-ad6c-c911-ad6c-kr-bd09-c0b0-b3d9\region_tutor\index.html,True,GENERATED_K_REMOVE_H1
candidate:tutor:kr-b300-ad6c-kr-b300-ad6c-c911-ad6c-kr-c0bc-b355-b3d9:region_tutor,/tutor/kr-b300-ad6c-kr-b300-ad6c-c911-ad6c-kr-c0bc-b355-b3d9/region_tutor,READY_REMOVE_DUPLICATE_H1,true,대구,86,true,C:\프로젝트\tutorplan\output\tutor\kr-b300-ad6c-kr-b300-ad6c-c911-ad6c-kr-c0bc-b355-b3d9\region_tutor\index.html,True,GENERATED_K_REMOVE_H1
candidate:tutor:kr-b300-ad6c-kr-b300-ad6c-c911-ad6c-kr-c218-cc3d-b3d9:region_tutor,/tutor/kr-b300-ad6c-kr-b300-ad6c-c911-ad6c-kr-c218-cc3d-b3d9/region_tutor,READY_REMOVE_DUPLICATE_H1,true,대구,87,true,C:\프로젝트\tutorplan\output\tutor\kr-b300-ad6c-kr-b300-ad6c-c911-ad6c-kr-c218-cc3d-b3d9\region_tutor\index.html,True,GENERATED_K_REMOVE_H1
candidate:tutor:kr-b300-ad6c-kr-b300-ad6c-c911-ad6c-kr-c54c-d30c-c2dc-d2f0:region_tutor,/tutor/kr-b300-ad6c-kr-b300-ad6c-c911-ad6c-kr-c54c-d30c-c2dc-d2f0/region_tutor,READY_REMOVE_DUPLICATE_H1,true,대구,88,true,C:\프로젝트\tutorplan\output\tutor\kr-b300-ad6c-kr-b300-ad6c-c911-ad6c-kr-c54c-d30c-c2dc-d2f0\region_tutor\index.html,True,GENERATED_K_REMOVE_H1
candidate:tutor:kr-b300-ad6c-kr-c5f0-d638-c9c0-ad6c:region_tutor,/tutor/kr-b300-ad6c-kr-c5f0-d638-c9c0-ad6c/region_tutor,READY_REMOVE_DUPLICATE_H1,true,대구,89,true,C:\프로젝트\tutorplan\output\tutor\kr-b300-ad6c-kr-c5f0-d638-c9c0-ad6c\region_tutor\index.html,True,GENERATED_K_REMOVE_H1
candidate:tutor:kr-b300-ad6c-kr-b300-ad6c-d601-c2e0-b3c4-c2dc:region_tutor,/tutor/kr-b300-ad6c-kr-b300-ad6c-d601-c2e0-b3c4-c2dc/region_tutor,READY_REMOVE_DUPLICATE_H1,true,대구,90,true,C:\프로젝트\tutorplan\output\tutor\kr-b300-ad6c-kr-b300-ad6c-d601-c2e0-b3c4-c2dc\region_tutor\index.html,True,GENERATED_K_REMOVE_H1
candidate:tutor:kr-b300-ad6c-kr-b300-ad6c-d601-c2e0-b3c4-c2dc-kr-c548-c2ec:region_tutor,/tutor/kr-b300-ad6c-kr-b300-ad6c-d601-c2e0-b3c4-c2dc-kr-c548-c2ec/region_tutor,READY_REMOVE_DUPLICATE_H1,true,대구,91,true,C:\프로젝트\tutorplan\output\tutor\kr-b300-ad6c-kr-b300-ad6c-d601-c2e0-b3c4-c2dc-kr-c548-c2ec\region_tutor\index.html,True,GENERATED_K_REMOVE_H1
candidate:tutor:kr-b300-ad6c-kr-b300-ad6c-d601-c2e0-b3c4-c2dc-kr-c774-c2dc-c544-d3f4-b9ac-c2a4:region_tutor,/tutor/kr-b300-ad6c-kr-b300-ad6c-d601-c2e0-b3c4-c2dc-kr-c774-c2dc-c544-d3f4-b9ac-c2a4/region_tutor,READY_REMOVE_DUPLICATE_H1,true,대구,93,true,C:\프로젝트\tutorplan\output\tutor\kr-b300-ad6c-kr-b300-ad6c-d601-c2e0-b3c4-c2dc-kr-c774-c2dc-c544-d3f4-b9ac-c2a4\region_tutor\index.html,True,GENERATED_K_REMOVE_H1
candidate:tutor:kr-b300-ad6c-kr-b300-ad6c-d601-c2e0-b3c4-c2dc-kr-bc18-c6d4-b2f9:region_tutor,/tutor/kr-b300-ad6c-kr-b300-ad6c-d601-c2e0-b3c4-c2dc-kr-bc18-c6d4-b2f9/region_tutor,READY_REMOVE_DUPLICATE_H1,true,대구,94,true,C:\프로젝트\tutorplan\output\tutor\kr-b300-ad6c-kr-b300-ad6c-d601-c2e0-b3c4-c2dc-kr-bc18-c6d4-b2f9\region_tutor\index.html,True,GENERATED_K_REMOVE_H1
candidate:tutor:kr-b300-ad6c-kr-b300-ad6c-d601-c2e0-b3c4-c2dc-kr-d14c-d06c-b178-d3f4-b9ac-c2a4:region_tutor,/tutor/kr-b300-ad6c-kr-b300-ad6c-d601-c2e0-b3c4-c2dc-kr-d14c-d06c-b178-d3f4-b9ac-c2a4/region_tutor,READY_REMOVE_DUPLICATE_H1,true,대구,95,true,C:\프로젝트\tutorplan\output\tutor\kr-b300-ad6c-kr-b300-ad6c-d601-c2e0-b3c4-c2dc-kr-d14c-d06c-b178-d3f4-b9ac-c2a4\region_tutor\index.html,True,GENERATED_K_REMOVE_H1
candidate:tutor:kr-b300-ad6c-kr-b300-ad6c-d601-c2e0-b3c4-c2dc-kr-b17c-acf5:region_tutor,/tutor/kr-b300-ad6c-kr-b300-ad6c-d601-c2e0-b3c4-c2dc-kr-b17c-acf5/region_tutor,READY_REMOVE_DUPLICATE_H1,true,대구,96,true,C:\프로젝트\tutorplan\output\tutor\kr-b300-ad6c-kr-b300-ad6c-d601-c2e0-b3c4-c2dc-kr-b17c-acf5\region_tutor\index.html,True,GENERATED_K_REMOVE_H1
candidate:tutor:kr-b300-ad6c-kr-b300-ad6c-d601-c2e0-b3c4-c2dc-kr-ad6c-c9c0:region_tutor,/tutor/kr-b300-ad6c-kr-b300-ad6c-d601-c2e0-b3c4-c2dc-kr-ad6c-c9c0/region_tutor,READY_REMOVE_DUPLICATE_H1,true,대구,97,true,C:\프로젝트\tutorplan\output\tutor\kr-b300-ad6c-kr-b300-ad6c-d601-c2e0-b3c4-c2dc-kr-ad6c-c9c0\region_tutor\index.html,True,GENERATED_K_REMOVE_H1
candidate:tutor:kr-b300-ad6c-kr-b300-ad6c-d601-c2e0-b3c4-c2dc-kr-bd80-c0b0:region_tutor,/tutor/kr-b300-ad6c-kr-b300-ad6c-d601-c2e0-b3c4-c2dc-kr-bd80-c0b0/region_tutor,READY_REMOVE_DUPLICATE_H1,true,대구,98,true,C:\프로젝트\tutorplan\output\tutor\kr-b300-ad6c-kr-b300-ad6c-d601-c2e0-b3c4-c2dc-kr-bd80-c0b0\region_tutor\index.html,True,GENERATED_K_REMOVE_H1
candidate:tutor:kr-b300-ad6c-kr-ae30-c7a5-ad70:region_tutor,/tutor/kr-b300-ad6c-kr-ae30-c7a5-ad70/region_tutor,READY_REMOVE_DUPLICATE_H1,true,대구,100,true,C:\프로젝트\tutorplan\output\tutor\kr-b300-ad6c-kr-ae30-c7a5-ad70\region_tutor\index.html,True,GENERATED_K_REMOVE_H1
candidate:tutor:kr-b300-ad6c-kr-bd80-c0b0-b0a8-ad6c:region_tutor,/tutor/kr-b300-ad6c-kr-bd80-c0b0-b0a8-ad6c/region_tutor,READY_REMOVE_DUPLICATE_H1,true,대구,101,true,C:\프로젝트\tutorplan\output\tutor\kr-b300-ad6c-kr-bd80-c0b0-b0a8-ad6c\region_tutor\index.html,True,GENERATED_K_REMOVE_H1
candidate:tutor:kr-b300-ad6c-kr-b3d9-b798-ad6c:region_tutor,/tutor/kr-b300-ad6c-kr-b3d9-b798-ad6c/region_tutor,READY_REMOVE_DUPLICATE_H1,true,대구,102,true,C:\프로젝트\tutorplan\output\tutor\kr-b300-ad6c-kr-b3d9-b798-ad6c\region_tutor\index.html,True,GENERATED_K_REMOVE_H1
candidate:tutor:kr-b300-ad6c-kr-bd80-c0b0-bd81-ad6c:region_tutor,/tutor/kr-b300-ad6c-kr-bd80-c0b0-bd81-ad6c/region_tutor,READY_REMOVE_DUPLICATE_H1,true,대구,104,true,C:\프로젝트\tutorplan\output\tutor\kr-b300-ad6c-kr-bd80-c0b0-bd81-ad6c\region_tutor\index.html,True,GENERATED_K_REMOVE_H1
candidate:tutor:kr-b300-ad6c-kr-c0ac-c0c1-ad6c:region_tutor,/tutor/kr-b300-ad6c-kr-c0ac-c0c1-ad6c/region_tutor,READY_REMOVE_DUPLICATE_H1,true,대구,105,true,C:\프로젝트\tutorplan\output\tutor\kr-b300-ad6c-kr-c0ac-c0c1-ad6c\region_tutor\index.html,True,GENERATED_K_REMOVE_H1
candidate:tutor:kr-b300-ad6c-kr-c5f0-c81c-ad6c:region_tutor,/tutor/kr-b300-ad6c-kr-c5f0-c81c-ad6c/region_tutor,READY_REMOVE_DUPLICATE_H1,true,대구,108,true,C:\프로젝트\tutorplan\output\tutor\kr-b300-ad6c-kr-c5f0-c81c-ad6c\region_tutor\index.html,True,GENERATED_K_REMOVE_H1
candidate:tutor:kr-b300-ad6c-kr-d574-c6b4-b300-ad6c:region_tutor,/tutor/kr-b300-ad6c-kr-d574-c6b4-b300-ad6c/region_tutor,READY_REMOVE_DUPLICATE_H1,true,대구,109,true,C:\프로젝트\tutorplan\output\tutor\kr-b300-ad6c-kr-d574-c6b4-b300-ad6c\region_tutor\index.html,True,GENERATED_K_REMOVE_H1
candidate:tutor:kr-b300-ad6c-kr-d574-c6b4-b300-ad6c-kr-ad6c-c11c-b3d9:region_tutor,/tutor/kr-b300-ad6c-kr-d574-c6b4-b300-ad6c-kr-ad6c-c11c-b3d9/region_tutor,READY_REMOVE_DUPLICATE_H1,true,대구,110,true,C:\프로젝트\tutorplan\output\tutor\kr-b300-ad6c-kr-d574-c6b4-b300-ad6c-kr-ad6c-c11c-b3d9\region_tutor\index.html,True,GENERATED_K_REMOVE_H1
candidate:tutor:kr-b300-ad6c-kr-d574-c6b4-b300-ad6c-kr-ae08-c131-b3d9:region_tutor,/tutor/kr-b300-ad6c-kr-d574-c6b4-b300-ad6c-kr-ae08-c131-b3d9/region_tutor,READY_REMOVE_DUPLICATE_H1,true,대구,112,true,C:\프로젝트\tutorplan\output\tutor\kr-b300-ad6c-kr-d574-c6b4-b300-ad6c-kr-ae08-c131-b3d9\region_tutor\index.html,True,GENERATED_K_REMOVE_H1
candidate:tutor:kr-b300-ad6c-kr-d574-c6b4-b300-ad6c-kr-bd80-c0b0-b0a8-c0b0-b3d9:region_tutor,/tutor/kr-b300-ad6c-kr-d574-c6b4-b300-ad6c-kr-bd80-c0b0-b0a8-c0b0-b3d9/region_tutor,READY_REMOVE_DUPLICATE_H1,true,대구,113,true,C:\프로젝트\tutorplan\output\tutor\kr-b300-ad6c-kr-d574-c6b4-b300-ad6c-kr-bd80-c0b0-b0a8-c0b0-b3d9\region_tutor\index.html,True,GENERATED_K_REMOVE_H1
candidate:tutor:kr-b300-ad6c-kr-d574-c6b4-b300-ad6c-kr-b178-d3ec-b3d9:region_tutor,/tutor/kr-b300-ad6c-kr-d574-c6b4-b300-ad6c-kr-b178-d3ec-b3d9/region_tutor,READY_REMOVE_DUPLICATE_H1,true,대구,114,true,C:\프로젝트\tutorplan\output\tutor\kr-b300-ad6c-kr-d574-c6b4-b300-ad6c-kr-b178-d3ec-b3d9\region_tutor\index.html,True,GENERATED_K_REMOVE_H1
candidate:tutor:kr-b300-ad6c-kr-d574-c6b4-b300-ad6c-kr-b450-ad6c-b3d9:region_tutor,/tutor/kr-b300-ad6c-kr-d574-c6b4-b300-ad6c-kr-b450-ad6c-b3d9/region_tutor,READY_REMOVE_DUPLICATE_H1,true,대구,115,true,C:\프로젝트\tutorplan\output\tutor\kr-b300-ad6c-kr-d574-c6b4-b300-ad6c-kr-b450-ad6c-b3d9\region_tutor\index.html,True,GENERATED_K_REMOVE_H1
candidate:tutor:kr-b300-ad6c-kr-d574-c6b4-b300-ad6c-kr-bd80-ace1-b3d9:region_tutor,/tutor/kr-b300-ad6c-kr-d574-c6b4-b300-ad6c-kr-bd80-ace1-b3d9/region_tutor,READY_REMOVE_DUPLICATE_H1,true,대구,116,true,C:\프로젝트\tutorplan\output\tutor\kr-b300-ad6c-kr-d574-c6b4-b300-ad6c-kr-bd80-ace1-b3d9\region_tutor\index.html,True,GENERATED_K_REMOVE_H1
candidate:tutor:kr-b300-ad6c-kr-d574-c6b4-b300-ad6c-kr-c624-b95c-b3d9:region_tutor,/tutor/kr-b300-ad6c-kr-d574-c6b4-b300-ad6c-kr-c624-b95c-b3d9/region_tutor,READY_REMOVE_DUPLICATE_H1,true,대구,119,true,C:\프로젝트\tutorplan\output\tutor\kr-b300-ad6c-kr-d574-c6b4-b300-ad6c-kr-c624-b95c-b3d9\region_tutor\index.html,True,GENERATED_K_REMOVE_H1
candidate:tutor:kr-b300-ad6c-kr-d574-c6b4-b300-ad6c-kr-ae30-c7a5-c74d:region_tutor,/tutor/kr-b300-ad6c-kr-d574-c6b4-b300-ad6c-kr-ae30-c7a5-c74d/region_tutor,READY_REMOVE_DUPLICATE_H1,true,대구,121,true,C:\프로젝트\tutorplan\output\tutor\kr-b300-ad6c-kr-d574-c6b4-b300-ad6c-kr-ae30-c7a5-c74d\region_tutor\index.html,True,GENERATED_K_REMOVE_H1
candidate:tutor:kr-b300-ad6c-kr-d574-c6b4-b300-ad6c-kr-cca0-b9c8-ba74:region_tutor,/tutor/kr-b300-ad6c-kr-d574-c6b4-b300-ad6c-kr-cca0-b9c8-ba74/region_tutor,READY_REMOVE_DUPLICATE_H1,true,대구,123,true,C:\프로젝트\tutorplan\output\tutor\kr-b300-ad6c-kr-d574-c6b4-b300-ad6c-kr-cca0-b9c8-ba74\region_tutor\index.html,True,GENERATED_K_REMOVE_H1
candidate:tutor:kr-b300-ad6c-kr-d574-c6b4-b300-ad6c-kr-b300-c5f0-b3d9:region_tutor,/tutor/kr-b300-ad6c-kr-d574-c6b4-b300-ad6c-kr-b300-c5f0-b3d9/region_tutor,READY_REMOVE_DUPLICATE_H1,true,대구,124,true,C:\프로젝트\tutorplan\output\tutor\kr-b300-ad6c-kr-d574-c6b4-b300-ad6c-kr-b300-c5f0-b3d9\region_tutor\index.html,True,GENERATED_K_REMOVE_H1
candidate:tutor:kr-b300-ad6c-kr-d574-c6b4-b300-ad6c-kr-c6a9-b2f9-b3d9:region_tutor,/tutor/kr-b300-ad6c-kr-d574-c6b4-b300-ad6c-kr-c6a9-b2f9-b3d9/region_tutor,READY_REMOVE_DUPLICATE_H1,true,대구,125,true,C:\프로젝트\tutorplan\output\tutor\kr-b300-ad6c-kr-d574-c6b4-b300-ad6c-kr-c6a9-b2f9-b3d9\region_tutor\index.html,True,GENERATED_K_REMOVE_H1
candidate:tutor:kr-b300-ad6c-kr-d574-c6b4-b300-ad6c-kr-b099-bbfc-b3d9:region_tutor,/tutor/kr-b300-ad6c-kr-d574-c6b4-b300-ad6c-kr-b099-bbfc-b3d9/region_tutor,READY_REMOVE_DUPLICATE_H1,true,대구,127,true,C:\프로젝트\tutorplan\output\tutor\kr-b300-ad6c-kr-d574-c6b4-b300-ad6c-kr-b099-bbfc-b3d9\region_tutor\index.html,True,GENERATED_K_REMOVE_H1
candidate:tutor:kr-b300-ad6c-kr-d574-c6b4-b300-ad6c-kr-ba85-b95c-b3d9:region_tutor,/tutor/kr-b300-ad6c-kr-d574-c6b4-b300-ad6c-kr-ba85-b95c-b3d9/region_tutor,READY_REMOVE_DUPLICATE_H1,true,대구,128,true,C:\프로젝트\tutorplan\output\tutor\kr-b300-ad6c-kr-d574-c6b4-b300-ad6c-kr-ba85-b95c-b3d9\region_tutor\index.html,True,GENERATED_K_REMOVE_H1
candidate:tutor:kr-b300-ad6c-kr-d574-c6b4-b300-ad6c-kr-c218-c548-b3d9:region_tutor,/tutor/kr-b300-ad6c-kr-d574-c6b4-b300-ad6c-kr-c218-c548-b3d9/region_tutor,READY_REMOVE_DUPLICATE_H1,true,대구,131,true,C:\프로젝트\tutorplan\output\tutor\kr-b300-ad6c-kr-d574-c6b4-b300-ad6c-kr-c218-c548-b3d9\region_tutor\index.html,True,GENERATED_K_REMOVE_H1
candidate:tutor:kr-b300-ad6c-kr-d574-c6b4-b300-ad6c-kr-c548-b77d-b3d9:region_tutor,/tutor/kr-b300-ad6c-kr-d574-c6b4-b300-ad6c-kr-c548-b77d-b3d9/region_tutor,READY_REMOVE_DUPLICATE_H1,true,대구,132,true,C:\프로젝트\tutorplan\output\tutor\kr-b300-ad6c-kr-d574-c6b4-b300-ad6c-kr-c548-b77d-b3d9\region_tutor\index.html,True,GENERATED_K_REMOVE_H1
candidate:tutor:kr-b300-ad6c-kr-d574-c6b4-b300-ad6c-kr-c628-cc9c-b3d9:region_tutor,/tutor/kr-b300-ad6c-kr-d574-c6b4-b300-ad6c-kr-c628-cc9c-b3d9/region_tutor,READY_REMOVE_DUPLICATE_H1,true,대구,133,true,C:\프로젝트\tutorplan\output\tutor\kr-b300-ad6c-kr-d574-c6b4-b300-ad6c-kr-c628-cc9c-b3d9\region_tutor\index.html,True,GENERATED_K_REMOVE_H1
candidate:tutor:kr-b300-ad6c-kr-d574-c6b4-b300-ad6c-kr-ac00-c57c-b3d9:region_tutor,/tutor/kr-b300-ad6c-kr-d574-c6b4-b300-ad6c-kr-ac00-c57c-b3d9/region_tutor,READY_REMOVE_DUPLICATE_H1,true,대구,134,true,C:\프로젝트\tutorplan\output\tutor\kr-b300-ad6c-kr-d574-c6b4-b300-ad6c-kr-ac00-c57c-b3d9\region_tutor\index.html,True,GENERATED_K_REMOVE_H1
candidate:tutor:kr-b300-ad6c-kr-d574-c6b4-b300-ad6c-kr-ac1c-ae08-b3d9:region_tutor,/tutor/kr-b300-ad6c-kr-d574-c6b4-b300-ad6c-kr-ac1c-ae08-b3d9/region_tutor,READY_REMOVE_DUPLICATE_H1,true,대구,135,true,C:\프로젝트\tutorplan\output\tutor\kr-b300-ad6c-kr-d574-c6b4-b300-ad6c-kr-ac1c-ae08-b3d9\region_tutor\index.html,True,GENERATED_K_REMOVE_H1
candidate:tutor:kr-b300-ad6c-kr-d574-c6b4-b300-ad6c-kr-b2f9-ac10-b3d9:region_tutor,/tutor/kr-b300-ad6c-kr-d574-c6b4-b300-ad6c-kr-b2f9-ac10-b3d9/region_tutor,READY_REMOVE_DUPLICATE_H1,true,대구,136,true,C:\프로젝트\tutorplan\output\tutor\kr-b300-ad6c-kr-d574-c6b4-b300-ad6c-kr-b2f9-ac10-b3d9\region_tutor\index.html,True,GENERATED_K_REMOVE_H1
candidate:tutor:kr-b300-ad6c-kr-d574-c6b4-b300-ad6c-kr-bd80-c804-b3d9:region_tutor,/tutor/kr-b300-ad6c-kr-d574-c6b4-b300-ad6c-kr-bd80-c804-b3d9/region_tutor,READY_REMOVE_DUPLICATE_H1,true,대구,138,true,C:\프로젝트\tutorplan\output\tutor\kr-b300-ad6c-kr-d574-c6b4-b300-ad6c-kr-bd80-c804-b3d9\region_tutor\index.html,True,GENERATED_K_REMOVE_H1
candidate:tutor:kr-b300-ad6c-kr-d574-c6b4-b300-ad6c-kr-c5f0-c9c0-b3d9:region_tutor,/tutor/kr-b300-ad6c-kr-d574-c6b4-b300-ad6c-kr-c5f0-c9c0-b3d9/region_tutor,READY_REMOVE_DUPLICATE_H1,true,대구,140,true,C:\프로젝트\tutorplan\output\tutor\kr-b300-ad6c-kr-d574-c6b4-b300-ad6c-kr-c5f0-c9c0-b3d9\region_tutor\index.html,True,GENERATED_K_REMOVE_H1
candidate:tutor:kr-b300-ad6c-kr-d574-c6b4-b300-ad6c-kr-c804-d3ec-b3d9:region_tutor,/tutor/kr-b300-ad6c-kr-d574-c6b4-b300-ad6c-kr-c804-d3ec-b3d9/region_tutor,READY_REMOVE_DUPLICATE_H1,true,대구,141,true,C:\프로젝트\tutorplan\output\tutor\kr-b300-ad6c-kr-d574-c6b4-b300-ad6c-kr-c804-d3ec-b3d9\region_tutor\index.html,True,GENERATED_K_REMOVE_H1
candidate:tutor:kr-b300-ad6c-kr-d574-c6b4-b300-ad6c-kr-cd08-c74d-b3d9:region_tutor,/tutor/kr-b300-ad6c-kr-d574-c6b4-b300-ad6c-kr-cd08-c74d-b3d9/region_tutor,READY_REMOVE_DUPLICATE_H1,true,대구,142,true,C:\프로젝트\tutorplan\output\tutor\kr-b300-ad6c-kr-d574-c6b4-b300-ad6c-kr-cd08-c74d-b3d9\region_tutor\index.html,True,GENERATED_K_REMOVE_H1
candidate:tutor:kr-b300-ad6c-kr-d574-c6b4-b300-ad6c-kr-b355-cc9c-b3d9:region_tutor,/tutor/kr-b300-ad6c-kr-d574-c6b4-b300-ad6c-kr-b355-cc9c-b3d9/region_tutor,READY_REMOVE_DUPLICATE_H1,true,대구,144,true,C:\프로젝트\tutorplan\output\tutor\kr-b300-ad6c-kr-d574-c6b4-b300-ad6c-kr-b355-cc9c-b3d9\region_tutor\index.html,True,GENERATED_K_REMOVE_H1
candidate:tutor:kr-b300-ad6c-kr-d574-c6b4-b300-ad6c-kr-d654-ba85-b3d9:region_tutor,/tutor/kr-b300-ad6c-kr-d574-c6b4-b300-ad6c-kr-d654-ba85-b3d9/region_tutor,READY_REMOVE_DUPLICATE_H1,true,대구,146,true,C:\프로젝트\tutorplan\output\tutor\kr-b300-ad6c-kr-d574-c6b4-b300-ad6c-kr-d654-ba85-b3d9\region_tutor\index.html,True,GENERATED_K_REMOVE_H1
candidate:tutor:kr-b300-ad6c-kr-d574-c6b4-b300-ad6c-kr-b355-d3ec-b3d9:region_tutor,/tutor/kr-b300-ad6c-kr-d574-c6b4-b300-ad6c-kr-b355-d3ec-b3d9/region_tutor,READY_REMOVE_DUPLICATE_H1,true,대구,148,true,C:\프로젝트\tutorplan\output\tutor\kr-b300-ad6c-kr-d574-c6b4-b300-ad6c-kr-b355-d3ec-b3d9\region_tutor\index.html,True,GENERATED_K_REMOVE_H1
candidate:tutor:kr-b300-ad6c-kr-d574-c6b4-b300-ad6c-kr-baa8-b77c-b3d9:region_tutor,/tutor/kr-b300-ad6c-kr-d574-c6b4-b300-ad6c-kr-baa8-b77c-b3d9/region_tutor,READY_REMOVE_DUPLICATE_H1,true,대구,149,true,C:\프로젝트\tutorplan\output\tutor\kr-b300-ad6c-kr-d574-c6b4-b300-ad6c-kr-baa8-b77c-b3d9\region_tutor\index.html,True,GENERATED_K_REMOVE_H1
candidate:tutor:kr-b300-ad6c-kr-d574-c6b4-b300-ad6c-kr-d559-c7a5-b3d9:region_tutor,/tutor/kr-b300-ad6c-kr-d574-c6b4-b300-ad6c-kr-d559-c7a5-b3d9/region_tutor,READY_REMOVE_DUPLICATE_H1,true,대구,151,true,C:\프로젝트\tutorplan\output\tutor\kr-b300-ad6c-kr-d574-c6b4-b300-ad6c-kr-d559-c7a5-b3d9\region_tutor\index.html,True,GENERATED_K_REMOVE_H1
candidate:tutor:kr-b300-ad6c-kr-d574-c6b4-b300-ad6c-kr-b9dd-bbf8-b3d9:region_tutor,/tutor/kr-b300-ad6c-kr-d574-c6b4-b300-ad6c-kr-b9dd-bbf8-b3d9/region_tutor,READY_REMOVE_DUPLICATE_H1,true,대구,156,true,C:\프로젝트\tutorplan\output\tutor\kr-b300-ad6c-kr-d574-c6b4-b300-ad6c-kr-b9dd-bbf8-b3d9\region_tutor\index.html,True,GENERATED_K_REMOVE_H1
candidate:tutor:kr-b300-ad6c-kr-d574-c6b4-b300-ad6c-kr-bbfc-b77d-b3d9:region_tutor,/tutor/kr-b300-ad6c-kr-d574-c6b4-b300-ad6c-kr-bbfc-b77d-b3d9/region_tutor,READY_REMOVE_DUPLICATE_H1,true,대구,157,true,C:\프로젝트\tutorplan\output\tutor\kr-b300-ad6c-kr-d574-c6b4-b300-ad6c-kr-bbfc-b77d-b3d9\region_tutor\index.html,True,GENERATED_K_REMOVE_H1
candidate:tutor:kr-b300-ad6c-kr-d574-c6b4-b300-ad6c-kr-c5f0-c0b0-b3d9:region_tutor,/tutor/kr-b300-ad6c-kr-d574-c6b4-b300-ad6c-kr-c5f0-c0b0-b3d9/region_tutor,READY_REMOVE_DUPLICATE_H1,true,대구,159,true,C:\프로젝트\tutorplan\output\tutor\kr-b300-ad6c-kr-d574-c6b4-b300-ad6c-kr-c5f0-c0b0-b3d9\region_tutor\index.html,True,GENERATED_K_REMOVE_H1
candidate:tutor:kr-b300-ad6c-kr-d574-c6b4-b300-ad6c-kr-bc18-c5ec-b3d9:region_tutor,/tutor/kr-b300-ad6c-kr-d574-c6b4-b300-ad6c-kr-bc18-c5ec-b3d9/region_tutor,READY_REMOVE_DUPLICATE_H1,true,대구,160,true,C:\프로젝트\tutorplan\output\tutor\kr-b300-ad6c-kr-d574-c6b4-b300-ad6c-kr-bc18-c5ec-b3d9\region_tutor\index.html,True,GENERATED_K_REMOVE_H1
candidate:tutor:kr-b300-ad6c-kr-d574-c6b4-b300-ad6c-kr-bc18-c1a1-b3d9:region_tutor,/tutor/kr-b300-ad6c-kr-d574-c6b4-b300-ad6c-kr-bc18-c1a1-b3d9/region_tutor,READY_REMOVE_DUPLICATE_H1,true,대구,161,true,C:\프로젝트\tutorplan\output\tutor\kr-b300-ad6c-kr-d574-c6b4-b300-ad6c-kr-bc18-c1a1-b3d9\region_tutor\index.html,True,GENERATED_K_REMOVE_H1
candidate:tutor:kr-b300-ad6c-kr-d574-c6b4-b300-ad6c-kr-bd80-c0b0-c911-b3d9:region_tutor,/tutor/kr-b300-ad6c-kr-d574-c6b4-b300-ad6c-kr-bd80-c0b0-c911-b3d9/region_tutor,READY_REMOVE_DUPLICATE_H1,true,대구,163,true,C:\프로젝트\tutorplan\output\tutor\kr-b300-ad6c-kr-d574-c6b4-b300-ad6c-kr-bd80-c0b0-c911-b3d9\region_tutor\index.html,True,GENERATED_K_REMOVE_H1
candidate:tutor:kr-b300-ad6c-kr-d574-c6b4-b300-ad6c-kr-c88c-b3d9:region_tutor,/tutor/kr-b300-ad6c-kr-d574-c6b4-b300-ad6c-kr-c88c-b3d9/region_tutor,READY_REMOVE_DUPLICATE_H1,true,대구,164,true,C:\프로젝트\tutorplan\output\tutor\kr-b300-ad6c-kr-d574-c6b4-b300-ad6c-kr-c88c-b3d9\region_tutor\index.html,True,GENERATED_K_REMOVE_H1
candidate:tutor:kr-b300-ad6c-kr-d574-c6b4-b300-ad6c-kr-b300-c804:region_tutor,/tutor/kr-b300-ad6c-kr-d574-c6b4-b300-ad6c-kr-b300-c804/region_tutor,READY_REMOVE_DUPLICATE_H1,true,대구,166,true,C:\프로젝트\tutorplan\output\tutor\kr-b300-ad6c-kr-d574-c6b4-b300-ad6c-kr-b300-c804\region_tutor\index.html,True,GENERATED_K_REMOVE_H1
candidate:tutor:kr-b300-ad6c-kr-b300-b355-ad6c:region_tutor,/tutor/kr-b300-ad6c-kr-b300-b355-ad6c/region_tutor,READY_REMOVE_DUPLICATE_H1,true,대구,167,true,C:\프로젝트\tutorplan\output\tutor\kr-b300-ad6c-kr-b300-b355-ad6c\region_tutor\index.html,True,GENERATED_K_REMOVE_H1
candidate:tutor:kr-b300-ad6c-kr-b300-c804-c11c-ad6c:region_tutor,/tutor/kr-b300-ad6c-kr-b300-c804-c11c-ad6c/region_tutor,READY_REMOVE_DUPLICATE_H1,true,대구,169,true,C:\프로젝트\tutorplan\output\tutor\kr-b300-ad6c-kr-b300-c804-c11c-ad6c\region_tutor\index.html,True,GENERATED_K_REMOVE_H1
candidate:tutor:kr-b300-ad6c-kr-c720-c131-ad6c:region_tutor,/tutor/kr-b300-ad6c-kr-c720-c131-ad6c/region_tutor,READY_REMOVE_DUPLICATE_H1,true,대구,170,true,C:\프로젝트\tutorplan\output\tutor\kr-b300-ad6c-kr-c720-c131-ad6c\region_tutor\index.html,True,GENERATED_K_REMOVE_H1
candidate:tutor:kr-b300-ad6c-kr-b300-c804-c911-ad6c-kr-be44-b798-b3d9:region_tutor,/tutor/kr-b300-ad6c-kr-b300-c804-c911-ad6c-kr-be44-b798-b3d9/region_tutor,READY_REMOVE_DUPLICATE_H1,true,대구,172,true,C:\프로젝트\tutorplan\output\tutor\kr-b300-ad6c-kr-b300-c804-c911-ad6c-kr-be44-b798-b3d9\region_tutor\index.html,True,GENERATED_K_REMOVE_H1
candidate:tutor:kr-b300-ad6c-kr-b300-c804-c911-ad6c-kr-c2e0-d0c4-c9c4-b3d9:region_tutor,/tutor/kr-b300-ad6c-kr-b300-c804-c911-ad6c-kr-c2e0-d0c4-c9c4-b3d9/region_tutor,READY_REMOVE_DUPLICATE_H1,true,대구,173,true,C:\프로젝트\tutorplan\output\tutor\kr-b300-ad6c-kr-b300-c804-c911-ad6c-kr-c2e0-d0c4-c9c4-b3d9\region_tutor\index.html,True,GENERATED_K_REMOVE_H1
candidate:tutor:kr-b300-ad6c-kr-b300-c804-c911-ad6c-kr-c11d-bd09-b3d9:region_tutor,/tutor/kr-b300-ad6c-kr-b300-c804-c911-ad6c-kr-c11d-bd09-b3d9/region_tutor,READY_REMOVE_DUPLICATE_H1,true,대구,174,true,C:\프로젝트\tutorplan\output\tutor\kr-b300-ad6c-kr-b300-c804-c911-ad6c-kr-c11d-bd09-b3d9\region_tutor\index.html,True,GENERATED_K_REMOVE_H1
candidate:tutor:kr-b300-ad6c-kr-b300-c804-c911-ad6c-kr-c1a1-cd0c-b3d9:region_tutor,/tutor/kr-b300-ad6c-kr-b300-c804-c911-ad6c-kr-c1a1-cd0c-b3d9/region_tutor,READY_REMOVE_DUPLICATE_H1,true,대구,175,true,C:\프로젝트\tutorplan\output\tutor\kr-b300-ad6c-kr-b300-c804-c911-ad6c-kr-c1a1-cd0c-b3d9\region_tutor\index.html,True,GENERATED_K_REMOVE_H1
candidate:tutor:kr-b300-ad6c-kr-b300-c804-c911-ad6c-kr-b300-b3d9:region_tutor,/tutor/kr-b300-ad6c-kr-b300-c804-c911-ad6c-kr-b300-b3d9/region_tutor,READY_REMOVE_DUPLICATE_H1,true,대구,177,true,C:\프로젝트\tutorplan\output\tutor\kr-b300-ad6c-kr-b300-c804-c911-ad6c-kr-b300-b3d9\region_tutor\index.html,True,GENERATED_K_REMOVE_H1
candidate:tutor:kr-b300-ad6c-kr-b300-c804-c911-ad6c-kr-c0bc-c131-b3d9:region_tutor,/tutor/kr-b300-ad6c-kr-b300-c804-c911-ad6c-kr-c0bc-c131-b3d9/region_tutor,READY_REMOVE_DUPLICATE_H1,true,대구,178,true,C:\프로젝트\tutorplan\output\tutor\kr-b300-ad6c-kr-b300-c804-c911-ad6c-kr-c0bc-c131-b3d9\region_tutor\index.html,True,GENERATED_K_REMOVE_H1
candidate:tutor:kr-b300-ad6c-kr-b300-c804-c911-ad6c-kr-c131-b0a8-b3d9:region_tutor,/tutor/kr-b300-ad6c-kr-b300-c804-c911-ad6c-kr-c131-b0a8-b3d9/region_tutor,READY_REMOVE_DUPLICATE_H1,true,대구,179,true,C:\프로젝트\tutorplan\output\tutor\kr-b300-ad6c-kr-b300-c804-c911-ad6c-kr-c131-b0a8-b3d9\region_tutor\index.html,True,GENERATED_K_REMOVE_H1
candidate:tutor:kr-b300-ad6c-kr-b300-c804-c911-ad6c-kr-cc9c-b3d9:region_tutor,/tutor/kr-b300-ad6c-kr-b300-c804-c911-ad6c-kr-cc9c-b3d9/region_tutor,READY_REMOVE_DUPLICATE_H1,true,대구,181,true,C:\프로젝트\tutorplan\output\tutor\kr-b300-ad6c-kr-b300-c804-c911-ad6c-kr-cc9c-b3d9\region_tutor\index.html,True,GENERATED_K_REMOVE_H1
candidate:tutor:kr-b300-ad6c-kr-b300-c804-c911-ad6c-kr-ac08-b9c8-b3d9:region_tutor,/tutor/kr-b300-ad6c-kr-b300-c804-c911-ad6c-kr-ac08-b9c8-b3d9/region_tutor,READY_REMOVE_DUPLICATE_H1,true,대구,184,true,C:\프로젝트\tutorplan\output\tutor\kr-b300-ad6c-kr-b300-c804-c911-ad6c-kr-ac08-b9c8-b3d9\region_tutor\index.html,True,GENERATED_K_REMOVE_H1
candidate:tutor:kr-b300-ad6c-kr-b300-c804-c911-ad6c-kr-ad34-c815-b3d9:region_tutor,/tutor/kr-b300-ad6c-kr-b300-c804-c911-ad6c-kr-ad34-c815-b3d9/region_tutor,READY_REMOVE_DUPLICATE_H1,true,대구,186,true,C:\프로젝트\tutorplan\output\tutor\kr-b300-ad6c-kr-b300-c804-c911-ad6c-kr-ad34-c815-b3d9\region_tutor\index.html,True,GENERATED_K_REMOVE_H1
candidate:tutor:kr-b300-ad6c-kr-b300-c804-c911-ad6c-kr-b0b4-b3d9:region_tutor,/tutor/kr-b300-ad6c-kr-b300-c804-c911-ad6c-kr-b0b4-b3d9/region_tutor,READY_REMOVE_DUPLICATE_H1,true,대구,187,true,C:\프로젝트\tutorplan\output\tutor\kr-b300-ad6c-kr-b300-c804-c911-ad6c-kr-b0b4-b3d9\region_tutor\index.html,True,GENERATED_K_REMOVE_H1
candidate:tutor:kr-b300-ad6c-kr-b300-c804-c911-ad6c-kr-b3c4-b9c8-b3d9:region_tutor,/tutor/kr-b300-ad6c-kr-b300-c804-c911-ad6c-kr-b3c4-b9c8-b3d9/region_tutor,READY_REMOVE_DUPLICATE_H1,true,대구,188,true,C:\프로젝트\tutorplan\output\tutor\kr-b300-ad6c-kr-b300-c804-c911-ad6c-kr-b3c4-b9c8-b3d9\region_tutor\index.html,True,GENERATED_K_REMOVE_H1
candidate:tutor:kr-b300-ad6c-kr-b300-c804-c911-ad6c-kr-b454-c0b0-b3d9:region_tutor,/tutor/kr-b300-ad6c-kr-b300-c804-c911-ad6c-kr-b454-c0b0-b3d9/region_tutor,READY_REMOVE_DUPLICATE_H1,true,대구,190,true,C:\프로젝트\tutorplan\output\tutor\kr-b300-ad6c-kr-b300-c804-c911-ad6c-kr-b454-c0b0-b3d9\region_tutor\index.html,True,GENERATED_K_REMOVE_H1
candidate:tutor:kr-b300-ad6c-kr-b300-c804-c911-ad6c-kr-b9cc-b144-b3d9:region_tutor,/tutor/kr-b300-ad6c-kr-b300-c804-c911-ad6c-kr-b9cc-b144-b3d9/region_tutor,READY_REMOVE_DUPLICATE_H1,true,대구,191,true,C:\프로젝트\tutorplan\output\tutor\kr-b300-ad6c-kr-b300-c804-c911-ad6c-kr-b9cc-b144-b3d9\region_tutor\index.html,True,GENERATED_K_REMOVE_H1
candidate:tutor:kr-b300-ad6c-kr-b300-c804-c911-ad6c-kr-bcc0-b3d9:region_tutor,/tutor/kr-b300-ad6c-kr-b300-c804-c911-ad6c-kr-bcc0-b3d9/region_tutor,READY_REMOVE_DUPLICATE_H1,true,대구,192,true,C:\프로젝트\tutorplan\output\tutor\kr-b300-ad6c-kr-b300-c804-c911-ad6c-kr-bcc0-b3d9\region_tutor\index.html,True,GENERATED_K_REMOVE_H1
candidate:tutor:kr-b300-ad6c-kr-b300-c804-c911-ad6c-kr-c6d4-d3c9-b3d9:region_tutor,/tutor/kr-b300-ad6c-kr-b300-c804-c911-ad6c-kr-c6d4-d3c9-b3d9/region_tutor,READY_REMOVE_DUPLICATE_H1,true,대구,194,true,C:\프로젝트\tutorplan\output\tutor\kr-b300-ad6c-kr-b300-c804-c911-ad6c-kr-c6d4-d3c9-b3d9\region_tutor\index.html,True,GENERATED_K_REMOVE_H1
candidate:tutor:kr-b300-ad6c-kr-b300-c804-c911-ad6c-kr-ad00-d3c9-b3d9:region_tutor,/tutor/kr-b300-ad6c-kr-b300-c804-c911-ad6c-kr-ad00-d3c9-b3d9/region_tutor,READY_REMOVE_DUPLICATE_H1,true,대구,195,true,C:\프로젝트\tutorplan\output\tutor\kr-b300-ad6c-kr-b300-c804-c911-ad6c-kr-ad00-d3c9-b3d9\region_tutor\index.html,True,GENERATED_K_REMOVE_H1
candidate:tutor:kr-b300-ad6c-kr-b300-c804-c911-ad6c-kr-b178-c740-b3d9:region_tutor,/tutor/kr-b300-ad6c-kr-b300-c804-c911-ad6c-kr-b178-c740-b3d9/region_tutor,READY_REMOVE_DUPLICATE_H1,true,대구,196,true,C:\프로젝트\tutorplan\output\tutor\kr-b300-ad6c-kr-b300-c804-c911-ad6c-kr-b178-c740-b3d9\region_tutor\index.html,True,GENERATED_K_REMOVE_H1
candidate:tutor:kr-b300-ad6c-kr-b300-c804-c911-ad6c-kr-b300-c804-bd09-ba85-b3d9:region_tutor,/tutor/kr-b300-ad6c-kr-b300-c804-c911-ad6c-kr-b300-c804-bd09-ba85-b3d9/region_tutor,READY_REMOVE_DUPLICATE_H1,true,대구,200,true,C:\프로젝트\tutorplan\output\tutor\kr-b300-ad6c-kr-b300-c804-c911-ad6c-kr-b300-c804-bd09-ba85-b3d9\region_tutor\index.html,True,GENERATED_K_REMOVE_H1
candidate:tutor:kr-b300-ad6c-kr-b300-c804-c911-ad6c-kr-c1a1-ac15-b3d9:region_tutor,/tutor/kr-b300-ad6c-kr-b300-c804-c911-ad6c-kr-c1a1-ac15-b3d9/region_tutor,READY_REMOVE_DUPLICATE_H1,true,대구,202,true,C:\프로젝트\tutorplan\output\tutor\kr-b300-ad6c-kr-b300-c804-c911-ad6c-kr-c1a1-ac15-b3d9\region_tutor\index.html,True,GENERATED_K_REMOVE_H1
candidate:tutor:kr-b300-ad6c-kr-b300-c804-c911-ad6c-kr-c7a5-b300-b3d9:region_tutor,/tutor/kr-b300-ad6c-kr-b300-c804-c911-ad6c-kr-c7a5-b300-b3d9/region_tutor,READY_REMOVE_DUPLICATE_H1,true,대구,205,true,C:\프로젝트\tutorplan\output\tutor\kr-b300-ad6c-kr-b300-c804-c911-ad6c-kr-c7a5-b300-b3d9\region_tutor\index.html,True,GENERATED_K_REMOVE_H1
candidate:tutor:kr-b300-ad6c-kr-b300-c804-c911-ad6c-kr-bb38-d654-b3d9:region_tutor,/tutor/kr-b300-ad6c-kr-b300-c804-c911-ad6c-kr-bb38-d654-b3d9/region_tutor,READY_REMOVE_DUPLICATE_H1,true,대구,212,true,C:\프로젝트\tutorplan\output\tutor\kr-b300-ad6c-kr-b300-c804-c911-ad6c-kr-bb38-d654-b3d9\region_tutor\index.html,True,GENERATED_K_REMOVE_H1
candidate:tutor:kr-b300-ad6c-kr-b300-c804-c911-ad6c-kr-b300-c804-d0dc-d3c9-b3d9:region_tutor,/tutor/kr-b300-ad6c-kr-b300-c804-c911-ad6c-kr-b300-c804-d0dc-d3c9-b3d9/region_tutor,READY_REMOVE_DUPLICATE_H1,true,대구,214,true,C:\프로젝트\tutorplan\output\tutor\kr-b300-ad6c-kr-b300-c804-c911-ad6c-kr-b300-c804-d0dc-d3c9-b3d9\region_tutor\index.html,True,GENERATED_K_REMOVE_H1
candidate:tutor:kr-b300-ad6c-kr-b3c4-c548-c2e0-b3c4-c2dc:region_tutor,/tutor/kr-b300-ad6c-kr-b3c4-c548-c2e0-b3c4-c2dc/region_tutor,READY_REMOVE_DUPLICATE_H1,true,대구,216,true,C:\프로젝트\tutorplan\output\tutor\kr-b300-ad6c-kr-b3c4-c548-c2e0-b3c4-c2dc\region_tutor\index.html,True,GENERATED_K_REMOVE_H1
candidate:tutor:kr-b300-ad6c-kr-b178-c740-c9c0-ad6c-kr-c120-d654-b3d9:region_tutor,/tutor/kr-b300-ad6c-kr-b178-c740-c9c0-ad6c-kr-c120-d654-b3d9/region_tutor,READY_REMOVE_DUPLICATE_H1,true,대구,220,true,C:\프로젝트\tutorplan\output\tutor\kr-b300-ad6c-kr-b178-c740-c9c0-ad6c-kr-c120-d654-b3d9\region_tutor\index.html,True,GENERATED_K_REMOVE_H1
candidate:tutor:kr-b300-ad6c-kr-b178-c740-c9c0-ad6c-kr-ad11-c8fc:region_tutor,/tutor/kr-b300-ad6c-kr-b178-c740-c9c0-ad6c-kr-ad11-c8fc/region_tutor,READY_REMOVE_DUPLICATE_H1,true,대구,221,true,C:\프로젝트\tutorplan\output\tutor\kr-b300-ad6c-kr-b178-c740-c9c0-ad6c-kr-ad11-c8fc\region_tutor\index.html,True,GENERATED_K_REMOVE_H1
candidate:tutor:kr-b300-ad6c-kr-ad11-c0b0-ad6c:region_tutor,/tutor/kr-b300-ad6c-kr-ad11-c0b0-ad6c/region_tutor,READY_REMOVE_DUPLICATE_H1,true,대구,222,true,C:\프로젝트\tutorplan\output\tutor\kr-b300-ad6c-kr-ad11-c0b0-ad6c\region_tutor\index.html,True,GENERATED_K_REMOVE_H1
candidate:tutor:kr-b300-ad6c-kr-ad11-c8fc-c11c-ad6c:region_tutor,/tutor/kr-b300-ad6c-kr-ad11-c8fc-c11c-ad6c/region_tutor,READY_REMOVE_DUPLICATE_H1,true,대구,225,true,C:\프로젝트\tutorplan\output\tutor\kr-b300-ad6c-kr-ad11-c8fc-c11c-ad6c\region_tutor\index.html,True,GENERATED_K_REMOVE_H1
candidate:tutor:kr-b300-ad6c-kr-ad11-c8fc-c11c-ad6c-kr-c120-c554-b3d9:region_tutor,/tutor/kr-b300-ad6c-kr-ad11-c8fc-c11c-ad6c-kr-c120-c554-b3d9/region_tutor,READY_REMOVE_DUPLICATE_H1,true,대구,227,true,C:\프로젝트\tutorplan\output\tutor\kr-b300-ad6c-kr-ad11-c8fc-c11c-ad6c-kr-c120-c554-b3d9\region_tutor\index.html,True,GENERATED_K_REMOVE_H1
candidate:tutor:kr-b300-ad6c-kr-ad11-c8fc-c11c-ad6c-kr-c2e0-cc3d-b3d9:region_tutor,/tutor/kr-b300-ad6c-kr-ad11-c8fc-c11c-ad6c-kr-c2e0-cc3d-b3d9/region_tutor,READY_REMOVE_DUPLICATE_H1,true,대구,232,true,C:\프로젝트\tutorplan\output\tutor\kr-b300-ad6c-kr-ad11-c8fc-c11c-ad6c-kr-c2e0-cc3d-b3d9\region_tutor\index.html,True,GENERATED_K_REMOVE_H1
candidate:tutor:kr-b300-ad6c-kr-ad11-c8fc-c11c-ad6c-kr-c6d4-ace1-b3d9:region_tutor,/tutor/kr-b300-ad6c-kr-ad11-c8fc-c11c-ad6c-kr-c6d4-ace1-b3d9/region_tutor,READY_REMOVE_DUPLICATE_H1,true,대구,233,true,C:\프로젝트\tutorplan\output\tutor\kr-b300-ad6c-kr-ad11-c8fc-c11c-ad6c-kr-c6d4-ace1-b3d9\region_tutor\index.html,True,GENERATED_K_REMOVE_H1
candidate:tutor:kr-b300-ad6c-kr-ad11-c8fc-c11c-ad6c-kr-d751-c11d-b3d9:region_tutor,/tutor/kr-b300-ad6c-kr-ad11-c8fc-c11c-ad6c-kr-d751-c11d-b3d9/region_tutor,READY_REMOVE_DUPLICATE_H1,true,대구,234,true,C:\프로젝트\tutorplan\output\tutor\kr-b300-ad6c-kr-ad11-c8fc-c11c-ad6c-kr-d751-c11d-b3d9\region_tutor\index.html,True,GENERATED_K_REMOVE_H1
candidate:tutor:kr-b300-ad6c-kr-ad11-c8fc-c11c-ad6c-kr-c218-c644-b3d9:region_tutor,/tutor/kr-b300-ad6c-kr-ad11-c8fc-c11c-ad6c-kr-c218-c644-b3d9/region_tutor,READY_REMOVE_DUPLICATE_H1,true,대구,235,true,C:\프로젝트\tutorplan\output\tutor\kr-b300-ad6c-kr-ad11-c8fc-c11c-ad6c-kr-c218-c644-b3d9\region_tutor\index.html,True,GENERATED_K_REMOVE_H1
candidate:tutor:kr-b300-ad6c-kr-ad11-c8fc-c11c-ad6c-kr-c2e0-ac00-b3d9:region_tutor,/tutor/kr-b300-ad6c-kr-ad11-c8fc-c11c-ad6c-kr-c2e0-ac00-b3d9/region_tutor,READY_REMOVE_DUPLICATE_H1,true,대구,237,true,C:\프로젝트\tutorplan\output\tutor\kr-b300-ad6c-kr-ad11-c8fc-c11c-ad6c-kr-c2e0-ac00-b3d9\region_tutor\index.html,True,GENERATED_K_REMOVE_H1
candidate:tutor:kr-b300-ad6c-kr-ad11-c8fc-c11c-ad6c-kr-c30d-c554-b3d9:region_tutor,/tutor/kr-b300-ad6c-kr-ad11-c8fc-c11c-ad6c-kr-c30d-c554-b3d9/region_tutor,READY_REMOVE_DUPLICATE_H1,true,대구,238,true,C:\프로젝트\tutorplan\output\tutor\kr-b300-ad6c-kr-ad11-c8fc-c11c-ad6c-kr-c30d-c554-b3d9\region_tutor\index.html,True,GENERATED_K_REMOVE_H1
candidate:tutor:kr-b300-ad6c-kr-ad11-c8fc-c11c-ad6c-kr-ad11-c8fc-c6b4-b0a8-b3d9:region_tutor,/tutor/kr-b300-ad6c-kr-ad11-c8fc-c11c-ad6c-kr-ad11-c8fc-c6b4-b0a8-b3d9/region_tutor,READY_REMOVE_DUPLICATE_H1,true,대구,239,true,C:\프로젝트\tutorplan\output\tutor\kr-b300-ad6c-kr-ad11-c8fc-c11c-ad6c-kr-ad11-c8fc-c6b4-b0a8-b3d9\region_tutor\index.html,True,GENERATED_K_REMOVE_H1
candidate:tutor:kr-b300-ad6c-kr-ad11-c8fc-c11c-ad6c-kr-d558-b0a8-b3d9:region_tutor,/tutor/kr-b300-ad6c-kr-ad11-c8fc-c11c-ad6c-kr-d558-b0a8-b3d9/region_tutor,READY_REMOVE_DUPLICATE_H1,true,대구,240,true,C:\프로젝트\tutorplan\output\tutor\kr-b300-ad6c-kr-ad11-c8fc-c11c-ad6c-kr-d558-b0a8-b3d9\region_tutor\index.html,True,GENERATED_K_REMOVE_H1
candidate:tutor:kr-b300-ad6c-kr-ad11-c8fc-c11c-ad6c-kr-bc29-b9bc-b3d9:region_tutor,/tutor/kr-b300-ad6c-kr-ad11-c8fc-c11c-ad6c-kr-bc29-b9bc-b3d9/region_tutor,READY_REMOVE_DUPLICATE_H1,true,대구,241,true,C:\프로젝트\tutorplan\output\tutor\kr-b300-ad6c-kr-ad11-c8fc-c11c-ad6c-kr-bc29-b9bc-b3d9\region_tutor\index.html,True,GENERATED_K_REMOVE_H1
candidate:tutor:kr-b300-ad6c-kr-ad11-c8fc-c11c-ad6c-kr-c6d4-c0b0-b3d9:region_tutor,/tutor/kr-b300-ad6c-kr-ad11-c8fc-c11c-ad6c-kr-c6d4-c0b0-b3d9/region_tutor,READY_REMOVE_DUPLICATE_H1,true,대구,243,true,C:\프로젝트\tutorplan\output\tutor\kr-b300-ad6c-kr-ad11-c8fc-c11c-ad6c-kr-c6d4-c0b0-b3d9\region_tutor\index.html,True,GENERATED_K_REMOVE_H1
candidate:tutor:kr-b300-ad6c-kr-ad11-c8fc-c11c-ad6c-kr-d589-c554-b3d9:region_tutor,/tutor/kr-b300-ad6c-kr-ad11-c8fc-c11c-ad6c-kr-d589-c554-b3d9/region_tutor,READY_REMOVE_DUPLICATE_H1,true,대구,244,true,C:\프로젝트\tutorplan\output\tutor\kr-b300-ad6c-kr-ad11-c8fc-c11c-ad6c-kr-d589-c554-b3d9\region_tutor\index.html,True,GENERATED_K_REMOVE_H1
candidate:tutor:kr-b300-ad6c-kr-ad11-c8fc-c11c-ad6c-kr-b450-c554-b3d9:region_tutor,/tutor/kr-b300-ad6c-kr-ad11-c8fc-c11c-ad6c-kr-b450-c554-b3d9/region_tutor,READY_REMOVE_DUPLICATE_H1,true,대구,247,true,C:\프로젝트\tutorplan\output\tutor\kr-b300-ad6c-kr-ad11-c8fc-c11c-ad6c-kr-b450-c554-b3d9\region_tutor\index.html,True,GENERATED_K_REMOVE_H1
candidate:tutor:kr-b300-ad6c-kr-ad11-c8fc-c11c-ad6c-kr-b9e4-ace1-b3d9:region_tutor,/tutor/kr-b300-ad6c-kr-ad11-c8fc-c11c-ad6c-kr-b9e4-ace1-b3d9/region_tutor,READY_REMOVE_DUPLICATE_H1,true,대구,248,true,C:\프로젝트\tutorplan\output\tutor\kr-b300-ad6c-kr-ad11-c8fc-c11c-ad6c-kr-b9e4-ace1-b3d9\region_tutor\index.html,True,GENERATED_K_REMOVE_H1
candidate:tutor:kr-b300-ad6c-kr-ad11-c8fc-c11c-ad6c-kr-bb38-d765-b3d9:region_tutor,/tutor/kr-b300-ad6c-kr-ad11-c8fc-c11c-ad6c-kr-bb38-d765-b3d9/region_tutor,READY_REMOVE_DUPLICATE_H1,true,대구,249,true,C:\프로젝트\tutorplan\output\tutor\kr-b300-ad6c-kr-ad11-c8fc-c11c-ad6c-kr-bb38-d765-b3d9\region_tutor\index.html,True,GENERATED_K_REMOVE_H1
candidate:tutor:kr-b300-ad6c-kr-ad11-c8fc-c11c-ad6c-kr-c2e0-c6a9-b3d9:region_tutor,/tutor/kr-b300-ad6c-kr-ad11-c8fc-c11c-ad6c-kr-c2e0-c6a9-b3d9/region_tutor,READY_REMOVE_DUPLICATE_H1,true,대구,251,true,C:\프로젝트\tutorplan\output\tutor\kr-b300-ad6c-kr-ad11-c8fc-c11c-ad6c-kr-c2e0-c6a9-b3d9\region_tutor\index.html,True,GENERATED_K_REMOVE_H1
candidate:tutor:kr-b300-ad6c-kr-ad11-c8fc-c11c-ad6c-kr-c624-ce58-b3d9:region_tutor,/tutor/kr-b300-ad6c-kr-ad11-c8fc-c11c-ad6c-kr-c624-ce58-b3d9/region_tutor,READY_REMOVE_DUPLICATE_H1,true,대구,253,true,C:\프로젝트\tutorplan\output\tutor\kr-b300-ad6c-kr-ad11-c8fc-c11c-ad6c-kr-c624-ce58-b3d9\region_tutor\index.html,True,GENERATED_K_REMOVE_H1
candidate:tutor:kr-b300-ad6c-kr-ad11-c8fc-c11c-ad6c-kr-ad11-c8fc-c6b0-c0b0-b3d9:region_tutor,/tutor/kr-b300-ad6c-kr-ad11-c8fc-c11c-ad6c-kr-ad11-c8fc-c6b0-c0b0-b3d9/region_tutor,READY_REMOVE_DUPLICATE_H1,true,대구,255,true,C:\프로젝트\tutorplan\output\tutor\kr-b300-ad6c-kr-ad11-c8fc-c11c-ad6c-kr-ad11-c8fc-c6b0-c0b0-b3d9\region_tutor\index.html,True,GENERATED_K_REMOVE_H1
candidate:tutor:kr-b300-ad6c-kr-ad11-c8fc-c11c-ad6c-kr-c6b4-c554-b3d9:region_tutor,/tutor/kr-b300-ad6c-kr-ad11-c8fc-c11c-ad6c-kr-c6b4-c554-b3d9/region_tutor,READY_REMOVE_DUPLICATE_H1,true,대구,256,true,C:\프로젝트\tutorplan\output\tutor\kr-b300-ad6c-kr-ad11-c8fc-c11c-ad6c-kr-c6b4-c554-b3d9\region_tutor\index.html,True,GENERATED_K_REMOVE_H1
candidate:tutor:kr-b300-ad6c-kr-ad11-c8fc-c11c-ad6c-kr-d48d-d5a5-b3d9:region_tutor,/tutor/kr-b300-ad6c-kr-ad11-c8fc-c11c-ad6c-kr-d48d-d5a5-b3d9/region_tutor,READY_REMOVE_DUPLICATE_H1,true,대구,258,true,C:\프로젝트\tutorplan\output\tutor\kr-b300-ad6c-kr-ad11-c8fc-c11c-ad6c-kr-d48d-d5a5-b3d9\region_tutor\index.html,True,GENERATED_K_REMOVE_H1
candidate:tutor:kr-b300-ad6c-kr-ad11-c8fc-c11c-ad6c-kr-ad11-cc9c-b3d9:region_tutor,/tutor/kr-b300-ad6c-kr-ad11-c8fc-c11c-ad6c-kr-ad11-cc9c-b3d9/region_tutor,READY_REMOVE_DUPLICATE_H1,true,대구,259,true,C:\프로젝트\tutorplan\output\tutor\kr-b300-ad6c-kr-ad11-c8fc-c11c-ad6c-kr-ad11-cc9c-b3d9\region_tutor\index.html,True,GENERATED_K_REMOVE_H1
candidate:tutor:kr-b300-ad6c-kr-ad11-c8fc-c11c-ad6c-kr-b0b4-bc29-b3d9:region_tutor,/tutor/kr-b300-ad6c-kr-ad11-c8fc-c11c-ad6c-kr-b0b4-bc29-b3d9/region_tutor,READY_REMOVE_DUPLICATE_H1,true,대구,261,true,C:\프로젝트\tutorplan\output\tutor\kr-b300-ad6c-kr-ad11-c8fc-c11c-ad6c-kr-b0b4-bc29-b3d9\region_tutor\index.html,True,GENERATED_K_REMOVE_H1
candidate:tutor:kr-b300-ad6c-kr-ad11-c8fc-c11c-ad6c-kr-ad11-c8fc-b3d9-cc9c-b3d9:region_tutor,/tutor/kr-b300-ad6c-kr-ad11-c8fc-c11c-ad6c-kr-ad11-c8fc-b3d9-cc9c-b3d9/region_tutor,READY_REMOVE_DUPLICATE_H1,true,대구,262,true,C:\프로젝트\tutorplan\output\tutor\kr-b300-ad6c-kr-ad11-c8fc-c11c-ad6c-kr-ad11-c8fc-b3d9-cc9c-b3d9\region_tutor\index.html,True,GENERATED_K_REMOVE_H1
candidate:tutor:kr-b300-ad6c-kr-ad11-c8fc-c11c-ad6c-kr-c30d-cd0c-b3d9:region_tutor,/tutor/kr-b300-ad6c-kr-ad11-c8fc-c11c-ad6c-kr-c30d-cd0c-b3d9/region_tutor,READY_REMOVE_DUPLICATE_H1,true,대구,263,true,C:\프로젝트\tutorplan\output\tutor\kr-b300-ad6c-kr-ad11-c8fc-c11c-ad6c-kr-c30d-cd0c-b3d9\region_tutor\index.html,True,GENERATED_K_REMOVE_H1
candidate:tutor:kr-b300-ad6c-kr-ad11-c8fc-c11c-ad6c-kr-ce58-d3c9-b3d9:region_tutor,/tutor/kr-b300-ad6c-kr-ad11-c8fc-c11c-ad6c-kr-ce58-d3c9-b3d9/region_tutor,READY_REMOVE_DUPLICATE_H1,true,대구,264,true,C:\프로젝트\tutorplan\output\tutor\kr-b300-ad6c-kr-ad11-c8fc-c11c-ad6c-kr-ce58-d3c9-b3d9\region_tutor\index.html,True,GENERATED_K_REMOVE_H1
candidate:tutor:kr-b300-ad6c-kr-ad11-c8fc-c11c-ad6c-kr-d48d-c554-b3d9:region_tutor,/tutor/kr-b300-ad6c-kr-ad11-c8fc-c11c-ad6c-kr-d48d-c554-b3d9/region_tutor,READY_REMOVE_DUPLICATE_H1,true,대구,265,true,C:\프로젝트\tutorplan\output\tutor\kr-b300-ad6c-kr-ad11-c8fc-c11c-ad6c-kr-d48d-c554-b3d9\region_tutor\index.html,True,GENERATED_K_REMOVE_H1
candidate:tutor:kr-b300-ad6c-kr-ad11-c8fc-c11c-ad6c-kr-d654-c815-b3d9:region_tutor,/tutor/kr-b300-ad6c-kr-ad11-c8fc-c11c-ad6c-kr-d654-c815-b3d9/region_tutor,READY_REMOVE_DUPLICATE_H1,true,대구,266,true,C:\프로젝트\tutorplan\output\tutor\kr-b300-ad6c-kr-ad11-c8fc-c11c-ad6c-kr-d654-c815-b3d9\region_tutor\index.html,True,GENERATED_K_REMOVE_H1
candidate:tutor:kr-b300-ad6c-kr-ad11-c8fc-c11c-ad6c-kr-c720-cd0c-b3d9:region_tutor,/tutor/kr-b300-ad6c-kr-ad11-c8fc-c11c-ad6c-kr-c720-cd0c-b3d9/region_tutor,READY_REMOVE_DUPLICATE_H1,true,대구,267,true,C:\프로젝트\tutorplan\output\tutor\kr-b300-ad6c-kr-ad11-c8fc-c11c-ad6c-kr-c720-cd0c-b3d9\region_tutor\index.html,True,GENERATED_K_REMOVE_H1
candidate:tutor:kr-b300-ad6c-kr-c0c1-bb34-c9c0-ad6c:region_tutor,/tutor/kr-b300-ad6c-kr-c0c1-bb34-c9c0-ad6c/region_tutor,READY_REMOVE_DUPLICATE_H1,true,대구,268,true,C:\프로젝트\tutorplan\output\tutor\kr-b300-ad6c-kr-c0c1-bb34-c9c0-ad6c\region_tutor\index.html,True,GENERATED_K_REMOVE_H1
candidate:tutor:kr-b300-ad6c-kr-ae08-d638-c9c0-ad6c:region_tutor,/tutor/kr-b300-ad6c-kr-ae08-d638-c9c0-ad6c/region_tutor,READY_REMOVE_DUPLICATE_H1,true,대구,269,true,C:\프로젝트\tutorplan\output\tutor\kr-b300-ad6c-kr-ae08-d638-c9c0-ad6c\region_tutor\index.html,True,GENERATED_K_REMOVE_H1
candidate:tutor:kr-b300-ad6c-kr-c9c4-c6d4-c9c0-ad6c:region_tutor,/tutor/kr-b300-ad6c-kr-c9c4-c6d4-c9c0-ad6c/region_tutor,READY_REMOVE_DUPLICATE_H1,true,대구,272,true,C:\프로젝트\tutorplan\output\tutor\kr-b300-ad6c-kr-c9c4-c6d4-c9c0-ad6c\region_tutor\index.html,True,GENERATED_K_REMOVE_H1
candidate:tutor:kr-b300-ad6c-kr-ad11-c8fc-d6a8-cc9c-c9c0-ad6c:region_tutor,/tutor/kr-b300-ad6c-kr-ad11-c8fc-d6a8-cc9c-c9c0-ad6c/region_tutor,READY_REMOVE_DUPLICATE_H1,true,대구,273,true,C:\프로젝트\tutorplan\output\tutor\kr-b300-ad6c-kr-ad11-c8fc-d6a8-cc9c-c9c0-ad6c\region_tutor\index.html,True,GENERATED_K_REMOVE_H1
candidate:tutor:kr-b300-ad6c-kr-c77c-ace1-c9c0-ad6c:region_tutor,/tutor/kr-b300-ad6c-kr-c77c-ace1-c9c0-ad6c/region_tutor,READY_REMOVE_DUPLICATE_H1,true,대구,275,true,C:\프로젝트\tutorplan\output\tutor\kr-b300-ad6c-kr-c77c-ace1-c9c0-ad6c\region_tutor\index.html,True,GENERATED_K_REMOVE_H1
candidate:tutor:kr-b300-ad6c-kr-c591-c0b0-c9c0-ad6c:region_tutor,/tutor/kr-b300-ad6c-kr-c591-c0b0-c9c0-ad6c/region_tutor,READY_REMOVE_DUPLICATE_H1,true,대구,276,true,C:\프로젝트\tutorplan\output\tutor\kr-b300-ad6c-kr-c591-c0b0-c9c0-ad6c\region_tutor\index.html,True,GENERATED_K_REMOVE_H1
candidate:tutor:kr-b300-ad6c-kr-d558-b0a8-c9c0-ad6c:region_tutor,/tutor/kr-b300-ad6c-kr-d558-b0a8-c9c0-ad6c/region_tutor,READY_REMOVE_DUPLICATE_H1,true,대구,278,true,C:\프로젝트\tutorplan\output\tutor\kr-b300-ad6c-kr-d558-b0a8-c9c0-ad6c\region_tutor\index.html,True,GENERATED_K_REMOVE_H1
candidate:tutor:kr-b300-ad6c-2:region_tutor,/tutor/kr-b300-ad6c-2/region_tutor,READY_REMOVE_DUPLICATE_H1,true,대구,279,true,C:\프로젝트\tutorplan\output\tutor\kr-b300-ad6c-2\region_tutor\index.html,True,GENERATED_K_REMOVE_H1
candidate:tutor:kr-b300-ad6c-kr-c120-c6b4-c9c0-ad6c:region_tutor,/tutor/kr-b300-ad6c-kr-c120-c6b4-c9c0-ad6c/region_tutor,READY_REMOVE_DUPLICATE_H1,true,대구,280,true,C:\프로젝트\tutorplan\output\tutor\kr-b300-ad6c-kr-c120-c6b4-c9c0-ad6c\region_tutor\index.html,True,GENERATED_K_REMOVE_H1
candidate:tutor:kr-b300-ad6c-kr-c120-c6b4-c9c0-ad6c-kr-c804-c8fc:region_tutor,/tutor/kr-b300-ad6c-kr-c120-c6b4-c9c0-ad6c-kr-c804-c8fc/region_tutor,READY_REMOVE_DUPLICATE_H1,true,대구,281,true,C:\프로젝트\tutorplan\output\tutor\kr-b300-ad6c-kr-c120-c6b4-c9c0-ad6c-kr-c804-c8fc\region_tutor\index.html,True,GENERATED_K_REMOVE_H1
candidate:tutor:kr-b300-ad6c-kr-b355-c9c4-ad6c:region_tutor,/tutor/kr-b300-ad6c-kr-b355-c9c4-ad6c/region_tutor,READY_REMOVE_DUPLICATE_H1,true,대구,282,true,C:\프로젝트\tutorplan\output\tutor\kr-b300-ad6c-kr-b355-c9c4-ad6c\region_tutor\index.html,True,GENERATED_K_REMOVE_H1
candidate:tutor:kr-b300-ad6c-kr-c644-c0b0-ad6c:region_tutor,/tutor/kr-b300-ad6c-kr-c644-c0b0-ad6c/region_tutor,READY_REMOVE_DUPLICATE_H1,true,대구,283,true,C:\프로젝트\tutorplan\output\tutor\kr-b300-ad6c-kr-c644-c0b0-ad6c\region_tutor\index.html,True,GENERATED_K_REMOVE_H1
candidate:tutor:kr-b300-ad6c-kr-c644-c0b0-ad6c-kr-b355-c9c4-b3d9:region_tutor,/tutor/kr-b300-ad6c-kr-c644-c0b0-ad6c-kr-b355-c9c4-b3d9/region_tutor,READY_REMOVE_DUPLICATE_H1,true,대구,284,true,C:\프로젝트\tutorplan\output\tutor\kr-b300-ad6c-kr-c644-c0b0-ad6c-kr-b355-c9c4-b3d9\region_tutor\index.html,True,GENERATED_K_REMOVE_H1
candidate:tutor:kr-b300-ad6c-kr-c644-c0b0-ad6c-kr-bc18-c6d4-b3d9:region_tutor,/tutor/kr-b300-ad6c-kr-c644-c0b0-ad6c-kr-bc18-c6d4-b3d9/region_tutor,READY_REMOVE_DUPLICATE_H1,true,대구,285,true,C:\프로젝트\tutorplan\output\tutor\kr-b300-ad6c-kr-c644-c0b0-ad6c-kr-bc18-c6d4-b3d9\region_tutor\index.html,True,GENERATED_K_REMOVE_H1
candidate:tutor:kr-b300-ad6c-kr-c644-c0b0-ad6c-kr-c5ec-c758-b3d9:region_tutor,/tutor/kr-b300-ad6c-kr-c644-c0b0-ad6c-kr-c5ec-c758-b3d9/region_tutor,READY_REMOVE_DUPLICATE_H1,true,대구,286,true,C:\프로젝트\tutorplan\output\tutor\kr-b300-ad6c-kr-c644-c0b0-ad6c-kr-c5ec-c758-b3d9\region_tutor\index.html,True,GENERATED_K_REMOVE_H1
candidate:tutor:kr-b300-ad6c-kr-c644-c0b0-ad6c-kr-c6b0-c544-b3d9:region_tutor,/tutor/kr-b300-ad6c-kr-c644-c0b0-ad6c-kr-c6b0-c544-b3d9/region_tutor,READY_REMOVE_DUPLICATE_H1,true,대구,287,true,C:\프로젝트\tutorplan\output\tutor\kr-b300-ad6c-kr-c644-c0b0-ad6c-kr-c6b0-c544-b3d9\region_tutor\index.html,True,GENERATED_K_REMOVE_H1
candidate:tutor:kr-b300-ad6c-kr-c644-c0b0-ad6c-kr-c778-d6c4-b3d9:region_tutor,/tutor/kr-b300-ad6c-kr-c644-c0b0-ad6c-kr-c778-d6c4-b3d9/region_tutor,READY_REMOVE_DUPLICATE_H1,true,대구,288,true,C:\프로젝트\tutorplan\output\tutor\kr-b300-ad6c-kr-c644-c0b0-ad6c-kr-c778-d6c4-b3d9\region_tutor\index.html,True,GENERATED_K_REMOVE_H1
candidate:tutor:kr-b300-ad6c-kr-c644-c0b0-ad6c-kr-c804-c8fc-c911-b3d9:region_tutor,/tutor/kr-b300-ad6c-kr-c644-c0b0-ad6c-kr-c804-c8fc-c911-b3d9/region_tutor,READY_REMOVE_DUPLICATE_H1,true,대구,289,true,C:\프로젝트\tutorplan\output\tutor\kr-b300-ad6c-kr-c644-c0b0-ad6c-kr-c804-c8fc-c911-b3d9\region_tutor\index.html,True,GENERATED_K_REMOVE_H1
candidate:tutor:kr-b300-ad6c-kr-c644-c0b0-ad6c-kr-c1a1-cc9c-b3d9:region_tutor,/tutor/kr-b300-ad6c-kr-c644-c0b0-ad6c-kr-c1a1-cc9c-b3d9/region_tutor,READY_REMOVE_DUPLICATE_H1,true,대구,291,true,C:\프로젝트\tutorplan\output\tutor\kr-b300-ad6c-kr-c644-c0b0-ad6c-kr-c1a1-cc9c-b3d9\region_tutor\index.html,True,GENERATED_K_REMOVE_H1
candidate:tutor:kr-b300-ad6c-kr-c644-c0b0-ad6c-kr-c9c4-bd81-b3d9:region_tutor,/tutor/kr-b300-ad6c-kr-c644-c0b0-ad6c-kr-c9c4-bd81-b3d9/region_tutor,READY_REMOVE_DUPLICATE_H1,true,대구,292,true,C:\프로젝트\tutorplan\output\tutor\kr-b300-ad6c-kr-c644-c0b0-ad6c-kr-c9c4-bd81-b3d9\region_tutor\index.html,True,GENERATED_K_REMOVE_H1
candidate:tutor:kr-b300-ad6c-kr-c644-c0b0-ad6c-kr-b9cc-c1a1-b3d9:region_tutor,/tutor/kr-b300-ad6c-kr-c644-c0b0-ad6c-kr-b9cc-c1a1-b3d9/region_tutor,READY_REMOVE_DUPLICATE_H1,true,대구,293,true,C:\프로젝트\tutorplan\output\tutor\kr-b300-ad6c-kr-c644-c0b0-ad6c-kr-b9cc-c1a1-b3d9\region_tutor\index.html,True,GENERATED_K_REMOVE_H1
candidate:tutor:kr-b300-ad6c-kr-c644-c0b0-ad6c-kr-c7a5-b3d9:region_tutor,/tutor/kr-b300-ad6c-kr-c644-c0b0-ad6c-kr-c7a5-b3d9/region_tutor,READY_REMOVE_DUPLICATE_H1,true,대구,294,true,C:\프로젝트\tutorplan\output\tutor\kr-b300-ad6c-kr-c644-c0b0-ad6c-kr-c7a5-b3d9\region_tutor\index.html,True,GENERATED_K_REMOVE_H1
candidate:tutor:kr-b300-ad6c-kr-c644-c0b0-ad6c-kr-c0bc-cc9c-b3d9:region_tutor,/tutor/kr-b300-ad6c-kr-c644-c0b0-ad6c-kr-c0bc-cc9c-b3d9/region_tutor,READY_REMOVE_DUPLICATE_H1,true,대구,295,true,C:\프로젝트\tutorplan\output\tutor\kr-b300-ad6c-kr-c644-c0b0-ad6c-kr-c0bc-cc9c-b3d9\region_tutor\index.html,True,GENERATED_K_REMOVE_H1
candidate:tutor:kr-b300-ad6c-kr-c644-c0b0-ad6c-kr-c911-d654-c0b0-b3d9:region_tutor,/tutor/kr-b300-ad6c-kr-c644-c0b0-ad6c-kr-c911-d654-c0b0-b3d9/region_tutor,READY_REMOVE_DUPLICATE_H1,true,대구,298,true,C:\프로젝트\tutorplan\output\tutor\kr-b300-ad6c-kr-c644-c0b0-ad6c-kr-c911-d654-c0b0-b3d9\region_tutor\index.html,True,GENERATED_K_REMOVE_H1
candidate:tutor:kr-b300-ad6c-kr-c644-c0b0-ad6c-kr-c804-c8fc-d0dc-d3c9-b3d9:region_tutor,/tutor/kr-b300-ad6c-kr-c644-c0b0-ad6c-kr-c804-c8fc-d0dc-d3c9-b3d9/region_tutor,READY_REMOVE_DUPLICATE_H1,true,대구,299,true,C:\프로젝트\tutorplan\output\tutor\kr-b300-ad6c-kr-c644-c0b0-ad6c-kr-c804-c8fc-d0dc-d3c9-b3d9\region_tutor\index.html,True,GENERATED_K_REMOVE_H1
candidate:tutor:kr-b300-ad6c-kr-c644-c0b0-ad6c-kr-d3c9-d654-b3d9:region_tutor,/tutor/kr-b300-ad6c-kr-c644-c0b0-ad6c-kr-d3c9-d654-b3d9/region_tutor,READY_REMOVE_DUPLICATE_H1,true,대구,300,true,C:\프로젝트\tutorplan\output\tutor\kr-b300-ad6c-kr-c644-c0b0-ad6c-kr-d3c9-d654-b3d9\region_tutor\index.html,True,GENERATED_K_REMOVE_H1
candidate:tutor:kr-b300-ad6c-kr-c644-c0b0-ad6c-kr-d48d-b0a8-b3d9:region_tutor,/tutor/kr-b300-ad6c-kr-c644-c0b0-ad6c-kr-d48d-b0a8-b3d9/region_tutor,READY_REMOVE_DUPLICATE_H1,true,대구,301,true,C:\프로젝트\tutorplan\output\tutor\kr-b300-ad6c-kr-c644-c0b0-ad6c-kr-d48d-b0a8-b3d9\region_tutor\index.html,True,GENERATED_K_REMOVE_H1
candidate:tutor:kr-b300-ad6c-kr-c644-c0b0-ad6c-kr-d6a8-c790-b3d9:region_tutor,/tutor/kr-b300-ad6c-kr-c644-c0b0-ad6c-kr-d6a8-c790-b3d9/region_tutor,READY_REMOVE_DUPLICATE_H1,true,대구,302,true,C:\프로젝트\tutorplan\output\tutor\kr-b300-ad6c-kr-c644-c0b0-ad6c-kr-d6a8-c790-b3d9\region_tutor\index.html,True,GENERATED_K_REMOVE_H1
candidate:tutor:kr-b300-ad6c-kr-d6a8-c790-c9c0-ad6c:region_tutor,/tutor/kr-b300-ad6c-kr-d6a8-c790-c9c0-ad6c/region_tutor,READY_REMOVE_DUPLICATE_H1,true,대구,303,true,C:\프로젝트\tutorplan\output\tutor\kr-b300-ad6c-kr-d6a8-c790-c9c0-ad6c\region_tutor\index.html,True,GENERATED_K_REMOVE_H1
candidate:tutor:kr-b300-ad6c-kr-d6a8-c790-c9c0-ad6c-kr-c11c-bd80-c2e0-c2dc-ac00-c9c0:region_tutor,/tutor/kr-b300-ad6c-kr-d6a8-c790-c9c0-ad6c-kr-c11c-bd80-c2e0-c2dc-ac00-c9c0/region_tutor,READY_REMOVE_DUPLICATE_H1,true,대구,305,true,C:\프로젝트\tutorplan\output\tutor\kr-b300-ad6c-kr-d6a8-c790-c9c0-ad6c-kr-c11c-bd80-c2e0-c2dc-ac00-c9c0\region_tutor\index.html,True,GENERATED_K_REMOVE_H1
candidate:tutor:kr-b300-ad6c-kr-c804-c8fc-d6a8-cc9c-c9c0-ad6c-kr-d48d-b0a8-bb38:region_tutor,/tutor/kr-b300-ad6c-kr-c804-c8fc-d6a8-cc9c-c9c0-ad6c-kr-d48d-b0a8-bb38/region_tutor,READY_REMOVE_DUPLICATE_H1,true,대구,307,true,C:\프로젝트\tutorplan\output\tutor\kr-b300-ad6c-kr-c804-c8fc-d6a8-cc9c-c9c0-ad6c-kr-d48d-b0a8-bb38\region_tutor\index.html,True,GENERATED_K_REMOVE_H1
candidate:tutor:kr-b300-ad6c-kr-c1a1-cc9c-c9c0-ad6c:region_tutor,/tutor/kr-b300-ad6c-kr-c1a1-cc9c-c9c0-ad6c/region_tutor,READY_REMOVE_DUPLICATE_H1,true,대구,308,true,C:\프로젝트\tutorplan\output\tutor\kr-b300-ad6c-kr-c1a1-cc9c-c9c0-ad6c\region_tutor\index.html,True,GENERATED_K_REMOVE_H1
candidate:tutor:kr-b300-ad6c-kr-c804-c8fc-d601-c2e0-b3c4-c2dc:region_tutor,/tutor/kr-b300-ad6c-kr-c804-c8fc-d601-c2e0-b3c4-c2dc/region_tutor,READY_REMOVE_DUPLICATE_H1,true,대구,310,true,C:\프로젝트\tutorplan\output\tutor\kr-b300-ad6c-kr-c804-c8fc-d601-c2e0-b3c4-c2dc\region_tutor\index.html,True,GENERATED_K_REMOVE_H1
candidate:tutor:kr-b300-ad6c-kr-b9cc-c131-c9c0-ad6c:region_tutor,/tutor/kr-b300-ad6c-kr-b9cc-c131-c9c0-ad6c/region_tutor,READY_REMOVE_DUPLICATE_H1,true,대구,311,true,C:\프로젝트\tutorplan\output\tutor\kr-b300-ad6c-kr-b9cc-c131-c9c0-ad6c\region_tutor\index.html,True,GENERATED_K_REMOVE_H1
candidate:tutor:kr-b300-ad6c-kr-b9cc-c131-c9c0-ad6c-kr-c6d0-c8fc:region_tutor,/tutor/kr-b300-ad6c-kr-b9cc-c131-c9c0-ad6c-kr-c6d0-c8fc/region_tutor,READY_REMOVE_DUPLICATE_H1,true,대구,312,true,C:\프로젝트\tutorplan\output\tutor\kr-b300-ad6c-kr-b9cc-c131-c9c0-ad6c-kr-c6d0-c8fc\region_tutor\index.html,True,GENERATED_K_REMOVE_H1
candidate:tutor:kr-b300-ad6c-kr-b9cc-c131-c9c0-ad6c-kr-bb34-c2e4-b3d9:region_tutor,/tutor/kr-b300-ad6c-kr-b9cc-c131-c9c0-ad6c-kr-bb34-c2e4-b3d9/region_tutor,READY_REMOVE_DUPLICATE_H1,true,대구,314,true,C:\프로젝트\tutorplan\output\tutor\kr-b300-ad6c-kr-b9cc-c131-c9c0-ad6c-kr-bb34-c2e4-b3d9\region_tutor\index.html,True,GENERATED_K_REMOVE_H1
candidate:tutor:kr-b300-ad6c-kr-b9cc-c131-c9c0-ad6c-kr-ac1c-c6b4-b3d9:region_tutor,/tutor/kr-b300-ad6c-kr-b9cc-c131-c9c0-ad6c-kr-ac1c-c6b4-b3d9/region_tutor,READY_REMOVE_DUPLICATE_H1,true,대구,315,true,C:\프로젝트\tutorplan\output\tutor\kr-b300-ad6c-kr-b9cc-c131-c9c0-ad6c-kr-ac1c-c6b4-b3d9\region_tutor\index.html,True,GENERATED_K_REMOVE_H1
candidate:tutor:kr-b300-ad6c-kr-b9cc-c131-c9c0-ad6c-kr-b2e8-ad6c-b3d9:region_tutor,/tutor/kr-b300-ad6c-kr-b9cc-c131-c9c0-ad6c-kr-b2e8-ad6c-b3d9/region_tutor,READY_REMOVE_DUPLICATE_H1,true,대구,316,true,C:\프로젝트\tutorplan\output\tutor\kr-b300-ad6c-kr-b9cc-c131-c9c0-ad6c-kr-b2e8-ad6c-b3d9\region_tutor\index.html,True,GENERATED_K_REMOVE_H1
candidate:tutor:kr-b300-ad6c-kr-b9cc-c131-c9c0-ad6c-kr-c6d0-c8fc-c6b0-c0b0-b3d9:region_tutor,/tutor/kr-b300-ad6c-kr-b9cc-c131-c9c0-ad6c-kr-c6d0-c8fc-c6b0-c0b0-b3d9/region_tutor,READY_REMOVE_DUPLICATE_H1,true,대구,318,true,C:\프로젝트\tutorplan\output\tutor\kr-b300-ad6c-kr-b9cc-c131-c9c0-ad6c-kr-c6d0-c8fc-c6b0-c0b0-b3d9\region_tutor\index.html,True,GENERATED_K_REMOVE_H1
candidate:tutor:kr-b300-ad6c-kr-b9cc-c131-c9c0-ad6c-kr-d559-c131-b3d9:region_tutor,/tutor/kr-b300-ad6c-kr-b9cc-c131-c9c0-ad6c-kr-d559-c131-b3d9/region_tutor,READY_REMOVE_DUPLICATE_H1,true,대구,319,true,C:\프로젝트\tutorplan\output\tutor\kr-b300-ad6c-kr-b9cc-c131-c9c0-ad6c-kr-d559-c131-b3d9\region_tutor\index.html,True,GENERATED_K_REMOVE_H1
candidate:tutor:kr-b300-ad6c-kr-b9cc-c131-c9c0-ad6c-kr-d589-ad6c-b3d9:region_tutor,/tutor/kr-b300-ad6c-kr-b9cc-c131-c9c0-ad6c-kr-d589-ad6c-b3d9/region_tutor,READY_REMOVE_DUPLICATE_H1,true,대구,320,true,C:\프로젝트\tutorplan\output\tutor\kr-b300-ad6c-kr-b9cc-c131-c9c0-ad6c-kr-d589-ad6c-b3d9\region_tutor\index.html,True,GENERATED_K_REMOVE_H1
candidate:tutor:kr-b300-ad6c-kr-c6d0-c8fc-d601-c2e0-b3c4-c2dc:region_tutor,/tutor/kr-b300-ad6c-kr-c6d0-c8fc-d601-c2e0-b3c4-c2dc/region_tutor,READY_REMOVE_DUPLICATE_H1,true,대구,322,true,C:\프로젝트\tutorplan\output\tutor\kr-b300-ad6c-kr-c6d0-c8fc-d601-c2e0-b3c4-c2dc\region_tutor\index.html,True,GENERATED_K_REMOVE_H1
candidate:tutor:kr-b300-ad6c-kr-bc18-ace1-c9c0-ad6c:region_tutor,/tutor/kr-b300-ad6c-kr-bc18-ace1-c9c0-ad6c/region_tutor,READY_REMOVE_DUPLICATE_H1,true,대구,326,true,C:\프로젝트\tutorplan\output\tutor\kr-b300-ad6c-kr-bc18-ace1-c9c0-ad6c\region_tutor\index.html,True,GENERATED_K_REMOVE_H1
candidate:tutor:kr-b300-ad6c-kr-c9c0-c815-c9c0-ad6c-kr-cd98-cc9c:region_tutor,/tutor/kr-b300-ad6c-kr-c9c0-c815-c9c0-ad6c-kr-cd98-cc9c/region_tutor,READY_REMOVE_DUPLICATE_H1,true,대구,328,true,C:\프로젝트\tutorplan\output\tutor\kr-b300-ad6c-kr-c9c0-c815-c9c0-ad6c-kr-cd98-cc9c\region_tutor\index.html,True,GENERATED_K_REMOVE_H1
candidate:tutor:kr-b300-ad6c-kr-c9c0-c815-c9c0-ad6c-kr-ad50-b3d9:region_tutor,/tutor/kr-b300-ad6c-kr-c9c0-c815-c9c0-ad6c-kr-ad50-b3d9/region_tutor,READY_REMOVE_DUPLICATE_H1,true,대구,329,true,C:\프로젝트\tutorplan\output\tutor\kr-b300-ad6c-kr-c9c0-c815-c9c0-ad6c-kr-ad50-b3d9\region_tutor\index.html,True,GENERATED_K_REMOVE_H1
candidate:tutor:kr-b300-ad6c-kr-c9c0-c815-c9c0-ad6c-kr-adfc-d654-b3d9:region_tutor,/tutor/kr-b300-ad6c-kr-c9c0-c815-c9c0-ad6c-kr-adfc-d654-b3d9/region_tutor,READY_REMOVE_DUPLICATE_H1,true,대구,330,true,C:\프로젝트\tutorplan\output\tutor\kr-b300-ad6c-kr-c9c0-c815-c9c0-ad6c-kr-adfc-d654-b3d9\region_tutor\index.html,True,GENERATED_K_REMOVE_H1
candidate:tutor:kr-b300-ad6c-kr-c9c0-c815-c9c0-ad6c-kr-c628-c758-b3d9:region_tutor,/tutor/kr-b300-ad6c-kr-c9c0-c815-c9c0-ad6c-kr-c628-c758-b3d9/region_tutor,READY_REMOVE_DUPLICATE_H1,true,대구,336,true,C:\프로젝트\tutorplan\output\tutor\kr-b300-ad6c-kr-c9c0-c815-c9c0-ad6c-kr-c628-c758-b3d9\region_tutor\index.html,True,GENERATED_K_REMOVE_H1
candidate:tutor:kr-b300-ad6c-kr-c9c0-c815-c9c0-ad6c-kr-d6c4-d3c9-b3d9:region_tutor,/tutor/kr-b300-ad6c-kr-c9c0-c815-c9c0-ad6c-kr-d6c4-d3c9-b3d9/region_tutor,READY_REMOVE_DUPLICATE_H1,true,대구,337,true,C:\프로젝트\tutorplan\output\tutor\kr-b300-ad6c-kr-c9c0-c815-c9c0-ad6c-kr-d6c4-d3c9-b3d9\region_tutor\index.html,True,GENERATED_K_REMOVE_H1
candidate:tutor:kr-b300-ad6c-kr-c9c0-c815-c9c0-ad6c-kr-ce60-c804-b3d9:region_tutor,/tutor/kr-b300-ad6c-kr-c9c0-c815-c9c0-ad6c-kr-ce60-c804-b3d9/region_tutor,READY_REMOVE_DUPLICATE_H1,true,대구,339,true,C:\프로젝트\tutorplan\output\tutor\kr-b300-ad6c-kr-c9c0-c815-c9c0-ad6c-kr-ce60-c804-b3d9\region_tutor\index.html,True,GENERATED_K_REMOVE_H1
candidate:tutor:kr-b300-ad6c-kr-c11d-c0ac-c9c0-ad6c:region_tutor,/tutor/kr-b300-ad6c-kr-c11d-c0ac-c9c0-ad6c/region_tutor,READY_REMOVE_DUPLICATE_H1,true,대구,341,true,C:\프로젝트\tutorplan\output\tutor\kr-b300-ad6c-kr-c11d-c0ac-c9c0-ad6c\region_tutor\index.html,True,GENERATED_K_REMOVE_H1
candidate:tutor:kr-b300-ad6c-kr-d6c4-d3c9-c9c0-ad6c:region_tutor,/tutor/kr-b300-ad6c-kr-d6c4-d3c9-c9c0-ad6c/region_tutor,READY_REMOVE_DUPLICATE_H1,true,대구,342,true,C:\프로젝트\tutorplan\output\tutor\kr-b300-ad6c-kr-d6c4-d3c9-c9c0-ad6c\region_tutor\index.html,True,GENERATED_K_REMOVE_H1
candidate:tutor:kr-b300-ad6c-kr-c6b0-b450-c9c0-ad6c:region_tutor,/tutor/kr-b300-ad6c-kr-c6b0-b450-c9c0-ad6c/region_tutor,READY_REMOVE_DUPLICATE_H1,true,대구,345,true,C:\프로젝트\tutorplan\output\tutor\kr-b300-ad6c-kr-c6b0-b450-c9c0-ad6c\region_tutor\index.html,True,GENERATED_K_REMOVE_H1
candidate:tutor:kr-b300-ad6c-kr-c18c-c591-c9c0-ad6c:region_tutor,/tutor/kr-b300-ad6c-kr-c18c-c591-c9c0-ad6c/region_tutor,READY_REMOVE_DUPLICATE_H1,true,대구,346,true,C:\프로젝트\tutorplan\output\tutor\kr-b300-ad6c-kr-c18c-c591-c9c0-ad6c\region_tutor\index.html,True,GENERATED_K_REMOVE_H1
candidate:tutor:kr-b300-ad6c-kr-acc4-c591-ad6c:region_tutor,/tutor/kr-b300-ad6c-kr-acc4-c591-ad6c/region_tutor,READY_REMOVE_DUPLICATE_H1,true,대구,348,true,C:\프로젝트\tutorplan\output\tutor\kr-b300-ad6c-kr-acc4-c591-ad6c\region_tutor\index.html,True,GENERATED_K_REMOVE_H1
candidate:tutor:kr-b300-ad6c-kr-b0a8-b3d9-ad6c:region_tutor,/tutor/kr-b300-ad6c-kr-b0a8-b3d9-ad6c/region_tutor,READY_REMOVE_DUPLICATE_H1,true,대구,349,true,C:\프로젝트\tutorplan\output\tutor\kr-b300-ad6c-kr-b0a8-b3d9-ad6c\region_tutor\index.html,True,GENERATED_K_REMOVE_H1
candidate:tutor:kr-b300-ad6c-kr-bd80-d3c9-ad6c:region_tutor,/tutor/kr-b300-ad6c-kr-bd80-d3c9-ad6c/region_tutor,READY_REMOVE_DUPLICATE_H1,true,대구,351,true,C:\프로젝트\tutorplan\output\tutor\kr-b300-ad6c-kr-bd80-d3c9-ad6c\region_tutor\index.html,True,GENERATED_K_REMOVE_H1
candidate:tutor:kr-b300-ad6c-kr-c778-cc9c-c911-ad6c:region_tutor,/tutor/kr-b300-ad6c-kr-c778-cc9c-c911-ad6c/region_tutor,READY_REMOVE_DUPLICATE_H1,true,대구,354,true,C:\프로젝트\tutorplan\output\tutor\kr-b300-ad6c-kr-c778-cc9c-c911-ad6c\region_tutor\index.html,True,GENERATED_K_REMOVE_H1
candidate:tutor:kr-b300-ad6c-kr-c778-cc9c-b3d9-ad6c-kr-c791-c804-b3d9:region_tutor,/tutor/kr-b300-ad6c-kr-c778-cc9c-b3d9-ad6c-kr-c791-c804-b3d9/region_tutor,READY_REMOVE_DUPLICATE_H1,true,대구,356,true,C:\프로젝트\tutorplan\output\tutor\kr-b300-ad6c-kr-c778-cc9c-b3d9-ad6c-kr-c791-c804-b3d9\region_tutor\index.html,True,GENERATED_K_REMOVE_H1
candidate:tutor:kr-b300-ad6c-kr-c778-cc9c-b3d9-ad6c-kr-acc4-c0b0-b3d9:region_tutor,/tutor/kr-b300-ad6c-kr-c778-cc9c-b3d9-ad6c-kr-acc4-c0b0-b3d9/region_tutor,READY_REMOVE_DUPLICATE_H1,true,대구,357,true,C:\프로젝트\tutorplan\output\tutor\kr-b300-ad6c-kr-c778-cc9c-b3d9-ad6c-kr-acc4-c0b0-b3d9\region_tutor\index.html,True,GENERATED_K_REMOVE_H1
candidate:tutor:kr-b300-ad6c-kr-c778-cc9c-b3d9-ad6c-kr-bcd1-bc29-b3d9:region_tutor,/tutor/kr-b300-ad6c-kr-c778-cc9c-b3d9-ad6c-kr-bcd1-bc29-b3d9/region_tutor,READY_REMOVE_DUPLICATE_H1,true,대구,359,true,C:\프로젝트\tutorplan\output\tutor\kr-b300-ad6c-kr-c778-cc9c-b3d9-ad6c-kr-bcd1-bc29-b3d9\region_tutor\index.html,True,GENERATED_K_REMOVE_H1
candidate:tutor:kr-b300-ad6c-kr-c778-cc9c-b3d9-ad6c-kr-ad6c-c6d4-b3d9:region_tutor,/tutor/kr-b300-ad6c-kr-c778-cc9c-b3d9-ad6c-kr-ad6c-c6d4-b3d9/region_tutor,READY_REMOVE_DUPLICATE_H1,true,대구,361,true,C:\프로젝트\tutorplan\output\tutor\kr-b300-ad6c-kr-c778-cc9c-b3d9-ad6c-kr-ad6c-c6d4-b3d9\region_tutor\index.html,True,GENERATED_K_REMOVE_H1
candidate:tutor:kr-b300-ad6c-kr-c778-cc9c-b3d9-ad6c-kr-b17c-d604-b3d9:region_tutor,/tutor/kr-b300-ad6c-kr-c778-cc9c-b3d9-ad6c-kr-b17c-d604-b3d9/region_tutor,READY_REMOVE_DUPLICATE_H1,true,대구,363,true,C:\프로젝트\tutorplan\output\tutor\kr-b300-ad6c-kr-c778-cc9c-b3d9-ad6c-kr-b17c-d604-b3d9\region_tutor\index.html,True,GENERATED_K_REMOVE_H1
candidate:tutor:kr-b300-ad6c-kr-c778-cc9c-b3d9-ad6c-kr-b3c4-b9bc-b3d9:region_tutor,/tutor/kr-b300-ad6c-kr-c778-cc9c-b3d9-ad6c-kr-b3c4-b9bc-b3d9/region_tutor,READY_REMOVE_DUPLICATE_H1,true,대구,364,true,C:\프로젝트\tutorplan\output\tutor\kr-b300-ad6c-kr-c778-cc9c-b3d9-ad6c-kr-b3c4-b9bc-b3d9\region_tutor\index.html,True,GENERATED_K_REMOVE_H1
candidate:tutor:kr-b300-ad6c-kr-c778-cc9c-b3d9-ad6c-kr-c11c-cc3d-b3d9:region_tutor,/tutor/kr-b300-ad6c-kr-c778-cc9c-b3d9-ad6c-kr-c11c-cc3d-b3d9/region_tutor,READY_REMOVE_DUPLICATE_H1,true,대구,365,true,C:\프로젝트\tutorplan\output\tutor\kr-b300-ad6c-kr-c778-cc9c-b3d9-ad6c-kr-c11c-cc3d-b3d9\region_tutor\index.html,True,GENERATED_K_REMOVE_H1
candidate:tutor:kr-b300-ad6c-kr-c778-cc9c-b3d9-ad6c-kr-c778-cc9c-bb38-d559-b3d9:region_tutor,/tutor/kr-b300-ad6c-kr-c778-cc9c-b3d9-ad6c-kr-c778-cc9c-bb38-d559-b3d9/region_tutor,READY_REMOVE_DUPLICATE_H1,true,대구,368,true,C:\프로젝트\tutorplan\output\tutor\kr-b300-ad6c-kr-c778-cc9c-b3d9-ad6c-kr-c778-cc9c-bb38-d559-b3d9\region_tutor\index.html,True,GENERATED_K_REMOVE_H1
candidate:tutor:kr-b300-ad6c-kr-c778-cc9c-b3d9-ad6c-kr-c8fc-c548-b3d9:region_tutor,/tutor/kr-b300-ad6c-kr-c778-cc9c-b3d9-ad6c-kr-c8fc-c548-b3d9/region_tutor,READY_REMOVE_DUPLICATE_H1,true,대구,370,true,C:\프로젝트\tutorplan\output\tutor\kr-b300-ad6c-kr-c778-cc9c-b3d9-ad6c-kr-c8fc-c548-b3d9\region_tutor\index.html,True,GENERATED_K_REMOVE_H1
candidate:tutor:kr-b300-ad6c-kr-c778-cc9c-b3d9-ad6c-kr-d559-c775-b3d9:region_tutor,/tutor/kr-b300-ad6c-kr-c778-cc9c-b3d9-ad6c-kr-d559-c775-b3d9/region_tutor,READY_REMOVE_DUPLICATE_H1,true,대구,371,true,C:\프로젝트\tutorplan\output\tutor\kr-b300-ad6c-kr-c778-cc9c-b3d9-ad6c-kr-d559-c775-b3d9\region_tutor\index.html,True,GENERATED_K_REMOVE_H1
candidate:tutor:kr-b300-ad6c-kr-c778-cc9c-b3d9-ad6c-kr-ac08-c0b0-b3d9:region_tutor,/tutor/kr-b300-ad6c-kr-c778-cc9c-b3d9-ad6c-kr-ac08-c0b0-b3d9/region_tutor,READY_REMOVE_DUPLICATE_H1,true,대구,372,true,C:\프로젝트\tutorplan\output\tutor\kr-b300-ad6c-kr-c778-cc9c-b3d9-ad6c-kr-ac08-c0b0-b3d9\region_tutor\index.html,True,GENERATED_K_REMOVE_H1
candidate:tutor:kr-b300-ad6c-kr-c778-cc9c-b3d9-ad6c-kr-bd80-d3c9-b3d9:region_tutor,/tutor/kr-b300-ad6c-kr-c778-cc9c-b3d9-ad6c-kr-bd80-d3c9-b3d9/region_tutor,READY_REMOVE_DUPLICATE_H1,true,대구,374,true,C:\프로젝트\tutorplan\output\tutor\kr-b300-ad6c-kr-c778-cc9c-b3d9-ad6c-kr-bd80-d3c9-b3d9\region_tutor\index.html,True,GENERATED_K_REMOVE_H1
candidate:tutor:kr-b300-ad6c-kr-c778-cc9c-b3d9-ad6c-kr-c77c-c2e0-b3d9:region_tutor,/tutor/kr-b300-ad6c-kr-c778-cc9c-b3d9-ad6c-kr-c77c-c2e0-b3d9/region_tutor,READY_REMOVE_DUPLICATE_H1,true,대구,377,true,C:\프로젝트\tutorplan\output\tutor\kr-b300-ad6c-kr-c778-cc9c-b3d9-ad6c-kr-c77c-c2e0-b3d9\region_tutor\index.html,True,GENERATED_K_REMOVE_H1
candidate:tutor:kr-b300-ad6c-kr-c778-cc9c-b3d9-ad6c-kr-ac00-c88c-b3d9:region_tutor,/tutor/kr-b300-ad6c-kr-c778-cc9c-b3d9-ad6c-kr-ac00-c88c-b3d9/region_tutor,READY_REMOVE_DUPLICATE_H1,true,대구,379,true,C:\프로젝트\tutorplan\output\tutor\kr-b300-ad6c-kr-c778-cc9c-b3d9-ad6c-kr-ac00-c88c-b3d9\region_tutor\index.html,True,GENERATED_K_REMOVE_H1
candidate:tutor:kr-b300-ad6c-kr-c778-cc9c-b3d9-ad6c-kr-b2f9-d558-b3d9:region_tutor,/tutor/kr-b300-ad6c-kr-c778-cc9c-b3d9-ad6c-kr-b2f9-d558-b3d9/region_tutor,READY_REMOVE_DUPLICATE_H1,true,대구,380,true,C:\프로젝트\tutorplan\output\tutor\kr-b300-ad6c-kr-c778-cc9c-b3d9-ad6c-kr-b2f9-d558-b3d9\region_tutor\index.html,True,GENERATED_K_REMOVE_H1
candidate:tutor:kr-b300-ad6c-kr-c778-cc9c-b3d9-ad6c-kr-b9c8-c804-b3d9:region_tutor,/tutor/kr-b300-ad6c-kr-c778-cc9c-b3d9-ad6c-kr-b9c8-c804-b3d9/region_tutor,READY_REMOVE_DUPLICATE_H1,true,대구,381,true,C:\프로젝트\tutorplan\output\tutor\kr-b300-ad6c-kr-c778-cc9c-b3d9-ad6c-kr-b9c8-c804-b3d9\region_tutor\index.html,True,GENERATED_K_REMOVE_H1
candidate:tutor:kr-b300-ad6c-kr-c778-cc9c-b3d9-ad6c-kr-c11d-b0a8-b3d9:region_tutor,/tutor/kr-b300-ad6c-kr-c778-cc9c-b3d9-ad6c-kr-c11d-b0a8-b3d9/region_tutor,READY_REMOVE_DUPLICATE_H1,true,대구,383,true,C:\프로젝트\tutorplan\output\tutor\kr-b300-ad6c-kr-c778-cc9c-b3d9-ad6c-kr-c11d-b0a8-b3d9\region_tutor\index.html,True,GENERATED_K_REMOVE_H1
candidate:tutor:kr-b300-ad6c-kr-c778-cc9c-b3d9-ad6c-kr-c2e0-d604-b3d9:region_tutor,/tutor/kr-b300-ad6c-kr-c778-cc9c-b3d9-ad6c-kr-c2e0-d604-b3d9/region_tutor,READY_REMOVE_DUPLICATE_H1,true,대구,384,true,C:\프로젝트\tutorplan\output\tutor\kr-b300-ad6c-kr-c778-cc9c-b3d9-ad6c-kr-c2e0-d604-b3d9\region_tutor\index.html,True,GENERATED_K_REMOVE_H1
candidate:tutor:kr-b300-ad6c-kr-c778-cc9c-b3d9-ad6c-kr-c6d0-b2f9-b3d9:region_tutor,/tutor/kr-b300-ad6c-kr-c778-cc9c-b3d9-ad6c-kr-c6d0-b2f9-b3d9/region_tutor,READY_REMOVE_DUPLICATE_H1,true,대구,385,true,C:\프로젝트\tutorplan\output\tutor\kr-b300-ad6c-kr-c778-cc9c-b3d9-ad6c-kr-c6d0-b2f9-b3d9\region_tutor\index.html,True,GENERATED_K_REMOVE_H1
candidate:tutor:kr-b300-ad6c-kr-c778-cc9c-b3d9-ad6c-kr-ccad-b77c-b3d9:region_tutor,/tutor/kr-b300-ad6c-kr-c778-cc9c-b3d9-ad6c-kr-ccad-b77c-b3d9/region_tutor,READY_REMOVE_DUPLICATE_H1,true,대구,386,true,C:\프로젝트\tutorplan\output\tutor\kr-b300-ad6c-kr-c778-cc9c-b3d9-ad6c-kr-ccad-b77c-b3d9\region_tutor\index.html,True,GENERATED_K_REMOVE_H1
candidate:tutor:kr-b300-ad6c-kr-c778-cc9c-b3d9-ad6c-kr-c120-d559-b3d9:region_tutor,/tutor/kr-b300-ad6c-kr-c778-cc9c-b3d9-ad6c-kr-c120-d559-b3d9/region_tutor,READY_REMOVE_DUPLICATE_H1,true,대구,387,true,C:\프로젝트\tutorplan\output\tutor\kr-b300-ad6c-kr-c778-cc9c-b3d9-ad6c-kr-c120-d559-b3d9\region_tutor\index.html,True,GENERATED_K_REMOVE_H1
candidate:tutor:kr-b300-ad6c-kr-c778-cc9c-b3d9-ad6c-kr-b3d9-cd98-b3d9:region_tutor,/tutor/kr-b300-ad6c-kr-c778-cc9c-b3d9-ad6c-kr-b3d9-cd98-b3d9/region_tutor,READY_REMOVE_DUPLICATE_H1,true,대구,388,true,C:\프로젝트\tutorplan\output\tutor\kr-b300-ad6c-kr-c778-cc9c-b3d9-ad6c-kr-b3d9-cd98-b3d9\region_tutor\index.html,True,GENERATED_K_REMOVE_H1
candidate:tutor:kr-b300-ad6c-kr-c778-cc9c-b3d9-ad6c-kr-c1a1-b3c4-b3d9:region_tutor,/tutor/kr-b300-ad6c-kr-c778-cc9c-b3d9-ad6c-kr-c1a1-b3c4-b3d9/region_tutor,READY_REMOVE_DUPLICATE_H1,true,대구,389,true,C:\프로젝트\tutorplan\output\tutor\kr-b300-ad6c-kr-c778-cc9c-b3d9-ad6c-kr-c1a1-b3c4-b3d9\region_tutor\index.html,True,GENERATED_K_REMOVE_H1
candidate:tutor:kr-b300-ad6c-kr-c778-cc9c-b3d9-ad6c-kr-c5f0-c218-b3d9:region_tutor,/tutor/kr-b300-ad6c-kr-c778-cc9c-b3d9-ad6c-kr-c5f0-c218-b3d9/region_tutor,READY_REMOVE_DUPLICATE_H1,true,대구,390,true,C:\프로젝트\tutorplan\output\tutor\kr-b300-ad6c-kr-c778-cc9c-b3d9-ad6c-kr-c5f0-c218-b3d9\region_tutor\index.html,True,GENERATED_K_REMOVE_H1
candidate:tutor:kr-b300-ad6c-kr-c778-cc9c-b3d9-ad6c-kr-c625-b828-b3d9:region_tutor,/tutor/kr-b300-ad6c-kr-c778-cc9c-b3d9-ad6c-kr-c625-b828-b3d9/region_tutor,READY_REMOVE_DUPLICATE_H1,true,대구,391,true,C:\프로젝트\tutorplan\output\tutor\kr-b300-ad6c-kr-c778-cc9c-b3d9-ad6c-kr-c625-b828-b3d9\region_tutor\index.html,True,GENERATED_K_REMOVE_H1
candidate:tutor:kr-b300-ad6c-kr-c778-cc9c-b3d9-ad6c-kr-ccad-d559-b3d9:region_tutor,/tutor/kr-b300-ad6c-kr-c778-cc9c-b3d9-ad6c-kr-ccad-d559-b3d9/region_tutor,READY_REMOVE_DUPLICATE_H1,true,대구,392,true,C:\프로젝트\tutorplan\output\tutor\kr-b300-ad6c-kr-c778-cc9c-b3d9-ad6c-kr-ccad-d559-b3d9\region_tutor\index.html,True,GENERATED_K_REMOVE_H1
candidate:tutor:kr-b300-ad6c-kr-c778-cc9c-b3d9-ad6c-kr-c778-cc9c-c6b4-b0a8-b3d9:region_tutor,/tutor/kr-b300-ad6c-kr-c778-cc9c-b3d9-ad6c-kr-c778-cc9c-c6b4-b0a8-b3d9/region_tutor,READY_REMOVE_DUPLICATE_H1,true,대구,393,true,C:\프로젝트\tutorplan\output\tutor\kr-b300-ad6c-kr-c778-cc9c-b3d9-ad6c-kr-c778-cc9c-c6b4-b0a8-b3d9\region_tutor\index.html,True,GENERATED_K_REMOVE_H1
candidate:tutor:kr-b300-ad6c-kr-c778-cc9c-b3d9-ad6c-kr-c6b4-bd81-b3d9:region_tutor,/tutor/kr-b300-ad6c-kr-c778-cc9c-b3d9-ad6c-kr-c6b4-bd81-b3d9/region_tutor,READY_REMOVE_DUPLICATE_H1,true,대구,394,true,C:\프로젝트\tutorplan\output\tutor\kr-b300-ad6c-kr-c778-cc9c-b3d9-ad6c-kr-c6b4-bd81-b3d9\region_tutor\index.html,True,GENERATED_K_REMOVE_H1
candidate:tutor:kr-b300-ad6c-kr-c1a1-b3c4-ad6d-c81c-b3c4-c2dc:region_tutor,/tutor/kr-b300-ad6c-kr-c1a1-b3c4-ad6d-c81c-b3c4-c2dc/region_tutor,READY_REMOVE_DUPLICATE_H1,true,대구,397,true,C:\프로젝트\tutorplan\output\tutor\kr-b300-ad6c-kr-c1a1-b3c4-ad6d-c81c-b3c4-c2dc\region_tutor\index.html,True,GENERATED_K_REMOVE_H1
candidate:tutor:kr-b300-ad6c-kr-ccad-b77c-ad6d-c81c-b3c4-c2dc:region_tutor,/tutor/kr-b300-ad6c-kr-ccad-b77c-ad6d-c81c-b3c4-c2dc/region_tutor,READY_REMOVE_DUPLICATE_H1,true,대구,398,true,C:\프로젝트\tutorplan\output\tutor\kr-b300-ad6c-kr-ccad-b77c-ad6d-c81c-b3c4-c2dc\region_tutor\index.html,True,GENERATED_K_REMOVE_H1
candidate:tutor:kr-b300-ad6c-kr-c601-c885-ad6d-c81c-b3c4-c2dc:region_tutor,/tutor/kr-b300-ad6c-kr-c601-c885-ad6d-c81c-b3c4-c2dc/region_tutor,READY_REMOVE_DUPLICATE_H1,true,대구,399,true,C:\프로젝트\tutorplan\output\tutor\kr-b300-ad6c-kr-c601-c885-ad6d-c81c-b3c4-c2dc\region_tutor\index.html,True,GENERATED_K_REMOVE_H1
candidate:tutor:kr-b300-ad6c-kr-ac80-c554-c9c0-ad6c:region_tutor,/tutor/kr-b300-ad6c-kr-ac80-c554-c9c0-ad6c/region_tutor,READY_REMOVE_DUPLICATE_H1,true,대구,402,true,C:\프로젝트\tutorplan\output\tutor\kr-b300-ad6c-kr-ac80-c554-c9c0-ad6c\region_tutor\index.html,True,GENERATED_K_REMOVE_H1
candidate:tutor:kr-b300-ad6c-kr-ac00-c815-c9c0-ad6c:region_tutor,/tutor/kr-b300-ad6c-kr-ac00-c815-c9c0-ad6c/region_tutor,READY_REMOVE_DUPLICATE_H1,true,대구,403,true,C:\프로젝트\tutorplan\output\tutor\kr-b300-ad6c-kr-ac00-c815-c9c0-ad6c\region_tutor\index.html,True,GENERATED_K_REMOVE_H1
candidate:tutor:kr-b300-ad6c-kr-c5f0-d76c-c9c0-ad6c:region_tutor,/tutor/kr-b300-ad6c-kr-c5f0-d76c-c9c0-ad6c/region_tutor,READY_REMOVE_DUPLICATE_H1,true,대구,404,true,C:\프로젝트\tutorplan\output\tutor\kr-b300-ad6c-kr-c5f0-d76c-c9c0-ad6c\region_tutor\index.html,True,GENERATED_K_REMOVE_H1
candidate:tutor:kr-b300-ad6c-kr-ad6c-c6d4-c9c0-ad6c:region_tutor,/tutor/kr-b300-ad6c-kr-ad6c-c6d4-c9c0-ad6c/region_tutor,READY_REMOVE_DUPLICATE_H1,true,대구,406,true,C:\프로젝트\tutorplan\output\tutor\kr-b300-ad6c-kr-ad6c-c6d4-c9c0-ad6c\region_tutor\index.html,True,GENERATED_K_REMOVE_H1
candidate:tutor:kr-b300-ad6c-kr-c8fc-c548-c9c0-ad6c:region_tutor,/tutor/kr-b300-ad6c-kr-c8fc-c548-c9c0-ad6c/region_tutor,READY_REMOVE_DUPLICATE_H1,true,대구,408,true,C:\프로젝트\tutorplan\output\tutor\kr-b300-ad6c-kr-c8fc-c548-c9c0-ad6c\region_tutor\index.html,True,GENERATED_K_REMOVE_H1
candidate:tutor:kr-b300-ad6c-kr-c0bc-c0b0-c9c0-ad6c:region_tutor,/tutor/kr-b300-ad6c-kr-c0bc-c0b0-c9c0-ad6c/region_tutor,READY_REMOVE_DUPLICATE_H1,true,대구,410,true,C:\프로젝트\tutorplan\output\tutor\kr-b300-ad6c-kr-c0bc-c0b0-c9c0-ad6c\region_tutor\index.html,True,GENERATED_K_REMOVE_H1
candidate:tutor:kr-b300-ad6c-kr-acc4-c0b0-c9c0-ad6c:region_tutor,/tutor/kr-b300-ad6c-kr-acc4-c0b0-c9c0-ad6c/region_tutor,READY_REMOVE_DUPLICATE_H1,true,대구,411,true,C:\프로젝트\tutorplan\output\tutor\kr-b300-ad6c-kr-acc4-c0b0-c9c0-ad6c\region_tutor\index.html,True,GENERATED_K_REMOVE_H1
candidate:tutor:kr-b300-ad6c-kr-c791-c804-c9c0-ad6c:region_tutor,/tutor/kr-b300-ad6c-kr-c791-c804-c9c0-ad6c/region_tutor,READY_REMOVE_DUPLICATE_H1,true,대구,412,true,C:\프로젝트\tutorplan\output\tutor\kr-b300-ad6c-kr-c791-c804-c9c0-ad6c\region_tutor\index.html,True,GENERATED_K_REMOVE_H1
candidate:tutor:kr-b300-ad6c-kr-c6d0-b2f9-c9c0-ad6c:region_tutor,/tutor/kr-b300-ad6c-kr-c6d0-b2f9-c9c0-ad6c/region_tutor,READY_REMOVE_DUPLICATE_H1,true,대구,414,true,C:\프로젝트\tutorplan\output\tutor\kr-b300-ad6c-kr-c6d0-b2f9-c9c0-ad6c\region_tutor\index.html,True,GENERATED_K_REMOVE_H1
candidate:tutor:kr-b300-ad6c-kr-b2f9-d558-c9c0-ad6c:region_tutor,/tutor/kr-b300-ad6c-kr-b2f9-d558-c9c0-ad6c/region_tutor,READY_REMOVE_DUPLICATE_H1,true,대구,416,true,C:\프로젝트\tutorplan\output\tutor\kr-b300-ad6c-kr-b2f9-d558-c9c0-ad6c\region_tutor\index.html,True,GENERATED_K_REMOVE_H1
candidate:tutor:kr-b300-ad6c-kr-c6a9-d604-c9c0-ad6c:region_tutor,/tutor/kr-b300-ad6c-kr-c6a9-d604-c9c0-ad6c/region_tutor,READY_REMOVE_DUPLICATE_H1,true,대구,417,true,C:\프로젝트\tutorplan\output\tutor\kr-b300-ad6c-kr-c6a9-d604-c9c0-ad6c\region_tutor\index.html,True,GENERATED_K_REMOVE_H1
candidate:tutor:kr-b300-ad6c-kr-d559-c775-c9c0-ad6c:region_tutor,/tutor/kr-b300-ad6c-kr-d559-c775-c9c0-ad6c/region_tutor,READY_REMOVE_DUPLICATE_H1,true,대구,418,true,C:\프로젝트\tutorplan\output\tutor\kr-b300-ad6c-kr-d559-c775-c9c0-ad6c\region_tutor\index.html,True,GENERATED_K_REMOVE_H1
candidate:tutor:kr-b300-ad6c-kr-b3c4-d654-c9c0-ad6c:region_tutor,/tutor/kr-b300-ad6c-kr-b3c4-d654-c9c0-ad6c/region_tutor,READY_REMOVE_DUPLICATE_H1,true,대구,419,true,C:\프로젝트\tutorplan\output\tutor\kr-b300-ad6c-kr-b3c4-d654-c9c0-ad6c\region_tutor\index.html,True,GENERATED_K_REMOVE_H1
candidate:tutor:kr-b300-ad6c-kr-b3d9-cd98-c9c0-ad6c:region_tutor,/tutor/kr-b300-ad6c-kr-b3d9-cd98-c9c0-ad6c/region_tutor,READY_REMOVE_DUPLICATE_H1,true,대구,421,true,C:\프로젝트\tutorplan\output\tutor\kr-b300-ad6c-kr-b3d9-cd98-c9c0-ad6c\region_tutor\index.html,True,GENERATED_K_REMOVE_H1
candidate:tutor:kr-b300-ad6c-kr-c625-b828-c9c0-ad6c:region_tutor,/tutor/kr-b300-ad6c-kr-c625-b828-c9c0-ad6c/region_tutor,READY_REMOVE_DUPLICATE_H1,true,대구,422,true,C:\프로젝트\tutorplan\output\tutor\kr-b300-ad6c-kr-c625-b828-c9c0-ad6c\region_tutor\index.html,True,GENERATED_K_REMOVE_H1
candidate:tutor:kr-b300-ad6c-kr-c1a1-d604-c9c0-ad6c:region_tutor,/tutor/kr-b300-ad6c-kr-c1a1-d604-c9c0-ad6c/region_tutor,READY_REMOVE_DUPLICATE_H1,true,대구,425,true,C:\프로젝트\tutorplan\output\tutor\kr-b300-ad6c-kr-c1a1-d604-c9c0-ad6c\region_tutor\index.html,True,GENERATED_K_REMOVE_H1
candidate:tutor:kr-b300-ad6c-kr-c1a1-b9bc-c9c0-ad6c:region_tutor,/tutor/kr-b300-ad6c-kr-c1a1-b9bc-c9c0-ad6c/region_tutor,READY_REMOVE_DUPLICATE_H1,true,대구,426,true,C:\프로젝트\tutorplan\output\tutor\kr-b300-ad6c-kr-c1a1-b9bc-c9c0-ad6c\region_tutor\index.html,True,GENERATED_K_REMOVE_H1
candidate:tutor:kr-b300-ad6c-kr-ac04-c11d-c9c0-ad6c-kr-bd80-d3c9:region_tutor,/tutor/kr-b300-ad6c-kr-ac04-c11d-c9c0-ad6c-kr-bd80-d3c9/region_tutor,READY_REMOVE_DUPLICATE_H1,true,대구,428,true,C:\프로젝트\tutorplan\output\tutor\kr-b300-ad6c-kr-ac04-c11d-c9c0-ad6c-kr-bd80-d3c9\region_tutor\index.html,True,GENERATED_K_REMOVE_H1
candidate:tutor:kr-b300-ad6c-kr-c11c-bd81-ad6c:region_tutor,/tutor/kr-b300-ad6c-kr-c11c-bd81-ad6c/region_tutor,READY_REMOVE_DUPLICATE_H1,true,대구,431,true,C:\프로젝트\tutorplan\output\tutor\kr-b300-ad6c-kr-c11c-bd81-ad6c\region_tutor\index.html,True,GENERATED_K_REMOVE_H1
candidate:tutor:kr-b300-ad6c-kr-c11c-bd81-ad6c-kr-ad6c-c131-b3d9:region_tutor,/tutor/kr-b300-ad6c-kr-c11c-bd81-ad6c-kr-ad6c-c131-b3d9/region_tutor,READY_REMOVE_DUPLICATE_H1,true,대구,432,true,C:\프로젝트\tutorplan\output\tutor\kr-b300-ad6c-kr-c11c-bd81-ad6c-kr-ad6c-c131-b3d9\region_tutor\index.html,True,GENERATED_K_REMOVE_H1
candidate:tutor:kr-b300-ad6c-kr-c11c-bd81-ad6c-kr-c2e0-bc29-b3d9:region_tutor,/tutor/kr-b300-ad6c-kr-c11c-bd81-ad6c-kr-c2e0-bc29-b3d9/region_tutor,READY_REMOVE_DUPLICATE_H1,true,대구,435,true,C:\프로젝트\tutorplan\output\tutor\kr-b300-ad6c-kr-c11c-bd81-ad6c-kr-c2e0-bc29-b3d9\region_tutor\index.html,True,GENERATED_K_REMOVE_H1
candidate:tutor:kr-b300-ad6c-kr-c11c-bd81-ad6c-kr-b450-c815-b3d9:region_tutor,/tutor/kr-b300-ad6c-kr-c11c-bd81-ad6c-kr-b450-c815-b3d9/region_tutor,READY_REMOVE_DUPLICATE_H1,true,대구,438,true,C:\프로젝트\tutorplan\output\tutor\kr-b300-ad6c-kr-c11c-bd81-ad6c-kr-b450-c815-b3d9\region_tutor\index.html,True,GENERATED_K_REMOVE_H1
candidate:tutor:kr-b300-ad6c-kr-c11c-bd81-ad6c-kr-bc31-c11d-b3d9:region_tutor,/tutor/kr-b300-ad6c-kr-c11c-bd81-ad6c-kr-bc31-c11d-b3d9/region_tutor,READY_REMOVE_DUPLICATE_H1,true,대구,439,true,C:\프로젝트\tutorplan\output\tutor\kr-b300-ad6c-kr-c11c-bd81-ad6c-kr-bc31-c11d-b3d9\region_tutor\index.html,True,GENERATED_K_REMOVE_H1
candidate:tutor:kr-b300-ad6c-kr-c11c-bd81-ad6c-kr-bd80-b300-b3d9:region_tutor,/tutor/kr-b300-ad6c-kr-c11c-bd81-ad6c-kr-bd80-b300-b3d9/region_tutor,READY_REMOVE_DUPLICATE_H1,true,대구,440,true,C:\프로젝트\tutorplan\output\tutor\kr-b300-ad6c-kr-c11c-bd81-ad6c-kr-bd80-b300-b3d9\region_tutor\index.html,True,GENERATED_K_REMOVE_H1
candidate:tutor:kr-b300-ad6c-kr-c11c-bd81-ad6c-kr-cc28-c554-b3d9:region_tutor,/tutor/kr-b300-ad6c-kr-c11c-bd81-ad6c-kr-cc28-c554-b3d9/region_tutor,READY_REMOVE_DUPLICATE_H1,true,대구,445,true,C:\프로젝트\tutorplan\output\tutor\kr-b300-ad6c-kr-c11c-bd81-ad6c-kr-cc28-c554-b3d9\region_tutor\index.html,True,GENERATED_K_REMOVE_H1
candidate:tutor:kr-b300-ad6c-kr-bd88-b2f9-c9c0-ad6c:region_tutor,/tutor/kr-b300-ad6c-kr-bd88-b2f9-c9c0-ad6c/region_tutor,READY_REMOVE_DUPLICATE_H1,true,대구,446,true,C:\프로젝트\tutorplan\output\tutor\kr-b300-ad6c-kr-bd88-b2f9-c9c0-ad6c\region_tutor\index.html,True,GENERATED_K_REMOVE_H1
candidate:tutor:kr-b300-ad6c-kr-bd88-b2f9-c2e0-b3c4-c2dc:region_tutor,/tutor/kr-b300-ad6c-kr-bd88-b2f9-c2e0-b3c4-c2dc/region_tutor,READY_REMOVE_DUPLICATE_H1,true,대구,447,true,C:\프로젝트\tutorplan\output\tutor\kr-b300-ad6c-kr-bd88-b2f9-c2e0-b3c4-c2dc\region_tutor\index.html,True,GENERATED_K_REMOVE_H1
candidate:tutor:kr-b300-ad6c-kr-d0d5-c815-c9c0-ad6c:region_tutor,/tutor/kr-b300-ad6c-kr-d0d5-c815-c9c0-ad6c/region_tutor,READY_REMOVE_DUPLICATE_H1,true,대구,449,true,C:\프로젝트\tutorplan\output\tutor\kr-b300-ad6c-kr-d0d5-c815-c9c0-ad6c\region_tutor\index.html,True,GENERATED_K_REMOVE_H1
candidate:tutor:kr-b300-ad6c-kr-bc31-c11d-c9c0-ad6c:region_tutor,/tutor/kr-b300-ad6c-kr-bc31-c11d-c9c0-ad6c/region_tutor,READY_REMOVE_DUPLICATE_H1,true,대구,450,true,C:\프로젝트\tutorplan\output\tutor\kr-b300-ad6c-kr-bc31-c11d-c9c0-ad6c\region_tutor\index.html,True,GENERATED_K_REMOVE_H1
candidate:tutor:kr-b300-ad6c-kr-c131-c131-c9c0-ad6c:region_tutor,/tutor/kr-b300-ad6c-kr-c131-c131-c9c0-ad6c/region_tutor,READY_REMOVE_DUPLICATE_H1,true,대구,452,true,C:\프로젝트\tutorplan\output\tutor\kr-b300-ad6c-kr-c131-c131-c9c0-ad6c\region_tutor\index.html,True,GENERATED_K_REMOVE_H1
candidate:tutor:kr-b300-ad6c-kr-c9c1-c0b0-c9c0-ad6c-kr-c131-d658-c0dd-d65c-ad8c:region_tutor,/tutor/kr-b300-ad6c-kr-c9c1-c0b0-c9c0-ad6c-kr-c131-d658-c0dd-d65c-ad8c/region_tutor,READY_REMOVE_DUPLICATE_H1,true,대구,454,true,C:\프로젝트\tutorplan\output\tutor\kr-b300-ad6c-kr-c9c1-c0b0-c9c0-ad6c-kr-c131-d658-c0dd-d65c-ad8c\region_tutor\index.html,True,GENERATED_K_REMOVE_H1
candidate:tutor:kr-b300-ad6c-kr-ccad-b2f9-c9c0-ad6c-kr-b450-c815-c0dd-d65c-ad8c:region_tutor,/tutor/kr-b300-ad6c-kr-ccad-b2f9-c9c0-ad6c-kr-b450-c815-c0dd-d65c-ad8c/region_tutor,READY_REMOVE_DUPLICATE_H1,true,대구,458,true,C:\프로젝트\tutorplan\output\tutor\kr-b300-ad6c-kr-ccad-b2f9-c9c0-ad6c-kr-b450-c815-c0dd-d65c-ad8c\region_tutor\index.html,True,GENERATED_K_REMOVE_H1
candidate:tutor:kr-b300-ad6c-kr-cc28-c554-c9c0-ad6c:region_tutor,/tutor/kr-b300-ad6c-kr-cc28-c554-c9c0-ad6c/region_tutor,READY_REMOVE_DUPLICATE_H1,true,대구,459,true,C:\프로젝트\tutorplan\output\tutor\kr-b300-ad6c-kr-cc28-c554-c9c0-ad6c\region_tutor\index.html,True,GENERATED_K_REMOVE_H1
candidate:tutor:kr-b300-ad6c-kr-cc28-c554-c9c0-ad6c-kr-ccad-c8fc:region_tutor,/tutor/kr-b300-ad6c-kr-cc28-c554-c9c0-ad6c-kr-ccad-c8fc/region_tutor,READY_REMOVE_DUPLICATE_H1,true,대구,460,true,C:\프로젝트\tutorplan\output\tutor\kr-b300-ad6c-kr-cc28-c554-c9c0-ad6c-kr-ccad-c8fc\region_tutor\index.html,True,GENERATED_K_REMOVE_H1
candidate:tutor:kr-b300-ad6c-kr-c0c1-b2f9-ad6c:region_tutor,/tutor/kr-b300-ad6c-kr-c0c1-b2f9-ad6c/region_tutor,READY_REMOVE_DUPLICATE_H1,true,대구,461,true,C:\프로젝트\tutorplan\output\tutor\kr-b300-ad6c-kr-c0c1-b2f9-ad6c\region_tutor\index.html,True,GENERATED_K_REMOVE_H1
candidate:tutor:kr-b300-ad6c-kr-c11c-c6d0-ad6c:region_tutor,/tutor/kr-b300-ad6c-kr-c11c-c6d0-ad6c/region_tutor,READY_REMOVE_DUPLICATE_H1,true,대구,462,true,C:\프로젝트\tutorplan\output\tutor\kr-b300-ad6c-kr-c11c-c6d0-ad6c\region_tutor\index.html,True,GENERATED_K_REMOVE_H1
candidate:tutor:kr-b300-ad6c-kr-ccad-c6d0-ad6c:region_tutor,/tutor/kr-b300-ad6c-kr-ccad-c6d0-ad6c/region_tutor,READY_REMOVE_DUPLICATE_H1,true,대구,463,true,C:\프로젝트\tutorplan\output\tutor\kr-b300-ad6c-kr-ccad-c6d0-ad6c\region_tutor\index.html,True,GENERATED_K_REMOVE_H1
candidate:tutor:kr-b300-ad6c-kr-d765-b355-ad6c:region_tutor,/tutor/kr-b300-ad6c-kr-d765-b355-ad6c/region_tutor,READY_REMOVE_DUPLICATE_H1,true,대구,464,true,C:\프로젝트\tutorplan\output\tutor\kr-b300-ad6c-kr-d765-b355-ad6c\region_tutor\index.html,True,GENERATED_K_REMOVE_H1
candidate:tutor:kr-b300-ad6c-kr-d765-b355-ad6c-kr-ae08-cc9c-b3d9:region_tutor,/tutor/kr-b300-ad6c-kr-d765-b355-ad6c-kr-ae08-cc9c-b3d9/region_tutor,READY_REMOVE_DUPLICATE_H1,true,대구,465,true,C:\프로젝트\tutorplan\output\tutor\kr-b300-ad6c-kr-d765-b355-ad6c-kr-ae08-cc9c-b3d9\region_tutor\index.html,True,GENERATED_K_REMOVE_H1
candidate:tutor:kr-b300-ad6c-kr-d765-b355-ad6c-kr-bc29-c11c-b3d9:region_tutor,/tutor/kr-b300-ad6c-kr-d765-b355-ad6c-kr-bc29-c11c-b3d9/region_tutor,READY_REMOVE_DUPLICATE_H1,true,대구,466,true,C:\프로젝트\tutorplan\output\tutor\kr-b300-ad6c-kr-d765-b355-ad6c-kr-bc29-c11c-b3d9\region_tutor\index.html,True,GENERATED_K_REMOVE_H1
candidate:tutor:kr-b300-ad6c-kr-d765-b355-ad6c-kr-c6a9-b2f4-b3d9:region_tutor,/tutor/kr-b300-ad6c-kr-d765-b355-ad6c-kr-c6a9-b2f4-b3d9/region_tutor,READY_REMOVE_DUPLICATE_H1,true,대구,467,true,C:\프로젝트\tutorplan\output\tutor\kr-b300-ad6c-kr-d765-b355-ad6c-kr-c6a9-b2f4-b3d9\region_tutor\index.html,True,GENERATED_K_REMOVE_H1
candidate:tutor:kr-b300-ad6c-kr-d765-b355-ad6c-kr-c6a9-c815-b3d9:region_tutor,/tutor/kr-b300-ad6c-kr-d765-b355-ad6c-kr-c6a9-c815-b3d9/region_tutor,READY_REMOVE_DUPLICATE_H1,true,대구,469,true,C:\프로젝트\tutorplan\output\tutor\kr-b300-ad6c-kr-d765-b355-ad6c-kr-c6a9-c815-b3d9\region_tutor\index.html,True,GENERATED_K_REMOVE_H1
candidate:tutor:kr-b300-ad6c-kr-d765-b355-ad6c-kr-d0d1-b3d9:region_tutor,/tutor/kr-b300-ad6c-kr-d765-b355-ad6c-kr-d0d1-b3d9/region_tutor,READY_REMOVE_DUPLICATE_H1,true,대구,470,true,C:\프로젝트\tutorplan\output\tutor\kr-b300-ad6c-kr-d765-b355-ad6c-kr-d0d1-b3d9\region_tutor\index.html,True,GENERATED_K_REMOVE_H1
candidate:tutor:kr-b300-ad6c-kr-d765-b355-ad6c-kr-ac1c-c2e0-b3d9:region_tutor,/tutor/kr-b300-ad6c-kr-d765-b355-ad6c-kr-ac1c-c2e0-b3d9/region_tutor,READY_REMOVE_DUPLICATE_H1,true,대구,471,true,C:\프로젝트\tutorplan\output\tutor\kr-b300-ad6c-kr-d765-b355-ad6c-kr-ac1c-c2e0-b3d9\region_tutor\index.html,True,GENERATED_K_REMOVE_H1
candidate:tutor:kr-b300-ad6c-kr-d765-b355-ad6c-kr-ccad-c8fc-c0ac-c9c1-b3d9:region_tutor,/tutor/kr-b300-ad6c-kr-d765-b355-ad6c-kr-ccad-c8fc-c0ac-c9c1-b3d9/region_tutor,READY_REMOVE_DUPLICATE_H1,true,대구,473,true,C:\프로젝트\tutorplan\output\tutor\kr-b300-ad6c-kr-d765-b355-ad6c-kr-ccad-c8fc-c0ac-c9c1-b3d9\region_tutor\index.html,True,GENERATED_K_REMOVE_H1
candidate:tutor:kr-b300-ad6c-kr-d765-b355-ad6c-kr-c0ac-cc3d-b3d9:region_tutor,/tutor/kr-b300-ad6c-kr-d765-b355-ad6c-kr-c0ac-cc3d-b3d9/region_tutor,READY_REMOVE_DUPLICATE_H1,true,대구,474,true,C:\프로젝트\tutorplan\output\tutor\kr-b300-ad6c-kr-d765-b355-ad6c-kr-c0ac-cc3d-b3d9\region_tutor\index.html,True,GENERATED_K_REMOVE_H1
candidate:tutor:kr-b300-ad6c-kr-d765-b355-ad6c-kr-c131-d654-b3d9:region_tutor,/tutor/kr-b300-ad6c-kr-d765-b355-ad6c-kr-c131-d654-b3d9/region_tutor,READY_REMOVE_DUPLICATE_H1,true,대구,476,true,C:\프로젝트\tutorplan\output\tutor\kr-b300-ad6c-kr-d765-b355-ad6c-kr-c131-d654-b3d9\region_tutor\index.html,True,GENERATED_K_REMOVE_H1
candidate:tutor:kr-b300-ad6c-kr-d765-b355-ad6c-kr-c218-ace1-b3d9:region_tutor,/tutor/kr-b300-ad6c-kr-d765-b355-ad6c-kr-c218-ace1-b3d9/region_tutor,READY_REMOVE_DUPLICATE_H1,true,대구,477,true,C:\프로젝트\tutorplan\output\tutor\kr-b300-ad6c-kr-d765-b355-ad6c-kr-c218-ace1-b3d9\region_tutor\index.html,True,GENERATED_K_REMOVE_H1
candidate:tutor:kr-b300-ad6c-kr-d765-b355-ad6c-kr-c8fd-b9bc-b3d9:region_tutor,/tutor/kr-b300-ad6c-kr-d765-b355-ad6c-kr-c8fd-b9bc-b3d9/region_tutor,READY_REMOVE_DUPLICATE_H1,true,대구,478,true,C:\프로젝트\tutorplan\output\tutor\kr-b300-ad6c-kr-d765-b355-ad6c-kr-c8fd-b9bc-b3d9\region_tutor\index.html,True,GENERATED_K_REMOVE_H1
candidate:tutor:kr-b300-ad6c-kr-d765-b355-ad6c-kr-b0b4-b355-b3d9:region_tutor,/tutor/kr-b300-ad6c-kr-d765-b355-ad6c-kr-b0b4-b355-b3d9/region_tutor,READY_REMOVE_DUPLICATE_H1,true,대구,479,true,C:\프로젝트\tutorplan\output\tutor\kr-b300-ad6c-kr-d765-b355-ad6c-kr-b0b4-b355-b3d9\region_tutor\index.html,True,GENERATED_K_REMOVE_H1
candidate:tutor:kr-b300-ad6c-kr-d765-b355-ad6c-kr-ac00-acbd-b3d9:region_tutor,/tutor/kr-b300-ad6c-kr-d765-b355-ad6c-kr-ac00-acbd-b3d9/region_tutor,READY_REMOVE_DUPLICATE_H1,true,대구,480,true,C:\프로젝트\tutorplan\output\tutor\kr-b300-ad6c-kr-d765-b355-ad6c-kr-ac00-acbd-b3d9\region_tutor\index.html,True,GENERATED_K_REMOVE_H1
candidate:tutor:kr-b300-ad6c-kr-d765-b355-ad6c-kr-ac15-c11c-b3d9:region_tutor,/tutor/kr-b300-ad6c-kr-d765-b355-ad6c-kr-ac15-c11c-b3d9/region_tutor,READY_REMOVE_DUPLICATE_H1,true,대구,481,true,C:\프로젝트\tutorplan\output\tutor\kr-b300-ad6c-kr-d765-b355-ad6c-kr-ac15-c11c-b3d9\region_tutor\index.html,True,GENERATED_K_REMOVE_H1
candidate:tutor:kr-b300-ad6c-kr-d765-b355-ad6c-kr-bcf5-b300-b3d9:region_tutor,/tutor/kr-b300-ad6c-kr-d765-b355-ad6c-kr-bcf5-b300-b3d9/region_tutor,READY_REMOVE_DUPLICATE_H1,true,대구,482,true,C:\프로젝트\tutorplan\output\tutor\kr-b300-ad6c-kr-d765-b355-ad6c-kr-bcf5-b300-b3d9\region_tutor\index.html,True,GENERATED_K_REMOVE_H1
candidate:tutor:kr-b300-ad6c-kr-d765-b355-ad6c-kr-ccad-c8fc-bd09-ba85-b3d9:region_tutor,/tutor/kr-b300-ad6c-kr-d765-b355-ad6c-kr-ccad-c8fc-bd09-ba85-b3d9/region_tutor,READY_REMOVE_DUPLICATE_H1,true,대구,483,true,C:\프로젝트\tutorplan\output\tutor\kr-b300-ad6c-kr-d765-b355-ad6c-kr-ccad-c8fc-bd09-ba85-b3d9\region_tutor\index.html,True,GENERATED_K_REMOVE_H1
candidate:tutor:kr-b300-ad6c-kr-d765-b355-ad6c-kr-ccad-c8fc-c1a1-c815-b3d9:region_tutor,/tutor/kr-b300-ad6c-kr-d765-b355-ad6c-kr-ccad-c8fc-c1a1-c815-b3d9/region_tutor,READY_REMOVE_DUPLICATE_H1,true,대구,485,true,C:\프로젝트\tutorplan\output\tutor\kr-b300-ad6c-kr-d765-b355-ad6c-kr-ccad-c8fc-c1a1-c815-b3d9\region_tutor\index.html,True,GENERATED_K_REMOVE_H1
candidate:tutor:kr-b300-c804-kr-b3d9-ad6c-kr-c6d0-b3d9:region_tutor,/tutor/kr-b300-c804-kr-b3d9-ad6c-kr-c6d0-b3d9/region_tutor,READY_REMOVE_DUPLICATE_H1,true,대전,2,true,C:\프로젝트\tutorplan\output\tutor\kr-b300-c804-kr-b3d9-ad6c-kr-c6d0-b3d9\region_tutor\index.html,True,GENERATED_K_REMOVE_H1
candidate:tutor:kr-b300-c804-kr-b3d9-ad6c-kr-d6a8-b3d9:region_tutor,/tutor/kr-b300-c804-kr-b3d9-ad6c-kr-d6a8-b3d9/region_tutor,READY_REMOVE_DUPLICATE_H1,true,대전,4,true,C:\프로젝트\tutorplan\output\tutor\kr-b300-c804-kr-b3d9-ad6c-kr-d6a8-b3d9\region_tutor\index.html,True,GENERATED_K_REMOVE_H1
candidate:tutor:kr-b300-c804-kr-b3d9-ad6c-kr-ac00-c624-b3d9:region_tutor,/tutor/kr-b300-c804-kr-b3d9-ad6c-kr-ac00-c624-b3d9/region_tutor,READY_REMOVE_DUPLICATE_H1,true,대전,6,true,C:\프로젝트\tutorplan\output\tutor\kr-b300-c804-kr-b3d9-ad6c-kr-ac00-c624-b3d9\region_tutor\index.html,True,GENERATED_K_REMOVE_H1
candidate:tutor:kr-b300-c804-kr-b3d9-ad6c-kr-c2e0-d765-b3d9:region_tutor,/tutor/kr-b300-c804-kr-b3d9-ad6c-kr-c2e0-d765-b3d9/region_tutor,READY_REMOVE_DUPLICATE_H1,true,대전,7,true,C:\프로젝트\tutorplan\output\tutor\kr-b300-c804-kr-b3d9-ad6c-kr-c2e0-d765-b3d9\region_tutor\index.html,True,GENERATED_K_REMOVE_H1
candidate:tutor:kr-b300-c804-kr-b3d9-ad6c-kr-d310-c554-b3d9:region_tutor,/tutor/kr-b300-c804-kr-b3d9-ad6c-kr-d310-c554-b3d9/region_tutor,READY_REMOVE_DUPLICATE_H1,true,대전,8,true,C:\프로젝트\tutorplan\output\tutor\kr-b300-c804-kr-b3d9-ad6c-kr-d310-c554-b3d9\region_tutor\index.html,True,GENERATED_K_REMOVE_H1
candidate:tutor:kr-b300-c804-kr-b3d9-ad6c-kr-c6a9-c6b4-b3d9:region_tutor,/tutor/kr-b300-c804-kr-b3d9-ad6c-kr-c6a9-c6b4-b3d9/region_tutor,READY_REMOVE_DUPLICATE_H1,true,대전,10,true,C:\프로젝트\tutorplan\output\tutor\kr-b300-c804-kr-b3d9-ad6c-kr-c6a9-c6b4-b3d9\region_tutor\index.html,True,GENERATED_K_REMOVE_H1
candidate:tutor:kr-b300-c804-kr-b3d9-ad6c-kr-b300-b3d9:region_tutor,/tutor/kr-b300-c804-kr-b3d9-ad6c-kr-b300-b3d9/region_tutor,READY_REMOVE_DUPLICATE_H1,true,대전,11,true,C:\프로젝트\tutorplan\output\tutor\kr-b300-c804-kr-b3d9-ad6c-kr-b300-b3d9\region_tutor\index.html,True,GENERATED_K_REMOVE_H1
candidate:tutor:kr-b300-c804-kr-b3d9-ad6c-kr-c790-c591-b3d9:region_tutor,/tutor/kr-b300-c804-kr-b3d9-ad6c-kr-c790-c591-b3d9/region_tutor,READY_REMOVE_DUPLICATE_H1,true,대전,12,true,C:\프로젝트\tutorplan\output\tutor\kr-b300-c804-kr-b3d9-ad6c-kr-c790-c591-b3d9\region_tutor\index.html,True,GENERATED_K_REMOVE_H1
candidate:tutor:kr-b300-c804-kr-b3d9-ad6c-kr-c2e0-c548-b3d9:region_tutor,/tutor/kr-b300-c804-kr-b3d9-ad6c-kr-c2e0-c548-b3d9/region_tutor,READY_REMOVE_DUPLICATE_H1,true,대전,13,true,C:\프로젝트\tutorplan\output\tutor\kr-b300-c804-kr-b3d9-ad6c-kr-c2e0-c548-b3d9\region_tutor\index.html,True,GENERATED_K_REMOVE_H1
candidate:tutor:kr-b300-c804-kr-b3d9-ad6c-kr-c18c-c81c-b3d9:region_tutor,/tutor/kr-b300-c804-kr-b3d9-ad6c-kr-c18c-c81c-b3d9/region_tutor,READY_REMOVE_DUPLICATE_H1,true,대전,14,true,C:\프로젝트\tutorplan\output\tutor\kr-b300-c804-kr-b3d9-ad6c-kr-c18c-c81c-b3d9\region_tutor\index.html,True,GENERATED_K_REMOVE_H1
candidate:tutor:kr-b300-c804-kr-b3d9-ad6c-kr-ac00-c591-b3d9:region_tutor,/tutor/kr-b300-c804-kr-b3d9-ad6c-kr-ac00-c591-b3d9/region_tutor,READY_REMOVE_DUPLICATE_H1,true,대전,15,true,C:\프로젝트\tutorplan\output\tutor\kr-b300-c804-kr-b3d9-ad6c-kr-ac00-c591-b3d9\region_tutor\index.html,True,GENERATED_K_REMOVE_H1
candidate:tutor:kr-b300-c804-kr-b3d9-ad6c-kr-c6a9-c804-b3d9:region_tutor,/tutor/kr-b300-c804-kr-b3d9-ad6c-kr-c6a9-c804-b3d9/region_tutor,READY_REMOVE_DUPLICATE_H1,true,대전,16,true,C:\프로젝트\tutorplan\output\tutor\kr-b300-c804-kr-b3d9-ad6c-kr-c6a9-c804-b3d9\region_tutor\index.html,True,GENERATED_K_REMOVE_H1
candidate:tutor:kr-b300-c804-kr-b3d9-ad6c-kr-c131-b0a8-b3d9:region_tutor,/tutor/kr-b300-c804-kr-b3d9-ad6c-kr-c131-b0a8-b3d9/region_tutor,READY_REMOVE_DUPLICATE_H1,true,대전,17,true,C:\프로젝트\tutorplan\output\tutor\kr-b300-c804-kr-b3d9-ad6c-kr-c131-b0a8-b3d9\region_tutor\index.html,True,GENERATED_K_REMOVE_H1
candidate:tutor:kr-b300-c804-kr-b3d9-ad6c-kr-d64d-b3c4-b3d9:region_tutor,/tutor/kr-b300-c804-kr-b3d9-ad6c-kr-d64d-b3c4-b3d9/region_tutor,READY_REMOVE_DUPLICATE_H1,true,대전,18,true,C:\프로젝트\tutorplan\output\tutor\kr-b300-c804-kr-b3d9-ad6c-kr-d64d-b3c4-b3d9\region_tutor\index.html,True,GENERATED_K_REMOVE_H1
candidate:tutor:kr-b300-c804-kr-b3d9-ad6c-kr-c0bc-c131-b3d9:region_tutor,/tutor/kr-b300-c804-kr-b3d9-ad6c-kr-c0bc-c131-b3d9/region_tutor,READY_REMOVE_DUPLICATE_H1,true,대전,19,true,C:\프로젝트\tutorplan\output\tutor\kr-b300-c804-kr-b3d9-ad6c-kr-c0bc-c131-b3d9\region_tutor\index.html,True,GENERATED_K_REMOVE_H1
candidate:tutor:kr-b300-c804-kr-b3d9-ad6c-kr-c815-b3d9:region_tutor,/tutor/kr-b300-c804-kr-b3d9-ad6c-kr-c815-b3d9/region_tutor,READY_REMOVE_DUPLICATE_H1,true,대전,20,true,C:\프로젝트\tutorplan\output\tutor\kr-b300-c804-kr-b3d9-ad6c-kr-c815-b3d9\region_tutor\index.html,True,GENERATED_K_REMOVE_H1
candidate:tutor:kr-b300-c804-kr-b3d9-ad6c-kr-c911-b3d9:region_tutor,/tutor/kr-b300-c804-kr-b3d9-ad6c-kr-c911-b3d9/region_tutor,READY_REMOVE_DUPLICATE_H1,true,대전,21,true,C:\프로젝트\tutorplan\output\tutor\kr-b300-c804-kr-b3d9-ad6c-kr-c911-b3d9\region_tutor\index.html,True,GENERATED_K_REMOVE_H1
candidate:tutor:kr-b300-c804-kr-b3d9-ad6c-kr-cd94-b3d9:region_tutor,/tutor/kr-b300-c804-kr-b3d9-ad6c-kr-cd94-b3d9/region_tutor,READY_REMOVE_DUPLICATE_H1,true,대전,22,true,C:\프로젝트\tutorplan\output\tutor\kr-b300-c804-kr-b3d9-ad6c-kr-cd94-b3d9\region_tutor\index.html,True,GENERATED_K_REMOVE_H1
candidate:tutor:kr-b300-c804-kr-b3d9-ad6c-kr-be44-b8e1-b3d9:region_tutor,/tutor/kr-b300-c804-kr-b3d9-ad6c-kr-be44-b8e1-b3d9/region_tutor,READY_REMOVE_DUPLICATE_H1,true,대전,23,true,C:\프로젝트\tutorplan\output\tutor\kr-b300-c804-kr-b3d9-ad6c-kr-be44-b8e1-b3d9\region_tutor\index.html,True,GENERATED_K_REMOVE_H1
candidate:tutor:kr-b300-c804-kr-b3d9-ad6c-kr-c8fc-c0b0-b3d9:region_tutor,/tutor/kr-b300-c804-kr-b3d9-ad6c-kr-c8fc-c0b0-b3d9/region_tutor,READY_REMOVE_DUPLICATE_H1,true,대전,24,true,C:\프로젝트\tutorplan\output\tutor\kr-b300-c804-kr-b3d9-ad6c-kr-c8fc-c0b0-b3d9\region_tutor\index.html,True,GENERATED_K_REMOVE_H1
candidate:tutor:kr-b300-c804-kr-b3d9-ad6c-kr-c6a9-acc4-b3d9:region_tutor,/tutor/kr-b300-c804-kr-b3d9-ad6c-kr-c6a9-acc4-b3d9/region_tutor,READY_REMOVE_DUPLICATE_H1,true,대전,25,true,C:\프로젝트\tutorplan\output\tutor\kr-b300-c804-kr-b3d9-ad6c-kr-c6a9-acc4-b3d9\region_tutor\index.html,True,GENERATED_K_REMOVE_H1
candidate:tutor:kr-b300-c804-kr-b3d9-ad6c-kr-b9c8-c0b0-b3d9:region_tutor,/tutor/kr-b300-c804-kr-b3d9-ad6c-kr-b9c8-c0b0-b3d9/region_tutor,READY_REMOVE_DUPLICATE_H1,true,대전,26,true,C:\프로젝트\tutorplan\output\tutor\kr-b300-c804-kr-b3d9-ad6c-kr-b9c8-c0b0-b3d9\region_tutor\index.html,True,GENERATED_K_REMOVE_H1
candidate:tutor:kr-b300-c804-kr-b3d9-ad6c-kr-d6a8-d3c9-b3d9:region_tutor,/tutor/kr-b300-c804-kr-b3d9-ad6c-kr-d6a8-d3c9-b3d9/region_tutor,READY_REMOVE_DUPLICATE_H1,true,대전,27,true,C:\프로젝트\tutorplan\output\tutor\kr-b300-c804-kr-b3d9-ad6c-kr-d6a8-d3c9-b3d9\region_tutor\index.html,True,GENERATED_K_REMOVE_H1
candidate:tutor:kr-b300-c804-kr-b3d9-ad6c-kr-c9c1-b3d9:region_tutor,/tutor/kr-b300-c804-kr-b3d9-ad6c-kr-c9c1-b3d9/region_tutor,READY_REMOVE_DUPLICATE_H1,true,대전,28,true,C:\프로젝트\tutorplan\output\tutor\kr-b300-c804-kr-b3d9-ad6c-kr-c9c1-b3d9\region_tutor\index.html,True,GENERATED_K_REMOVE_H1
candidate:tutor:kr-b300-c804-kr-b3d9-ad6c-kr-c138-cc9c-b3d9:region_tutor,/tutor/kr-b300-c804-kr-b3d9-ad6c-kr-c138-cc9c-b3d9/region_tutor,READY_REMOVE_DUPLICATE_H1,true,대전,29,true,C:\프로젝트\tutorplan\output\tutor\kr-b300-c804-kr-b3d9-ad6c-kr-c138-cc9c-b3d9\region_tutor\index.html,True,GENERATED_K_REMOVE_H1
candidate:tutor:kr-b300-c804-kr-b3d9-ad6c-kr-c2e0-c0c1-b3d9:region_tutor,/tutor/kr-b300-c804-kr-b3d9-ad6c-kr-c2e0-c0c1-b3d9/region_tutor,READY_REMOVE_DUPLICATE_H1,true,대전,30,true,C:\프로젝트\tutorplan\output\tutor\kr-b300-c804-kr-b3d9-ad6c-kr-c2e0-c0c1-b3d9\region_tutor\index.html,True,GENERATED_K_REMOVE_H1
candidate:tutor:kr-b300-c804-kr-b3d9-ad6c-kr-c0ac-c131-b3d9:region_tutor,/tutor/kr-b300-c804-kr-b3d9-ad6c-kr-c0ac-c131-b3d9/region_tutor,READY_REMOVE_DUPLICATE_H1,true,대전,33,true,C:\프로젝트\tutorplan\output\tutor\kr-b300-c804-kr-b3d9-ad6c-kr-c0ac-c131-b3d9\region_tutor\index.html,True,GENERATED_K_REMOVE_H1
candidate:tutor:kr-b300-c804-kr-b3d9-ad6c-kr-b0b4-d0d1-b3d9:region_tutor,/tutor/kr-b300-c804-kr-b3d9-ad6c-kr-b0b4-d0d1-b3d9/region_tutor,READY_REMOVE_DUPLICATE_H1,true,대전,34,true,C:\프로젝트\tutorplan\output\tutor\kr-b300-c804-kr-b3d9-ad6c-kr-b0b4-d0d1-b3d9\region_tutor\index.html,True,GENERATED_K_REMOVE_H1
candidate:tutor:kr-b300-c804-kr-b3d9-ad6c-kr-c624-b3d9:region_tutor,/tutor/kr-b300-c804-kr-b3d9-ad6c-kr-c624-b3d9/region_tutor,READY_REMOVE_DUPLICATE_H1,true,대전,35,true,C:\프로젝트\tutorplan\output\tutor\kr-b300-c804-kr-b3d9-ad6c-kr-c624-b3d9\region_tutor\index.html,True,GENERATED_K_REMOVE_H1
candidate:tutor:kr-b300-c804-kr-b3d9-ad6c-kr-c8fc-cd0c-b3d9:region_tutor,/tutor/kr-b300-c804-kr-b3d9-ad6c-kr-c8fc-cd0c-b3d9/region_tutor,READY_REMOVE_DUPLICATE_H1,true,대전,36,true,C:\프로젝트\tutorplan\output\tutor\kr-b300-c804-kr-b3d9-ad6c-kr-c8fc-cd0c-b3d9\region_tutor\index.html,True,GENERATED_K_REMOVE_H1
candidate:tutor:kr-b300-c804-kr-b3d9-ad6c-kr-b0ad-c6d4-b3d9:region_tutor,/tutor/kr-b300-c804-kr-b3d9-ad6c-kr-b0ad-c6d4-b3d9/region_tutor,READY_REMOVE_DUPLICATE_H1,true,대전,37,true,C:\프로젝트\tutorplan\output\tutor\kr-b300-c804-kr-b3d9-ad6c-kr-b0ad-c6d4-b3d9\region_tutor\index.html,True,GENERATED_K_REMOVE_H1
candidate:tutor:kr-b300-c804-kr-b3d9-ad6c-kr-b300-bcc4-b3d9:region_tutor,/tutor/kr-b300-c804-kr-b3d9-ad6c-kr-b300-bcc4-b3d9/region_tutor,READY_REMOVE_DUPLICATE_H1,true,대전,38,true,C:\프로젝트\tutorplan\output\tutor\kr-b300-c804-kr-b3d9-ad6c-kr-b300-bcc4-b3d9\region_tutor\index.html,True,GENERATED_K_REMOVE_H1
candidate:tutor:kr-b300-c804-kr-b3d9-ad6c-kr-c774-c0ac-b3d9:region_tutor,/tutor/kr-b300-c804-kr-b3d9-ad6c-kr-c774-c0ac-b3d9/region_tutor,READY_REMOVE_DUPLICATE_H1,true,대전,39,true,C:\프로젝트\tutorplan\output\tutor\kr-b300-c804-kr-b3d9-ad6c-kr-c774-c0ac-b3d9\region_tutor\index.html,True,GENERATED_K_REMOVE_H1
candidate:tutor:kr-b300-c804-kr-b3d9-ad6c-kr-b300-c131-b3d9:region_tutor,/tutor/kr-b300-c804-kr-b3d9-ad6c-kr-b300-c131-b3d9/region_tutor,READY_REMOVE_DUPLICATE_H1,true,대전,40,true,C:\프로젝트\tutorplan\output\tutor\kr-b300-c804-kr-b3d9-ad6c-kr-b300-c131-b3d9\region_tutor\index.html,True,GENERATED_K_REMOVE_H1
candidate:tutor:kr-b300-c804-kr-c911-ad6c-kr-c740-d589-b3d9:region_tutor,/tutor/kr-b300-c804-kr-c911-ad6c-kr-c740-d589-b3d9/region_tutor,READY_REMOVE_DUPLICATE_H1,true,대전,41,true,C:\프로젝트\tutorplan\output\tutor\kr-b300-c804-kr-c911-ad6c-kr-c740-d589-b3d9\region_tutor\index.html,True,GENERATED_K_REMOVE_H1
candidate:tutor:kr-b300-c804-kr-c911-ad6c-kr-c120-d654-b3d9:region_tutor,/tutor/kr-b300-c804-kr-c911-ad6c-kr-c120-d654-b3d9/region_tutor,READY_REMOVE_DUPLICATE_H1,true,대전,42,true,C:\프로젝트\tutorplan\output\tutor\kr-b300-c804-kr-c911-ad6c-kr-c120-d654-b3d9\region_tutor\index.html,True,GENERATED_K_REMOVE_H1
candidate:tutor:kr-b300-c804-kr-c911-ad6c-kr-baa9-b3d9:region_tutor,/tutor/kr-b300-c804-kr-c911-ad6c-kr-baa9-b3d9/region_tutor,READY_REMOVE_DUPLICATE_H1,true,대전,43,true,C:\프로젝트\tutorplan\output\tutor\kr-b300-c804-kr-c911-ad6c-kr-baa9-b3d9\region_tutor\index.html,True,GENERATED_K_REMOVE_H1
candidate:tutor:kr-b300-c804-kr-c911-ad6c-kr-c911-cd0c-b3d9:region_tutor,/tutor/kr-b300-c804-kr-c911-ad6c-kr-c911-cd0c-b3d9/region_tutor,READY_REMOVE_DUPLICATE_H1,true,대전,44,true,C:\프로젝트\tutorplan\output\tutor\kr-b300-c804-kr-c911-ad6c-kr-c911-cd0c-b3d9\region_tutor\index.html,True,GENERATED_K_REMOVE_H1
candidate:tutor:kr-b300-c804-kr-c911-ad6c-kr-b300-d765-b3d9:region_tutor,/tutor/kr-b300-c804-kr-c911-ad6c-kr-b300-d765-b3d9/region_tutor,READY_REMOVE_DUPLICATE_H1,true,대전,45,true,C:\프로젝트\tutorplan\output\tutor\kr-b300-c804-kr-c911-ad6c-kr-b300-d765-b3d9\region_tutor\index.html,True,GENERATED_K_REMOVE_H1
candidate:tutor:kr-b300-c804-kr-c911-ad6c-kr-bb38-cc3d-b3d9:region_tutor,/tutor/kr-b300-c804-kr-c911-ad6c-kr-bb38-cc3d-b3d9/region_tutor,READY_REMOVE_DUPLICATE_H1,true,대전,46,true,C:\프로젝트\tutorplan\output\tutor\kr-b300-c804-kr-c911-ad6c-kr-bb38-cc3d-b3d9\region_tutor\index.html,True,GENERATED_K_REMOVE_H1
candidate:tutor:kr-b300-c804-kr-c911-ad6c-kr-c11d-ad50-b3d9:region_tutor,/tutor/kr-b300-c804-kr-c911-ad6c-kr-c11d-ad50-b3d9/region_tutor,READY_REMOVE_DUPLICATE_H1,true,대전,47,true,C:\프로젝트\tutorplan\output\tutor\kr-b300-c804-kr-c911-ad6c-kr-c11d-ad50-b3d9\region_tutor\index.html,True,GENERATED_K_REMOVE_H1
candidate:tutor:kr-b300-c804-kr-c911-ad6c-kr-c625-acc4-b3d9:region_tutor,/tutor/kr-b300-c804-kr-c911-ad6c-kr-c625-acc4-b3d9/region_tutor,READY_REMOVE_DUPLICATE_H1,true,대전,49,true,C:\프로젝트\tutorplan\output\tutor\kr-b300-c804-kr-c911-ad6c-kr-c625-acc4-b3d9\region_tutor\index.html,True,GENERATED_K_REMOVE_H1
candidate:tutor:kr-b300-c804-kr-c911-ad6c-kr-b300-c0ac-b3d9:region_tutor,/tutor/kr-b300-c804-kr-c911-ad6c-kr-b300-c0ac-b3d9/region_tutor,READY_REMOVE_DUPLICATE_H1,true,대전,50,true,C:\프로젝트\tutorplan\output\tutor\kr-b300-c804-kr-c911-ad6c-kr-b300-c0ac-b3d9\region_tutor\index.html,True,GENERATED_K_REMOVE_H1
candidate:tutor:kr-b300-c804-kr-c911-ad6c-kr-bd80-c0ac-b3d9:region_tutor,/tutor/kr-b300-c804-kr-c911-ad6c-kr-bd80-c0ac-b3d9/region_tutor,READY_REMOVE_DUPLICATE_H1,true,대전,51,true,C:\프로젝트\tutorplan\output\tutor\kr-b300-c804-kr-c911-ad6c-kr-bd80-c0ac-b3d9\region_tutor\index.html,True,GENERATED_K_REMOVE_H1
candidate:tutor:kr-b300-c804-kr-c911-ad6c-kr-c6a9-b450-b3d9:region_tutor,/tutor/kr-b300-c804-kr-c911-ad6c-kr-c6a9-b450-b3d9/region_tutor,READY_REMOVE_DUPLICATE_H1,true,대전,52,true,C:\프로젝트\tutorplan\output\tutor\kr-b300-c804-kr-c911-ad6c-kr-c6a9-b450-b3d9\region_tutor\index.html,True,GENERATED_K_REMOVE_H1
candidate:tutor:kr-b300-c804-kr-c911-ad6c-kr-d0dc-d3c9-b3d9:region_tutor,/tutor/kr-b300-c804-kr-c911-ad6c-kr-d0dc-d3c9-b3d9/region_tutor,READY_REMOVE_DUPLICATE_H1,true,대전,54,true,C:\프로젝트\tutorplan\output\tutor\kr-b300-c804-kr-c911-ad6c-kr-d0dc-d3c9-b3d9\region_tutor\index.html,True,GENERATED_K_REMOVE_H1
candidate:tutor:kr-b300-c804-kr-c911-ad6c-kr-c720-cc9c-b3d9:region_tutor,/tutor/kr-b300-c804-kr-c911-ad6c-kr-c720-cc9c-b3d9/region_tutor,READY_REMOVE_DUPLICATE_H1,true,대전,55,true,C:\프로젝트\tutorplan\output\tutor\kr-b300-c804-kr-c911-ad6c-kr-c720-cc9c-b3d9\region_tutor\index.html,True,GENERATED_K_REMOVE_H1
candidate:tutor:kr-b300-c804-kr-c911-ad6c-kr-bb38-d654-b3d9:region_tutor,/tutor/kr-b300-c804-kr-c911-ad6c-kr-bb38-d654-b3d9/region_tutor,READY_REMOVE_DUPLICATE_H1,true,대전,56,true,C:\프로젝트\tutorplan\output\tutor\kr-b300-c804-kr-c911-ad6c-kr-bb38-d654-b3d9\region_tutor\index.html,True,GENERATED_K_REMOVE_H1
candidate:tutor:kr-b300-c804-kr-c911-ad6c-kr-c0b0-c131-b3d9:region_tutor,/tutor/kr-b300-c804-kr-c911-ad6c-kr-c0b0-c131-b3d9/region_tutor,READY_REMOVE_DUPLICATE_H1,true,대전,57,true,C:\프로젝트\tutorplan\output\tutor\kr-b300-c804-kr-c911-ad6c-kr-c0b0-c131-b3d9\region_tutor\index.html,True,GENERATED_K_REMOVE_H1
candidate:tutor:kr-b300-c804-kr-c911-ad6c-kr-c0ac-c815-b3d9:region_tutor,/tutor/kr-b300-c804-kr-c911-ad6c-kr-c0ac-c815-b3d9/region_tutor,READY_REMOVE_DUPLICATE_H1,true,대전,58,true,C:\프로젝트\tutorplan\output\tutor\kr-b300-c804-kr-c911-ad6c-kr-c0ac-c815-b3d9\region_tutor\index.html,True,GENERATED_K_REMOVE_H1
candidate:tutor:kr-b300-c804-kr-c911-ad6c-kr-c548-c601-b3d9:region_tutor,/tutor/kr-b300-c804-kr-c911-ad6c-kr-c548-c601-b3d9/region_tutor,READY_REMOVE_DUPLICATE_H1,true,대전,59,true,C:\프로젝트\tutorplan\output\tutor\kr-b300-c804-kr-c911-ad6c-kr-c548-c601-b3d9\region_tutor\index.html,True,GENERATED_K_REMOVE_H1
candidate:tutor:kr-b300-c804-kr-c911-ad6c-kr-bb34-c218-b3d9:region_tutor,/tutor/kr-b300-c804-kr-c911-ad6c-kr-bb34-c218-b3d9/region_tutor,READY_REMOVE_DUPLICATE_H1,true,대전,60,true,C:\프로젝트\tutorplan\output\tutor\kr-b300-c804-kr-c911-ad6c-kr-bb34-c218-b3d9\region_tutor\index.html,True,GENERATED_K_REMOVE_H1
candidate:tutor:kr-b300-c804-kr-c911-ad6c-kr-ad6c-c644-b3d9:region_tutor,/tutor/kr-b300-c804-kr-c911-ad6c-kr-ad6c-c644-b3d9/region_tutor,READY_REMOVE_DUPLICATE_H1,true,대전,61,true,C:\프로젝트\tutorplan\output\tutor\kr-b300-c804-kr-c911-ad6c-kr-ad6c-c644-b3d9\region_tutor\index.html,True,GENERATED_K_REMOVE_H1
candidate:tutor:kr-b300-c804-kr-c911-ad6c-kr-ce68-c0b0-b3d9:region_tutor,/tutor/kr-b300-c804-kr-c911-ad6c-kr-ce68-c0b0-b3d9/region_tutor,READY_REMOVE_DUPLICATE_H1,true,대전,62,true,C:\프로젝트\tutorplan\output\tutor\kr-b300-c804-kr-c911-ad6c-kr-ce68-c0b0-b3d9\region_tutor\index.html,True,GENERATED_K_REMOVE_H1
candidate:tutor:kr-b300-c804-kr-c911-ad6c-kr-baa9-b2ec-b3d9:region_tutor,/tutor/kr-b300-c804-kr-c911-ad6c-kr-baa9-b2ec-b3d9/region_tutor,READY_REMOVE_DUPLICATE_H1,true,대전,63,true,C:\프로젝트\tutorplan\output\tutor\kr-b300-c804-kr-c911-ad6c-kr-baa9-b2ec-b3d9\region_tutor\index.html,True,GENERATED_K_REMOVE_H1
candidate:tutor:kr-b300-c804-kr-c911-ad6c-kr-c815-c0dd-b3d9:region_tutor,/tutor/kr-b300-c804-kr-c911-ad6c-kr-c815-c0dd-b3d9/region_tutor,READY_REMOVE_DUPLICATE_H1,true,대전,64,true,C:\프로젝트\tutorplan\output\tutor\kr-b300-c804-kr-c911-ad6c-kr-c815-c0dd-b3d9\region_tutor\index.html,True,GENERATED_K_REMOVE_H1
candidate:tutor:kr-b300-c804-kr-c911-ad6c-kr-c5b4-b0a8-b3d9:region_tutor,/tutor/kr-b300-c804-kr-c911-ad6c-kr-c5b4-b0a8-b3d9/region_tutor,READY_REMOVE_DUPLICATE_H1,true,대전,65,true,C:\프로젝트\tutorplan\output\tutor\kr-b300-c804-kr-c911-ad6c-kr-c5b4-b0a8-b3d9\region_tutor\index.html,True,GENERATED_K_REMOVE_H1
candidate:tutor:kr-b300-c804-kr-c911-ad6c-kr-ae08-b3d9:region_tutor,/tutor/kr-b300-c804-kr-c911-ad6c-kr-ae08-b3d9/region_tutor,READY_REMOVE_DUPLICATE_H1,true,대전,66,true,C:\프로젝트\tutorplan\output\tutor\kr-b300-c804-kr-c911-ad6c-kr-ae08-b3d9\region_tutor\index.html,True,GENERATED_K_REMOVE_H1
candidate:tutor:kr-b300-c804-kr-c11c-ad6c-kr-bcf5-c218-b3d9:region_tutor,/tutor/kr-b300-c804-kr-c11c-ad6c-kr-bcf5-c218-b3d9/region_tutor,READY_REMOVE_DUPLICATE_H1,true,대전,67,true,C:\프로젝트\tutorplan\output\tutor\kr-b300-c804-kr-c11c-ad6c-kr-bcf5-c218-b3d9\region_tutor\index.html,True,GENERATED_K_REMOVE_H1
candidate:tutor:kr-b300-c804-kr-c11c-ad6c-kr-b3c4-b9c8-b3d9:region_tutor,/tutor/kr-b300-c804-kr-c11c-ad6c-kr-b3c4-b9c8-b3d9/region_tutor,READY_REMOVE_DUPLICATE_H1,true,대전,69,true,C:\프로젝트\tutorplan\output\tutor\kr-b300-c804-kr-c11c-ad6c-kr-b3c4-b9c8-b3d9\region_tutor\index.html,True,GENERATED_K_REMOVE_H1
candidate:tutor:kr-b300-c804-kr-c11c-ad6c-kr-c815-b9bc-b3d9:region_tutor,/tutor/kr-b300-c804-kr-c11c-ad6c-kr-c815-b9bc-b3d9/region_tutor,READY_REMOVE_DUPLICATE_H1,true,대전,70,true,C:\프로젝트\tutorplan\output\tutor\kr-b300-c804-kr-c11c-ad6c-kr-c815-b9bc-b3d9\region_tutor\index.html,True,GENERATED_K_REMOVE_H1
candidate:tutor:kr-b300-c804-kr-c11c-ad6c-kr-c6a9-bb38-b3d9:region_tutor,/tutor/kr-b300-c804-kr-c11c-ad6c-kr-c6a9-bb38-b3d9/region_tutor,READY_REMOVE_DUPLICATE_H1,true,대전,71,true,C:\프로젝트\tutorplan\output\tutor\kr-b300-c804-kr-c11c-ad6c-kr-c6a9-bb38-b3d9\region_tutor\index.html,True,GENERATED_K_REMOVE_H1
candidate:tutor:kr-b300-c804-kr-c11c-ad6c-kr-d0c4-bc29-b3d9:region_tutor,/tutor/kr-b300-c804-kr-c11c-ad6c-kr-d0c4-bc29-b3d9/region_tutor,READY_REMOVE_DUPLICATE_H1,true,대전,72,true,C:\프로젝트\tutorplan\output\tutor\kr-b300-c804-kr-c11c-ad6c-kr-d0c4-bc29-b3d9\region_tutor\index.html,True,GENERATED_K_REMOVE_H1
candidate:tutor:kr-b300-c804-kr-c11c-ad6c-kr-ad34-c815-b3d9:region_tutor,/tutor/kr-b300-c804-kr-c11c-ad6c-kr-ad34-c815-b3d9/region_tutor,READY_REMOVE_DUPLICATE_H1,true,대전,73,true,C:\프로젝트\tutorplan\output\tutor\kr-b300-c804-kr-c11c-ad6c-kr-ad34-c815-b3d9\region_tutor\index.html,True,GENERATED_K_REMOVE_H1
candidate:tutor:kr-b300-c804-kr-c11c-ad6c-kr-ac00-c7a5-b3d9:region_tutor,/tutor/kr-b300-c804-kr-c11c-ad6c-kr-ac00-c7a5-b3d9/region_tutor,READY_REMOVE_DUPLICATE_H1,true,대전,74,true,C:\프로젝트\tutorplan\output\tutor\kr-b300-c804-kr-c11c-ad6c-kr-ac00-c7a5-b3d9\region_tutor\index.html,True,GENERATED_K_REMOVE_H1
candidate:tutor:kr-b300-c804-kr-c11c-ad6c-kr-b0b4-b3d9:region_tutor,/tutor/kr-b300-c804-kr-c11c-ad6c-kr-b0b4-b3d9/region_tutor,READY_REMOVE_DUPLICATE_H1,true,대전,75,true,C:\프로젝트\tutorplan\output\tutor\kr-b300-c804-kr-c11c-ad6c-kr-b0b4-b3d9\region_tutor\index.html,True,GENERATED_K_REMOVE_H1
candidate:tutor:kr-b300-c804-kr-c11c-ad6c-kr-ac08-b9c8-b3d9:region_tutor,/tutor/kr-b300-c804-kr-c11c-ad6c-kr-ac08-b9c8-b3d9/region_tutor,READY_REMOVE_DUPLICATE_H1,true,대전,76,true,C:\프로젝트\tutorplan\output\tutor\kr-b300-c804-kr-c11c-ad6c-kr-ac08-b9c8-b3d9\region_tutor\index.html,True,GENERATED_K_REMOVE_H1
candidate:tutor:kr-b300-c804-kr-c11c-ad6c-kr-b454-c0b0-b3d9:region_tutor,/tutor/kr-b300-c804-kr-c11c-ad6c-kr-b454-c0b0-b3d9/region_tutor,READY_REMOVE_DUPLICATE_H1,true,대전,77,true,C:\프로젝트\tutorplan\output\tutor\kr-b300-c804-kr-c11c-ad6c-kr-b454-c0b0-b3d9\region_tutor\index.html,True,GENERATED_K_REMOVE_H1
candidate:tutor:kr-b300-c804-kr-c11c-ad6c-kr-c6d4-d3c9-b3d9:region_tutor,/tutor/kr-b300-c804-kr-c11c-ad6c-kr-c6d4-d3c9-b3d9/region_tutor,READY_REMOVE_DUPLICATE_H1,true,대전,78,true,C:\프로젝트\tutorplan\output\tutor\kr-b300-c804-kr-c11c-ad6c-kr-c6d4-d3c9-b3d9\region_tutor\index.html,True,GENERATED_K_REMOVE_H1
candidate:tutor:kr-b300-c804-kr-c11c-ad6c-kr-ac00-c218-c6d0-b3d9:region_tutor,/tutor/kr-b300-c804-kr-c11c-ad6c-kr-ac00-c218-c6d0-b3d9/region_tutor,READY_REMOVE_DUPLICATE_H1,true,대전,79,true,C:\프로젝트\tutorplan\output\tutor\kr-b300-c804-kr-c11c-ad6c-kr-ac00-c218-c6d0-b3d9\region_tutor\index.html,True,GENERATED_K_REMOVE_H1
candidate:tutor:kr-b300-c804-kr-c11c-ad6c-kr-ad00-c800-b3d9:region_tutor,/tutor/kr-b300-c804-kr-c11c-ad6c-kr-ad00-c800-b3d9/region_tutor,READY_REMOVE_DUPLICATE_H1,true,대전,81,true,C:\프로젝트\tutorplan\output\tutor\kr-b300-c804-kr-c11c-ad6c-kr-ad00-c800-b3d9\region_tutor\index.html,True,GENERATED_K_REMOVE_H1
candidate:tutor:kr-b300-c804-kr-c11c-ad6c-kr-d751-c11d-b3d9:region_tutor,/tutor/kr-b300-c804-kr-c11c-ad6c-kr-d751-c11d-b3d9/region_tutor,READY_REMOVE_DUPLICATE_H1,true,대전,82,true,C:\프로젝트\tutorplan\output\tutor\kr-b300-c804-kr-c11c-ad6c-kr-d751-c11d-b3d9\region_tutor\index.html,True,GENERATED_K_REMOVE_H1
candidate:tutor:kr-b300-c804-kr-c11c-ad6c-kr-b9e4-b178-b3d9:region_tutor,/tutor/kr-b300-c804-kr-c11c-ad6c-kr-b9e4-b178-b3d9/region_tutor,READY_REMOVE_DUPLICATE_H1,true,대전,83,true,C:\프로젝트\tutorplan\output\tutor\kr-b300-c804-kr-c11c-ad6c-kr-b9e4-b178-b3d9\region_tutor\index.html,True,GENERATED_K_REMOVE_H1
candidate:tutor:kr-b300-c804-kr-c11c-ad6c-kr-c0b0-c9c1-b3d9:region_tutor,/tutor/kr-b300-c804-kr-c11c-ad6c-kr-c0b0-c9c1-b3d9/region_tutor,READY_REMOVE_DUPLICATE_H1,true,대전,84,true,C:\프로젝트\tutorplan\output\tutor\kr-b300-c804-kr-c11c-ad6c-kr-c0b0-c9c1-b3d9\region_tutor\index.html,True,GENERATED_K_REMOVE_H1
candidate:tutor:kr-b300-c804-kr-c11c-ad6c-kr-c7a5-c548-b3d9:region_tutor,/tutor/kr-b300-c804-kr-c11c-ad6c-kr-c7a5-c548-b3d9/region_tutor,READY_REMOVE_DUPLICATE_H1,true,대전,85,true,C:\프로젝트\tutorplan\output\tutor\kr-b300-c804-kr-c11c-ad6c-kr-c7a5-c548-b3d9\region_tutor\index.html,True,GENERATED_K_REMOVE_H1
candidate:tutor:kr-b300-c804-kr-c11c-ad6c-kr-d3c9-cd0c-b3d9:region_tutor,/tutor/kr-b300-c804-kr-c11c-ad6c-kr-d3c9-cd0c-b3d9/region_tutor,READY_REMOVE_DUPLICATE_H1,true,대전,86,true,C:\프로젝트\tutorplan\output\tutor\kr-b300-c804-kr-c11c-ad6c-kr-d3c9-cd0c-b3d9\region_tutor\index.html,True,GENERATED_K_REMOVE_H1
candidate:tutor:kr-b300-c804-kr-c624-b3d9:region_tutor,/tutor/kr-b300-c804-kr-c624-b3d9/region_tutor,READY_REMOVE_DUPLICATE_H1,true,대전,87,true,C:\프로젝트\tutorplan\output\tutor\kr-b300-c804-kr-c624-b3d9\region_tutor\index.html,True,GENERATED_K_REMOVE_H1
candidate:tutor:kr-b300-c804-kr-c11c-ad6c-kr-c6b0-ba85-b3d9:region_tutor,/tutor/kr-b300-c804-kr-c11c-ad6c-kr-c6b0-ba85-b3d9/region_tutor,READY_REMOVE_DUPLICATE_H1,true,대전,88,true,C:\프로젝트\tutorplan\output\tutor\kr-b300-c804-kr-c11c-ad6c-kr-c6b0-ba85-b3d9\region_tutor\index.html,True,GENERATED_K_REMOVE_H1
candidate:tutor:kr-b300-c804-kr-c720-c131-ad6c-kr-c6d0-b0b4-b3d9:region_tutor,/tutor/kr-b300-c804-kr-c720-c131-ad6c-kr-c6d0-b0b4-b3d9/region_tutor,READY_REMOVE_DUPLICATE_H1,true,대전,90,true,C:\프로젝트\tutorplan\output\tutor\kr-b300-c804-kr-c720-c131-ad6c-kr-c6d0-b0b4-b3d9\region_tutor\index.html,True,GENERATED_K_REMOVE_H1
candidate:tutor:kr-b300-c804-kr-c720-c131-ad6c-kr-b300-c815-b3d9:region_tutor,/tutor/kr-b300-c804-kr-c720-c131-ad6c-kr-b300-c815-b3d9/region_tutor,READY_REMOVE_DUPLICATE_H1,true,대전,92,true,C:\프로젝트\tutorplan\output\tutor\kr-b300-c804-kr-c720-c131-ad6c-kr-b300-c815-b3d9\region_tutor\index.html,True,GENERATED_K_REMOVE_H1
candidate:tutor:kr-b300-c804-kr-c6a9-acc4-b3d9:region_tutor,/tutor/kr-b300-c804-kr-c6a9-acc4-b3d9/region_tutor,READY_REMOVE_DUPLICATE_H1,true,대전,93,true,C:\프로젝트\tutorplan\output\tutor\kr-b300-c804-kr-c6a9-acc4-b3d9\region_tutor\index.html,True,GENERATED_K_REMOVE_H1
candidate:tutor:kr-b300-c804-kr-c720-c131-ad6c-kr-acc4-c0b0-b3d9:region_tutor,/tutor/kr-b300-c804-kr-c720-c131-ad6c-kr-acc4-c0b0-b3d9/region_tutor,READY_REMOVE_DUPLICATE_H1,true,대전,95,true,C:\프로젝트\tutorplan\output\tutor\kr-b300-c804-kr-c720-c131-ad6c-kr-acc4-c0b0-b3d9\region_tutor\index.html,True,GENERATED_K_REMOVE_H1
candidate:tutor:kr-b300-c804-kr-c720-c131-ad6c-kr-c131-bd81-b3d9:region_tutor,/tutor/kr-b300-c804-kr-c720-c131-ad6c-kr-c131-bd81-b3d9/region_tutor,READY_REMOVE_DUPLICATE_H1,true,대전,96,true,C:\프로젝트\tutorplan\output\tutor\kr-b300-c804-kr-c720-c131-ad6c-kr-c131-bd81-b3d9\region_tutor\index.html,True,GENERATED_K_REMOVE_H1
candidate:tutor:kr-b300-c804-kr-c720-c131-ad6c-kr-c138-b3d9:region_tutor,/tutor/kr-b300-c804-kr-c720-c131-ad6c-kr-c138-b3d9/region_tutor,READY_REMOVE_DUPLICATE_H1,true,대전,97,true,C:\프로젝트\tutorplan\output\tutor\kr-b300-c804-kr-c720-c131-ad6c-kr-c138-b3d9\region_tutor\index.html,True,GENERATED_K_REMOVE_H1
candidate:tutor:kr-b300-c804-kr-c720-c131-ad6c-kr-c1a1-c815-b3d9:region_tutor,/tutor/kr-b300-c804-kr-c720-c131-ad6c-kr-c1a1-c815-b3d9/region_tutor,READY_REMOVE_DUPLICATE_H1,true,대전,98,true,C:\프로젝트\tutorplan\output\tutor\kr-b300-c804-kr-c720-c131-ad6c-kr-c1a1-c815-b3d9\region_tutor\index.html,True,GENERATED_K_REMOVE_H1
candidate:tutor:kr-b300-c804-kr-c720-c131-ad6c-kr-bc29-b3d9:region_tutor,/tutor/kr-b300-c804-kr-c720-c131-ad6c-kr-bc29-b3d9/region_tutor,READY_REMOVE_DUPLICATE_H1,true,대전,99,true,C:\프로젝트\tutorplan\output\tutor\kr-b300-c804-kr-c720-c131-ad6c-kr-bc29-b3d9\region_tutor\index.html,True,GENERATED_K_REMOVE_H1
candidate:tutor:kr-b300-c804-kr-c720-c131-ad6c-kr-bd09-ba85-b3d9:region_tutor,/tutor/kr-b300-c804-kr-c720-c131-ad6c-kr-bd09-ba85-b3d9/region_tutor,READY_REMOVE_DUPLICATE_H1,true,대전,100,true,C:\프로젝트\tutorplan\output\tutor\kr-b300-c804-kr-c720-c131-ad6c-kr-bd09-ba85-b3d9\region_tutor\index.html,True,GENERATED_K_REMOVE_H1
candidate:tutor:kr-b300-c804-kr-c720-c131-ad6c-kr-ad6c-c554-b3d9:region_tutor,/tutor/kr-b300-c804-kr-c720-c131-ad6c-kr-ad6c-c554-b3d9/region_tutor,READY_REMOVE_DUPLICATE_H1,true,대전,101,true,C:\프로젝트\tutorplan\output\tutor\kr-b300-c804-kr-c720-c131-ad6c-kr-ad6c-c554-b3d9\region_tutor\index.html,True,GENERATED_K_REMOVE_H1
candidate:tutor:kr-b300-c804-kr-c720-c131-ad6c-kr-b355-ba85-b3d9:region_tutor,/tutor/kr-b300-c804-kr-c720-c131-ad6c-kr-b355-ba85-b3d9/region_tutor,READY_REMOVE_DUPLICATE_H1,true,대전,102,true,C:\프로젝트\tutorplan\output\tutor\kr-b300-c804-kr-c720-c131-ad6c-kr-b355-ba85-b3d9\region_tutor\index.html,True,GENERATED_K_REMOVE_H1
candidate:tutor:kr-b300-c804-kr-c720-c131-ad6c-kr-c0c1-b300-b3d9:region_tutor,/tutor/kr-b300-c804-kr-c720-c131-ad6c-kr-c0c1-b300-b3d9/region_tutor,READY_REMOVE_DUPLICATE_H1,true,대전,104,true,C:\프로젝트\tutorplan\output\tutor\kr-b300-c804-kr-c720-c131-ad6c-kr-c0c1-b300-b3d9\region_tutor\index.html,True,GENERATED_K_REMOVE_H1
candidate:tutor:kr-b300-c804-kr-c720-c131-ad6c-kr-c7a5-b300-b3d9:region_tutor,/tutor/kr-b300-c804-kr-c720-c131-ad6c-kr-c7a5-b300-b3d9/region_tutor,READY_REMOVE_DUPLICATE_H1,true,대전,106,true,C:\프로젝트\tutorplan\output\tutor\kr-b300-c804-kr-c720-c131-ad6c-kr-c7a5-b300-b3d9\region_tutor\index.html,True,GENERATED_K_REMOVE_H1
candidate:tutor:kr-b300-c804-kr-c720-c131-ad6c-kr-ac11-b3d9:region_tutor,/tutor/kr-b300-c804-kr-c720-c131-ad6c-kr-ac11-b3d9/region_tutor,READY_REMOVE_DUPLICATE_H1,true,대전,107,true,C:\프로젝트\tutorplan\output\tutor\kr-b300-c804-kr-c720-c131-ad6c-kr-ac11-b3d9\region_tutor\index.html,True,GENERATED_K_REMOVE_H1
candidate:tutor:kr-b300-c804-kr-c720-c131-ad6c-kr-c9c0-c871-b3d9:region_tutor,/tutor/kr-b300-c804-kr-c720-c131-ad6c-kr-c9c0-c871-b3d9/region_tutor,READY_REMOVE_DUPLICATE_H1,true,대전,109,true,C:\프로젝트\tutorplan\output\tutor\kr-b300-c804-kr-c720-c131-ad6c-kr-c9c0-c871-b3d9\region_tutor\index.html,True,GENERATED_K_REMOVE_H1
candidate:tutor:kr-b300-c804-kr-c720-c131-ad6c-kr-c8fd-b3d9:region_tutor,/tutor/kr-b300-c804-kr-c720-c131-ad6c-kr-c8fd-b3d9/region_tutor,READY_REMOVE_DUPLICATE_H1,true,대전,110,true,C:\프로젝트\tutorplan\output\tutor\kr-b300-c804-kr-c720-c131-ad6c-kr-c8fd-b3d9\region_tutor\index.html,True,GENERATED_K_REMOVE_H1
candidate:tutor:kr-b300-c804-kr-c720-c131-ad6c-kr-ad81-b3d9:region_tutor,/tutor/kr-b300-c804-kr-c720-c131-ad6c-kr-ad81-b3d9/region_tutor,READY_REMOVE_DUPLICATE_H1,true,대전,111,true,C:\프로젝트\tutorplan\output\tutor\kr-b300-c804-kr-c720-c131-ad6c-kr-ad81-b3d9\region_tutor\index.html,True,GENERATED_K_REMOVE_H1
candidate:tutor:kr-b300-c804-kr-c720-c131-ad6c-kr-c5b4-c740-b3d9:region_tutor,/tutor/kr-b300-c804-kr-c720-c131-ad6c-kr-c5b4-c740-b3d9/region_tutor,READY_REMOVE_DUPLICATE_H1,true,대전,112,true,C:\프로젝트\tutorplan\output\tutor\kr-b300-c804-kr-c720-c131-ad6c-kr-c5b4-c740-b3d9\region_tutor\index.html,True,GENERATED_K_REMOVE_H1
candidate:tutor:kr-b300-c804-kr-c720-c131-ad6c-kr-ad6c-c131-b3d9:region_tutor,/tutor/kr-b300-c804-kr-c720-c131-ad6c-kr-ad6c-c131-b3d9/region_tutor,READY_REMOVE_DUPLICATE_H1,true,대전,113,true,C:\프로젝트\tutorplan\output\tutor\kr-b300-c804-kr-c720-c131-ad6c-kr-ad6c-c131-b3d9\region_tutor\index.html,True,GENERATED_K_REMOVE_H1
candidate:tutor:kr-b300-c804-kr-c720-c131-ad6c-kr-c2e0-c131-b3d9:region_tutor,/tutor/kr-b300-c804-kr-c720-c131-ad6c-kr-c2e0-c131-b3d9/region_tutor,READY_REMOVE_DUPLICATE_H1,true,대전,114,true,C:\프로젝트\tutorplan\output\tutor\kr-b300-c804-kr-c720-c131-ad6c-kr-c2e0-c131-b3d9\region_tutor\index.html,True,GENERATED_K_REMOVE_H1
candidate:tutor:kr-b300-c804-kr-c720-c131-ad6c-kr-ac00-c815-b3d9:region_tutor,/tutor/kr-b300-c804-kr-c720-c131-ad6c-kr-ac00-c815-b3d9/region_tutor,READY_REMOVE_DUPLICATE_H1,true,대전,115,true,C:\프로젝트\tutorplan\output\tutor\kr-b300-c804-kr-c720-c131-ad6c-kr-ac00-c815-b3d9\region_tutor\index.html,True,GENERATED_K_REMOVE_H1
candidate:tutor:kr-b300-c804-kr-c720-c131-ad6c-kr-b3c4-b8e1-b3d9:region_tutor,/tutor/kr-b300-c804-kr-c720-c131-ad6c-kr-b3c4-b8e1-b3d9/region_tutor,READY_REMOVE_DUPLICATE_H1,true,대전,116,true,C:\프로젝트\tutorplan\output\tutor\kr-b300-c804-kr-c720-c131-ad6c-kr-b3c4-b8e1-b3d9\region_tutor\index.html,True,GENERATED_K_REMOVE_H1
candidate:tutor:kr-b300-c804-kr-c720-c131-ad6c-kr-c7a5-b3d9:region_tutor,/tutor/kr-b300-c804-kr-c720-c131-ad6c-kr-c7a5-b3d9/region_tutor,READY_REMOVE_DUPLICATE_H1,true,대전,117,true,C:\프로젝트\tutorplan\output\tutor\kr-b300-c804-kr-c720-c131-ad6c-kr-c7a5-b3d9\region_tutor\index.html,True,GENERATED_K_REMOVE_H1
candidate:tutor:kr-b300-c804-kr-c720-c131-ad6c-kr-b355-c9c4-b3d9:region_tutor,/tutor/kr-b300-c804-kr-c720-c131-ad6c-kr-b355-c9c4-b3d9/region_tutor,READY_REMOVE_DUPLICATE_H1,true,대전,118,true,C:\프로젝트\tutorplan\output\tutor\kr-b300-c804-kr-c720-c131-ad6c-kr-b355-c9c4-b3d9\region_tutor\index.html,True,GENERATED_K_REMOVE_H1
candidate:tutor:kr-b300-c804-kr-c720-c131-ad6c-kr-d558-ae30-b3d9:region_tutor,/tutor/kr-b300-c804-kr-c720-c131-ad6c-kr-d558-ae30-b3d9/region_tutor,READY_REMOVE_DUPLICATE_H1,true,대전,119,true,C:\프로젝트\tutorplan\output\tutor\kr-b300-c804-kr-c720-c131-ad6c-kr-d558-ae30-b3d9\region_tutor\index.html,True,GENERATED_K_REMOVE_H1
candidate:tutor:kr-b300-c804-kr-c720-c131-ad6c-kr-cd94-baa9-b3d9:region_tutor,/tutor/kr-b300-c804-kr-c720-c131-ad6c-kr-cd94-baa9-b3d9/region_tutor,READY_REMOVE_DUPLICATE_H1,true,대전,120,true,C:\프로젝트\tutorplan\output\tutor\kr-b300-c804-kr-c720-c131-ad6c-kr-cd94-baa9-b3d9\region_tutor\index.html,True,GENERATED_K_REMOVE_H1
candidate:tutor:kr-b300-c804-kr-c720-c131-ad6c-kr-c790-c6b4-b3d9:region_tutor,/tutor/kr-b300-c804-kr-c720-c131-ad6c-kr-c790-c6b4-b3d9/region_tutor,READY_REMOVE_DUPLICATE_H1,true,대전,121,true,C:\프로젝트\tutorplan\output\tutor\kr-b300-c804-kr-c720-c131-ad6c-kr-c790-c6b4-b3d9\region_tutor\index.html,True,GENERATED_K_REMOVE_H1
candidate:tutor:kr-b300-c804-kr-c720-c131-ad6c-kr-c2e0-bd09-b3d9:region_tutor,/tutor/kr-b300-c804-kr-c720-c131-ad6c-kr-c2e0-bd09-b3d9/region_tutor,READY_REMOVE_DUPLICATE_H1,true,대전,122,true,C:\프로젝트\tutorplan\output\tutor\kr-b300-c804-kr-c720-c131-ad6c-kr-c2e0-bd09-b3d9\region_tutor\index.html,True,GENERATED_K_REMOVE_H1
candidate:tutor:kr-b300-c804-kr-c720-c131-ad6c-kr-c218-b0a8-b3d9:region_tutor,/tutor/kr-b300-c804-kr-c720-c131-ad6c-kr-c218-b0a8-b3d9/region_tutor,READY_REMOVE_DUPLICATE_H1,true,대전,123,true,C:\프로젝트\tutorplan\output\tutor\kr-b300-c804-kr-c720-c131-ad6c-kr-c218-b0a8-b3d9\region_tutor\index.html,True,GENERATED_K_REMOVE_H1
candidate:tutor:kr-b300-c804-kr-c720-c131-ad6c-kr-c548-c0b0-b3d9:region_tutor,/tutor/kr-b300-c804-kr-c720-c131-ad6c-kr-c548-c0b0-b3d9/region_tutor,READY_REMOVE_DUPLICATE_H1,true,대전,124,true,C:\프로젝트\tutorplan\output\tutor\kr-b300-c804-kr-c720-c131-ad6c-kr-c548-c0b0-b3d9\region_tutor\index.html,True,GENERATED_K_REMOVE_H1
candidate:tutor:kr-b300-c804-kr-c720-c131-ad6c-kr-c678-c0bc-b3d9:region_tutor,/tutor/kr-b300-c804-kr-c720-c131-ad6c-kr-c678-c0bc-b3d9/region_tutor,READY_REMOVE_DUPLICATE_H1,true,대전,125,true,C:\프로젝트\tutorplan\output\tutor\kr-b300-c804-kr-c720-c131-ad6c-kr-c678-c0bc-b3d9\region_tutor\index.html,True,GENERATED_K_REMOVE_H1
candidate:tutor:kr-b300-c804-kr-c720-c131-ad6c-kr-bc18-c11d-b3d9:region_tutor,/tutor/kr-b300-c804-kr-c720-c131-ad6c-kr-bc18-c11d-b3d9/region_tutor,READY_REMOVE_DUPLICATE_H1,true,대전,126,true,C:\프로젝트\tutorplan\output\tutor\kr-b300-c804-kr-c720-c131-ad6c-kr-bc18-c11d-b3d9\region_tutor\index.html,True,GENERATED_K_REMOVE_H1
candidate:tutor:kr-b300-c804-kr-c720-c131-ad6c-kr-bb38-c9c0-b3d9:region_tutor,/tutor/kr-b300-c804-kr-c720-c131-ad6c-kr-bb38-c9c0-b3d9/region_tutor,READY_REMOVE_DUPLICATE_H1,true,대전,127,true,C:\프로젝트\tutorplan\output\tutor\kr-b300-c804-kr-c720-c131-ad6c-kr-bb38-c9c0-b3d9\region_tutor\index.html,True,GENERATED_K_REMOVE_H1
candidate:tutor:kr-b300-c804-kr-c720-c131-ad6c-kr-c804-bbfc-b3d9:region_tutor,/tutor/kr-b300-c804-kr-c720-c131-ad6c-kr-c804-bbfc-b3d9/region_tutor,READY_REMOVE_DUPLICATE_H1,true,대전,128,true,C:\프로젝트\tutorplan\output\tutor\kr-b300-c804-kr-c720-c131-ad6c-kr-c804-bbfc-b3d9\region_tutor\index.html,True,GENERATED_K_REMOVE_H1
candidate:tutor:kr-b300-c804-kr-c720-c131-ad6c-kr-c6d0-cd0c-b3d9:region_tutor,/tutor/kr-b300-c804-kr-c720-c131-ad6c-kr-c6d0-cd0c-b3d9/region_tutor,READY_REMOVE_DUPLICATE_H1,true,대전,129,true,C:\프로젝트\tutorplan\output\tutor\kr-b300-c804-kr-c720-c131-ad6c-kr-c6d0-cd0c-b3d9\region_tutor\index.html,True,GENERATED_K_REMOVE_H1
candidate:tutor:kr-b300-c804-kr-c720-c131-ad6c-kr-d0d1-b9bd-b3d9:region_tutor,/tutor/kr-b300-c804-kr-c720-c131-ad6c-kr-d0d1-b9bd-b3d9/region_tutor,READY_REMOVE_DUPLICATE_H1,true,대전,130,true,C:\프로젝트\tutorplan\output\tutor\kr-b300-c804-kr-c720-c131-ad6c-kr-d0d1-b9bd-b3d9\region_tutor\index.html,True,GENERATED_K_REMOVE_H1
candidate:tutor:kr-b300-c804-kr-c720-c131-ad6c-kr-c6a9-c0b0-b3d9:region_tutor,/tutor/kr-b300-c804-kr-c720-c131-ad6c-kr-c6a9-c0b0-b3d9/region_tutor,READY_REMOVE_DUPLICATE_H1,true,대전,131,true,C:\프로젝트\tutorplan\output\tutor\kr-b300-c804-kr-c720-c131-ad6c-kr-c6a9-c0b0-b3d9\region_tutor\index.html,True,GENERATED_K_REMOVE_H1
candidate:tutor:kr-b300-c804-kr-c720-c131-ad6c-kr-bd09-c0b0-b3d9:region_tutor,/tutor/kr-b300-c804-kr-c720-c131-ad6c-kr-bd09-c0b0-b3d9/region_tutor,READY_REMOVE_DUPLICATE_H1,true,대전,132,true,C:\프로젝트\tutorplan\output\tutor\kr-b300-c804-kr-c720-c131-ad6c-kr-bd09-c0b0-b3d9\region_tutor\index.html,True,GENERATED_K_REMOVE_H1
candidate:tutor:kr-b300-c804-kr-c720-c131-ad6c-kr-ad00-d3c9-b3d9:region_tutor,/tutor/kr-b300-c804-kr-c720-c131-ad6c-kr-ad00-d3c9-b3d9/region_tutor,READY_REMOVE_DUPLICATE_H1,true,대전,133,true,C:\프로젝트\tutorplan\output\tutor\kr-b300-c804-kr-c720-c131-ad6c-kr-ad00-d3c9-b3d9\region_tutor\index.html,True,GENERATED_K_REMOVE_H1
candidate:tutor:kr-b300-c804-kr-c720-c131-ad6c-kr-d654-c554-b3d9:region_tutor,/tutor/kr-b300-c804-kr-c720-c131-ad6c-kr-d654-c554-b3d9/region_tutor,READY_REMOVE_DUPLICATE_H1,true,대전,134,true,C:\프로젝트\tutorplan\output\tutor\kr-b300-c804-kr-c720-c131-ad6c-kr-d654-c554-b3d9\region_tutor\index.html,True,GENERATED_K_REMOVE_H1
candidate:tutor:kr-b300-c804-kr-b300-b355-ad6c-kr-c624-c815-b3d9:region_tutor,/tutor/kr-b300-c804-kr-b300-b355-ad6c-kr-c624-c815-b3d9/region_tutor,READY_REMOVE_DUPLICATE_H1,true,대전,135,true,C:\프로젝트\tutorplan\output\tutor\kr-b300-c804-kr-b300-b355-ad6c-kr-c624-c815-b3d9\region_tutor\index.html,True,GENERATED_K_REMOVE_H1
candidate:tutor:kr-b300-c804-kr-b300-b355-ad6c-kr-b300-d654-b3d9:region_tutor,/tutor/kr-b300-c804-kr-b300-b355-ad6c-kr-b300-d654-b3d9/region_tutor,READY_REMOVE_DUPLICATE_H1,true,대전,136,true,C:\프로젝트\tutorplan\output\tutor\kr-b300-c804-kr-b300-b355-ad6c-kr-b300-d654-b3d9\region_tutor\index.html,True,GENERATED_K_REMOVE_H1
candidate:tutor:kr-b300-c804-kr-b300-b355-ad6c-kr-c74d-b0b4-b3d9:region_tutor,/tutor/kr-b300-c804-kr-b300-b355-ad6c-kr-c74d-b0b4-b3d9/region_tutor,READY_REMOVE_DUPLICATE_H1,true,대전,137,true,C:\프로젝트\tutorplan\output\tutor\kr-b300-c804-kr-b300-b355-ad6c-kr-c74d-b0b4-b3d9\region_tutor\index.html,True,GENERATED_K_REMOVE_H1
candidate:tutor:kr-b300-c804-kr-b300-b355-ad6c-kr-c5f0-cd95-b3d9:region_tutor,/tutor/kr-b300-c804-kr-b300-b355-ad6c-kr-c5f0-cd95-b3d9/region_tutor,READY_REMOVE_DUPLICATE_H1,true,대전,138,true,C:\프로젝트\tutorplan\output\tutor\kr-b300-c804-kr-b300-b355-ad6c-kr-c5f0-cd95-b3d9\region_tutor\index.html,True,GENERATED_K_REMOVE_H1
candidate:tutor:kr-b300-c804-kr-b300-b355-ad6c-kr-c2e0-b300-b3d9:region_tutor,/tutor/kr-b300-c804-kr-b300-b355-ad6c-kr-c2e0-b300-b3d9/region_tutor,READY_REMOVE_DUPLICATE_H1,true,대전,139,true,C:\프로젝트\tutorplan\output\tutor\kr-b300-c804-kr-b300-b355-ad6c-kr-c2e0-b300-b3d9\region_tutor\index.html,True,GENERATED_K_REMOVE_H1
candidate:tutor:kr-b300-c804-kr-b300-b355-ad6c-kr-c640-b3d9:region_tutor,/tutor/kr-b300-c804-kr-b300-b355-ad6c-kr-c640-b3d9/region_tutor,READY_REMOVE_DUPLICATE_H1,true,대전,140,true,C:\프로젝트\tutorplan\output\tutor\kr-b300-c804-kr-b300-b355-ad6c-kr-c640-b3d9\region_tutor\index.html,True,GENERATED_K_REMOVE_H1
candidate:tutor:kr-b300-c804-kr-b300-b355-ad6c-kr-c1a1-cd0c-b3d9:region_tutor,/tutor/kr-b300-c804-kr-b300-b355-ad6c-kr-c1a1-cd0c-b3d9/region_tutor,READY_REMOVE_DUPLICATE_H1,true,대전,141,true,C:\프로젝트\tutorplan\output\tutor\kr-b300-c804-kr-b300-b355-ad6c-kr-c1a1-cd0c-b3d9\region_tutor\index.html,True,GENERATED_K_REMOVE_H1
candidate:tutor:kr-b300-c804-kr-b300-b355-ad6c-kr-c911-b9ac-b3d9:region_tutor,/tutor/kr-b300-c804-kr-b300-b355-ad6c-kr-c911-b9ac-b3d9/region_tutor,READY_REMOVE_DUPLICATE_H1,true,대전,143,true,C:\프로젝트\tutorplan\output\tutor\kr-b300-c804-kr-b300-b355-ad6c-kr-c911-b9ac-b3d9\region_tutor\index.html,True,GENERATED_K_REMOVE_H1
candidate:tutor:kr-b300-c804-kr-b300-b355-ad6c-kr-c11d-bd09-b3d9:region_tutor,/tutor/kr-b300-c804-kr-b300-b355-ad6c-kr-c11d-bd09-b3d9/region_tutor,READY_REMOVE_DUPLICATE_H1,true,대전,145,true,C:\프로젝트\tutorplan\output\tutor\kr-b300-c804-kr-b300-b355-ad6c-kr-c11d-bd09-b3d9\region_tutor\index.html,True,GENERATED_K_REMOVE_H1
candidate:tutor:kr-b300-c804-kr-b300-b355-ad6c-kr-baa9-c0c1-b3d9:region_tutor,/tutor/kr-b300-c804-kr-b300-b355-ad6c-kr-baa9-c0c1-b3d9/region_tutor,READY_REMOVE_DUPLICATE_H1,true,대전,146,true,C:\프로젝트\tutorplan\output\tutor\kr-b300-c804-kr-b300-b355-ad6c-kr-baa9-c0c1-b3d9\region_tutor\index.html,True,GENERATED_K_REMOVE_H1
candidate:tutor:kr-b300-c804-kr-b300-b355-ad6c-kr-bb38-d3c9-b3d9:region_tutor,/tutor/kr-b300-c804-kr-b300-b355-ad6c-kr-bb38-d3c9-b3d9/region_tutor,READY_REMOVE_DUPLICATE_H1,true,대전,147,true,C:\프로젝트\tutorplan\output\tutor\kr-b300-c804-kr-b300-b355-ad6c-kr-bb38-d3c9-b3d9\region_tutor\index.html,True,GENERATED_K_REMOVE_H1
candidate:tutor:kr-b300-c804-kr-b300-b355-ad6c-kr-c2e0-c77c-b3d9:region_tutor,/tutor/kr-b300-c804-kr-b300-b355-ad6c-kr-c2e0-c77c-b3d9/region_tutor,READY_REMOVE_DUPLICATE_H1,true,대전,148,true,C:\프로젝트\tutorplan\output\tutor\kr-b300-c804-kr-b300-b355-ad6c-kr-c2e0-c77c-b3d9\region_tutor\index.html,True,GENERATED_K_REMOVE_H1
candidate:tutor:kr-b300-c804-kr-b300-b355-ad6c-kr-b355-c554-b3d9:region_tutor,/tutor/kr-b300-c804-kr-b300-b355-ad6c-kr-b355-c554-b3d9/region_tutor,READY_REMOVE_DUPLICATE_H1,true,대전,149,true,C:\프로젝트\tutorplan\output\tutor\kr-b300-c804-kr-b300-b355-ad6c-kr-b355-c554-b3d9\region_tutor\index.html,True,GENERATED_K_REMOVE_H1
candidate:tutor:kr-b300-c804-kr-b300-b355-ad6c-kr-c0c1-c11c-b3d9:region_tutor,/tutor/kr-b300-c804-kr-b300-b355-ad6c-kr-c0c1-c11c-b3d9/region_tutor,READY_REMOVE_DUPLICATE_H1,true,대전,150,true,C:\프로젝트\tutorplan\output\tutor\kr-b300-c804-kr-b300-b355-ad6c-kr-c0c1-c11c-b3d9\region_tutor\index.html,True,GENERATED_K_REMOVE_H1
candidate:tutor:kr-b300-c804-kr-c7a5-b3d9:region_tutor,/tutor/kr-b300-c804-kr-c7a5-b3d9/region_tutor,READY_REMOVE_DUPLICATE_H1,true,대전,152,true,C:\프로젝트\tutorplan\output\tutor\kr-b300-c804-kr-c7a5-b3d9\region_tutor\index.html,True,GENERATED_K_REMOVE_H1
candidate:tutor:kr-b300-c804-kr-b300-b355-ad6c-kr-c6a9-d638-b3d9:region_tutor,/tutor/kr-b300-c804-kr-b300-b355-ad6c-kr-c6a9-d638-b3d9/region_tutor,READY_REMOVE_DUPLICATE_H1,true,대전,153,true,C:\프로젝트\tutorplan\output\tutor\kr-b300-c804-kr-b300-b355-ad6c-kr-c6a9-d638-b3d9\region_tutor\index.html,True,GENERATED_K_REMOVE_H1
candidate:tutor:kr-b300-c804-kr-b300-b355-ad6c-kr-c774-d604-b3d9:region_tutor,/tutor/kr-b300-c804-kr-b300-b355-ad6c-kr-c774-d604-b3d9/region_tutor,READY_REMOVE_DUPLICATE_H1,true,대전,154,true,C:\프로젝트\tutorplan\output\tutor\kr-b300-c804-kr-b300-b355-ad6c-kr-c774-d604-b3d9\region_tutor\index.html,True,GENERATED_K_REMOVE_H1
candidate:tutor:kr-b300-c804-kr-b300-b355-ad6c-kr-ac08-c804-b3d9:region_tutor,/tutor/kr-b300-c804-kr-b300-b355-ad6c-kr-ac08-c804-b3d9/region_tutor,READY_REMOVE_DUPLICATE_H1,true,대전,155,true,C:\프로젝트\tutorplan\output\tutor\kr-b300-c804-kr-b300-b355-ad6c-kr-ac08-c804-b3d9\region_tutor\index.html,True,GENERATED_K_REMOVE_H1
candidate:tutor:kr-b300-c804-kr-b300-b355-ad6c-kr-bd80-c218-b3d9:region_tutor,/tutor/kr-b300-c804-kr-b300-b355-ad6c-kr-bd80-c218-b3d9/region_tutor,READY_REMOVE_DUPLICATE_H1,true,대전,156,true,C:\프로젝트\tutorplan\output\tutor\kr-b300-c804-kr-b300-b355-ad6c-kr-bd80-c218-b3d9\region_tutor\index.html,True,GENERATED_K_REMOVE_H1
candidate:tutor:kr-b300-c804-kr-b300-b355-ad6c-kr-d669-d638-b3d9:region_tutor,/tutor/kr-b300-c804-kr-b300-b355-ad6c-kr-d669-d638-b3d9/region_tutor,READY_REMOVE_DUPLICATE_H1,true,대전,157,true,C:\프로젝트\tutorplan\output\tutor\kr-b300-c804-kr-b300-b355-ad6c-kr-d669-d638-b3d9\region_tutor\index.html,True,GENERATED_K_REMOVE_H1
candidate:tutor:kr-b300-c804-kr-c0bc-c815-b3d9:region_tutor,/tutor/kr-b300-c804-kr-c0bc-c815-b3d9/region_tutor,READY_REMOVE_DUPLICATE_H1,true,대전,158,true,C:\프로젝트\tutorplan\output\tutor\kr-b300-c804-kr-c0bc-c815-b3d9\region_tutor\index.html,True,GENERATED_K_REMOVE_H1
candidate:tutor:kr-b300-ad6c:region_tutor,/tutor/kr-b300-ad6c/region_tutor,READY_AS_IS,true,대구,2,true,C:\프로젝트\tutorplan\output\tutor\kr-b300-ad6c\region_tutor\index.html,True,GENERATED_K
candidate:tutor:kr-b300-ad6c-kr-b300-ad6c-bd81-ad6c:region_tutor,/tutor/kr-b300-ad6c-kr-b300-ad6c-bd81-ad6c/region_tutor,READY_AS_IS,true,대구,3,true,C:\프로젝트\tutorplan\output\tutor\kr-b300-ad6c-kr-b300-ad6c-bd81-ad6c\region_tutor\index.html,True,GENERATED_K
candidate:tutor:kr-b300-ad6c-kr-b2ec-c11c-ad6c:region_tutor,/tutor/kr-b300-ad6c-kr-b2ec-c11c-ad6c/region_tutor,READY_AS_IS,true,대구,5,true,C:\프로젝트\tutorplan\output\tutor\kr-b300-ad6c-kr-b2ec-c11c-ad6c\region_tutor\index.html,True,GENERATED_K
candidate:tutor:kr-b300-ad6c-kr-b2ec-c131-ad70:region_tutor,/tutor/kr-b300-ad6c-kr-b2ec-c131-ad70/region_tutor,READY_AS_IS,true,대구,6,true,C:\프로젝트\tutorplan\output\tutor\kr-b300-ad6c-kr-b2ec-c131-ad70\region_tutor\index.html,True,GENERATED_K
candidate:tutor:kr-b300-ad6c-kr-b300-ad6c-b3d9-ad6c:region_tutor,/tutor/kr-b300-ad6c-kr-b300-ad6c-b3d9-ad6c/region_tutor,READY_AS_IS,true,대구,7,true,C:\프로젝트\tutorplan\output\tutor\kr-b300-ad6c-kr-b300-ad6c-b3d9-ad6c\region_tutor\index.html,True,GENERATED_K
candidate:tutor:kr-b300-ad6c-kr-b300-ad6c-c11c-ad6c:region_tutor,/tutor/kr-b300-ad6c-kr-b300-ad6c-c11c-ad6c/region_tutor,READY_AS_IS,true,대구,8,true,C:\프로젝트\tutorplan\output\tutor\kr-b300-ad6c-kr-b300-ad6c-c11c-ad6c\region_tutor\index.html,True,GENERATED_K
candidate:tutor:kr-b300-ad6c-kr-c218-c131-ad6c:region_tutor,/tutor/kr-b300-ad6c-kr-c218-c131-ad6c/region_tutor,READY_AS_IS,true,대구,9,true,C:\프로젝트\tutorplan\output\tutor\kr-b300-ad6c-kr-c218-c131-ad6c\region_tutor\index.html,True,GENERATED_K
candidate:tutor:kr-b300-ad6c-kr-b300-ad6c-c911-ad6c:region_tutor,/tutor/kr-b300-ad6c-kr-b300-ad6c-c911-ad6c/region_tutor,READY_AS_IS,true,대구,10,true,C:\프로젝트\tutorplan\output\tutor\kr-b300-ad6c-kr-b300-ad6c-c911-ad6c\region_tutor\index.html,True,GENERATED_K
candidate:tutor:kr-b300-ad6c-kr-b300-ad6c-c911-ad6c-kr-b9e4-cc9c-b3d9:region_tutor,/tutor/kr-b300-ad6c-kr-b300-ad6c-c911-ad6c-kr-b9e4-cc9c-b3d9/region_tutor,READY_AS_IS,true,대구,17,true,C:\프로젝트\tutorplan\output\tutor\kr-b300-ad6c-kr-b300-ad6c-c911-ad6c-kr-b9e4-cc9c-b3d9\region_tutor\index.html,True,GENERATED_K
candidate:tutor:kr-b300-ad6c-kr-b300-ad6c-c911-ad6c-kr-ce60-c131-b3d9:region_tutor,/tutor/kr-b300-ad6c-kr-b300-ad6c-c911-ad6c-kr-ce60-c131-b3d9/region_tutor,READY_AS_IS,true,대구,21,true,C:\프로젝트\tutorplan\output\tutor\kr-b300-ad6c-kr-b300-ad6c-c911-ad6c-kr-ce60-c131-b3d9\region_tutor\index.html,True,GENERATED_K
candidate:tutor:kr-b300-ad6c-kr-b300-ad6c-c911-ad6c-kr-d0dc-c804-b3d9:region_tutor,/tutor/kr-b300-ad6c-kr-b300-ad6c-c911-ad6c-kr-d0dc-c804-b3d9/region_tutor,READY_AS_IS,true,대구,23,true,C:\프로젝트\tutorplan\output\tutor\kr-b300-ad6c-kr-b300-ad6c-c911-ad6c-kr-d0dc-c804-b3d9\region_tutor\index.html,True,GENERATED_K
candidate:tutor:kr-b300-ad6c-kr-b300-ad6c-c911-ad6c-kr-c774-cc9c-b3d9:region_tutor,/tutor/kr-b300-ad6c-kr-b300-ad6c-c911-ad6c-kr-c774-cc9c-b3d9/region_tutor,READY_AS_IS,true,대구,26,true,C:\프로젝트\tutorplan\output\tutor\kr-b300-ad6c-kr-b300-ad6c-c911-ad6c-kr-c774-cc9c-b3d9\region_tutor\index.html,True,GENERATED_K
candidate:tutor:kr-b300-ad6c-kr-b300-ad6c-c911-ad6c-kr-b300-ace1-b3d9:region_tutor,/tutor/kr-b300-ad6c-kr-b300-ad6c-c911-ad6c-kr-b300-ace1-b3d9/region_tutor,READY_AS_IS,true,대구,28,true,C:\프로젝트\tutorplan\output\tutor\kr-b300-ad6c-kr-b300-ad6c-c911-ad6c-kr-b300-ace1-b3d9\region_tutor\index.html,True,GENERATED_K
candidate:tutor:kr-b300-ad6c-kr-b300-ad6c-c911-ad6c-kr-bcf8-b9ac-b3d9:region_tutor,/tutor/kr-b300-ad6c-kr-b300-ad6c-c911-ad6c-kr-bcf8-b9ac-b3d9/region_tutor,READY_AS_IS,true,대구,32,true,C:\프로젝트\tutorplan\output\tutor\kr-b300-ad6c-kr-b300-ad6c-c911-ad6c-kr-bcf8-b9ac-b3d9\region_tutor\index.html,True,GENERATED_K
candidate:tutor:kr-b300-ad6c-kr-b300-ad6c-c911-ad6c-kr-c1a1-d604-b3d9:region_tutor,/tutor/kr-b300-ad6c-kr-b300-ad6c-c911-ad6c-kr-c1a1-d604-b3d9/region_tutor,READY_AS_IS,true,대구,35,true,C:\프로젝트\tutorplan\output\tutor\kr-b300-ad6c-kr-b300-ad6c-c911-ad6c-kr-c1a1-d604-b3d9\region_tutor\index.html,True,GENERATED_K
candidate:tutor:kr-b300-ad6c-kr-b300-ad6c-c911-ad6c-kr-c2e0-b2f9-b3d9:region_tutor,/tutor/kr-b300-ad6c-kr-b300-ad6c-c911-ad6c-kr-c2e0-b2f9-b3d9/region_tutor,READY_AS_IS,true,대구,36,true,C:\프로젝트\tutorplan\output\tutor\kr-b300-ad6c-kr-b300-ad6c-c911-ad6c-kr-c2e0-b2f9-b3d9\region_tutor\index.html,True,GENERATED_K
candidate:tutor:kr-b300-ad6c-kr-b300-ad6c-c911-ad6c-kr-c6d4-c131-b3d9:region_tutor,/tutor/kr-b300-ad6c-kr-b300-ad6c-c911-ad6c-kr-c6d4-c131-b3d9/region_tutor,READY_AS_IS,true,대구,38,true,C:\프로젝트\tutorplan\output\tutor\kr-b300-ad6c-kr-b300-ad6c-c911-ad6c-kr-c6d4-c131-b3d9\region_tutor\index.html,True,GENERATED_K
candidate:tutor:kr-b300-ad6c-kr-b300-ad6c-c911-ad6c-kr-c7a5-ae30-b3d9:region_tutor,/tutor/kr-b300-ad6c-kr-b300-ad6c-c911-ad6c-kr-c7a5-ae30-b3d9/region_tutor,READY_AS_IS,true,대구,41,true,C:\프로젝트\tutorplan\output\tutor\kr-b300-ad6c-kr-b300-ad6c-c911-ad6c-kr-c7a5-ae30-b3d9\region_tutor\index.html,True,GENERATED_K
candidate:tutor:kr-b300-ad6c-kr-b300-ad6c-c911-ad6c-kr-c8fd-c804-b3d9:region_tutor,/tutor/kr-b300-ad6c-kr-b300-ad6c-c911-ad6c-kr-c8fd-c804-b3d9/region_tutor,READY_AS_IS,true,대구,42,true,C:\프로젝트\tutorplan\output\tutor\kr-b300-ad6c-kr-b300-ad6c-c911-ad6c-kr-c8fd-c804-b3d9\region_tutor\index.html,True,GENERATED_K
candidate:tutor:kr-b300-ad6c-kr-b300-ad6c-c911-ad6c-kr-c9c4-cc9c-b3d9:region_tutor,/tutor/kr-b300-ad6c-kr-b300-ad6c-c911-ad6c-kr-c9c4-cc9c-b3d9/region_tutor,READY_AS_IS,true,대구,43,true,C:\프로젝트\tutorplan\output\tutor\kr-b300-ad6c-kr-b300-ad6c-c911-ad6c-kr-c9c4-cc9c-b3d9\region_tutor\index.html,True,GENERATED_K
candidate:tutor:kr-b300-ad6c-kr-b300-ad6c-c911-ad6c-kr-ac01-c0b0-b3d9:region_tutor,/tutor/kr-b300-ad6c-kr-b300-ad6c-c911-ad6c-kr-ac01-c0b0-b3d9/region_tutor,READY_AS_IS,true,대구,46,true,C:\프로젝트\tutorplan\output\tutor\kr-b300-ad6c-kr-b300-ad6c-c911-ad6c-kr-ac01-c0b0-b3d9\region_tutor\index.html,True,GENERATED_K
candidate:tutor:kr-b300-ad6c-kr-b300-ad6c-c911-ad6c-kr-ad34-c804-b3d9:region_tutor,/tutor/kr-b300-ad6c-kr-b300-ad6c-c911-ad6c-kr-ad34-c804-b3d9/region_tutor,READY_AS_IS,true,대구,47,true,C:\프로젝트\tutorplan\output\tutor\kr-b300-ad6c-kr-b300-ad6c-c911-ad6c-kr-ad34-c804-b3d9\region_tutor\index.html,True,GENERATED_K
candidate:tutor:kr-b300-ad6c-kr-b300-ad6c-c911-ad6c-kr-bd09-bb34-b3d9:region_tutor,/tutor/kr-b300-ad6c-kr-b300-ad6c-c911-ad6c-kr-bd09-bb34-b3d9/region_tutor,READY_AS_IS,true,대구,50,true,C:\프로젝트\tutorplan\output\tutor\kr-b300-ad6c-kr-b300-ad6c-c911-ad6c-kr-bd09-bb34-b3d9\region_tutor\index.html,True,GENERATED_K
candidate:tutor:kr-b300-ad6c-kr-b300-ad6c-c911-ad6c-kr-c2e0-ae30-b3d9:region_tutor,/tutor/kr-b300-ad6c-kr-b300-ad6c-c911-ad6c-kr-c2e0-ae30-b3d9/region_tutor,READY_AS_IS,true,대구,53,true,C:\프로젝트\tutorplan\output\tutor\kr-b300-ad6c-kr-b300-ad6c-c911-ad6c-kr-c2e0-ae30-b3d9\region_tutor\index.html,True,GENERATED_K
candidate:tutor:kr-b300-ad6c-kr-b300-ad6c-c911-ad6c-kr-c2e0-cc9c-b3d9:region_tutor,/tutor/kr-b300-ad6c-kr-b300-ad6c-c911-ad6c-kr-c2e0-cc9c-b3d9/region_tutor,READY_AS_IS,true,대구,54,true,C:\프로젝트\tutorplan\output\tutor\kr-b300-ad6c-kr-b300-ad6c-c911-ad6c-kr-c2e0-cc9c-b3d9\region_tutor\index.html,True,GENERATED_K
candidate:tutor:kr-b300-ad6c-kr-b300-ad6c-c911-ad6c-kr-c728-c554-b3d9:region_tutor,/tutor/kr-b300-ad6c-kr-b300-ad6c-c911-ad6c-kr-c728-c554-b3d9/region_tutor,READY_AS_IS,true,대구,56,true,C:\프로젝트\tutorplan\output\tutor\kr-b300-ad6c-kr-b300-ad6c-c911-ad6c-kr-c728-c554-b3d9\region_tutor\index.html,True,GENERATED_K
candidate:tutor:kr-b300-ad6c-kr-b300-ad6c-c911-ad6c-kr-c728-d558-b3d9:region_tutor,/tutor/kr-b300-ad6c-kr-b300-ad6c-c911-ad6c-kr-c728-d558-b3d9/region_tutor,READY_AS_IS,true,대구,57,true,C:\프로젝트\tutorplan\output\tutor\kr-b300-ad6c-kr-b300-ad6c-c911-ad6c-kr-c728-d558-b3d9\region_tutor\index.html,True,GENERATED_K
candidate:tutor:kr-b300-ad6c-kr-b300-ad6c-c911-ad6c-kr-c6d0-b300-b3d9:region_tutor,/tutor/kr-b300-ad6c-kr-b300-ad6c-c911-ad6c-kr-c6d0-b300-b3d9/region_tutor,READY_AS_IS,true,대구,63,true,C:\프로젝트\tutorplan\output\tutor\kr-b300-ad6c-kr-b300-ad6c-c911-ad6c-kr-c6d0-b300-b3d9\region_tutor\index.html,True,GENERATED_K
candidate:tutor:kr-b300-ad6c-kr-b300-ad6c-c911-ad6c-kr-b178-bcc0-b3d9:region_tutor,/tutor/kr-b300-ad6c-kr-b300-ad6c-c911-ad6c-kr-b178-bcc0-b3d9/region_tutor,READY_AS_IS,true,대구,66,true,C:\프로젝트\tutorplan\output\tutor\kr-b300-ad6c-kr-b300-ad6c-c911-ad6c-kr-b178-bcc0-b3d9\region_tutor\index.html,True,GENERATED_K
candidate:tutor:kr-b300-ad6c-kr-b300-ad6c-c911-ad6c-kr-b9cc-cd0c-b3d9:region_tutor,/tutor/kr-b300-ad6c-kr-b300-ad6c-c911-ad6c-kr-b9cc-cd0c-b3d9/region_tutor,READY_AS_IS,true,대구,68,true,C:\프로젝트\tutorplan\output\tutor\kr-b300-ad6c-kr-b300-ad6c-c911-ad6c-kr-b9cc-cd0c-b3d9\region_tutor\index.html,True,GENERATED_K
candidate:tutor:kr-b300-ad6c-kr-b300-ad6c-c911-ad6c-kr-b9e4-d638-b3d9:region_tutor,/tutor/kr-b300-ad6c-kr-b300-ad6c-c911-ad6c-kr-b9e4-d638-b3d9/region_tutor,READY_AS_IS,true,대구,71,true,C:\프로젝트\tutorplan\output\tutor\kr-b300-ad6c-kr-b300-ad6c-c911-ad6c-kr-b9e4-d638-b3d9\region_tutor\index.html,True,GENERATED_K
candidate:tutor:kr-b300-ad6c-kr-b300-ad6c-c911-ad6c-kr-c0c1-b3d9:region_tutor,/tutor/kr-b300-ad6c-kr-b300-ad6c-c911-ad6c-kr-c0c1-b3d9/region_tutor,READY_AS_IS,true,대구,73,true,C:\프로젝트\tutorplan\output\tutor\kr-b300-ad6c-kr-b300-ad6c-c911-ad6c-kr-c0c1-b3d9\region_tutor\index.html,True,GENERATED_K
candidate:tutor:kr-b300-ad6c-kr-b300-ad6c-c911-ad6c-kr-c2dc-c9c0-b3d9:region_tutor,/tutor/kr-b300-ad6c-kr-b300-ad6c-c911-ad6c-kr-c2dc-c9c0-b3d9/region_tutor,READY_AS_IS,true,대구,75,true,C:\프로젝트\tutorplan\output\tutor\kr-b300-ad6c-kr-b300-ad6c-c911-ad6c-kr-c2dc-c9c0-b3d9\region_tutor\index.html,True,GENERATED_K
candidate:tutor:kr-b300-ad6c-kr-b300-ad6c-c911-ad6c-kr-c9c0-c0b0-b3d9:region_tutor,/tutor/kr-b300-ad6c-kr-b300-ad6c-c911-ad6c-kr-c9c0-c0b0-b3d9/region_tutor,READY_AS_IS,true,대구,78,true,C:\프로젝트\tutorplan\output\tutor\kr-b300-ad6c-kr-b300-ad6c-c911-ad6c-kr-c9c0-c0b0-b3d9\region_tutor\index.html,True,GENERATED_K
candidate:tutor:kr-b300-ad6c-kr-b300-ad6c-d601-c2e0-b3c4-c2dc-kr-d314-acf5-c0b0:region_tutor,/tutor/kr-b300-ad6c-kr-b300-ad6c-d601-c2e0-b3c4-c2dc-kr-d314-acf5-c0b0/region_tutor,READY_AS_IS,true,대구,92,true,C:\프로젝트\tutorplan\output\tutor\kr-b300-ad6c-kr-b300-ad6c-d601-c2e0-b3c4-c2dc-kr-d314-acf5-c0b0\region_tutor\index.html,True,GENERATED_K
candidate:tutor:kr-b300-ad6c-kr-ae08-c815-ad6c:region_tutor,/tutor/kr-b300-ad6c-kr-ae08-c815-ad6c/region_tutor,READY_AS_IS,true,대구,99,true,C:\프로젝트\tutorplan\output\tutor\kr-b300-ad6c-kr-ae08-c815-ad6c\region_tutor\index.html,True,GENERATED_K
candidate:tutor:kr-b300-ad6c-kr-c9c4-ad6c:region_tutor,/tutor/kr-b300-ad6c-kr-c9c4-ad6c/region_tutor,READY_AS_IS,true,대구,103,true,C:\프로젝트\tutorplan\output\tutor\kr-b300-ad6c-kr-c9c4-ad6c\region_tutor\index.html,True,GENERATED_K
candidate:tutor:kr-b300-ad6c-kr-c218-c601-ad6c:region_tutor,/tutor/kr-b300-ad6c-kr-c218-c601-ad6c/region_tutor,READY_AS_IS,true,대구,107,true,C:\프로젝트\tutorplan\output\tutor\kr-b300-ad6c-kr-c218-c601-ad6c\region_tutor\index.html,True,GENERATED_K
candidate:tutor:kr-b300-ad6c-kr-d574-c6b4-b300-ad6c-kr-ae08-c0ac-b3d9:region_tutor,/tutor/kr-b300-ad6c-kr-d574-c6b4-b300-ad6c-kr-ae08-c0ac-b3d9/region_tutor,READY_AS_IS,true,대구,111,true,C:\프로젝트\tutorplan\output\tutor\kr-b300-ad6c-kr-d574-c6b4-b300-ad6c-kr-ae08-c0ac-b3d9\region_tutor\index.html,True,GENERATED_K
candidate:tutor:kr-b300-ad6c-kr-d574-c6b4-b300-ad6c-kr-c11c-b3d9:region_tutor,/tutor/kr-b300-ad6c-kr-d574-c6b4-b300-ad6c-kr-c11c-b3d9/region_tutor,READY_AS_IS,true,대구,117,true,C:\프로젝트\tutorplan\output\tutor\kr-b300-ad6c-kr-d574-c6b4-b300-ad6c-kr-c11c-b3d9\region_tutor\index.html,True,GENERATED_K
candidate:tutor:kr-b300-ad6c-kr-d574-c6b4-b300-ad6c-kr-c7a5-c548-c74d:region_tutor,/tutor/kr-b300-ad6c-kr-d574-c6b4-b300-ad6c-kr-c7a5-c548-c74d/region_tutor,READY_AS_IS,true,대구,122,true,C:\프로젝트\tutorplan\output\tutor\kr-b300-ad6c-kr-d574-c6b4-b300-ad6c-kr-c7a5-c548-c74d\region_tutor\index.html,True,GENERATED_K
candidate:tutor:kr-b300-ad6c-kr-d574-c6b4-b300-ad6c-kr-ba85-c7a5-b3d9:region_tutor,/tutor/kr-b300-ad6c-kr-d574-c6b4-b300-ad6c-kr-ba85-c7a5-b3d9/region_tutor,READY_AS_IS,true,대구,129,true,C:\프로젝트\tutorplan\output\tutor\kr-b300-ad6c-kr-d574-c6b4-b300-ad6c-kr-ba85-c7a5-b3d9\region_tutor\index.html,True,GENERATED_K
candidate:tutor:kr-b300-ad6c-kr-d574-c6b4-b300-ad6c-kr-bd80-c554-b3d9:region_tutor,/tutor/kr-b300-ad6c-kr-d574-c6b4-b300-ad6c-kr-bd80-c554-b3d9/region_tutor,READY_AS_IS,true,대구,137,true,C:\프로젝트\tutorplan\output\tutor\kr-b300-ad6c-kr-d574-c6b4-b300-ad6c-kr-bd80-c554-b3d9\region_tutor\index.html,True,GENERATED_K
candidate:tutor:kr-b300-ad6c-kr-d574-c6b4-b300-ad6c-kr-c591-c815-b3d9:region_tutor,/tutor/kr-b300-ad6c-kr-d574-c6b4-b300-ad6c-kr-c591-c815-b3d9/region_tutor,READY_AS_IS,true,대구,139,true,C:\프로젝트\tutorplan\output\tutor\kr-b300-ad6c-kr-d574-c6b4-b300-ad6c-kr-c591-c815-b3d9\region_tutor\index.html,True,GENERATED_K
candidate:tutor:kr-b300-ad6c-kr-d574-c6b4-b300-ad6c-kr-b9cc-b355-b3d9:region_tutor,/tutor/kr-b300-ad6c-kr-d574-c6b4-b300-ad6c-kr-b9cc-b355-b3d9/region_tutor,READY_AS_IS,true,대구,145,true,C:\프로젝트\tutorplan\output\tutor\kr-b300-ad6c-kr-d574-c6b4-b300-ad6c-kr-b9cc-b355-b3d9\region_tutor\index.html,True,GENERATED_K
candidate:tutor:kr-b300-ad6c-kr-d574-c6b4-b300-ad6c-kr-ac10-c804-b3d9:region_tutor,/tutor/kr-b300-ad6c-kr-d574-c6b4-b300-ad6c-kr-ac10-c804-b3d9/region_tutor,READY_AS_IS,true,대구,147,true,C:\프로젝트\tutorplan\output\tutor\kr-b300-ad6c-kr-d574-c6b4-b300-ad6c-kr-ac10-c804-b3d9\region_tutor\index.html,True,GENERATED_K
candidate:tutor:kr-b300-ad6c-kr-d574-c6b4-b300-ad6c-kr-c2e0-d3c9-b3d9:region_tutor,/tutor/kr-b300-ad6c-kr-d574-c6b4-b300-ad6c-kr-c2e0-d3c9-b3d9/region_tutor,READY_AS_IS,true,대구,152,true,C:\프로젝트\tutorplan\output\tutor\kr-b300-ad6c-kr-d574-c6b4-b300-ad6c-kr-c2e0-d3c9-b3d9\region_tutor\index.html,True,GENERATED_K
candidate:tutor:kr-b300-ad6c-kr-d574-c6b4-b300-ad6c-kr-d558-b2e8-b3d9:region_tutor,/tutor/kr-b300-ad6c-kr-d574-c6b4-b300-ad6c-kr-d558-b2e8-b3d9/region_tutor,READY_AS_IS,true,대구,153,true,C:\프로젝트\tutorplan\output\tutor\kr-b300-ad6c-kr-d574-c6b4-b300-ad6c-kr-d558-b2e8-b3d9\region_tutor\index.html,True,GENERATED_K
candidate:tutor:kr-b300-ad6c-kr-d574-c6b4-b300-ad6c-kr-ad11-c548-b3d9:region_tutor,/tutor/kr-b300-ad6c-kr-d574-c6b4-b300-ad6c-kr-ad11-c548-b3d9/region_tutor,READY_AS_IS,true,대구,154,true,C:\프로젝트\tutorplan\output\tutor\kr-b300-ad6c-kr-d574-c6b4-b300-ad6c-kr-ad11-c548-b3d9\region_tutor\index.html,True,GENERATED_K
candidate:tutor:kr-b300-ad6c-kr-d574-c6b4-b300-ad6c-kr-b0a8-cc9c-b3d9:region_tutor,/tutor/kr-b300-ad6c-kr-d574-c6b4-b300-ad6c-kr-b0a8-cc9c-b3d9/region_tutor,READY_AS_IS,true,대구,155,true,C:\프로젝트\tutorplan\output\tutor\kr-b300-ad6c-kr-d574-c6b4-b300-ad6c-kr-b0a8-cc9c-b3d9\region_tutor\index.html,True,GENERATED_K
candidate:tutor:kr-b300-ad6c-kr-d574-c6b4-b300-ad6c-kr-ac70-c81c-b3d9:region_tutor,/tutor/kr-b300-ad6c-kr-d574-c6b4-b300-ad6c-kr-ac70-c81c-b3d9/region_tutor,READY_AS_IS,true,대구,158,true,C:\프로젝트\tutorplan\output\tutor\kr-b300-ad6c-kr-d574-c6b4-b300-ad6c-kr-ac70-c81c-b3d9\region_tutor\index.html,True,GENERATED_K
candidate:tutor:kr-b300-ad6c-kr-d574-c6b4-b300-ad6c-kr-c7ac-c1a1-b3d9:region_tutor,/tutor/kr-b300-ad6c-kr-d574-c6b4-b300-ad6c-kr-c7ac-c1a1-b3d9/region_tutor,READY_AS_IS,true,대구,165,true,C:\프로젝트\tutorplan\output\tutor\kr-b300-ad6c-kr-d574-c6b4-b300-ad6c-kr-c7ac-c1a1-b3d9\region_tutor\index.html,True,GENERATED_K
candidate:tutor:kr-b300-ad6c-kr-b300-c804-b3d9-ad6c:region_tutor,/tutor/kr-b300-ad6c-kr-b300-c804-b3d9-ad6c/region_tutor,READY_AS_IS,true,대구,168,true,C:\프로젝트\tutorplan\output\tutor\kr-b300-ad6c-kr-b300-c804-b3d9-ad6c\region_tutor\index.html,True,GENERATED_K
candidate:tutor:kr-b300-ad6c-kr-b300-c804-c911-ad6c:region_tutor,/tutor/kr-b300-ad6c-kr-b300-c804-c911-ad6c/region_tutor,READY_AS_IS,true,대구,171,true,C:\프로젝트\tutorplan\output\tutor\kr-b300-ad6c-kr-b300-c804-c911-ad6c\region_tutor\index.html,True,GENERATED_K
candidate:tutor:kr-b300-ad6c-kr-b300-c804-c911-ad6c-kr-ac00-c591-b3d9:region_tutor,/tutor/kr-b300-ad6c-kr-b300-c804-c911-ad6c-kr-ac00-c591-b3d9/region_tutor,READY_AS_IS,true,대구,176,true,C:\프로젝트\tutorplan\output\tutor\kr-b300-ad6c-kr-b300-c804-c911-ad6c-kr-ac00-c591-b3d9\region_tutor\index.html,True,GENERATED_K
candidate:tutor:kr-b300-ad6c-kr-b300-c804-c911-ad6c-kr-c2e0-d765-b3d9:region_tutor,/tutor/kr-b300-ad6c-kr-b300-c804-c911-ad6c-kr-c2e0-d765-b3d9/region_tutor,READY_AS_IS,true,대구,180,true,C:\프로젝트\tutorplan\output\tutor\kr-b300-ad6c-kr-b300-c804-c911-ad6c-kr-c2e0-d765-b3d9\region_tutor\index.html,True,GENERATED_K
candidate:tutor:kr-b300-ad6c-kr-b300-c804-c911-ad6c-kr-bcf5-c218-b3d9:region_tutor,/tutor/kr-b300-ad6c-kr-b300-c804-c911-ad6c-kr-bcf5-c218-b3d9/region_tutor,READY_AS_IS,true,대구,193,true,C:\프로젝트\tutorplan\output\tutor\kr-b300-ad6c-kr-b300-c804-c911-ad6c-kr-bcf5-c218-b3d9\region_tutor\index.html,True,GENERATED_K
candidate:tutor:kr-b300-ad6c-kr-b300-c804-c911-ad6c-kr-b355-ba85-b3d9:region_tutor,/tutor/kr-b300-ad6c-kr-b300-c804-c911-ad6c-kr-b355-ba85-b3d9/region_tutor,READY_AS_IS,true,대구,198,true,C:\프로젝트\tutorplan\output\tutor\kr-b300-ad6c-kr-b300-c804-c911-ad6c-kr-b355-ba85-b3d9\region_tutor\index.html,True,GENERATED_K
candidate:tutor:kr-b300-ad6c-kr-b300-c804-c911-ad6c-kr-bc18-c11d-b3d9:region_tutor,/tutor/kr-b300-ad6c-kr-b300-c804-c911-ad6c-kr-bc18-c11d-b3d9/region_tutor,READY_AS_IS,true,대구,199,true,C:\프로젝트\tutorplan\output\tutor\kr-b300-ad6c-kr-b300-c804-c911-ad6c-kr-bc18-c11d-b3d9\region_tutor\index.html,True,GENERATED_K
candidate:tutor:kr-b300-ad6c-kr-b300-c804-c911-ad6c-kr-c0c1-b300-b3d9:region_tutor,/tutor/kr-b300-ad6c-kr-b300-c804-c911-ad6c-kr-c0c1-b300-b3d9/region_tutor,READY_AS_IS,true,대구,201,true,C:\프로젝트\tutorplan\output\tutor\kr-b300-ad6c-kr-b300-c804-c911-ad6c-kr-c0c1-b300-b3d9\region_tutor\index.html,True,GENERATED_K
candidate:tutor:kr-b300-ad6c-kr-b300-c804-c911-ad6c-kr-c6d0-b0b4-b3d9:region_tutor,/tutor/kr-b300-ad6c-kr-b300-c804-c911-ad6c-kr-c6d0-b0b4-b3d9/region_tutor,READY_AS_IS,true,대구,203,true,C:\프로젝트\tutorplan\output\tutor\kr-b300-ad6c-kr-b300-c804-c911-ad6c-kr-c6d0-b0b4-b3d9\region_tutor\index.html,True,GENERATED_K
candidate:tutor:kr-b300-ad6c-kr-b300-c804-c911-ad6c-kr-c6d0-c2e0-d765-b3d9:region_tutor,/tutor/kr-b300-ad6c-kr-b300-c804-c911-ad6c-kr-c6d0-c2e0-d765-b3d9/region_tutor,READY_AS_IS,true,대구,204,true,C:\프로젝트\tutorplan\output\tutor\kr-b300-ad6c-kr-b300-c804-c911-ad6c-kr-c6d0-c2e0-d765-b3d9\region_tutor\index.html,True,GENERATED_K
candidate:tutor:kr-b300-ad6c-kr-b300-c804-c911-ad6c-kr-c804-bbfc-b3d9:region_tutor,/tutor/kr-b300-ad6c-kr-b300-c804-c911-ad6c-kr-c804-bbfc-b3d9/region_tutor,READY_AS_IS,true,대구,206,true,C:\프로젝트\tutorplan\output\tutor\kr-b300-ad6c-kr-b300-c804-c911-ad6c-kr-c804-bbfc-b3d9\region_tutor\index.html,True,GENERATED_K
candidate:tutor:kr-b300-ad6c-kr-b300-c804-c911-ad6c-kr-c8fd-b3d9:region_tutor,/tutor/kr-b300-ad6c-kr-b300-c804-c911-ad6c-kr-c8fd-b3d9/region_tutor,READY_AS_IS,true,대구,207,true,C:\프로젝트\tutorplan\output\tutor\kr-b300-ad6c-kr-b300-c804-c911-ad6c-kr-c8fd-b3d9\region_tutor\index.html,True,GENERATED_K
candidate:tutor:kr-b300-ad6c-kr-b300-c804-c911-ad6c-kr-c9c0-c871-b3d9:region_tutor,/tutor/kr-b300-ad6c-kr-b300-c804-c911-ad6c-kr-c9c0-c871-b3d9/region_tutor,READY_AS_IS,true,대구,208,true,C:\프로젝트\tutorplan\output\tutor\kr-b300-ad6c-kr-b300-c804-c911-ad6c-kr-c9c0-c871-b3d9\region_tutor\index.html,True,GENERATED_K
candidate:tutor:kr-b300-ad6c-kr-b300-c804-c911-ad6c-kr-d558-ae30-b3d9:region_tutor,/tutor/kr-b300-ad6c-kr-b300-c804-c911-ad6c-kr-d558-ae30-b3d9/region_tutor,READY_AS_IS,true,대구,209,true,C:\프로젝트\tutorplan\output\tutor\kr-b300-ad6c-kr-b300-c804-c911-ad6c-kr-d558-ae30-b3d9\region_tutor\index.html,True,GENERATED_K
candidate:tutor:kr-b300-ad6c-kr-b300-c804-c911-ad6c-kr-b300-c0ac-b3d9:region_tutor,/tutor/kr-b300-ad6c-kr-b300-c804-c911-ad6c-kr-b300-c0ac-b3d9/region_tutor,READY_AS_IS,true,대구,210,true,C:\프로젝트\tutorplan\output\tutor\kr-b300-ad6c-kr-b300-c804-c911-ad6c-kr-b300-c0ac-b3d9\region_tutor\index.html,True,GENERATED_K
candidate:tutor:kr-b300-ad6c-kr-b454-c0b0-c2e0-b3c4-c2dc:region_tutor,/tutor/kr-b300-ad6c-kr-b454-c0b0-c2e0-b3c4-c2dc/region_tutor,READY_AS_IS,true,대구,215,true,C:\프로젝트\tutorplan\output\tutor\kr-b300-ad6c-kr-b454-c0b0-c2e0-b3c4-c2dc\region_tutor\index.html,True,GENERATED_K
candidate:tutor:kr-b300-ad6c-kr-b178-c740-c9c0-ad6c:region_tutor,/tutor/kr-b300-ad6c-kr-b178-c740-c9c0-ad6c/region_tutor,READY_AS_IS,true,대구,217,true,C:\프로젝트\tutorplan\output\tutor\kr-b300-ad6c-kr-b178-c740-c9c0-ad6c\region_tutor\index.html,True,GENERATED_K
candidate:tutor:kr-b300-ad6c-kr-ad11-c8fc-b0a8-ad6c:region_tutor,/tutor/kr-b300-ad6c-kr-ad11-c8fc-b0a8-ad6c/region_tutor,READY_AS_IS,true,대구,223,true,C:\프로젝트\tutorplan\output\tutor\kr-b300-ad6c-kr-ad11-c8fc-b0a8-ad6c\region_tutor\index.html,True,GENERATED_K
candidate:tutor:kr-b300-ad6c-kr-ad11-c8fc-bd81-ad6c:region_tutor,/tutor/kr-b300-ad6c-kr-ad11-c8fc-bd81-ad6c/region_tutor,READY_AS_IS,true,대구,224,true,C:\프로젝트\tutorplan\output\tutor\kr-b300-ad6c-kr-ad11-c8fc-bd81-ad6c\region_tutor\index.html,True,GENERATED_K
candidate:tutor:kr-b300-ad6c-kr-ad11-c8fc-c11c-ad6c-kr-c0b0-c815-b3d9:region_tutor,/tutor/kr-b300-ad6c-kr-ad11-c8fc-c11c-ad6c-kr-c0b0-c815-b3d9/region_tutor,READY_AS_IS,true,대구,226,true,C:\프로젝트\tutorplan\output\tutor\kr-b300-ad6c-kr-ad11-c8fc-c11c-ad6c-kr-c0b0-c815-b3d9\region_tutor\index.html,True,GENERATED_K
candidate:tutor:kr-b300-ad6c-kr-ad11-c8fc-c11c-ad6c-kr-c18c-cd0c-b3d9:region_tutor,/tutor/kr-b300-ad6c-kr-ad11-c8fc-c11c-ad6c-kr-c18c-cd0c-b3d9/region_tutor,READY_AS_IS,true,대구,228,true,C:\프로젝트\tutorplan\output\tutor\kr-b300-ad6c-kr-ad11-c8fc-c11c-ad6c-kr-c18c-cd0c-b3d9\region_tutor\index.html,True,GENERATED_K
candidate:tutor:kr-b300-ad6c-kr-ad11-c8fc-c11c-ad6c-kr-c2e0-b8e1-b3d9:region_tutor,/tutor/kr-b300-ad6c-kr-ad11-c8fc-c11c-ad6c-kr-c2e0-b8e1-b3d9/region_tutor,READY_AS_IS,true,대구,229,true,C:\프로젝트\tutorplan\output\tutor\kr-b300-ad6c-kr-ad11-c8fc-c11c-ad6c-kr-c2e0-b8e1-b3d9\region_tutor\index.html,True,GENERATED_K
candidate:tutor:kr-b300-ad6c-kr-ad11-c8fc-c11c-ad6c-kr-c6d4-acc4-b3d9:region_tutor,/tutor/kr-b300-ad6c-kr-ad11-c8fc-c11c-ad6c-kr-c6d4-acc4-b3d9/region_tutor,READY_AS_IS,true,대구,230,true,C:\프로젝트\tutorplan\output\tutor\kr-b300-ad6c-kr-ad11-c8fc-c11c-ad6c-kr-c6d4-acc4-b3d9\region_tutor\index.html,True,GENERATED_K
candidate:tutor:kr-b300-ad6c-kr-ad11-c8fc-c11c-ad6c-kr-c7a5-b355-b3d9:region_tutor,/tutor/kr-b300-ad6c-kr-ad11-c8fc-c11c-ad6c-kr-c7a5-b355-b3d9/region_tutor,READY_AS_IS,true,대구,231,true,C:\프로젝트\tutorplan\output\tutor\kr-b300-ad6c-kr-ad11-c8fc-c11c-ad6c-kr-c7a5-b355-b3d9\region_tutor\index.html,True,GENERATED_K
candidate:tutor:kr-b300-ad6c-kr-ad11-c8fc-c11c-ad6c-kr-c8fc-c6d4-b3d9:region_tutor,/tutor/kr-b300-ad6c-kr-ad11-c8fc-c11c-ad6c-kr-c8fc-c6d4-b3d9/region_tutor,READY_AS_IS,true,대구,245,true,C:\프로젝트\tutorplan\output\tutor\kr-b300-ad6c-kr-ad11-c8fc-c11c-ad6c-kr-c8fc-c6d4-b3d9\region_tutor\index.html,True,GENERATED_K
candidate:tutor:kr-b300-ad6c-kr-ad11-c8fc-c11c-ad6c-kr-ac01-d654-b3d9:region_tutor,/tutor/kr-b300-ad6c-kr-ad11-c8fc-c11c-ad6c-kr-ac01-d654-b3d9/region_tutor,READY_AS_IS,true,대구,246,true,C:\프로젝트\tutorplan\output\tutor\kr-b300-ad6c-kr-ad11-c8fc-c11c-ad6c-kr-ac01-d654-b3d9\region_tutor\index.html,True,GENERATED_K
candidate:tutor:kr-b300-ad6c-kr-ad11-c8fc-c11c-ad6c-kr-c0bc-ac01-b3d9:region_tutor,/tutor/kr-b300-ad6c-kr-ad11-c8fc-c11c-ad6c-kr-c0bc-ac01-b3d9/region_tutor,READY_AS_IS,true,대구,250,true,C:\프로젝트\tutorplan\output\tutor\kr-b300-ad6c-kr-ad11-c8fc-c11c-ad6c-kr-c0bc-ac01-b3d9\region_tutor\index.html,True,GENERATED_K
candidate:tutor:kr-b300-ad6c-kr-ad11-c8fc-c11c-ad6c-kr-c591-c0b0-b3d9:region_tutor,/tutor/kr-b300-ad6c-kr-ad11-c8fc-c11c-ad6c-kr-c591-c0b0-b3d9/region_tutor,READY_AS_IS,true,대구,252,true,C:\프로젝트\tutorplan\output\tutor\kr-b300-ad6c-kr-ad11-c8fc-c11c-ad6c-kr-c591-c0b0-b3d9\region_tutor\index.html,True,GENERATED_K
candidate:tutor:kr-b300-ad6c-kr-ad11-c8fc-c11c-ad6c-kr-c6a9-bd09-b3d9:region_tutor,/tutor/kr-b300-ad6c-kr-ad11-c8fc-c11c-ad6c-kr-c6a9-bd09-b3d9/region_tutor,READY_AS_IS,true,대구,254,true,C:\프로젝트\tutorplan\output\tutor\kr-b300-ad6c-kr-ad11-c8fc-c11c-ad6c-kr-c6a9-bd09-b3d9\region_tutor\index.html,True,GENERATED_K
candidate:tutor:kr-b300-ad6c-kr-ad11-c8fc-c11c-ad6c-kr-c77c-ace1-b3d9:region_tutor,/tutor/kr-b300-ad6c-kr-ad11-c8fc-c11c-ad6c-kr-c77c-ace1-b3d9/region_tutor,READY_AS_IS,true,대구,257,true,C:\프로젝트\tutorplan\output\tutor\kr-b300-ad6c-kr-ad11-c8fc-c11c-ad6c-kr-c77c-ace1-b3d9\region_tutor\index.html,True,GENERATED_K
candidate:tutor:kr-b300-ad6c-kr-d48d-c554-c9c0-ad6c:region_tutor,/tutor/kr-b300-ad6c-kr-d48d-c554-c9c0-ad6c/region_tutor,READY_AS_IS,true,대구,270,true,C:\프로젝트\tutorplan\output\tutor\kr-b300-ad6c-kr-d48d-c554-c9c0-ad6c\region_tutor\index.html,True,GENERATED_K
candidate:tutor:kr-b300-ad6c-kr-bd09-c120-c9c0-ad6c:region_tutor,/tutor/kr-b300-ad6c-kr-bd09-c120-c9c0-ad6c/region_tutor,READY_AS_IS,true,대구,271,true,C:\프로젝트\tutorplan\output\tutor\kr-b300-ad6c-kr-bd09-c120-c9c0-ad6c\region_tutor\index.html,True,GENERATED_K
candidate:tutor:kr-b300-ad6c-kr-cca8-b2e8-c9c0-ad6c:region_tutor,/tutor/kr-b300-ad6c-kr-cca8-b2e8-c9c0-ad6c/region_tutor,READY_AS_IS,true,대구,274,true,C:\프로젝트\tutorplan\output\tutor\kr-b300-ad6c-kr-cca8-b2e8-c9c0-ad6c\region_tutor\index.html,True,GENERATED_K
candidate:tutor:kr-b300-ad6c-kr-c804-c8fc-d6a8-cc9c-c9c0-ad6c:region_tutor,/tutor/kr-b300-ad6c-kr-c804-c8fc-d6a8-cc9c-c9c0-ad6c/region_tutor,READY_AS_IS,true,대구,306,true,C:\프로젝트\tutorplan\output\tutor\kr-b300-ad6c-kr-c804-c8fc-d6a8-cc9c-c9c0-ad6c\region_tutor\index.html,True,GENERATED_K
candidate:tutor:kr-b300-ad6c-kr-c1a1-cc9c-c9c0-ad6c-kr-c5d0-cf54-c2dc-d2f0:region_tutor,/tutor/kr-b300-ad6c-kr-c1a1-cc9c-c9c0-ad6c-kr-c5d0-cf54-c2dc-d2f0/region_tutor,READY_AS_IS,true,대구,309,true,C:\프로젝트\tutorplan\output\tutor\kr-b300-ad6c-kr-c1a1-cc9c-c9c0-ad6c-kr-c5d0-cf54-c2dc-d2f0\region_tutor\index.html,True,GENERATED_K
candidate:tutor:kr-b300-ad6c-kr-b9cc-c131-c9c0-ad6c-kr-b2e8-acc4-b3d9:region_tutor,/tutor/kr-b300-ad6c-kr-b9cc-c131-c9c0-ad6c-kr-b2e8-acc4-b3d9/region_tutor,READY_AS_IS,true,대구,313,true,C:\프로젝트\tutorplan\output\tutor\kr-b300-ad6c-kr-b9cc-c131-c9c0-ad6c-kr-b2e8-acc4-b3d9\region_tutor\index.html,True,GENERATED_K
candidate:tutor:kr-b300-ad6c-kr-b9cc-c131-c9c0-ad6c-kr-bc18-ace1-b3d9:region_tutor,/tutor/kr-b300-ad6c-kr-b9cc-c131-c9c0-ad6c-kr-bc18-ace1-b3d9/region_tutor,READY_AS_IS,true,대구,317,true,C:\프로젝트\tutorplan\output\tutor\kr-b300-ad6c-kr-b9cc-c131-c9c0-ad6c-kr-bc18-ace1-b3d9\region_tutor\index.html,True,GENERATED_K
candidate:tutor:kr-b300-ad6c-kr-bb34-c2e4-c9c0-ad6c:region_tutor,/tutor/kr-b300-ad6c-kr-bb34-c2e4-c9c0-ad6c/region_tutor,READY_AS_IS,true,대구,321,true,C:\프로젝트\tutorplan\output\tutor\kr-b300-ad6c-kr-bb34-c2e4-c9c0-ad6c\region_tutor\index.html,True,GENERATED_K
candidate:tutor:kr-b300-ad6c-kr-ae30-c5c5-b3c4-c2dc:region_tutor,/tutor/kr-b300-ad6c-kr-ae30-c5c5-b3c4-c2dc/region_tutor,READY_AS_IS,true,대구,323,true,C:\프로젝트\tutorplan\output\tutor\kr-b300-ad6c-kr-ae30-c5c5-b3c4-c2dc\region_tutor\index.html,True,GENERATED_K
candidate:tutor:kr-b300-ad6c-kr-b2e8-acc4-c9c0-ad6c:region_tutor,/tutor/kr-b300-ad6c-kr-b2e8-acc4-c9c0-ad6c/region_tutor,READY_AS_IS,true,대구,324,true,C:\프로젝트\tutorplan\output\tutor\kr-b300-ad6c-kr-b2e8-acc4-c9c0-ad6c\region_tutor\index.html,True,GENERATED_K
candidate:tutor:kr-b300-ad6c-kr-b2e8-ad6c-c9c0-ad6c:region_tutor,/tutor/kr-b300-ad6c-kr-b2e8-ad6c-c9c0-ad6c/region_tutor,READY_AS_IS,true,대구,325,true,C:\프로젝트\tutorplan\output\tutor\kr-b300-ad6c-kr-b2e8-ad6c-c9c0-ad6c\region_tutor\index.html,True,GENERATED_K
candidate:tutor:kr-b300-ad6c-kr-c9c0-c815-c9c0-ad6c:region_tutor,/tutor/kr-b300-ad6c-kr-c9c0-c815-c9c0-ad6c/region_tutor,READY_AS_IS,true,대구,327,true,C:\프로젝트\tutorplan\output\tutor\kr-b300-ad6c-kr-c9c0-c815-c9c0-ad6c\region_tutor\index.html,True,GENERATED_K
candidate:tutor:kr-b300-ad6c-kr-c9c0-c815-c9c0-ad6c-kr-b3d9-ba74:region_tutor,/tutor/kr-b300-ad6c-kr-c9c0-c815-c9c0-ad6c-kr-b3d9-ba74/region_tutor,READY_AS_IS,true,대구,331,true,C:\프로젝트\tutorplan\output\tutor\kr-b300-ad6c-kr-c9c0-c815-c9c0-ad6c-kr-b3d9-ba74\region_tutor\index.html,True,GENERATED_K
candidate:tutor:kr-b300-ad6c-kr-c9c0-c815-c9c0-ad6c-kr-c11d-c0ac-b3d9:region_tutor,/tutor/kr-b300-ad6c-kr-c9c0-c815-c9c0-ad6c-kr-c11d-c0ac-b3d9/region_tutor,READY_AS_IS,true,대구,332,true,C:\프로젝트\tutorplan\output\tutor\kr-b300-ad6c-kr-c9c0-c815-c9c0-ad6c-kr-c11d-c0ac-b3d9\region_tutor\index.html,True,GENERATED_K
candidate:tutor:kr-b300-ad6c-kr-c9c0-c815-c9c0-ad6c-kr-c18c-c591-b85c:region_tutor,/tutor/kr-b300-ad6c-kr-c9c0-c815-c9c0-ad6c-kr-c18c-c591-b85c/region_tutor,READY_AS_IS,true,대구,333,true,C:\프로젝트\tutorplan\output\tutor\kr-b300-ad6c-kr-c9c0-c815-c9c0-ad6c-kr-c18c-c591-b85c\region_tutor\index.html,True,GENERATED_K
candidate:tutor:kr-b300-ad6c-kr-c9c0-c815-c9c0-ad6c-kr-c57d-c0ac-b3d9:region_tutor,/tutor/kr-b300-ad6c-kr-c9c0-c815-c9c0-ad6c-kr-c57d-c0ac-b3d9/region_tutor,READY_AS_IS,true,대구,334,true,C:\프로젝트\tutorplan\output\tutor\kr-b300-ad6c-kr-c9c0-c815-c9c0-ad6c-kr-c57d-c0ac-b3d9\region_tutor\index.html,True,GENERATED_K
candidate:tutor:kr-b300-ad6c-kr-c9c0-c815-c9c0-ad6c-kr-c6b0-b450-b3d9:region_tutor,/tutor/kr-b300-ad6c-kr-c9c0-c815-c9c0-ad6c-kr-c6b0-b450-b3d9/region_tutor,READY_AS_IS,true,대구,335,true,C:\프로젝트\tutorplan\output\tutor\kr-b300-ad6c-kr-c9c0-c815-c9c0-ad6c-kr-c6b0-b450-b3d9\region_tutor\index.html,True,GENERATED_K
candidate:tutor:kr-b300-ad6c-kr-c628-c758-c9c0-ad6c:region_tutor,/tutor/kr-b300-ad6c-kr-c628-c758-c9c0-ad6c/region_tutor,READY_AS_IS,true,대구,343,true,C:\프로젝트\tutorplan\output\tutor\kr-b300-ad6c-kr-c628-c758-c9c0-ad6c\region_tutor\index.html,True,GENERATED_K
candidate:tutor:kr-b300-ad6c-kr-ac70-b450-c9c0-ad6c:region_tutor,/tutor/kr-b300-ad6c-kr-ac70-b450-c9c0-ad6c/region_tutor,READY_AS_IS,true,대구,344,true,C:\프로젝트\tutorplan\output\tutor\kr-b300-ad6c-kr-ac70-b450-c9c0-ad6c\region_tutor\index.html,True,GENERATED_K
candidate:tutor:kr-b300-ad6c-kr-c18c-c591-c9c0-ad6c-kr-c778-cc9c:region_tutor,/tutor/kr-b300-ad6c-kr-c18c-c591-c9c0-ad6c-kr-c778-cc9c/region_tutor,READY_AS_IS,true,대구,347,true,C:\프로젝트\tutorplan\output\tutor\kr-b300-ad6c-kr-c18c-c591-c9c0-ad6c-kr-c778-cc9c\region_tutor\index.html,True,GENERATED_K
candidate:tutor:kr-b300-ad6c-kr-c5f0-c218-ad6c:region_tutor,/tutor/kr-b300-ad6c-kr-c5f0-c218-ad6c/region_tutor,READY_AS_IS,true,대구,353,true,C:\프로젝트\tutorplan\output\tutor\kr-b300-ad6c-kr-c5f0-c218-ad6c\region_tutor\index.html,True,GENERATED_K
candidate:tutor:kr-b300-ad6c-kr-c778-cc9c-b3d9-ad6c:region_tutor,/tutor/kr-b300-ad6c-kr-c778-cc9c-b3d9-ad6c/region_tutor,READY_AS_IS,true,대구,355,true,C:\프로젝트\tutorplan\output\tutor\kr-b300-ad6c-kr-c778-cc9c-b3d9-ad6c\region_tutor\index.html,True,GENERATED_K
candidate:tutor:kr-b300-ad6c-kr-c778-cc9c-b3d9-ad6c-kr-c784-d559-b3d9:region_tutor,/tutor/kr-b300-ad6c-kr-c778-cc9c-b3d9-ad6c-kr-c784-d559-b3d9/region_tutor,READY_AS_IS,true,대구,358,true,C:\프로젝트\tutorplan\output\tutor\kr-b300-ad6c-kr-c778-cc9c-b3d9-ad6c-kr-c784-d559-b3d9\region_tutor\index.html,True,GENERATED_K
candidate:tutor:kr-b300-ad6c-kr-c778-cc9c-b3d9-ad6c-kr-ac04-c11d-b3d9:region_tutor,/tutor/kr-b300-ad6c-kr-c778-cc9c-b3d9-ad6c-kr-ac04-c11d-b3d9/region_tutor,READY_AS_IS,true,대구,360,true,C:\프로젝트\tutorplan\output\tutor\kr-b300-ad6c-kr-c778-cc9c-b3d9-ad6c-kr-ac04-c11d-b3d9\region_tutor\index.html,True,GENERATED_K
candidate:tutor:kr-b300-ad6c-kr-c778-cc9c-b3d9-ad6c-kr-b0a8-cd0c-b3d9:region_tutor,/tutor/kr-b300-ad6c-kr-c778-cc9c-b3d9-ad6c-kr-b0a8-cd0c-b3d9/region_tutor,READY_AS_IS,true,대구,362,true,C:\프로젝트\tutorplan\output\tutor\kr-b300-ad6c-kr-c778-cc9c-b3d9-ad6c-kr-b0a8-cd0c-b3d9\region_tutor\index.html,True,GENERATED_K
candidate:tutor:kr-b300-ad6c-kr-c778-cc9c-b3d9-ad6c-kr-ad00-ad50-b3d9:region_tutor,/tutor/kr-b300-ad6c-kr-c778-cc9c-b3d9-ad6c-kr-ad00-ad50-b3d9/region_tutor,READY_AS_IS,true,대구,367,true,C:\프로젝트\tutorplan\output\tutor\kr-b300-ad6c-kr-c778-cc9c-b3d9-ad6c-kr-ad00-ad50-b3d9\region_tutor\index.html,True,GENERATED_K
candidate:tutor:kr-b300-ad6c-kr-c778-cc9c-b3d9-ad6c-kr-c0bc-c0b0-b3d9:region_tutor,/tutor/kr-b300-ad6c-kr-c778-cc9c-b3d9-ad6c-kr-c0bc-c0b0-b3d9/region_tutor,READY_AS_IS,true,대구,376,true,C:\프로젝트\tutorplan\output\tutor\kr-b300-ad6c-kr-c778-cc9c-b3d9-ad6c-kr-c0bc-c0b0-b3d9\region_tutor\index.html,True,GENERATED_K
candidate:tutor:kr-b300-ad6c-kr-c778-cc9c-b3d9-ad6c-kr-ccad-cc9c-b3d9:region_tutor,/tutor/kr-b300-ad6c-kr-c778-cc9c-b3d9-ad6c-kr-ccad-cc9c-b3d9/region_tutor,READY_AS_IS,true,대구,378,true,C:\프로젝트\tutorplan\output\tutor\kr-b300-ad6c-kr-c778-cc9c-b3d9-ad6c-kr-ccad-cc9c-b3d9\region_tutor\index.html,True,GENERATED_K
candidate:tutor:kr-b300-ad6c-kr-c778-cc9c-b3d9-ad6c-kr-c6b4-c11c-b3d9:region_tutor,/tutor/kr-b300-ad6c-kr-c778-cc9c-b3d9-ad6c-kr-c6b4-c11c-b3d9/region_tutor,READY_AS_IS,true,대구,395,true,C:\프로젝트\tutorplan\output\tutor\kr-b300-ad6c-kr-c778-cc9c-b3d9-ad6c-kr-c6b4-c11c-b3d9\region_tutor\index.html,True,GENERATED_K
candidate:tutor:kr-b300-ad6c-kr-ac80-b2e8-c2e0-b3c4-c2dc:region_tutor,/tutor/kr-b300-ad6c-kr-ac80-b2e8-c2e0-b3c4-c2dc/region_tutor,READY_AS_IS,true,대구,400,true,C:\프로젝트\tutorplan\output\tutor\kr-b300-ad6c-kr-ac80-b2e8-c2e0-b3c4-c2dc\region_tutor\index.html,True,GENERATED_K
candidate:tutor:kr-b300-ad6c-kr-ac80-b2e8-c2e0-b3c4-c2dc-kr-b8e8-c6d0-c2dc-d2f0:region_tutor,/tutor/kr-b300-ad6c-kr-ac80-b2e8-c2e0-b3c4-c2dc-kr-b8e8-c6d0-c2dc-d2f0/region_tutor,READY_AS_IS,true,대구,401,true,C:\프로젝트\tutorplan\output\tutor\kr-b300-ad6c-kr-ac80-b2e8-c2e0-b3c4-c2dc-kr-b8e8-c6d0-c2dc-d2f0\region_tutor\index.html,True,GENERATED_K
candidate:tutor:kr-b300-ad6c-kr-b17c-d604-c9c0-ad6c:region_tutor,/tutor/kr-b300-ad6c-kr-b17c-d604-c9c0-ad6c/region_tutor,READY_AS_IS,true,대구,405,true,C:\프로젝트\tutorplan\output\tutor\kr-b300-ad6c-kr-b17c-d604-c9c0-ad6c\region_tutor\index.html,True,GENERATED_K
candidate:tutor:kr-b300-ad6c-kr-b9cc-c218-c9c0-ad6c:region_tutor,/tutor/kr-b300-ad6c-kr-b9cc-c218-c9c0-ad6c/region_tutor,READY_AS_IS,true,대구,407,true,C:\프로젝트\tutorplan\output\tutor\kr-b300-ad6c-kr-b9cc-c218-c9c0-ad6c\region_tutor\index.html,True,GENERATED_K
candidate:tutor:kr-b300-ad6c-kr-bd88-b85c-c9c0-ad6c:region_tutor,/tutor/kr-b300-ad6c-kr-bd88-b85c-c9c0-ad6c/region_tutor,READY_AS_IS,true,대구,413,true,C:\프로젝트\tutorplan\output\tutor\kr-b300-ad6c-kr-bd88-b85c-c9c0-ad6c\region_tutor\index.html,True,GENERATED_K
candidate:tutor:kr-b300-ad6c-kr-c22d-c758-c9c0-ad6c:region_tutor,/tutor/kr-b300-ad6c-kr-c22d-c758-c9c0-ad6c/region_tutor,READY_AS_IS,true,대구,420,true,C:\프로젝트\tutorplan\output\tutor\kr-b300-ad6c-kr-c22d-c758-c9c0-ad6c\region_tutor\index.html,True,GENERATED_K
candidate:tutor:kr-b300-ad6c-kr-ccad-d559-c9c0-ad6c:region_tutor,/tutor/kr-b300-ad6c-kr-ccad-d559-c9c0-ad6c/region_tutor,READY_AS_IS,true,대구,423,true,C:\프로젝트\tutorplan\output\tutor\kr-b300-ad6c-kr-ccad-d559-c9c0-ad6c\region_tutor\index.html,True,GENERATED_K
candidate:tutor:kr-b300-ad6c-kr-c5f0-c218-c9c0-ad6c:region_tutor,/tutor/kr-b300-ad6c-kr-c5f0-c218-c9c0-ad6c/region_tutor,READY_AS_IS,true,대구,424,true,C:\프로젝트\tutorplan\output\tutor\kr-b300-ad6c-kr-c5f0-c218-c9c0-ad6c\region_tutor\index.html,True,GENERATED_K
candidate:tutor:kr-b300-ad6c-kr-ac04-c11d-c9c0-ad6c:region_tutor,/tutor/kr-b300-ad6c-kr-ac04-c11d-c9c0-ad6c/region_tutor,READY_AS_IS,true,대구,427,true,C:\프로젝트\tutorplan\output\tutor\kr-b300-ad6c-kr-ac04-c11d-c9c0-ad6c\region_tutor\index.html,True,GENERATED_K
candidate:tutor:kr-b300-ad6c-kr-ac04-c11d-c9c0-ad6c-kr-cc9c-c548:region_tutor,/tutor/kr-b300-ad6c-kr-ac04-c11d-c9c0-ad6c-kr-cc9c-c548/region_tutor,READY_AS_IS,true,대구,429,true,C:\프로젝트\tutorplan\output\tutor\kr-b300-ad6c-kr-ac04-c11d-c9c0-ad6c-kr-cc9c-c548\region_tutor\index.html,True,GENERATED_K
candidate:tutor:kr-b300-ad6c-kr-c11c-bd81-ad6c-kr-cc9c-c548-bb38-d559-b3d9:region_tutor,/tutor/kr-b300-ad6c-kr-c11c-bd81-ad6c-kr-cc9c-c548-bb38-d559-b3d9/region_tutor,READY_AS_IS,true,대구,433,true,C:\프로젝트\tutorplan\output\tutor\kr-b300-ad6c-kr-c11c-bd81-ad6c-kr-cc9c-c548-bb38-d559-b3d9\region_tutor\index.html,True,GENERATED_K
candidate:tutor:kr-b300-ad6c-kr-c11c-bd81-ad6c-kr-ccad-b2f9-b3d9:region_tutor,/tutor/kr-b300-ad6c-kr-c11c-bd81-ad6c-kr-ccad-b2f9-b3d9/region_tutor,READY_AS_IS,true,대구,436,true,C:\프로젝트\tutorplan\output\tutor\kr-b300-ad6c-kr-c11c-bd81-ad6c-kr-ccad-b2f9-b3d9\region_tutor\index.html,True,GENERATED_K
candidate:tutor:kr-b300-ad6c-kr-c11c-bd81-ad6c-kr-ccad-c218-b3d9:region_tutor,/tutor/kr-b300-ad6c-kr-c11c-bd81-ad6c-kr-ccad-c218-b3d9/region_tutor,READY_AS_IS,true,대구,437,true,C:\프로젝트\tutorplan\output\tutor\kr-b300-ad6c-kr-c11c-bd81-ad6c-kr-ccad-c218-b3d9\region_tutor\index.html,True,GENERATED_K
candidate:tutor:kr-b300-ad6c-kr-c11c-bd81-ad6c-kr-bd88-b2f9-b3d9:region_tutor,/tutor/kr-b300-ad6c-kr-c11c-bd81-ad6c-kr-bd88-b2f9-b3d9/region_tutor,READY_AS_IS,true,대구,441,true,C:\프로젝트\tutorplan\output\tutor\kr-b300-ad6c-kr-c11c-bd81-ad6c-kr-bd88-b2f9-b3d9\region_tutor\index.html,True,GENERATED_K
candidate:tutor:kr-b300-ad6c-kr-c11c-bd81-ad6c-kr-c131-c131-b3d9:region_tutor,/tutor/kr-b300-ad6c-kr-c11c-bd81-ad6c-kr-c131-c131-b3d9/region_tutor,READY_AS_IS,true,대구,443,true,C:\프로젝트\tutorplan\output\tutor\kr-b300-ad6c-kr-c11c-bd81-ad6c-kr-c131-c131-b3d9\region_tutor\index.html,True,GENERATED_K
candidate:tutor:kr-b300-ad6c-kr-c11c-bd81-ad6c-kr-c131-c815-b3d9:region_tutor,/tutor/kr-b300-ad6c-kr-c11c-bd81-ad6c-kr-c131-c815-b3d9/region_tutor,READY_AS_IS,true,대구,444,true,C:\프로젝트\tutorplan\output\tutor\kr-b300-ad6c-kr-c11c-bd81-ad6c-kr-c131-c815-b3d9\region_tutor\index.html,True,GENERATED_K
candidate:tutor:kr-b300-ad6c-kr-c544-c0b0-d0d5-c815-c2e0-b3c4-c2dc:region_tutor,/tutor/kr-b300-ad6c-kr-c544-c0b0-d0d5-c815-c2e0-b3c4-c2dc/region_tutor,READY_AS_IS,true,대구,448,true,C:\프로젝트\tutorplan\output\tutor\kr-b300-ad6c-kr-c544-c0b0-d0d5-c815-c2e0-b3c4-c2dc\region_tutor\index.html,True,GENERATED_K
candidate:tutor:kr-b300-ad6c-kr-c30d-c6a9-c9c0-ad6c:region_tutor,/tutor/kr-b300-ad6c-kr-c30d-c6a9-c9c0-ad6c/region_tutor,READY_AS_IS,true,대구,451,true,C:\프로젝트\tutorplan\output\tutor\kr-b300-ad6c-kr-c30d-c6a9-c9c0-ad6c\region_tutor\index.html,True,GENERATED_K
candidate:tutor:kr-b300-ad6c-kr-c9c1-c0b0-c9c0-ad6c:region_tutor,/tutor/kr-b300-ad6c-kr-c9c1-c0b0-c9c0-ad6c/region_tutor,READY_AS_IS,true,대구,453,true,C:\프로젝트\tutorplan\output\tutor\kr-b300-ad6c-kr-c9c1-c0b0-c9c0-ad6c\region_tutor\index.html,True,GENERATED_K
candidate:tutor:kr-b300-ad6c-kr-ccad-c218-c9c0-ad6c:region_tutor,/tutor/kr-b300-ad6c-kr-ccad-c218-c9c0-ad6c/region_tutor,READY_AS_IS,true,대구,455,true,C:\프로젝트\tutorplan\output\tutor\kr-b300-ad6c-kr-ccad-c218-c9c0-ad6c\region_tutor\index.html,True,GENERATED_K
candidate:tutor:kr-b300-ad6c-kr-c2e0-bc29-c9c0-ad6c:region_tutor,/tutor/kr-b300-ad6c-kr-c2e0-bc29-c9c0-ad6c/region_tutor,READY_AS_IS,true,대구,456,true,C:\프로젝트\tutorplan\output\tutor\kr-b300-ad6c-kr-c2e0-bc29-c9c0-ad6c\region_tutor\index.html,True,GENERATED_K
candidate:tutor:kr-b300-ad6c-kr-ccad-b2f9-c9c0-ad6c:region_tutor,/tutor/kr-b300-ad6c-kr-ccad-b2f9-c9c0-ad6c/region_tutor,READY_AS_IS,true,대구,457,true,C:\프로젝트\tutorplan\output\tutor\kr-b300-ad6c-kr-ccad-b2f9-c9c0-ad6c\region_tutor\index.html,True,GENERATED_K
candidate:tutor:kr-b300-ad6c-kr-d765-b355-ad6c-kr-c0b0-b0a8-b3d9:region_tutor,/tutor/kr-b300-ad6c-kr-d765-b355-ad6c-kr-c0b0-b0a8-b3d9/region_tutor,READY_AS_IS,true,대구,475,true,C:\프로젝트\tutorplan\output\tutor\kr-b300-ad6c-kr-d765-b355-ad6c-kr-c0b0-b0a8-b3d9\region_tutor\index.html,True,GENERATED_K
candidate:tutor:kr-b300-c804-kr-b3d9-ad6c-kr-c778-b3d9:region_tutor,/tutor/kr-b300-c804-kr-b3d9-ad6c-kr-c778-b3d9/region_tutor,READY_AS_IS,true,대전,3,true,C:\프로젝트\tutorplan\output\tutor\kr-b300-c804-kr-b3d9-ad6c-kr-c778-b3d9\region_tutor\index.html,True,GENERATED_K
candidate:tutor:kr-b300-c804-kr-b3d9-ad6c-kr-cc9c-b3d9:region_tutor,/tutor/kr-b300-c804-kr-b3d9-ad6c-kr-cc9c-b3d9/region_tutor,READY_AS_IS,true,대전,5,true,C:\프로젝트\tutorplan\output\tutor\kr-b300-c804-kr-b3d9-ad6c-kr-cc9c-b3d9\region_tutor\index.html,True,GENERATED_K
candidate:tutor:kr-b300-c804-kr-b3d9-ad6c-kr-c0bc-c815-b3d9:region_tutor,/tutor/kr-b300-c804-kr-b3d9-ad6c-kr-c0bc-c815-b3d9/region_tutor,READY_AS_IS,true,대전,9,true,C:\프로젝트\tutorplan\output\tutor\kr-b300-c804-kr-b3d9-ad6c-kr-c0bc-c815-b3d9\region_tutor\index.html,True,GENERATED_K
candidate:tutor:kr-b300-c804-kr-b3d9-ad6c-kr-c2e0-d558-b3d9:region_tutor,/tutor/kr-b300-c804-kr-b3d9-ad6c-kr-c2e0-d558-b3d9/region_tutor,READY_AS_IS,true,대전,31,true,C:\프로젝트\tutorplan\output\tutor\kr-b300-c804-kr-b3d9-ad6c-kr-c2e0-d558-b3d9\region_tutor\index.html,True,GENERATED_K
candidate:tutor:kr-b300-c804-kr-c911-ad6c-kr-d638-b3d9:region_tutor,/tutor/kr-b300-c804-kr-c911-ad6c-kr-d638-b3d9/region_tutor,READY_AS_IS,true,대전,48,true,C:\프로젝트\tutorplan\output\tutor\kr-b300-c804-kr-c911-ad6c-kr-d638-b3d9\region_tutor\index.html,True,GENERATED_K
candidate:tutor:kr-b300-c804-kr-c911-ad6c-kr-c624-b958-b3d9:region_tutor,/tutor/kr-b300-c804-kr-c911-ad6c-kr-c624-b958-b3d9/region_tutor,READY_AS_IS,true,대전,53,true,C:\프로젝트\tutorplan\output\tutor\kr-b300-c804-kr-c911-ad6c-kr-c624-b958-b3d9\region_tutor\index.html,True,GENERATED_K
candidate:tutor:kr-b300-c804-kr-c11c-ad6c-kr-bcc0-b3d9:region_tutor,/tutor/kr-b300-c804-kr-c11c-ad6c-kr-bcc0-b3d9/region_tutor,READY_AS_IS,true,대전,68,true,C:\프로젝트\tutorplan\output\tutor\kr-b300-c804-kr-c11c-ad6c-kr-bcc0-b3d9\region_tutor\index.html,True,GENERATED_K
candidate:tutor:kr-b300-c804-kr-c11c-ad6c-kr-b3c4-c548-b3d9:region_tutor,/tutor/kr-b300-c804-kr-c11c-ad6c-kr-b3c4-c548-b3d9/region_tutor,READY_AS_IS,true,대전,80,true,C:\프로젝트\tutorplan\output\tutor\kr-b300-c804-kr-c11c-ad6c-kr-b3c4-c548-b3d9\region_tutor\index.html,True,GENERATED_K
candidate:tutor:kr-b300-c804-kr-c11c-ad6c-kr-c6d0-c815-b3d9:region_tutor,/tutor/kr-b300-c804-kr-c11c-ad6c-kr-c6d0-c815-b3d9/region_tutor,READY_AS_IS,true,대전,89,true,C:\프로젝트\tutorplan\output\tutor\kr-b300-c804-kr-c11c-ad6c-kr-c6d0-c815-b3d9\region_tutor\index.html,True,GENERATED_K
candidate:tutor:kr-b300-c804-kr-c720-c131-ad6c-kr-ad50-cd0c-b3d9:region_tutor,/tutor/kr-b300-c804-kr-c720-c131-ad6c-kr-ad50-cd0c-b3d9/region_tutor,READY_AS_IS,true,대전,91,true,C:\프로젝트\tutorplan\output\tutor\kr-b300-c804-kr-c720-c131-ad6c-kr-ad50-cd0c-b3d9\region_tutor\index.html,True,GENERATED_K
candidate:tutor:kr-b300-c804-kr-c720-c131-ad6c-kr-d559-d558-b3d9:region_tutor,/tutor/kr-b300-c804-kr-c720-c131-ad6c-kr-d559-d558-b3d9/region_tutor,READY_AS_IS,true,대전,94,true,C:\프로젝트\tutorplan\output\tutor\kr-b300-c804-kr-c720-c131-ad6c-kr-d559-d558-b3d9\region_tutor\index.html,True,GENERATED_K
candidate:tutor:kr-b300-c804-kr-c720-c131-ad6c-kr-c6d0-c2e0-d765-b3d9:region_tutor,/tutor/kr-b300-c804-kr-c720-c131-ad6c-kr-c6d0-c2e0-d765-b3d9/region_tutor,READY_AS_IS,true,대전,103,true,C:\프로젝트\tutorplan\output\tutor\kr-b300-c804-kr-c720-c131-ad6c-kr-c6d0-c2e0-d765-b3d9\region_tutor\index.html,True,GENERATED_K
candidate:tutor:kr-b300-c804-kr-c720-c131-ad6c-kr-bcf5-c6a9-b3d9:region_tutor,/tutor/kr-b300-c804-kr-c720-c131-ad6c-kr-bcf5-c6a9-b3d9/region_tutor,READY_AS_IS,true,대전,105,true,C:\프로젝트\tutorplan\output\tutor\kr-b300-c804-kr-c720-c131-ad6c-kr-bcf5-c6a9-b3d9\region_tutor\index.html,True,GENERATED_K
candidate:tutor:kr-b300-c804-kr-c720-c131-ad6c-kr-b178-c740-b3d9:region_tutor,/tutor/kr-b300-c804-kr-c720-c131-ad6c-kr-b178-c740-b3d9/region_tutor,READY_AS_IS,true,대전,108,true,C:\프로젝트\tutorplan\output\tutor\kr-b300-c804-kr-c720-c131-ad6c-kr-b178-c740-b3d9\region_tutor\index.html,True,GENERATED_K
candidate:tutor:kr-b300-c804-kr-b300-b355-ad6c-kr-bc95-b3d9:region_tutor,/tutor/kr-b300-c804-kr-b300-b355-ad6c-kr-bc95-b3d9/region_tutor,READY_AS_IS,true,대전,142,true,C:\프로젝트\tutorplan\output\tutor\kr-b300-c804-kr-b300-b355-ad6c-kr-bc95-b3d9\region_tutor\index.html,True,GENERATED_K
candidate:tutor:kr-b300-c804-kr-b300-b355-ad6c-kr-be44-b798-b3d9:region_tutor,/tutor/kr-b300-c804-kr-b300-b355-ad6c-kr-be44-b798-b3d9/region_tutor,READY_AS_IS,true,대전,144,true,C:\프로젝트\tutorplan\output\tutor\kr-b300-c804-kr-b300-b355-ad6c-kr-be44-b798-b3d9\region_tutor\index.html,True,GENERATED_K
candidate:tutor:kr-b300-c804-kr-d3c9-cd0c-b3d9:region_tutor,/tutor/kr-b300-c804-kr-d3c9-cd0c-b3d9/region_tutor,READY_AS_IS,true,대전,151,true,C:\프로젝트\tutorplan\output\tutor\kr-b300-c804-kr-d3c9-cd0c-b3d9\region_tutor\index.html,True,GENERATED_K
candidate:tutor:kr-b300-c804-kr-b300-b355-ad6c-kr-bbf8-d638-b3d9:region_tutor,/tutor/kr-b300-c804-kr-b300-b355-ad6c-kr-bbf8-d638-b3d9/region_tutor,READY_AS_IS,true,대전,159,true,C:\프로젝트\tutorplan\output\tutor\kr-b300-c804-kr-b300-b355-ad6c-kr-bbf8-d638-b3d9\region_tutor\index.html,True,GENERATED_K
candidate:tutor:kr-c778-cc9c:region_tutor,/tutor/kr-c778-cc9c/region_tutor,READY_AS_IS,true,인천,2,true,C:\프로젝트\tutorplan\output\tutor\kr-c778-cc9c\region_tutor\index.html,True,GENERATED_K
candidate:tutor:kr-c778-cc9c-kr-c778-cc9c-c911-ad6c:region_tutor,/tutor/kr-c778-cc9c-kr-c778-cc9c-c911-ad6c/region_tutor,READY_AS_IS,true,인천,3,true,C:\프로젝트\tutorplan\output\tutor\kr-c778-cc9c-kr-c778-cc9c-c911-ad6c\region_tutor\index.html,True,GENERATED_K
candidate:tutor:kr-c778-cc9c-kr-c778-cc9c-b3d9-ad6c:region_tutor,/tutor/kr-c778-cc9c-kr-c778-cc9c-b3d9-ad6c/region_tutor,READY_AS_IS,true,인천,4,true,C:\프로젝트\tutorplan\output\tutor\kr-c778-cc9c-kr-c778-cc9c-b3d9-ad6c\region_tutor\index.html,True,GENERATED_K
candidate:tutor:kr-c778-cc9c-kr-bbf8-cd94-d640-ad6c:region_tutor,/tutor/kr-c778-cc9c-kr-bbf8-cd94-d640-ad6c/region_tutor,READY_AS_IS,true,인천,5,true,C:\프로젝트\tutorplan\output\tutor\kr-c778-cc9c-kr-bbf8-cd94-d640-ad6c\region_tutor\index.html,True,GENERATED_K
candidate:tutor:kr-c778-cc9c-kr-c778-cc9c-b0a8-b3d9-ad6c:region_tutor,/tutor/kr-c778-cc9c-kr-c778-cc9c-b0a8-b3d9-ad6c/region_tutor,READY_AS_IS,true,인천,6,true,C:\프로젝트\tutorplan\output\tutor\kr-c778-cc9c-kr-c778-cc9c-b0a8-b3d9-ad6c\region_tutor\index.html,True,GENERATED_K
candidate:tutor:kr-c778-cc9c-kr-bd80-d3c9-ad6c:region_tutor,/tutor/kr-c778-cc9c-kr-bd80-d3c9-ad6c/region_tutor,READY_AS_IS,true,인천,7,true,C:\프로젝트\tutorplan\output\tutor\kr-c778-cc9c-kr-bd80-d3c9-ad6c\region_tutor\index.html,True,GENERATED_K
candidate:tutor:kr-c778-cc9c-kr-acc4-c591-ad6c:region_tutor,/tutor/kr-c778-cc9c-kr-acc4-c591-ad6c/region_tutor,READY_AS_IS,true,인천,8,true,C:\프로젝트\tutorplan\output\tutor\kr-c778-cc9c-kr-acc4-c591-ad6c\region_tutor\index.html,True,GENERATED_K
candidate:tutor:kr-c778-cc9c-kr-c778-cc9c-c11c-ad6c:region_tutor,/tutor/kr-c778-cc9c-kr-c778-cc9c-c11c-ad6c/region_tutor,READY_AS_IS,true,인천,9,true,C:\프로젝트\tutorplan\output\tutor\kr-c778-cc9c-kr-c778-cc9c-c11c-ad6c\region_tutor\index.html,True,GENERATED_K
candidate:tutor:kr-c778-cc9c-kr-c778-cc9c-ac15-d654-ad70:region_tutor,/tutor/kr-c778-cc9c-kr-c778-cc9c-ac15-d654-ad70/region_tutor,READY_AS_IS,true,인천,10,true,C:\프로젝트\tutorplan\output\tutor\kr-c778-cc9c-kr-c778-cc9c-ac15-d654-ad70\region_tutor\index.html,True,GENERATED_K
candidate:tutor:kr-c778-cc9c-kr-c778-cc9c-c639-c9c4-ad70:region_tutor,/tutor/kr-c778-cc9c-kr-c778-cc9c-c639-c9c4-ad70/region_tutor,READY_AS_IS,true,인천,11,true,C:\프로젝트\tutorplan\output\tutor\kr-c778-cc9c-kr-c778-cc9c-c639-c9c4-ad70\region_tutor\index.html,True,GENERATED_K
candidate:tutor:kr-c778-cc9c-kr-c778-cc9c-c639-c9c4-ad70-kr-c911-c559-b3d9:region_tutor,/tutor/kr-c778-cc9c-kr-c778-cc9c-c639-c9c4-ad70-kr-c911-c559-b3d9/region_tutor,READY_AS_IS,true,인천,12,true,C:\프로젝트\tutorplan\output\tutor\kr-c778-cc9c-kr-c778-cc9c-c639-c9c4-ad70-kr-c911-c559-b3d9\region_tutor\index.html,True,GENERATED_K
candidate:tutor:kr-c778-cc9c-kr-c778-cc9c-c639-c9c4-ad70-kr-d574-c548-b3d9:region_tutor,/tutor/kr-c778-cc9c-kr-c778-cc9c-c639-c9c4-ad70-kr-d574-c548-b3d9/region_tutor,READY_AS_IS,true,인천,13,true,C:\프로젝트\tutorplan\output\tutor\kr-c778-cc9c-kr-c778-cc9c-c639-c9c4-ad70-kr-d574-c548-b3d9\region_tutor\index.html,True,GENERATED_K
candidate:tutor:kr-c778-cc9c-kr-c778-cc9c-c639-c9c4-ad70-kr-ad00-b3d9:region_tutor,/tutor/kr-c778-cc9c-kr-c778-cc9c-c639-c9c4-ad70-kr-ad00-b3d9/region_tutor,READY_AS_IS,true,인천,14,true,C:\프로젝트\tutorplan\output\tutor\kr-c778-cc9c-kr-c778-cc9c-c639-c9c4-ad70-kr-ad00-b3d9\region_tutor\index.html,True,GENERATED_K
candidate:tutor:kr-c778-cc9c-kr-c778-cc9c-c639-c9c4-ad70-kr-d56d-b3d9:region_tutor,/tutor/kr-c778-cc9c-kr-c778-cc9c-c639-c9c4-ad70-kr-d56d-b3d9/region_tutor,READY_AS_IS,true,인천,15,true,C:\프로젝트\tutorplan\output\tutor\kr-c778-cc9c-kr-c778-cc9c-c639-c9c4-ad70-kr-d56d-b3d9\region_tutor\index.html,True,GENERATED_K
candidate:tutor:kr-c778-cc9c-kr-c778-cc9c-c639-c9c4-ad70-kr-c2e0-d3ec-b3d9:region_tutor,/tutor/kr-c778-cc9c-kr-c778-cc9c-c639-c9c4-ad70-kr-c2e0-d3ec-b3d9/region_tutor,READY_AS_IS,true,인천,16,true,C:\프로젝트\tutorplan\output\tutor\kr-c778-cc9c-kr-c778-cc9c-c639-c9c4-ad70-kr-c2e0-d3ec-b3d9\region_tutor\index.html,True,GENERATED_K
candidate:tutor:kr-c778-cc9c-kr-c778-cc9c-c639-c9c4-ad70-kr-b2f5-b3d9:region_tutor,/tutor/kr-c778-cc9c-kr-c778-cc9c-c639-c9c4-ad70-kr-b2f5-b3d9/region_tutor,READY_AS_IS,true,인천,17,true,C:\프로젝트\tutorplan\output\tutor\kr-c778-cc9c-kr-c778-cc9c-c639-c9c4-ad70-kr-b2f5-b3d9\region_tutor\index.html,True,GENERATED_K
candidate:tutor:kr-c778-cc9c-kr-c778-cc9c-c639-c9c4-ad70-kr-b0b4-b3d9:region_tutor,/tutor/kr-c778-cc9c-kr-c778-cc9c-c639-c9c4-ad70-kr-b0b4-b3d9/region_tutor,READY_AS_IS,true,인천,18,true,C:\프로젝트\tutorplan\output\tutor\kr-c778-cc9c-kr-c778-cc9c-c639-c9c4-ad70-kr-b0b4-b3d9\region_tutor\index.html,True,GENERATED_K
candidate:tutor:kr-c778-cc9c-kr-c778-cc9c-c639-c9c4-ad70-kr-acbd-b3d9:region_tutor,/tutor/kr-c778-cc9c-kr-c778-cc9c-c639-c9c4-ad70-kr-acbd-b3d9/region_tutor,READY_AS_IS,true,인천,19,true,C:\프로젝트\tutorplan\output\tutor\kr-c778-cc9c-kr-c778-cc9c-c639-c9c4-ad70-kr-acbd-b3d9\region_tutor\index.html,True,GENERATED_K
candidate:tutor:kr-c778-cc9c-kr-c778-cc9c-c639-c9c4-ad70-kr-c6a9-b3d9:region_tutor,/tutor/kr-c778-cc9c-kr-c778-cc9c-c639-c9c4-ad70-kr-c6a9-b3d9/region_tutor,READY_AS_IS,true,인천,20,true,C:\프로젝트\tutorplan\output\tutor\kr-c778-cc9c-kr-c778-cc9c-c639-c9c4-ad70-kr-c6a9-b3d9\region_tutor\index.html,True,GENERATED_K
candidate:tutor:kr-c778-cc9c-kr-c778-cc9c-c639-c9c4-ad70-kr-c778-d604-b3d9:region_tutor,/tutor/kr-c778-cc9c-kr-c778-cc9c-c639-c9c4-ad70-kr-c778-d604-b3d9/region_tutor,READY_AS_IS,true,인천,21,true,C:\프로젝트\tutorplan\output\tutor\kr-c778-cc9c-kr-c778-cc9c-c639-c9c4-ad70-kr-c778-d604-b3d9\region_tutor\index.html,True,GENERATED_K
candidate:tutor:kr-c778-cc9c-kr-c778-cc9c-c639-c9c4-ad70-kr-c804-b3d9:region_tutor,/tutor/kr-c778-cc9c-kr-c778-cc9c-c639-c9c4-ad70-kr-c804-b3d9/region_tutor,READY_AS_IS,true,인천,22,true,C:\프로젝트\tutorplan\output\tutor\kr-c778-cc9c-kr-c778-cc9c-c639-c9c4-ad70-kr-c804-b3d9\region_tutor\index.html,True,GENERATED_K
candidate:tutor:kr-c778-cc9c-kr-c778-cc9c-c639-c9c4-ad70-kr-bd81-c131-b3d9:region_tutor,/tutor/kr-c778-cc9c-kr-c778-cc9c-c639-c9c4-ad70-kr-bd81-c131-b3d9/region_tutor,READY_AS_IS,true,인천,23,true,C:\프로젝트\tutorplan\output\tutor\kr-c778-cc9c-kr-c778-cc9c-c639-c9c4-ad70-kr-bd81-c131-b3d9\region_tutor\index.html,True,GENERATED_K
candidate:tutor:kr-c778-cc9c-kr-c778-cc9c-c639-c9c4-ad70-kr-c120-b9b0-b3d9:region_tutor,/tutor/kr-c778-cc9c-kr-c778-cc9c-c639-c9c4-ad70-kr-c120-b9b0-b3d9/region_tutor,READY_AS_IS,true,인천,24,true,C:\프로젝트\tutorplan\output\tutor\kr-c778-cc9c-kr-c778-cc9c-c639-c9c4-ad70-kr-c120-b9b0-b3d9\region_tutor\index.html,True,GENERATED_K
candidate:tutor:kr-c778-cc9c-kr-c778-cc9c-c639-c9c4-ad70-kr-c1a1-c6d4-b3d9:region_tutor,/tutor/kr-c778-cc9c-kr-c778-cc9c-c639-c9c4-ad70-kr-c1a1-c6d4-b3d9/region_tutor,READY_AS_IS,true,인천,25,true,C:\프로젝트\tutorplan\output\tutor\kr-c778-cc9c-kr-c778-cc9c-c639-c9c4-ad70-kr-c1a1-c6d4-b3d9\region_tutor\index.html,True,GENERATED_K
candidate:tutor:kr-c778-cc9c-kr-c778-cc9c-c639-c9c4-ad70-kr-c720-b3d9:region_tutor,/tutor/kr-c778-cc9c-kr-c778-cc9c-c639-c9c4-ad70-kr-c720-b3d9/region_tutor,READY_AS_IS,true,인천,26,true,C:\프로젝트\tutorplan\output\tutor\kr-c778-cc9c-kr-c778-cc9c-c639-c9c4-ad70-kr-c720-b3d9\region_tutor\index.html,True,GENERATED_K
candidate:tutor:kr-c778-cc9c-kr-c778-cc9c-c639-c9c4-ad70-kr-c728-baa9-b3d9:region_tutor,/tutor/kr-c778-cc9c-kr-c778-cc9c-c639-c9c4-ad70-kr-c728-baa9-b3d9/region_tutor,READY_AS_IS,true,인천,27,true,C:\프로젝트\tutorplan\output\tutor\kr-c778-cc9c-kr-c778-cc9c-c639-c9c4-ad70-kr-c728-baa9-b3d9\region_tutor\index.html,True,GENERATED_K
candidate:tutor:kr-c778-cc9c-kr-c778-cc9c-c639-c9c4-ad70-kr-b3c4-c6d0-b3d9:region_tutor,/tutor/kr-c778-cc9c-kr-c778-cc9c-c639-c9c4-ad70-kr-b3c4-c6d0-b3d9/region_tutor,READY_AS_IS,true,인천,28,true,C:\프로젝트\tutorplan\output\tutor\kr-c778-cc9c-kr-c778-cc9c-c639-c9c4-ad70-kr-b3c4-c6d0-b3d9\region_tutor\index.html,True,GENERATED_K
candidate:tutor:kr-c778-cc9c-kr-c778-cc9c-c639-c9c4-ad70-kr-c2e0-d765-b3d9:region_tutor,/tutor/kr-c778-cc9c-kr-c778-cc9c-c639-c9c4-ad70-kr-c2e0-d765-b3d9/region_tutor,READY_AS_IS,true,인천,29,true,C:\프로젝트\tutorplan\output\tutor\kr-c778-cc9c-kr-c778-cc9c-c639-c9c4-ad70-kr-c2e0-d765-b3d9\region_tutor\index.html,True,GENERATED_K
candidate:tutor:kr-c778-cc9c-kr-c778-cc9c-c639-c9c4-ad70-kr-c120-d654-b3d9:region_tutor,/tutor/kr-c778-cc9c-kr-c778-cc9c-c639-c9c4-ad70-kr-c120-d654-b3d9/region_tutor,READY_AS_IS,true,인천,30,true,C:\프로젝트\tutorplan\output\tutor\kr-c778-cc9c-kr-c778-cc9c-c639-c9c4-ad70-kr-c120-d654-b3d9\region_tutor\index.html,True,GENERATED_K
candidate:tutor:kr-c778-cc9c-kr-c778-cc9c-c639-c9c4-ad70-kr-c6b4-c11c-b3d9:region_tutor,/tutor/kr-c778-cc9c-kr-c778-cc9c-c639-c9c4-ad70-kr-c6b4-c11c-b3d9/region_tutor,READY_AS_IS,true,인천,32,true,C:\프로젝트\tutorplan\output\tutor\kr-c778-cc9c-kr-c778-cc9c-c639-c9c4-ad70-kr-c6b4-c11c-b3d9\region_tutor\index.html,True,GENERATED_K
candidate:tutor:kr-c778-cc9c-kr-c778-cc9c-c639-c9c4-ad70-kr-c6b4-b0a8-b3d9:region_tutor,/tutor/kr-c778-cc9c-kr-c778-cc9c-c639-c9c4-ad70-kr-c6b4-b0a8-b3d9/region_tutor,READY_AS_IS,true,인천,33,true,C:\프로젝트\tutorplan\output\tutor\kr-c778-cc9c-kr-c778-cc9c-c639-c9c4-ad70-kr-c6b4-b0a8-b3d9\region_tutor\index.html,True,GENERATED_K
candidate:tutor:kr-c778-cc9c-kr-c778-cc9c-c639-c9c4-ad70-kr-c6b4-bd81-b3d9:region_tutor,/tutor/kr-c778-cc9c-kr-c778-cc9c-c639-c9c4-ad70-kr-c6b4-bd81-b3d9/region_tutor,READY_AS_IS,true,인천,34,true,C:\프로젝트\tutorplan\output\tutor\kr-c778-cc9c-kr-c778-cc9c-c639-c9c4-ad70-kr-c6b4-bd81-b3d9\region_tutor\index.html,True,GENERATED_K
candidate:tutor:kr-c778-cc9c-kr-c778-cc9c-c639-c9c4-ad70-kr-c911-c0b0-b3d9:region_tutor,/tutor/kr-c778-cc9c-kr-c778-cc9c-c639-c9c4-ad70-kr-c911-c0b0-b3d9/region_tutor,READY_AS_IS,true,인천,35,true,C:\프로젝트\tutorplan\output\tutor\kr-c778-cc9c-kr-c778-cc9c-c639-c9c4-ad70-kr-c911-c0b0-b3d9\region_tutor\index.html,True,GENERATED_K
candidate:tutor:kr-c778-cc9c-kr-c778-cc9c-c639-c9c4-ad70-kr-b0a8-bd81-b3d9:region_tutor,/tutor/kr-c778-cc9c-kr-c778-cc9c-c639-c9c4-ad70-kr-b0a8-bd81-b3d9/region_tutor,READY_AS_IS,true,인천,36,true,C:\프로젝트\tutorplan\output\tutor\kr-c778-cc9c-kr-c778-cc9c-c639-c9c4-ad70-kr-b0a8-bd81-b3d9\region_tutor\index.html,True,GENERATED_K
candidate:tutor:kr-c778-cc9c-kr-c778-cc9c-c639-c9c4-ad70-kr-b355-ad50-b3d9:region_tutor,/tutor/kr-c778-cc9c-kr-c778-cc9c-c639-c9c4-ad70-kr-b355-ad50-b3d9/region_tutor,READY_AS_IS,true,인천,37,true,C:\프로젝트\tutorplan\output\tutor\kr-c778-cc9c-kr-c778-cc9c-c639-c9c4-ad70-kr-b355-ad50-b3d9\region_tutor\index.html,True,GENERATED_K
candidate:tutor:kr-c778-cc9c-kr-c778-cc9c-c639-c9c4-ad70-kr-c744-c655-b3d9:region_tutor,/tutor/kr-c778-cc9c-kr-c778-cc9c-c639-c9c4-ad70-kr-c744-c655-b3d9/region_tutor,READY_AS_IS,true,인천,38,true,C:\프로젝트\tutorplan\output\tutor\kr-c778-cc9c-kr-c778-cc9c-c639-c9c4-ad70-kr-c744-c655-b3d9\region_tutor\index.html,True,GENERATED_K
candidate:tutor:kr-c778-cc9c-kr-c778-cc9c-c639-c9c4-ad70-kr-bb34-c758-b3d9:region_tutor,/tutor/kr-c778-cc9c-kr-c778-cc9c-c639-c9c4-ad70-kr-bb34-c758-b3d9/region_tutor,READY_AS_IS,true,인천,39,true,C:\프로젝트\tutorplan\output\tutor\kr-c778-cc9c-kr-c778-cc9c-c639-c9c4-ad70-kr-bb34-c758-b3d9\region_tutor\index.html,True,GENERATED_K
candidate:tutor:kr-c778-cc9c-kr-c778-cc9c-c639-c9c4-ad70-kr-b9cc-c11d-b3d9:region_tutor,/tutor/kr-c778-cc9c-kr-c778-cc9c-c639-c9c4-ad70-kr-b9cc-c11d-b3d9/region_tutor,READY_AS_IS,true,인천,40,true,C:\프로젝트\tutorplan\output\tutor\kr-c778-cc9c-kr-c778-cc9c-c639-c9c4-ad70-kr-b9cc-c11d-b3d9\region_tutor\index.html,True,GENERATED_K
candidate:tutor:kr-c778-cc9c-kr-c778-cc9c-c639-c9c4-ad70-kr-d654-c218-b3d9:region_tutor,/tutor/kr-c778-cc9c-kr-c778-cc9c-c639-c9c4-ad70-kr-d654-c218-b3d9/region_tutor,READY_AS_IS,true,인천,41,true,C:\프로젝트\tutorplan\output\tutor\kr-c778-cc9c-kr-c778-cc9c-c639-c9c4-ad70-kr-d654-c218-b3d9\region_tutor\index.html,True,GENERATED_K
candidate:tutor:kr-c778-cc9c-kr-c778-cc9c-c639-c9c4-ad70-kr-c1a1-d604-b3d9:region_tutor,/tutor/kr-c778-cc9c-kr-c778-cc9c-c639-c9c4-ad70-kr-c1a1-d604-b3d9/region_tutor,READY_AS_IS,true,인천,42,true,C:\프로젝트\tutorplan\output\tutor\kr-c778-cc9c-kr-c778-cc9c-c639-c9c4-ad70-kr-c1a1-d604-b3d9\region_tutor\index.html,True,GENERATED_K
candidate:tutor:kr-c778-cc9c-kr-c778-cc9c-c639-c9c4-ad70-kr-d654-d3c9-b3d9:region_tutor,/tutor/kr-c778-cc9c-kr-c778-cc9c-c639-c9c4-ad70-kr-d654-d3c9-b3d9/region_tutor,READY_AS_IS,true,인천,43,true,C:\프로젝트\tutorplan\output\tutor\kr-c778-cc9c-kr-c778-cc9c-c639-c9c4-ad70-kr-d654-d3c9-b3d9\region_tutor\index.html,True,GENERATED_K
candidate:tutor:kr-c778-cc9c-kr-c778-cc9c-c639-c9c4-ad70-kr-cc3d-c601-b3d9:region_tutor,/tutor/kr-c778-cc9c-kr-c778-cc9c-c639-c9c4-ad70-kr-cc3d-c601-b3d9/region_tutor,READY_AS_IS,true,인천,44,true,C:\프로젝트\tutorplan\output\tutor\kr-c778-cc9c-kr-c778-cc9c-c639-c9c4-ad70-kr-cc3d-c601-b3d9\region_tutor\index.html,True,GENERATED_K
candidate:tutor:kr-c778-cc9c-kr-c778-cc9c-c639-c9c4-ad70-kr-ae08-ace1-b3d9:region_tutor,/tutor/kr-c778-cc9c-kr-c778-cc9c-c639-c9c4-ad70-kr-ae08-ace1-b3d9/region_tutor,READY_AS_IS,true,인천,45,true,C:\프로젝트\tutorplan\output\tutor\kr-c778-cc9c-kr-c778-cc9c-c639-c9c4-ad70-kr-ae08-ace1-b3d9\region_tutor\index.html,True,GENERATED_K
candidate:tutor:kr-c778-cc9c-kr-c778-cc9c-c639-c9c4-ad70-kr-c1a1-b9bc-b3d9:region_tutor,/tutor/kr-c778-cc9c-kr-c778-cc9c-c639-c9c4-ad70-kr-c1a1-b9bc-b3d9/region_tutor,READY_AS_IS,true,인천,46,true,C:\프로젝트\tutorplan\output\tutor\kr-c778-cc9c-kr-c778-cc9c-c639-c9c4-ad70-kr-c1a1-b9bc-b3d9\region_tutor\index.html,True,GENERATED_K
candidate:tutor:kr-c778-cc9c-kr-c778-cc9c-c639-c9c4-ad70-kr-c22d-c758-b3d9:region_tutor,/tutor/kr-c778-cc9c-kr-c778-cc9c-c639-c9c4-ad70-kr-c22d-c758-b3d9/region_tutor,READY_AS_IS,true,인천,47,true,C:\프로젝트\tutorplan\output\tutor\kr-c778-cc9c-kr-c778-cc9c-c639-c9c4-ad70-kr-c22d-c758-b3d9\region_tutor\index.html,True,GENERATED_K
candidate:tutor:kr-c778-cc9c-kr-c778-cc9c-c639-c9c4-ad70-kr-c6a9-d604-b3d9:region_tutor,/tutor/kr-c778-cc9c-kr-c778-cc9c-c639-c9c4-ad70-kr-c6a9-d604-b3d9/region_tutor,READY_AS_IS,true,인천,48,true,C:\프로젝트\tutorplan\output\tutor\kr-c778-cc9c-kr-c778-cc9c-c639-c9c4-ad70-kr-c6a9-d604-b3d9\region_tutor\index.html,True,GENERATED_K
candidate:tutor:kr-c778-cc9c-kr-c778-cc9c-c639-c9c4-ad70-kr-d559-c775-b3d9:region_tutor,/tutor/kr-c778-cc9c-kr-c778-cc9c-c639-c9c4-ad70-kr-d559-c775-b3d9/region_tutor,READY_AS_IS,true,인천,49,true,C:\프로젝트\tutorplan\output\tutor\kr-c778-cc9c-kr-c778-cc9c-c639-c9c4-ad70-kr-d559-c775-b3d9\region_tutor\index.html,True,GENERATED_K
candidate:tutor:kr-c778-cc9c-kr-c778-cc9c-c639-c9c4-ad70-kr-b3c4-d654-b3d9:region_tutor,/tutor/kr-c778-cc9c-kr-c778-cc9c-c639-c9c4-ad70-kr-b3c4-d654-b3d9/region_tutor,READY_AS_IS,true,인천,50,true,C:\프로젝트\tutorplan\output\tutor\kr-c778-cc9c-kr-c778-cc9c-c639-c9c4-ad70-kr-b3c4-d654-b3d9\region_tutor\index.html,True,GENERATED_K
candidate:tutor:kr-c778-cc9c-kr-c778-cc9c-c639-c9c4-ad70-kr-c8fc-c548-b3d9:region_tutor,/tutor/kr-c778-cc9c-kr-c778-cc9c-c639-c9c4-ad70-kr-c8fc-c548-b3d9/region_tutor,READY_AS_IS,true,인천,51,true,C:\프로젝트\tutorplan\output\tutor\kr-c778-cc9c-kr-c778-cc9c-c639-c9c4-ad70-kr-c8fc-c548-b3d9\region_tutor\index.html,True,GENERATED_K
candidate:tutor:kr-c778-cc9c-kr-c778-cc9c-c639-c9c4-ad70-kr-ad00-ad50-b3d9:region_tutor,/tutor/kr-c778-cc9c-kr-c778-cc9c-c639-c9c4-ad70-kr-ad00-ad50-b3d9/region_tutor,READY_AS_IS,true,인천,52,true,C:\프로젝트\tutorplan\output\tutor\kr-c778-cc9c-kr-c778-cc9c-c639-c9c4-ad70-kr-ad00-ad50-b3d9\region_tutor\index.html,True,GENERATED_K
candidate:tutor:kr-c778-cc9c-kr-c778-cc9c-c639-c9c4-ad70-kr-bb38-d559-b3d9:region_tutor,/tutor/kr-c778-cc9c-kr-c778-cc9c-c639-c9c4-ad70-kr-bb38-d559-b3d9/region_tutor,READY_AS_IS,true,인천,53,true,C:\프로젝트\tutorplan\output\tutor\kr-c778-cc9c-kr-c778-cc9c-c639-c9c4-ad70-kr-bb38-d559-b3d9\region_tutor\index.html,True,GENERATED_K
candidate:tutor:kr-c778-cc9c-kr-c778-cc9c-c639-c9c4-ad70-kr-c625-b828-b3d9:region_tutor,/tutor/kr-c778-cc9c-kr-c778-cc9c-c639-c9c4-ad70-kr-c625-b828-b3d9/region_tutor,READY_AS_IS,true,인천,54,true,C:\프로젝트\tutorplan\output\tutor\kr-c778-cc9c-kr-c778-cc9c-c639-c9c4-ad70-kr-c625-b828-b3d9\region_tutor\index.html,True,GENERATED_K
candidate:tutor:kr-c778-cc9c-kr-c778-cc9c-c639-c9c4-ad70-kr-c120-d559-b3d9:region_tutor,/tutor/kr-c778-cc9c-kr-c778-cc9c-c639-c9c4-ad70-kr-c120-d559-b3d9/region_tutor,READY_AS_IS,true,인천,55,true,C:\프로젝트\tutorplan\output\tutor\kr-c778-cc9c-kr-c778-cc9c-c639-c9c4-ad70-kr-c120-d559-b3d9\region_tutor\index.html,True,GENERATED_K
candidate:tutor:kr-c778-cc9c-kr-c778-cc9c-c639-c9c4-ad70-kr-c5f0-c218-b3d9:region_tutor,/tutor/kr-c778-cc9c-kr-c778-cc9c-c639-c9c4-ad70-kr-c5f0-c218-b3d9/region_tutor,READY_AS_IS,true,인천,56,true,C:\프로젝트\tutorplan\output\tutor\kr-c778-cc9c-kr-c778-cc9c-c639-c9c4-ad70-kr-c5f0-c218-b3d9\region_tutor\index.html,True,GENERATED_K
candidate:tutor:kr-c778-cc9c-kr-c778-cc9c-c639-c9c4-ad70-kr-ccad-d559-b3d9:region_tutor,/tutor/kr-c778-cc9c-kr-c778-cc9c-c639-c9c4-ad70-kr-ccad-d559-b3d9/region_tutor,READY_AS_IS,true,인천,57,true,C:\프로젝트\tutorplan\output\tutor\kr-c778-cc9c-kr-c778-cc9c-c639-c9c4-ad70-kr-ccad-d559-b3d9\region_tutor\index.html,True,GENERATED_K
candidate:tutor:kr-c778-cc9c-kr-c778-cc9c-c639-c9c4-ad70-kr-b3d9-cd98-b3d9:region_tutor,/tutor/kr-c778-cc9c-kr-c778-cc9c-c639-c9c4-ad70-kr-b3d9-cd98-b3d9/region_tutor,READY_AS_IS,true,인천,58,true,C:\프로젝트\tutorplan\output\tutor\kr-c778-cc9c-kr-c778-cc9c-c639-c9c4-ad70-kr-b3d9-cd98-b3d9\region_tutor\index.html,True,GENERATED_K
candidate:tutor:kr-c778-cc9c-kr-c778-cc9c-c639-c9c4-ad70-kr-c1a1-b3c4-b3d9:region_tutor,/tutor/kr-c778-cc9c-kr-c778-cc9c-c639-c9c4-ad70-kr-c1a1-b3c4-b3d9/region_tutor,READY_AS_IS,true,인천,59,true,C:\프로젝트\tutorplan\output\tutor\kr-c778-cc9c-kr-c778-cc9c-c639-c9c4-ad70-kr-c1a1-b3c4-b3d9\region_tutor\index.html,True,GENERATED_K
candidate:tutor:kr-c778-cc9c-kr-c778-cc9c-c639-c9c4-ad70-kr-ad6c-c6d4-b3d9:region_tutor,/tutor/kr-c778-cc9c-kr-c778-cc9c-c639-c9c4-ad70-kr-ad6c-c6d4-b3d9/region_tutor,READY_AS_IS,true,인천,60,true,C:\프로젝트\tutorplan\output\tutor\kr-c778-cc9c-kr-c778-cc9c-c639-c9c4-ad70-kr-ad6c-c6d4-b3d9\region_tutor\index.html,True,GENERATED_K
candidate:tutor:kr-c778-cc9c-kr-c778-cc9c-c639-c9c4-ad70-kr-ac04-c11d-b3d9:region_tutor,/tutor/kr-c778-cc9c-kr-c778-cc9c-c639-c9c4-ad70-kr-ac04-c11d-b3d9/region_tutor,READY_AS_IS,true,인천,61,true,C:\프로젝트\tutorplan\output\tutor\kr-c778-cc9c-kr-c778-cc9c-c639-c9c4-ad70-kr-ac04-c11d-b3d9\region_tutor\index.html,True,GENERATED_K
candidate:tutor:kr-c778-cc9c-kr-c778-cc9c-c639-c9c4-ad70-kr-b9cc-c218-b3d9:region_tutor,/tutor/kr-c778-cc9c-kr-c778-cc9c-c639-c9c4-ad70-kr-b9cc-c218-b3d9/region_tutor,READY_AS_IS,true,인천,62,true,C:\프로젝트\tutorplan\output\tutor\kr-c778-cc9c-kr-c778-cc9c-c639-c9c4-ad70-kr-b9cc-c218-b3d9\region_tutor\index.html,True,GENERATED_K
candidate:tutor:kr-c778-cc9c-kr-c778-cc9c-c639-c9c4-ad70-kr-c7a5-c218-b3d9:region_tutor,/tutor/kr-c778-cc9c-kr-c778-cc9c-c639-c9c4-ad70-kr-c7a5-c218-b3d9/region_tutor,READY_AS_IS,true,인천,63,true,C:\프로젝트\tutorplan\output\tutor\kr-c778-cc9c-kr-c778-cc9c-c639-c9c4-ad70-kr-c7a5-c218-b3d9\region_tutor\index.html,True,GENERATED_K
candidate:tutor:kr-c778-cc9c-kr-c778-cc9c-c639-c9c4-ad70-kr-c11c-cc3d-b3d9:region_tutor,/tutor/kr-c778-cc9c-kr-c778-cc9c-c639-c9c4-ad70-kr-c11c-cc3d-b3d9/region_tutor,READY_AS_IS,true,인천,64,true,C:\프로젝트\tutorplan\output\tutor\kr-c778-cc9c-kr-c778-cc9c-c639-c9c4-ad70-kr-c11c-cc3d-b3d9\region_tutor\index.html,True,GENERATED_K
candidate:tutor:kr-c778-cc9c-kr-c778-cc9c-c639-c9c4-ad70-kr-c6b4-c5f0-b3d9:region_tutor,/tutor/kr-c778-cc9c-kr-c778-cc9c-c639-c9c4-ad70-kr-c6b4-c5f0-b3d9/region_tutor,READY_AS_IS,true,인천,65,true,C:\프로젝트\tutorplan\output\tutor\kr-c778-cc9c-kr-c778-cc9c-c639-c9c4-ad70-kr-c6b4-c5f0-b3d9\region_tutor\index.html,True,GENERATED_K
candidate:tutor:kr-c778-cc9c-kr-c778-cc9c-c639-c9c4-ad70-kr-b0a8-cd0c-b3d9:region_tutor,/tutor/kr-c778-cc9c-kr-c778-cc9c-c639-c9c4-ad70-kr-b0a8-cd0c-b3d9/region_tutor,READY_AS_IS,true,인천,66,true,C:\프로젝트\tutorplan\output\tutor\kr-c778-cc9c-kr-c778-cc9c-c639-c9c4-ad70-kr-b0a8-cd0c-b3d9\region_tutor\index.html,True,GENERATED_K
candidate:tutor:kr-c778-cc9c-kr-c778-cc9c-c639-c9c4-ad70-kr-c218-c0b0-b3d9:region_tutor,/tutor/kr-c778-cc9c-kr-c778-cc9c-c639-c9c4-ad70-kr-c218-c0b0-b3d9/region_tutor,READY_AS_IS,true,인천,67,true,C:\프로젝트\tutorplan\output\tutor\kr-c778-cc9c-kr-c778-cc9c-c639-c9c4-ad70-kr-c218-c0b0-b3d9\region_tutor\index.html,True,GENERATED_K
candidate:tutor:kr-c778-cc9c-kr-c778-cc9c-c639-c9c4-ad70-kr-b3c4-b9bc-b3d9:region_tutor,/tutor/kr-c778-cc9c-kr-c778-cc9c-c639-c9c4-ad70-kr-b3c4-b9bc-b3d9/region_tutor,READY_AS_IS,true,인천,68,true,C:\프로젝트\tutorplan\output\tutor\kr-c778-cc9c-kr-c778-cc9c-c639-c9c4-ad70-kr-b3c4-b9bc-b3d9\region_tutor\index.html,True,GENERATED_K
candidate:tutor:kr-c778-cc9c-kr-c778-cc9c-c639-c9c4-ad70-kr-b17c-d604-b3d9:region_tutor,/tutor/kr-c778-cc9c-kr-c778-cc9c-c639-c9c4-ad70-kr-b17c-d604-b3d9/region_tutor,READY_AS_IS,true,인천,69,true,C:\프로젝트\tutorplan\output\tutor\kr-c778-cc9c-kr-c778-cc9c-c639-c9c4-ad70-kr-b17c-d604-b3d9\region_tutor\index.html,True,GENERATED_K
candidate:tutor:kr-c778-cc9c-kr-c778-cc9c-c639-c9c4-ad70-kr-ace0-c794-b3d9:region_tutor,/tutor/kr-c778-cc9c-kr-c778-cc9c-c639-c9c4-ad70-kr-ace0-c794-b3d9/region_tutor,READY_AS_IS,true,인천,70,true,C:\프로젝트\tutorplan\output\tutor\kr-c778-cc9c-kr-c778-cc9c-c639-c9c4-ad70-kr-ace0-c794-b3d9\region_tutor\index.html,True,GENERATED_K
candidate:tutor:kr-c778-cc9c-kr-c778-cc9c-c639-c9c4-ad70-kr-bd80-d3c9-b3d9:region_tutor,/tutor/kr-c778-cc9c-kr-c778-cc9c-c639-c9c4-ad70-kr-bd80-d3c9-b3d9/region_tutor,READY_AS_IS,true,인천,71,true,C:\프로젝트\tutorplan\output\tutor\kr-c778-cc9c-kr-c778-cc9c-c639-c9c4-ad70-kr-bd80-d3c9-b3d9\region_tutor\index.html,True,GENERATED_K
candidate:tutor:kr-c778-cc9c-kr-c778-cc9c-c639-c9c4-ad70-kr-c2ed-c815-b3d9:region_tutor,/tutor/kr-c778-cc9c-kr-c778-cc9c-c639-c9c4-ad70-kr-c2ed-c815-b3d9/region_tutor,READY_AS_IS,true,인천,72,true,C:\프로젝트\tutorplan\output\tutor\kr-c778-cc9c-kr-c778-cc9c-c639-c9c4-ad70-kr-c2ed-c815-b3d9\region_tutor\index.html,True,GENERATED_K
candidate:tutor:kr-c778-cc9c-kr-c778-cc9c-c639-c9c4-ad70-kr-c0b0-ace1-b3d9:region_tutor,/tutor/kr-c778-cc9c-kr-c778-cc9c-c639-c9c4-ad70-kr-c0b0-ace1-b3d9/region_tutor,READY_AS_IS,true,인천,73,true,C:\프로젝트\tutorplan\output\tutor\kr-c778-cc9c-kr-c778-cc9c-c639-c9c4-ad70-kr-c0b0-ace1-b3d9\region_tutor\index.html,True,GENERATED_K
candidate:tutor:kr-c778-cc9c-kr-c778-cc9c-c639-c9c4-ad70-kr-ccad-cc9c-b3d9:region_tutor,/tutor/kr-c778-cc9c-kr-c778-cc9c-c639-c9c4-ad70-kr-ccad-cc9c-b3d9/region_tutor,READY_AS_IS,true,인천,74,true,C:\프로젝트\tutorplan\output\tutor\kr-c778-cc9c-kr-c778-cc9c-c639-c9c4-ad70-kr-ccad-cc9c-b3d9\region_tutor\index.html,True,GENERATED_K
candidate:tutor:kr-c778-cc9c-kr-c778-cc9c-c639-c9c4-ad70-kr-ac08-c0b0-b3d9:region_tutor,/tutor/kr-c778-cc9c-kr-c778-cc9c-c639-c9c4-ad70-kr-ac08-c0b0-b3d9/region_tutor,READY_AS_IS,true,인천,75,true,C:\프로젝트\tutorplan\output\tutor\kr-c778-cc9c-kr-c778-cc9c-c639-c9c4-ad70-kr-ac08-c0b0-b3d9\region_tutor\index.html,True,GENERATED_K
candidate:tutor:kr-c778-cc9c-kr-c778-cc9c-c639-c9c4-ad70-kr-c0bc-c0b0-b3d9:region_tutor,/tutor/kr-c778-cc9c-kr-c778-cc9c-c639-c9c4-ad70-kr-c0bc-c0b0-b3d9/region_tutor,READY_AS_IS,true,인천,76,true,C:\프로젝트\tutorplan\output\tutor\kr-c778-cc9c-kr-c778-cc9c-c639-c9c4-ad70-kr-c0bc-c0b0-b3d9\region_tutor\index.html,True,GENERATED_K
candidate:tutor:kr-c778-cc9c-kr-c778-cc9c-c639-c9c4-ad70-kr-bd80-ac1c-b3d9:region_tutor,/tutor/kr-c778-cc9c-kr-c778-cc9c-c639-c9c4-ad70-kr-bd80-ac1c-b3d9/region_tutor,READY_AS_IS,true,인천,77,true,C:\프로젝트\tutorplan\output\tutor\kr-c778-cc9c-kr-c778-cc9c-c639-c9c4-ad70-kr-bd80-ac1c-b3d9\region_tutor\index.html,True,GENERATED_K
candidate:tutor:kr-c778-cc9c-kr-c778-cc9c-c639-c9c4-ad70-kr-c77c-c2e0-b3d9:region_tutor,/tutor/kr-c778-cc9c-kr-c778-cc9c-c639-c9c4-ad70-kr-c77c-c2e0-b3d9/region_tutor,READY_AS_IS,true,인천,78,true,C:\프로젝트\tutorplan\output\tutor\kr-c778-cc9c-kr-c778-cc9c-c639-c9c4-ad70-kr-c77c-c2e0-b3d9\region_tutor\index.html,True,GENERATED_K
candidate:tutor:kr-c778-cc9c-kr-c778-cc9c-c639-c9c4-ad70-kr-ad6c-c0b0-b3d9:region_tutor,/tutor/kr-c778-cc9c-kr-c778-cc9c-c639-c9c4-ad70-kr-ad6c-c0b0-b3d9/region_tutor,READY_AS_IS,true,인천,79,true,C:\프로젝트\tutorplan\output\tutor\kr-c778-cc9c-kr-c778-cc9c-c639-c9c4-ad70-kr-ad6c-c0b0-b3d9\region_tutor\index.html,True,GENERATED_K
candidate:tutor:kr-c778-cc9c-kr-c778-cc9c-c639-c9c4-ad70-kr-d6a8-c131-b3d9:region_tutor,/tutor/kr-c778-cc9c-kr-c778-cc9c-c639-c9c4-ad70-kr-d6a8-c131-b3d9/region_tutor,READY_AS_IS,true,인천,80,true,C:\프로젝트\tutorplan\output\tutor\kr-c778-cc9c-kr-c778-cc9c-c639-c9c4-ad70-kr-d6a8-c131-b3d9\region_tutor\index.html,True,GENERATED_K
candidate:tutor:kr-c778-cc9c-kr-c778-cc9c-c639-c9c4-ad70-kr-acc4-c0b0-b3d9:region_tutor,/tutor/kr-c778-cc9c-kr-c778-cc9c-c639-c9c4-ad70-kr-acc4-c0b0-b3d9/region_tutor,READY_AS_IS,true,인천,81,true,C:\프로젝트\tutorplan\output\tutor\kr-c778-cc9c-kr-c778-cc9c-c639-c9c4-ad70-kr-acc4-c0b0-b3d9\region_tutor\index.html,True,GENERATED_K
candidate:tutor:kr-c778-cc9c-kr-c778-cc9c-c639-c9c4-ad70-kr-c791-c804-b3d9:region_tutor,/tutor/kr-c778-cc9c-kr-c778-cc9c-c639-c9c4-ad70-kr-c791-c804-b3d9/region_tutor,READY_AS_IS,true,인천,82,true,C:\프로젝트\tutorplan\output\tutor\kr-c778-cc9c-kr-c778-cc9c-c639-c9c4-ad70-kr-c791-c804-b3d9\region_tutor\index.html,True,GENERATED_K
candidate:tutor:kr-c778-cc9c-kr-c778-cc9c-c639-c9c4-ad70-kr-c11c-c6b4-b3d9:region_tutor,/tutor/kr-c778-cc9c-kr-c778-cc9c-c639-c9c4-ad70-kr-c11c-c6b4-b3d9/region_tutor,READY_AS_IS,true,인천,83,true,C:\프로젝트\tutorplan\output\tutor\kr-c778-cc9c-kr-c778-cc9c-c639-c9c4-ad70-kr-c11c-c6b4-b3d9\region_tutor\index.html,True,GENERATED_K
candidate:tutor:kr-c778-cc9c-kr-c778-cc9c-c639-c9c4-ad70-kr-c784-d559-b3d9:region_tutor,/tutor/kr-c778-cc9c-kr-c778-cc9c-c639-c9c4-ad70-kr-c784-d559-b3d9/region_tutor,READY_AS_IS,true,인천,84,true,C:\프로젝트\tutorplan\output\tutor\kr-c778-cc9c-kr-c778-cc9c-c639-c9c4-ad70-kr-c784-d559-b3d9\region_tutor\index.html,True,GENERATED_K
candidate:tutor:kr-c778-cc9c-kr-c778-cc9c-c639-c9c4-ad70-kr-c6a9-c885-b3d9:region_tutor,/tutor/kr-c778-cc9c-kr-c778-cc9c-c639-c9c4-ad70-kr-c6a9-c885-b3d9/region_tutor,READY_AS_IS,true,인천,85,true,C:\프로젝트\tutorplan\output\tutor\kr-c778-cc9c-kr-c778-cc9c-c639-c9c4-ad70-kr-c6a9-c885-b3d9\region_tutor\index.html,True,GENERATED_K
candidate:tutor:kr-c778-cc9c-kr-c778-cc9c-c639-c9c4-ad70-kr-bcd1-bc29-b3d9:region_tutor,/tutor/kr-c778-cc9c-kr-c778-cc9c-c639-c9c4-ad70-kr-bcd1-bc29-b3d9/region_tutor,READY_AS_IS,true,인천,86,true,C:\프로젝트\tutorplan\output\tutor\kr-c778-cc9c-kr-c778-cc9c-c639-c9c4-ad70-kr-bcd1-bc29-b3d9\region_tutor\index.html,True,GENERATED_K
candidate:tutor:kr-c778-cc9c-kr-c778-cc9c-c639-c9c4-ad70-kr-bc29-cd95-b3d9:region_tutor,/tutor/kr-c778-cc9c-kr-c778-cc9c-c639-c9c4-ad70-kr-bc29-cd95-b3d9/region_tutor,READY_AS_IS,true,인천,87,true,C:\프로젝트\tutorplan\output\tutor\kr-c778-cc9c-kr-c778-cc9c-c639-c9c4-ad70-kr-bc29-cd95-b3d9\region_tutor\index.html,True,GENERATED_K
candidate:tutor:kr-c778-cc9c-kr-c778-cc9c-c639-c9c4-ad70-kr-bc15-cd0c-b3d9:region_tutor,/tutor/kr-c778-cc9c-kr-c778-cc9c-c639-c9c4-ad70-kr-bc15-cd0c-b3d9/region_tutor,READY_AS_IS,true,인천,88,true,C:\프로젝트\tutorplan\output\tutor\kr-c778-cc9c-kr-c778-cc9c-c639-c9c4-ad70-kr-bc15-cd0c-b3d9\region_tutor\index.html,True,GENERATED_K
candidate:tutor:kr-c778-cc9c-kr-c778-cc9c-c639-c9c4-ad70-kr-b3d9-c591-b3d9:region_tutor,/tutor/kr-c778-cc9c-kr-c778-cc9c-c639-c9c4-ad70-kr-b3d9-c591-b3d9/region_tutor,READY_AS_IS,true,인천,89,true,C:\프로젝트\tutorplan\output\tutor\kr-c778-cc9c-kr-c778-cc9c-c639-c9c4-ad70-kr-b3d9-c591-b3d9\region_tutor\index.html,True,GENERATED_K
candidate:tutor:kr-c778-cc9c-kr-c778-cc9c-c639-c9c4-ad70-kr-ade4-d604-b3d9:region_tutor,/tutor/kr-c778-cc9c-kr-c778-cc9c-c639-c9c4-ad70-kr-ade4-d604-b3d9/region_tutor,READY_AS_IS,true,인천,90,true,C:\프로젝트\tutorplan\output\tutor\kr-c778-cc9c-kr-c778-cc9c-c639-c9c4-ad70-kr-ade4-d604-b3d9\region_tutor\index.html,True,GENERATED_K
candidate:tutor:kr-c778-cc9c-kr-c778-cc9c-c639-c9c4-ad70-kr-c0c1-c57c-b3d9:region_tutor,/tutor/kr-c778-cc9c-kr-c778-cc9c-c639-c9c4-ad70-kr-c0c1-c57c-b3d9/region_tutor,READY_AS_IS,true,인천,91,true,C:\프로젝트\tutorplan\output\tutor\kr-c778-cc9c-kr-c778-cc9c-c639-c9c4-ad70-kr-c0c1-c57c-b3d9\region_tutor\index.html,True,GENERATED_K
candidate:tutor:kr-c778-cc9c-kr-c778-cc9c-c639-c9c4-ad70-kr-d558-c57c-b3d9:region_tutor,/tutor/kr-c778-cc9c-kr-c778-cc9c-c639-c9c4-ad70-kr-d558-c57c-b3d9/region_tutor,READY_AS_IS,true,인천,92,true,C:\프로젝트\tutorplan\output\tutor\kr-c778-cc9c-kr-c778-cc9c-c639-c9c4-ad70-kr-d558-c57c-b3d9\region_tutor\index.html,True,GENERATED_K
candidate:tutor:kr-c778-cc9c-kr-c778-cc9c-c639-c9c4-ad70-kr-d3c9-b3d9:region_tutor,/tutor/kr-c778-cc9c-kr-c778-cc9c-c639-c9c4-ad70-kr-d3c9-b3d9/region_tutor,READY_AS_IS,true,인천,93,true,C:\프로젝트\tutorplan\output\tutor\kr-c778-cc9c-kr-c778-cc9c-c639-c9c4-ad70-kr-d3c9-b3d9\region_tutor\index.html,True,GENERATED_K
candidate:tutor:kr-c778-cc9c-kr-c778-cc9c-c639-c9c4-ad70-kr-b178-c624-c9c0-b3d9:region_tutor,/tutor/kr-c778-cc9c-kr-c778-cc9c-c639-c9c4-ad70-kr-b178-c624-c9c0-b3d9/region_tutor,READY_AS_IS,true,인천,94,true,C:\프로젝트\tutorplan\output\tutor\kr-c778-cc9c-kr-c778-cc9c-c639-c9c4-ad70-kr-b178-c624-c9c0-b3d9\region_tutor\index.html,True,GENERATED_K
candidate:tutor:kr-c778-cc9c-kr-c778-cc9c-c639-c9c4-ad70-kr-c120-c8fc-c9c0-b3d9:region_tutor,/tutor/kr-c778-cc9c-kr-c778-cc9c-c639-c9c4-ad70-kr-c120-c8fc-c9c0-b3d9/region_tutor,READY_AS_IS,true,인천,95,true,C:\프로젝트\tutorplan\output\tutor\kr-c778-cc9c-kr-c778-cc9c-c639-c9c4-ad70-kr-c120-c8fc-c9c0-b3d9\region_tutor\index.html,True,GENERATED_K
candidate:tutor:kr-c778-cc9c-kr-c778-cc9c-c639-c9c4-ad70-kr-c774-d654-b3d9:region_tutor,/tutor/kr-c778-cc9c-kr-c778-cc9c-c639-c9c4-ad70-kr-c774-d654-b3d9/region_tutor,READY_AS_IS,true,인천,96,true,C:\프로젝트\tutorplan\output\tutor\kr-c778-cc9c-kr-c778-cc9c-c639-c9c4-ad70-kr-c774-d654-b3d9\region_tutor\index.html,True,GENERATED_K
candidate:tutor:kr-c778-cc9c-kr-c778-cc9c-c639-c9c4-ad70-kr-c624-b958-b3d9:region_tutor,/tutor/kr-c778-cc9c-kr-c778-cc9c-c639-c9c4-ad70-kr-c624-b958-b3d9/region_tutor,READY_AS_IS,true,인천,97,true,C:\프로젝트\tutorplan\output\tutor\kr-c778-cc9c-kr-c778-cc9c-c639-c9c4-ad70-kr-c624-b958-b3d9\region_tutor\index.html,True,GENERATED_K
candidate:tutor:kr-c778-cc9c-kr-c778-cc9c-c639-c9c4-ad70-kr-ac08-d604-b3d9:region_tutor,/tutor/kr-c778-cc9c-kr-c778-cc9c-c639-c9c4-ad70-kr-ac08-d604-b3d9/region_tutor,READY_AS_IS,true,인천,98,true,C:\프로젝트\tutorplan\output\tutor\kr-c778-cc9c-kr-c778-cc9c-c639-c9c4-ad70-kr-ac08-d604-b3d9\region_tutor\index.html,True,GENERATED_K
candidate:tutor:kr-c778-cc9c-kr-c778-cc9c-c639-c9c4-ad70-kr-b451-c2e4-b3d9:region_tutor,/tutor/kr-c778-cc9c-kr-c778-cc9c-c639-c9c4-ad70-kr-b451-c2e4-b3d9/region_tutor,READY_AS_IS,true,인천,99,true,C:\프로젝트\tutorplan\output\tutor\kr-c778-cc9c-kr-c778-cc9c-c639-c9c4-ad70-kr-b451-c2e4-b3d9\region_tutor\index.html,True,GENERATED_K
candidate:tutor:kr-c778-cc9c-kr-c778-cc9c-c639-c9c4-ad70-kr-baa9-c0c1-b3d9:region_tutor,/tutor/kr-c778-cc9c-kr-c778-cc9c-c639-c9c4-ad70-kr-baa9-c0c1-b3d9/region_tutor,READY_AS_IS,true,인천,100,true,C:\프로젝트\tutorplan\output\tutor\kr-c778-cc9c-kr-c778-cc9c-c639-c9c4-ad70-kr-baa9-c0c1-b3d9\region_tutor\index.html,True,GENERATED_K
candidate:tutor:kr-c778-cc9c-kr-c778-cc9c-c639-c9c4-ad70-kr-b2e4-b0a8-b3d9:region_tutor,/tutor/kr-c778-cc9c-kr-c778-cc9c-c639-c9c4-ad70-kr-b2e4-b0a8-b3d9/region_tutor,READY_AS_IS,true,인천,101,true,C:\프로젝트\tutorplan\output\tutor\kr-c778-cc9c-kr-c778-cc9c-c639-c9c4-ad70-kr-b2e4-b0a8-b3d9\region_tutor\index.html,True,GENERATED_K
candidate:tutor:kr-c778-cc9c-kr-c778-cc9c-c639-c9c4-ad70-kr-c7a5-ae30-b3d9:region_tutor,/tutor/kr-c778-cc9c-kr-c778-cc9c-c639-c9c4-ad70-kr-c7a5-ae30-b3d9/region_tutor,READY_AS_IS,true,인천,102,true,C:\프로젝트\tutorplan\output\tutor\kr-c778-cc9c-kr-c778-cc9c-c639-c9c4-ad70-kr-c7a5-ae30-b3d9\region_tutor\index.html,True,GENERATED_K
candidate:tutor:kr-c778-cc9c-kr-c778-cc9c-c639-c9c4-ad70-kr-ac00-c815-b3d9:region_tutor,/tutor/kr-c778-cc9c-kr-c778-cc9c-c639-c9c4-ad70-kr-ac00-c815-b3d9/region_tutor,READY_AS_IS,true,인천,103,true,C:\프로젝트\tutorplan\output\tutor\kr-c778-cc9c-kr-c778-cc9c-c639-c9c4-ad70-kr-ac00-c815-b3d9\region_tutor\index.html,True,GENERATED_K
candidate:tutor:kr-c778-cc9c-kr-c778-cc9c-c639-c9c4-ad70-kr-ac00-c88c-b3d9:region_tutor,/tutor/kr-c778-cc9c-kr-c778-cc9c-c639-c9c4-ad70-kr-ac00-c88c-b3d9/region_tutor,READY_AS_IS,true,인천,104,true,C:\프로젝트\tutorplan\output\tutor\kr-c778-cc9c-kr-c778-cc9c-c639-c9c4-ad70-kr-ac00-c88c-b3d9\region_tutor\index.html,True,GENERATED_K
candidate:tutor:kr-c778-cc9c-kr-c778-cc9c-c639-c9c4-ad70-kr-ac80-c554-b3d9:region_tutor,/tutor/kr-c778-cc9c-kr-c778-cc9c-c639-c9c4-ad70-kr-ac80-c554-b3d9/region_tutor,READY_AS_IS,true,인천,105,true,C:\프로젝트\tutorplan\output\tutor\kr-c778-cc9c-kr-c778-cc9c-c639-c9c4-ad70-kr-ac80-c554-b3d9\region_tutor\index.html,True,GENERATED_K
candidate:tutor:kr-c778-cc9c-kr-c778-cc9c-c639-c9c4-ad70-kr-acbd-c11c-b3d9:region_tutor,/tutor/kr-c778-cc9c-kr-c778-cc9c-c639-c9c4-ad70-kr-acbd-c11c-b3d9/region_tutor,READY_AS_IS,true,인천,106,true,C:\프로젝트\tutorplan\output\tutor\kr-c778-cc9c-kr-c778-cc9c-c639-c9c4-ad70-kr-acbd-c11c-b3d9\region_tutor\index.html,True,GENERATED_K
candidate:tutor:kr-c778-cc9c-kr-c778-cc9c-c639-c9c4-ad70-kr-acf5-cd0c-b3d9:region_tutor,/tutor/kr-c778-cc9c-kr-c778-cc9c-c639-c9c4-ad70-kr-acf5-cd0c-b3d9/region_tutor,READY_AS_IS,true,인천,107,true,C:\프로젝트\tutorplan\output\tutor\kr-c778-cc9c-kr-c778-cc9c-c639-c9c4-ad70-kr-acf5-cd0c-b3d9\region_tutor\index.html,True,GENERATED_K
candidate:tutor:kr-c778-cc9c-kr-c778-cc9c-c639-c9c4-ad70-kr-b2f9-d558-b3d9:region_tutor,/tutor/kr-c778-cc9c-kr-c778-cc9c-c639-c9c4-ad70-kr-b2f9-d558-b3d9/region_tutor,READY_AS_IS,true,인천,109,true,C:\프로젝트\tutorplan\output\tutor\kr-c778-cc9c-kr-c778-cc9c-c639-c9c4-ad70-kr-b2f9-d558-b3d9\region_tutor\index.html,True,GENERATED_K
candidate:tutor:kr-c778-cc9c-kr-c778-cc9c-c639-c9c4-ad70-kr-b9c8-c804-b3d9:region_tutor,/tutor/kr-c778-cc9c-kr-c778-cc9c-c639-c9c4-ad70-kr-b9c8-c804-b3d9/region_tutor,READY_AS_IS,true,인천,110,true,C:\프로젝트\tutorplan\output\tutor\kr-c778-cc9c-kr-c778-cc9c-c639-c9c4-ad70-kr-b9c8-c804-b3d9\region_tutor\index.html,True,GENERATED_K
candidate:tutor:kr-c778-cc9c-kr-c778-cc9c-c639-c9c4-ad70-kr-bc31-c11d-b3d9:region_tutor,/tutor/kr-c778-cc9c-kr-c778-cc9c-c639-c9c4-ad70-kr-bc31-c11d-b3d9/region_tutor,READY_AS_IS,true,인천,111,true,C:\프로젝트\tutorplan\output\tutor\kr-c778-cc9c-kr-c778-cc9c-c639-c9c4-ad70-kr-bc31-c11d-b3d9\region_tutor\index.html,True,GENERATED_K
candidate:tutor:kr-c778-cc9c-kr-c778-cc9c-c639-c9c4-ad70-kr-bd88-b85c-b3d9:region_tutor,/tutor/kr-c778-cc9c-kr-c778-cc9c-c639-c9c4-ad70-kr-bd88-b85c-b3d9/region_tutor,READY_AS_IS,true,인천,112,true,C:\프로젝트\tutorplan\output\tutor\kr-c778-cc9c-kr-c778-cc9c-c639-c9c4-ad70-kr-bd88-b85c-b3d9\region_tutor\index.html,True,GENERATED_K
candidate:tutor:kr-c778-cc9c-kr-c778-cc9c-c639-c9c4-ad70-kr-c11d-b0a8-b3d9:region_tutor,/tutor/kr-c778-cc9c-kr-c778-cc9c-c639-c9c4-ad70-kr-c11d-b0a8-b3d9/region_tutor,READY_AS_IS,true,인천,113,true,C:\프로젝트\tutorplan\output\tutor\kr-c778-cc9c-kr-c778-cc9c-c639-c9c4-ad70-kr-c11d-b0a8-b3d9\region_tutor\index.html,True,GENERATED_K
candidate:tutor:kr-c778-cc9c-kr-c778-cc9c-c639-c9c4-ad70-kr-c2dc-cc9c-b3d9:region_tutor,/tutor/kr-c778-cc9c-kr-c778-cc9c-c639-c9c4-ad70-kr-c2dc-cc9c-b3d9/region_tutor,READY_AS_IS,true,인천,114,true,C:\프로젝트\tutorplan\output\tutor\kr-c778-cc9c-kr-c778-cc9c-c639-c9c4-ad70-kr-c2dc-cc9c-b3d9\region_tutor\index.html,True,GENERATED_K
candidate:tutor:kr-c778-cc9c-kr-c778-cc9c-c639-c9c4-ad70-kr-c2e0-d604-b3d9:region_tutor,/tutor/kr-c778-cc9c-kr-c778-cc9c-c639-c9c4-ad70-kr-c2e0-d604-b3d9/region_tutor,READY_AS_IS,true,인천,115,true,C:\프로젝트\tutorplan\output\tutor\kr-c778-cc9c-kr-c778-cc9c-c639-c9c4-ad70-kr-c2e0-d604-b3d9\region_tutor\index.html,True,GENERATED_K
candidate:tutor:kr-c778-cc9c-kr-c778-cc9c-c639-c9c4-ad70-kr-c5f0-d76c-b3d9:region_tutor,/tutor/kr-c778-cc9c-kr-c778-cc9c-c639-c9c4-ad70-kr-c5f0-d76c-b3d9/region_tutor,READY_AS_IS,true,인천,116,true,C:\프로젝트\tutorplan\output\tutor\kr-c778-cc9c-kr-c778-cc9c-c639-c9c4-ad70-kr-c5f0-d76c-b3d9\region_tutor\index.html,True,GENERATED_K
candidate:tutor:kr-c778-cc9c-kr-c778-cc9c-c639-c9c4-ad70-kr-c655-ae38-b3d9:region_tutor,/tutor/kr-c778-cc9c-kr-c778-cc9c-c639-c9c4-ad70-kr-c655-ae38-b3d9/region_tutor,READY_AS_IS,true,인천,118,true,C:\프로젝트\tutorplan\output\tutor\kr-c778-cc9c-kr-c778-cc9c-c639-c9c4-ad70-kr-c655-ae38-b3d9\region_tutor\index.html,True,GENERATED_K
candidate:tutor:kr-c778-cc9c-kr-c778-cc9c-c639-c9c4-ad70-kr-c6d0-b2f9-b3d9:region_tutor,/tutor/kr-c778-cc9c-kr-c778-cc9c-c639-c9c4-ad70-kr-c6d0-b2f9-b3d9/region_tutor,READY_AS_IS,true,인천,119,true,C:\프로젝트\tutorplan\output\tutor\kr-c778-cc9c-kr-c778-cc9c-c639-c9c4-ad70-kr-c6d0-b2f9-b3d9\region_tutor\index.html,True,GENERATED_K
candidate:tutor:kr-c778-cc9c-kr-c778-cc9c-c639-c9c4-ad70-kr-ccad-b77c-b3d9:region_tutor,/tutor/kr-c778-cc9c-kr-c778-cc9c-c639-c9c4-ad70-kr-ccad-b77c-b3d9/region_tutor,READY_AS_IS,true,인천,120,true,C:\프로젝트\tutorplan\output\tutor\kr-c778-cc9c-kr-c778-cc9c-c639-c9c4-ad70-kr-ccad-b77c-b3d9\region_tutor\index.html,True,GENERATED_K
candidate:tutor:kr-c778-cc9c-kr-c778-cc9c-c639-c9c4-ad70-kr-ac15-d654-c74d:region_tutor,/tutor/kr-c778-cc9c-kr-c778-cc9c-c639-c9c4-ad70-kr-ac15-d654-c74d/region_tutor,READY_AS_IS,true,인천,121,true,C:\프로젝트\tutorplan\output\tutor\kr-c778-cc9c-kr-c778-cc9c-c639-c9c4-ad70-kr-ac15-d654-c74d\region_tutor\index.html,True,GENERATED_K
candidate:tutor:kr-c778-cc9c-kr-c778-cc9c-c639-c9c4-ad70-kr-c120-c6d0-ba74:region_tutor,/tutor/kr-c778-cc9c-kr-c778-cc9c-c639-c9c4-ad70-kr-c120-c6d0-ba74/region_tutor,READY_AS_IS,true,인천,122,true,C:\프로젝트\tutorplan\output\tutor\kr-c778-cc9c-kr-c778-cc9c-c639-c9c4-ad70-kr-c120-c6d0-ba74\region_tutor\index.html,True,GENERATED_K
candidate:tutor:kr-c778-cc9c-kr-c778-cc9c-c639-c9c4-ad70-kr-bd88-c740-ba74:region_tutor,/tutor/kr-c778-cc9c-kr-c778-cc9c-c639-c9c4-ad70-kr-bd88-c740-ba74/region_tutor,READY_AS_IS,true,인천,123,true,C:\프로젝트\tutorplan\output\tutor\kr-c778-cc9c-kr-c778-cc9c-c639-c9c4-ad70-kr-bd88-c740-ba74\region_tutor\index.html,True,GENERATED_K
candidate:tutor:kr-c778-cc9c-kr-c778-cc9c-c639-c9c4-ad70-kr-ae38-c0c1-ba74:region_tutor,/tutor/kr-c778-cc9c-kr-c778-cc9c-c639-c9c4-ad70-kr-ae38-c0c1-ba74/region_tutor,READY_AS_IS,true,인천,124,true,C:\프로젝트\tutorplan\output\tutor\kr-c778-cc9c-kr-c778-cc9c-c639-c9c4-ad70-kr-ae38-c0c1-ba74\region_tutor\index.html,True,GENERATED_K
candidate:tutor:kr-c778-cc9c-kr-c778-cc9c-c639-c9c4-ad70-kr-d654-b3c4-ba74:region_tutor,/tutor/kr-c778-cc9c-kr-c778-cc9c-c639-c9c4-ad70-kr-d654-b3c4-ba74/region_tutor,READY_AS_IS,true,인천,125,true,C:\프로젝트\tutorplan\output\tutor\kr-c778-cc9c-kr-c778-cc9c-c639-c9c4-ad70-kr-d654-b3c4-ba74\region_tutor\index.html,True,GENERATED_K
candidate:tutor:kr-c778-cc9c-kr-c778-cc9c-c639-c9c4-ad70-kr-c591-b3c4-ba74:region_tutor,/tutor/kr-c778-cc9c-kr-c778-cc9c-c639-c9c4-ad70-kr-c591-b3c4-ba74/region_tutor,READY_AS_IS,true,인천,126,true,C:\프로젝트\tutorplan\output\tutor\kr-c778-cc9c-kr-c778-cc9c-c639-c9c4-ad70-kr-c591-b3c4-ba74\region_tutor\index.html,True,GENERATED_K
candidate:tutor:kr-c778-cc9c-kr-c778-cc9c-c639-c9c4-ad70-kr-b0b4-ac00-ba74:region_tutor,/tutor/kr-c778-cc9c-kr-c778-cc9c-c639-c9c4-ad70-kr-b0b4-ac00-ba74/region_tutor,READY_AS_IS,true,인천,127,true,C:\프로젝트\tutorplan\output\tutor\kr-c778-cc9c-kr-c778-cc9c-c639-c9c4-ad70-kr-b0b4-ac00-ba74\region_tutor\index.html,True,GENERATED_K
candidate:tutor:kr-c778-cc9c-kr-c778-cc9c-c639-c9c4-ad70-kr-d558-c810-ba74:region_tutor,/tutor/kr-c778-cc9c-kr-c778-cc9c-c639-c9c4-ad70-kr-d558-c810-ba74/region_tutor,READY_AS_IS,true,인천,128,true,C:\프로젝트\tutorplan\output\tutor\kr-c778-cc9c-kr-c778-cc9c-c639-c9c4-ad70-kr-d558-c810-ba74\region_tutor\index.html,True,GENERATED_K
candidate:tutor:kr-c778-cc9c-kr-c778-cc9c-c639-c9c4-ad70-kr-c591-c0ac-ba74:region_tutor,/tutor/kr-c778-cc9c-kr-c778-cc9c-c639-c9c4-ad70-kr-c591-c0ac-ba74/region_tutor,READY_AS_IS,true,인천,129,true,C:\프로젝트\tutorplan\output\tutor\kr-c778-cc9c-kr-c778-cc9c-c639-c9c4-ad70-kr-c591-c0ac-ba74\region_tutor\index.html,True,GENERATED_K
candidate:tutor:kr-c778-cc9c-kr-c778-cc9c-c639-c9c4-ad70-kr-c1a1-d574-ba74:region_tutor,/tutor/kr-c778-cc9c-kr-c778-cc9c-c639-c9c4-ad70-kr-c1a1-d574-ba74/region_tutor,READY_AS_IS,true,인천,130,true,C:\프로젝트\tutorplan\output\tutor\kr-c778-cc9c-kr-c778-cc9c-c639-c9c4-ad70-kr-c1a1-d574-ba74\region_tutor\index.html,True,GENERATED_K
candidate:tutor:kr-c778-cc9c-kr-c778-cc9c-c639-c9c4-ad70-kr-ad50-b3d9-ba74:region_tutor,/tutor/kr-c778-cc9c-kr-c778-cc9c-c639-c9c4-ad70-kr-ad50-b3d9-ba74/region_tutor,READY_AS_IS,true,인천,131,true,C:\프로젝트\tutorplan\output\tutor\kr-c778-cc9c-kr-c778-cc9c-c639-c9c4-ad70-kr-ad50-b3d9-ba74\region_tutor\index.html,True,GENERATED_K
candidate:tutor:kr-c778-cc9c-kr-c778-cc9c-c639-c9c4-ad70-kr-c0bc-c0b0-ba74:region_tutor,/tutor/kr-c778-cc9c-kr-c778-cc9c-c639-c9c4-ad70-kr-c0bc-c0b0-ba74/region_tutor,READY_AS_IS,true,인천,132,true,C:\프로젝트\tutorplan\output\tutor\kr-c778-cc9c-kr-c778-cc9c-c639-c9c4-ad70-kr-c0bc-c0b0-ba74\region_tutor\index.html,True,GENERATED_K
candidate:tutor:kr-c778-cc9c-kr-c778-cc9c-c639-c9c4-ad70-kr-c11c-b3c4-ba74:region_tutor,/tutor/kr-c778-cc9c-kr-c778-cc9c-c639-c9c4-ad70-kr-c11c-b3c4-ba74/region_tutor,READY_AS_IS,true,인천,133,true,C:\프로젝트\tutorplan\output\tutor\kr-c778-cc9c-kr-c778-cc9c-c639-c9c4-ad70-kr-c11c-b3c4-ba74\region_tutor\index.html,True,GENERATED_K
candidate:tutor:kr-c778-cc9c-kr-c778-cc9c-c639-c9c4-ad70-kr-bd81-b3c4-ba74:region_tutor,/tutor/kr-c778-cc9c-kr-c778-cc9c-c639-c9c4-ad70-kr-bd81-b3c4-ba74/region_tutor,READY_AS_IS,true,인천,134,true,C:\프로젝트\tutorplan\output\tutor\kr-c778-cc9c-kr-c778-cc9c-c639-c9c4-ad70-kr-bd81-b3c4-ba74\region_tutor\index.html,True,GENERATED_K
candidate:tutor:kr-c778-cc9c-kr-c778-cc9c-c639-c9c4-ad70-kr-bc31-b839-ba74:region_tutor,/tutor/kr-c778-cc9c-kr-c778-cc9c-c639-c9c4-ad70-kr-bc31-b839-ba74/region_tutor,READY_AS_IS,true,인천,135,true,C:\프로젝트\tutorplan\output\tutor\kr-c778-cc9c-kr-c778-cc9c-c639-c9c4-ad70-kr-bc31-b839-ba74\region_tutor\index.html,True,GENERATED_K
candidate:tutor:kr-c778-cc9c-kr-c778-cc9c-c639-c9c4-ad70-kr-b300-ccad-ba74:region_tutor,/tutor/kr-c778-cc9c-kr-c778-cc9c-c639-c9c4-ad70-kr-b300-ccad-ba74/region_tutor,READY_AS_IS,true,인천,136,true,C:\프로젝트\tutorplan\output\tutor\kr-c778-cc9c-kr-c778-cc9c-c639-c9c4-ad70-kr-b300-ccad-ba74\region_tutor\index.html,True,GENERATED_K
candidate:tutor:kr-c778-cc9c-kr-c778-cc9c-c639-c9c4-ad70-kr-b355-c801-ba74:region_tutor,/tutor/kr-c778-cc9c-kr-c778-cc9c-c639-c9c4-ad70-kr-b355-c801-ba74/region_tutor,READY_AS_IS,true,인천,137,true,C:\프로젝트\tutorplan\output\tutor\kr-c778-cc9c-kr-c778-cc9c-c639-c9c4-ad70-kr-b355-c801-ba74\region_tutor\index.html,True,GENERATED_K
candidate:tutor:kr-c778-cc9c-kr-c778-cc9c-c639-c9c4-ad70-kr-c790-c6d4-ba74:region_tutor,/tutor/kr-c778-cc9c-kr-c778-cc9c-c639-c9c4-ad70-kr-c790-c6d4-ba74/region_tutor,READY_AS_IS,true,인천,138,true,C:\프로젝트\tutorplan\output\tutor\kr-c778-cc9c-kr-c778-cc9c-c639-c9c4-ad70-kr-c790-c6d4-ba74\region_tutor\index.html,True,GENERATED_K
candidate:tutor:kr-c778-cc9c-kr-c778-cc9c-c639-c9c4-ad70-kr-c601-d765-ba74:region_tutor,/tutor/kr-c778-cc9c-kr-c778-cc9c-c639-c9c4-ad70-kr-c601-d765-ba74/region_tutor,READY_AS_IS,true,인천,139,true,C:\프로젝트\tutorplan\output\tutor\kr-c778-cc9c-kr-c778-cc9c-c639-c9c4-ad70-kr-c601-d765-ba74\region_tutor\index.html,True,GENERATED_K
candidate:tutor:kr-c778-cc9c-kr-c778-cc9c-c639-c9c4-ad70-kr-c5f0-d3c9-ba74:region_tutor,/tutor/kr-c778-cc9c-kr-c778-cc9c-c639-c9c4-ad70-kr-c5f0-d3c9-ba74/region_tutor,READY_AS_IS,true,인천,140,true,C:\프로젝트\tutorplan\output\tutor\kr-c778-cc9c-kr-c778-cc9c-c639-c9c4-ad70-kr-c5f0-d3c9-ba74\region_tutor\index.html,True,GENERATED_K
candidate:tutor:kr-ad11-c8fc:region_tutor,/tutor/kr-ad11-c8fc/region_tutor,READY_AS_IS,true,광주,2,true,C:\프로젝트\tutorplan\output\tutor\kr-ad11-c8fc\region_tutor\index.html,True,GENERATED_K
candidate:tutor:kr-ad11-c8fc-kr-ad11-c8fc-b3d9-ad6c:region_tutor,/tutor/kr-ad11-c8fc-kr-ad11-c8fc-b3d9-ad6c/region_tutor,READY_AS_IS,true,광주,3,true,C:\프로젝트\tutorplan\output\tutor\kr-ad11-c8fc-kr-ad11-c8fc-b3d9-ad6c\region_tutor\index.html,True,GENERATED_K
candidate:tutor:kr-ad11-c8fc-kr-ad11-c8fc-c11c-ad6c:region_tutor,/tutor/kr-ad11-c8fc-kr-ad11-c8fc-c11c-ad6c/region_tutor,READY_AS_IS,true,광주,4,true,C:\프로젝트\tutorplan\output\tutor\kr-ad11-c8fc-kr-ad11-c8fc-c11c-ad6c\region_tutor\index.html,True,GENERATED_K
candidate:tutor:kr-ad11-c8fc-kr-ad11-c8fc-b0a8-ad6c:region_tutor,/tutor/kr-ad11-c8fc-kr-ad11-c8fc-b0a8-ad6c/region_tutor,READY_AS_IS,true,광주,5,true,C:\프로젝트\tutorplan\output\tutor\kr-ad11-c8fc-kr-ad11-c8fc-b0a8-ad6c\region_tutor\index.html,True,GENERATED_K
candidate:tutor:kr-ad11-c8fc-kr-ad11-c8fc-bd81-ad6c:region_tutor,/tutor/kr-ad11-c8fc-kr-ad11-c8fc-bd81-ad6c/region_tutor,READY_AS_IS,true,광주,6,true,C:\프로젝트\tutorplan\output\tutor\kr-ad11-c8fc-kr-ad11-c8fc-bd81-ad6c\region_tutor\index.html,True,GENERATED_K
candidate:tutor:kr-ad11-c8fc-kr-ad11-c0b0-ad6c:region_tutor,/tutor/kr-ad11-c8fc-kr-ad11-c0b0-ad6c/region_tutor,READY_AS_IS,true,광주,7,true,C:\프로젝트\tutorplan\output\tutor\kr-ad11-c8fc-kr-ad11-c0b0-ad6c\region_tutor\index.html,True,GENERATED_K
candidate:tutor:kr-ad11-c8fc-kr-ad11-c0b0-ad6c-kr-b300-c778-b3d9:region_tutor,/tutor/kr-ad11-c8fc-kr-ad11-c0b0-ad6c-kr-b300-c778-b3d9/region_tutor,READY_AS_IS,true,광주,8,true,C:\프로젝트\tutorplan\output\tutor\kr-ad11-c8fc-kr-ad11-c0b0-ad6c-kr-b300-c778-b3d9\region_tutor\index.html,True,GENERATED_K
candidate:tutor:kr-ad11-c8fc-kr-ad11-c0b0-ad6c-kr-ae08-b0a8-b85c:region_tutor,/tutor/kr-ad11-c8fc-kr-ad11-c0b0-ad6c-kr-ae08-b0a8-b85c/region_tutor,READY_AS_IS,true,광주,9,true,C:\프로젝트\tutorplan\output\tutor\kr-ad11-c8fc-kr-ad11-c0b0-ad6c-kr-ae08-b0a8-b85c\region_tutor\index.html,True,GENERATED_K
candidate:tutor:kr-ad11-c8fc-kr-ad11-c0b0-ad6c-kr-cda9-c7a5-b85c:region_tutor,/tutor/kr-ad11-c8fc-kr-ad11-c0b0-ad6c-kr-cda9-c7a5-b85c/region_tutor,READY_AS_IS,true,광주,10,true,C:\프로젝트\tutorplan\output\tutor\kr-ad11-c8fc-kr-ad11-c0b0-ad6c-kr-cda9-c7a5-b85c\region_tutor\index.html,True,GENERATED_K
candidate:tutor:kr-ad11-c8fc-kr-ad11-c0b0-ad6c-kr-c218-ae30-b3d9:region_tutor,/tutor/kr-ad11-c8fc-kr-ad11-c0b0-ad6c-kr-c218-ae30-b3d9/region_tutor,READY_AS_IS,true,광주,11,true,C:\프로젝트\tutorplan\output\tutor\kr-ad11-c8fc-kr-ad11-c0b0-ad6c-kr-c218-ae30-b3d9\region_tutor\index.html,True,GENERATED_K
candidate:tutor:kr-ad11-c8fc-kr-ad11-c0b0-ad6c-kr-bd88-b85c-b3d9:region_tutor,/tutor/kr-ad11-c8fc-kr-ad11-c0b0-ad6c-kr-bd88-b85c-b3d9/region_tutor,READY_AS_IS,true,광주,12,true,C:\프로젝트\tutorplan\output\tutor\kr-ad11-c8fc-kr-ad11-c0b0-ad6c-kr-bd88-b85c-b3d9\region_tutor\index.html,True,GENERATED_K
candidate:tutor:kr-ad11-c8fc-kr-ad11-c0b0-ad6c-kr-d669-ae08-b3d9:region_tutor,/tutor/kr-ad11-c8fc-kr-ad11-c0b0-ad6c-kr-d669-ae08-b3d9/region_tutor,READY_AS_IS,true,광주,13,true,C:\프로젝트\tutorplan\output\tutor\kr-ad11-c8fc-kr-ad11-c0b0-ad6c-kr-d669-ae08-b3d9\region_tutor\index.html,True,GENERATED_K
candidate:tutor:kr-ad11-c8fc-kr-ad11-c0b0-ad6c-kr-ad81-b3d9:region_tutor,/tutor/kr-ad11-c8fc-kr-ad11-c0b0-ad6c-kr-ad81-b3d9/region_tutor,READY_AS_IS,true,광주,14,true,C:\프로젝트\tutorplan\output\tutor\kr-ad11-c8fc-kr-ad11-c0b0-ad6c-kr-ad81-b3d9\region_tutor\index.html,True,GENERATED_K
candidate:tutor:kr-ad11-c8fc-kr-ad11-c0b0-ad6c-kr-c7a5-b3d9:region_tutor,/tutor/kr-ad11-c8fc-kr-ad11-c0b0-ad6c-kr-c7a5-b3d9/region_tutor,READY_AS_IS,true,광주,15,true,C:\프로젝트\tutorplan\output\tutor\kr-ad11-c8fc-kr-ad11-c0b0-ad6c-kr-c7a5-b3d9\region_tutor\index.html,True,GENERATED_K
candidate:tutor:kr-ad11-c8fc-kr-ad11-c0b0-ad6c-kr-b3d9-ba85-b3d9:region_tutor,/tutor/kr-ad11-c8fc-kr-ad11-c0b0-ad6c-kr-b3d9-ba85-b3d9/region_tutor,READY_AS_IS,true,광주,16,true,C:\프로젝트\tutorplan\output\tutor\kr-ad11-c8fc-kr-ad11-c0b0-ad6c-kr-b3d9-ba85-b3d9\region_tutor\index.html,True,GENERATED_K
candidate:tutor:kr-ad11-c8fc-kr-ad11-c0b0-ad6c-kr-acc4-b9bc-b3d9:region_tutor,/tutor/kr-ad11-c8fc-kr-ad11-c0b0-ad6c-kr-acc4-b9bc-b3d9/region_tutor,READY_AS_IS,true,광주,17,true,C:\프로젝트\tutorplan\output\tutor\kr-ad11-c8fc-kr-ad11-c0b0-ad6c-kr-acc4-b9bc-b3d9\region_tutor\index.html,True,GENERATED_K
candidate:tutor:kr-ad11-c8fc-kr-ad11-c0b0-ad6c-kr-c0b0-c218-b3d9:region_tutor,/tutor/kr-ad11-c8fc-kr-ad11-c0b0-ad6c-kr-c0b0-c218-b3d9/region_tutor,READY_AS_IS,true,광주,18,true,C:\프로젝트\tutorplan\output\tutor\kr-ad11-c8fc-kr-ad11-c0b0-ad6c-kr-c0b0-c218-b3d9\region_tutor\index.html,True,GENERATED_K
candidate:tutor:kr-ad11-c8fc-kr-ad11-c0b0-ad6c-kr-c9c0-c0b0-b3d9:region_tutor,/tutor/kr-ad11-c8fc-kr-ad11-c0b0-ad6c-kr-c9c0-c0b0-b3d9/region_tutor,READY_AS_IS,true,광주,19,true,C:\프로젝트\tutorplan\output\tutor\kr-ad11-c8fc-kr-ad11-c0b0-ad6c-kr-c9c0-c0b0-b3d9\region_tutor\index.html,True,GENERATED_K
candidate:tutor:kr-ad11-c8fc-kr-ad11-c0b0-ad6c-kr-d559-b3d9:region_tutor,/tutor/kr-ad11-c8fc-kr-ad11-c0b0-ad6c-kr-d559-b3d9/region_tutor,READY_AS_IS,true,광주,20,true,C:\프로젝트\tutorplan\output\tutor\kr-ad11-c8fc-kr-ad11-c0b0-ad6c-kr-d559-b3d9\region_tutor\index.html,True,GENERATED_K
candidate:tutor:kr-ad11-c8fc-kr-ad11-c0b0-ad6c-kr-c18c-d0dc-b3d9:region_tutor,/tutor/kr-ad11-c8fc-kr-ad11-c0b0-ad6c-kr-c18c-d0dc-b3d9/region_tutor,READY_AS_IS,true,광주,21,true,C:\프로젝트\tutorplan\output\tutor\kr-ad11-c8fc-kr-ad11-c0b0-ad6c-kr-c18c-d0dc-b3d9\region_tutor\index.html,True,GENERATED_K
candidate:tutor:kr-ad11-c8fc-kr-ad11-c0b0-ad6c-kr-c6a9-c5f0-b3d9:region_tutor,/tutor/kr-ad11-c8fc-kr-ad11-c0b0-ad6c-kr-c6a9-c5f0-b3d9/region_tutor,READY_AS_IS,true,광주,22,true,C:\프로젝트\tutorplan\output\tutor\kr-ad11-c8fc-kr-ad11-c0b0-ad6c-kr-c6a9-c5f0-b3d9\region_tutor\index.html,True,GENERATED_K
candidate:tutor:kr-ad11-c8fc-kr-ad11-c0b0-ad6c-kr-c6b4-b9bc-b3d9:region_tutor,/tutor/kr-ad11-c8fc-kr-ad11-c0b0-ad6c-kr-c6b4-b9bc-b3d9/region_tutor,READY_AS_IS,true,광주,23,true,C:\프로젝트\tutorplan\output\tutor\kr-ad11-c8fc-kr-ad11-c0b0-ad6c-kr-c6b4-b9bc-b3d9\region_tutor\index.html,True,GENERATED_K
candidate:tutor:kr-ad11-c8fc-kr-ad11-c0b0-ad6c-kr-c120-ad50-b3d9:region_tutor,/tutor/kr-ad11-c8fc-kr-ad11-c0b0-ad6c-kr-c120-ad50-b3d9/region_tutor,READY_AS_IS,true,광주,24,true,C:\프로젝트\tutorplan\output\tutor\kr-ad11-c8fc-kr-ad11-c0b0-ad6c-kr-c120-ad50-b3d9\region_tutor\index.html,True,GENERATED_K
candidate:tutor:kr-ad11-c8fc-kr-ad11-c0b0-ad6c-kr-b0b4-b0a8-b3d9:region_tutor,/tutor/kr-ad11-c8fc-kr-ad11-c0b0-ad6c-kr-b0b4-b0a8-b3d9/region_tutor,READY_AS_IS,true,광주,25,true,C:\프로젝트\tutorplan\output\tutor\kr-ad11-c8fc-kr-ad11-c0b0-ad6c-kr-b0b4-b0a8-b3d9\region_tutor\index.html,True,GENERATED_K
candidate:tutor:kr-ad11-c8fc-kr-ad11-c0b0-ad6c-kr-c6a9-c0b0-b3d9:region_tutor,/tutor/kr-ad11-c8fc-kr-ad11-c0b0-ad6c-kr-c6a9-c0b0-b3d9/region_tutor,READY_AS_IS,true,광주,26,true,C:\프로젝트\tutorplan\output\tutor\kr-ad11-c8fc-kr-ad11-c0b0-ad6c-kr-c6a9-c0b0-b3d9\region_tutor\index.html,True,GENERATED_K
candidate:tutor:kr-ad11-c8fc-kr-ad11-c0b0-ad6c-kr-c591-b3d9:region_tutor,/tutor/kr-ad11-c8fc-kr-ad11-c0b0-ad6c-kr-c591-b3d9/region_tutor,READY_AS_IS,true,광주,27,true,C:\프로젝트\tutorplan\output\tutor\kr-ad11-c8fc-kr-ad11-c0b0-ad6c-kr-c591-b3d9\region_tutor\index.html,True,GENERATED_K
candidate:tutor:kr-ad11-c8fc-kr-ad11-c0b0-ad6c-kr-b18d-c131-b3d9:region_tutor,/tutor/kr-ad11-c8fc-kr-ad11-c0b0-ad6c-kr-b18d-c131-b3d9/region_tutor,READY_AS_IS,true,광주,28,true,C:\프로젝트\tutorplan\output\tutor\kr-ad11-c8fc-kr-ad11-c0b0-ad6c-kr-b18d-c131-b3d9\region_tutor\index.html,True,GENERATED_K
candidate:tutor:kr-ad11-c8fc-kr-ad11-c0b0-ad6c-kr-ad11-cc9c-b3d9:region_tutor,/tutor/kr-ad11-c8fc-kr-ad11-c0b0-ad6c-kr-ad11-cc9c-b3d9/region_tutor,READY_AS_IS,true,광주,29,true,C:\프로젝트\tutorplan\output\tutor\kr-ad11-c8fc-kr-ad11-c0b0-ad6c-kr-ad11-cc9c-b3d9\region_tutor\index.html,True,GENERATED_K
candidate:tutor:kr-ad11-c8fc-kr-ad11-c0b0-ad6c-kr-c720-cd0c-b3d9:region_tutor,/tutor/kr-ad11-c8fc-kr-ad11-c0b0-ad6c-kr-c720-cd0c-b3d9/region_tutor,READY_AS_IS,true,광주,30,true,C:\프로젝트\tutorplan\output\tutor\kr-ad11-c8fc-kr-ad11-c0b0-ad6c-kr-c720-cd0c-b3d9\region_tutor\index.html,True,GENERATED_K
candidate:tutor:kr-ad11-c8fc-kr-ad11-c0b0-ad6c-kr-b355-d765-b3d9:region_tutor,/tutor/kr-ad11-c8fc-kr-ad11-c0b0-ad6c-kr-b355-d765-b3d9/region_tutor,READY_AS_IS,true,광주,31,true,C:\프로젝트\tutorplan\output\tutor\kr-ad11-c8fc-kr-ad11-c0b0-ad6c-kr-b355-d765-b3d9\region_tutor\index.html,True,GENERATED_K
candidate:tutor:kr-ad11-c8fc-kr-ad11-c0b0-ad6c-kr-c30d-cd0c-b3d9:region_tutor,/tutor/kr-ad11-c8fc-kr-ad11-c0b0-ad6c-kr-c30d-cd0c-b3d9/region_tutor,READY_AS_IS,true,광주,32,true,C:\프로젝트\tutorplan\output\tutor\kr-ad11-c8fc-kr-ad11-c0b0-ad6c-kr-c30d-cd0c-b3d9\region_tutor\index.html,True,GENERATED_K
candidate:tutor:kr-ad11-c8fc-kr-ad11-c0b0-ad6c-kr-d654-c815-b3d9:region_tutor,/tutor/kr-ad11-c8fc-kr-ad11-c0b0-ad6c-kr-d654-c815-b3d9/region_tutor,READY_AS_IS,true,광주,33,true,C:\프로젝트\tutorplan\output\tutor\kr-ad11-c8fc-kr-ad11-c0b0-ad6c-kr-d654-c815-b3d9\region_tutor\index.html,True,GENERATED_K
candidate:tutor:kr-ad11-c8fc-kr-ad11-c0b0-ad6c-kr-ce58-d3c9-b3d9:region_tutor,/tutor/kr-ad11-c8fc-kr-ad11-c0b0-ad6c-kr-ce58-d3c9-b3d9/region_tutor,READY_AS_IS,true,광주,34,true,C:\프로젝트\tutorplan\output\tutor\kr-ad11-c8fc-kr-ad11-c0b0-ad6c-kr-ce58-d3c9-b3d9\region_tutor\index.html,True,GENERATED_K
candidate:tutor:kr-ad11-c8fc-kr-ad11-c0b0-ad6c-kr-b0b4-bc29-b3d9:region_tutor,/tutor/kr-ad11-c8fc-kr-ad11-c0b0-ad6c-kr-b0b4-bc29-b3d9/region_tutor,READY_AS_IS,true,광주,35,true,C:\프로젝트\tutorplan\output\tutor\kr-ad11-c8fc-kr-ad11-c0b0-ad6c-kr-b0b4-bc29-b3d9\region_tutor\index.html,True,GENERATED_K
candidate:tutor:kr-ad11-c8fc-kr-ad11-c0b0-ad6c-kr-ae08-d638-b3d9:region_tutor,/tutor/kr-ad11-c8fc-kr-ad11-c0b0-ad6c-kr-ae08-d638-b3d9/region_tutor,READY_AS_IS,true,광주,36,true,C:\프로젝트\tutorplan\output\tutor\kr-ad11-c8fc-kr-ad11-c0b0-ad6c-kr-ae08-d638-b3d9\region_tutor\index.html,True,GENERATED_K
candidate:tutor:kr-ad11-c8fc-kr-ad11-c0b0-ad6c-kr-d48d-c554-b3d9:region_tutor,/tutor/kr-ad11-c8fc-kr-ad11-c0b0-ad6c-kr-d48d-c554-b3d9/region_tutor,READY_AS_IS,true,광주,37,true,C:\프로젝트\tutorplan\output\tutor\kr-ad11-c8fc-kr-ad11-c0b0-ad6c-kr-d48d-c554-b3d9\region_tutor\index.html,True,GENERATED_K
candidate:tutor:kr-ad11-c8fc-kr-ad11-c0b0-ad6c-kr-b9e4-c6d4-b3d9:region_tutor,/tutor/kr-ad11-c8fc-kr-ad11-c0b0-ad6c-kr-b9e4-c6d4-b3d9/region_tutor,READY_AS_IS,true,광주,38,true,C:\프로젝트\tutorplan\output\tutor\kr-ad11-c8fc-kr-ad11-c0b0-ad6c-kr-b9e4-c6d4-b3d9\region_tutor\index.html,True,GENERATED_K
candidate:tutor:kr-ad11-c8fc-kr-ad11-c0b0-ad6c-kr-b3d9-cc9c-b3d9:region_tutor,/tutor/kr-ad11-c8fc-kr-ad11-c0b0-ad6c-kr-b3d9-cc9c-b3d9/region_tutor,READY_AS_IS,true,광주,39,true,C:\프로젝트\tutorplan\output\tutor\kr-ad11-c8fc-kr-ad11-c0b0-ad6c-kr-b3d9-cc9c-b3d9\region_tutor\index.html,True,GENERATED_K
candidate:tutor:kr-ad11-c8fc-kr-ad11-c0b0-ad6c-kr-b9c8-b975-b3d9:region_tutor,/tutor/kr-ad11-c8fc-kr-ad11-c0b0-ad6c-kr-b9c8-b975-b3d9/region_tutor,READY_AS_IS,true,광주,40,true,C:\프로젝트\tutorplan\output\tutor\kr-ad11-c8fc-kr-ad11-c0b0-ad6c-kr-b9c8-b975-b3d9\region_tutor\index.html,True,GENERATED_K
candidate:tutor:kr-ad11-c8fc-kr-ad11-c0b0-ad6c-kr-c138-d558-b3d9:region_tutor,/tutor/kr-ad11-c8fc-kr-ad11-c0b0-ad6c-kr-c138-d558-b3d9/region_tutor,READY_AS_IS,true,광주,41,true,C:\프로젝트\tutorplan\output\tutor\kr-ad11-c8fc-kr-ad11-c0b0-ad6c-kr-c138-d558-b3d9\region_tutor\index.html,True,GENERATED_K
candidate:tutor:kr-ad11-c8fc-kr-ad11-c0b0-ad6c-kr-c0ac-b3d9:region_tutor,/tutor/kr-ad11-c8fc-kr-ad11-c0b0-ad6c-kr-c0ac-b3d9/region_tutor,READY_AS_IS,true,광주,42,true,C:\프로젝트\tutorplan\output\tutor\kr-ad11-c8fc-kr-ad11-c0b0-ad6c-kr-c0ac-b3d9\region_tutor\index.html,True,GENERATED_K
candidate:tutor:kr-ad11-c8fc-kr-ad11-c0b0-ad6c-kr-ad6c-b3d9:region_tutor,/tutor/kr-ad11-c8fc-kr-ad11-c0b0-ad6c-kr-ad6c-b3d9/region_tutor,READY_AS_IS,true,광주,43,true,C:\프로젝트\tutorplan\output\tutor\kr-ad11-c8fc-kr-ad11-c0b0-ad6c-kr-ad6c-b3d9\region_tutor\index.html,True,GENERATED_K
candidate:tutor:kr-ad11-c8fc-kr-ad11-c0b0-ad6c-kr-c11c-b3d9:region_tutor,/tutor/kr-ad11-c8fc-kr-ad11-c0b0-ad6c-kr-c11c-b3d9/region_tutor,READY_AS_IS,true,광주,44,true,C:\프로젝트\tutorplan\output\tutor\kr-ad11-c8fc-kr-ad11-c0b0-ad6c-kr-c11c-b3d9\region_tutor\index.html,True,GENERATED_K
candidate:tutor:kr-ad11-c8fc-kr-ad11-c0b0-ad6c-kr-c6d4-c0b0-b3d9:region_tutor,/tutor/kr-ad11-c8fc-kr-ad11-c0b0-ad6c-kr-c6d4-c0b0-b3d9/region_tutor,READY_AS_IS,true,광주,45,true,C:\프로젝트\tutorplan\output\tutor\kr-ad11-c8fc-kr-ad11-c0b0-ad6c-kr-c6d4-c0b0-b3d9\region_tutor\index.html,True,GENERATED_K
candidate:tutor:kr-ad11-c8fc-kr-ad11-c0b0-ad6c-kr-bc31-c6b4-b3d9:region_tutor,/tutor/kr-ad11-c8fc-kr-ad11-c0b0-ad6c-kr-bc31-c6b4-b3d9/region_tutor,READY_AS_IS,true,광주,46,true,C:\프로젝트\tutorplan\output\tutor\kr-ad11-c8fc-kr-ad11-c0b0-ad6c-kr-bc31-c6b4-b3d9\region_tutor\index.html,True,GENERATED_K
candidate:tutor:kr-ad11-c8fc-kr-ad11-c0b0-ad6c-kr-c8fc-c6d4-b3d9:region_tutor,/tutor/kr-ad11-c8fc-kr-ad11-c0b0-ad6c-kr-c8fc-c6d4-b3d9/region_tutor,READY_AS_IS,true,광주,47,true,C:\프로젝트\tutorplan\output\tutor\kr-ad11-c8fc-kr-ad11-c0b0-ad6c-kr-c8fc-c6d4-b3d9\region_tutor\index.html,True,GENERATED_K
candidate:tutor:kr-ad11-c8fc-kr-ad11-c0b0-ad6c-kr-c9c4-c6d4-b3d9:region_tutor,/tutor/kr-ad11-c8fc-kr-ad11-c0b0-ad6c-kr-c9c4-c6d4-b3d9/region_tutor,READY_AS_IS,true,광주,48,true,C:\프로젝트\tutorplan\output\tutor\kr-ad11-c8fc-kr-ad11-c0b0-ad6c-kr-c9c4-c6d4-b3d9\region_tutor\index.html,True,GENERATED_K
candidate:tutor:kr-ad11-c8fc-kr-ad11-c0b0-ad6c-kr-bd09-c120-b3d9:region_tutor,/tutor/kr-ad11-c8fc-kr-ad11-c0b0-ad6c-kr-bd09-c120-b3d9/region_tutor,READY_AS_IS,true,광주,49,true,C:\프로젝트\tutorplan\output\tutor\kr-ad11-c8fc-kr-ad11-c0b0-ad6c-kr-bd09-c120-b3d9\region_tutor\index.html,True,GENERATED_K
candidate:tutor:kr-ad11-c8fc-kr-ad11-c0b0-ad6c-kr-bc29-b9bc-b3d9:region_tutor,/tutor/kr-ad11-c8fc-kr-ad11-c0b0-ad6c-kr-bc29-b9bc-b3d9/region_tutor,READY_AS_IS,true,광주,50,true,C:\프로젝트\tutorplan\output\tutor\kr-ad11-c8fc-kr-ad11-c0b0-ad6c-kr-bc29-b9bc-b3d9\region_tutor\index.html,True,GENERATED_K
candidate:tutor:kr-ad11-c8fc-kr-ad11-c0b0-ad6c-kr-c591-b9bc-b3d9:region_tutor,/tutor/kr-ad11-c8fc-kr-ad11-c0b0-ad6c-kr-c591-b9bc-b3d9/region_tutor,READY_AS_IS,true,광주,51,true,C:\프로젝트\tutorplan\output\tutor\kr-ad11-c8fc-kr-ad11-c0b0-ad6c-kr-c591-b9bc-b3d9\region_tutor\index.html,True,GENERATED_K
candidate:tutor:kr-ad11-c8fc-kr-ad11-c0b0-ad6c-kr-b178-b300-b3d9:region_tutor,/tutor/kr-ad11-c8fc-kr-ad11-c0b0-ad6c-kr-b178-b300-b3d9/region_tutor,READY_AS_IS,true,광주,52,true,C:\프로젝트\tutorplan\output\tutor\kr-ad11-c8fc-kr-ad11-c0b0-ad6c-kr-b178-b300-b3d9\region_tutor\index.html,True,GENERATED_K
candidate:tutor:kr-ad11-c8fc-kr-ad11-c0b0-ad6c-kr-d589-c554-b3d9:region_tutor,/tutor/kr-ad11-c8fc-kr-ad11-c0b0-ad6c-kr-d589-c554-b3d9/region_tutor,READY_AS_IS,true,광주,53,true,C:\프로젝트\tutorplan\output\tutor\kr-ad11-c8fc-kr-ad11-c0b0-ad6c-kr-d589-c554-b3d9\region_tutor\index.html,True,GENERATED_K
candidate:tutor:kr-ad11-c8fc-kr-ad11-c0b0-ad6c-kr-c1a1-d558-b3d9:region_tutor,/tutor/kr-ad11-c8fc-kr-ad11-c0b0-ad6c-kr-c1a1-d558-b3d9/region_tutor,READY_AS_IS,true,광주,54,true,C:\프로젝트\tutorplan\output\tutor\kr-ad11-c8fc-kr-ad11-c0b0-ad6c-kr-c1a1-d558-b3d9\region_tutor\index.html,True,GENERATED_K
candidate:tutor:kr-ad11-c8fc-kr-ad11-c0b0-ad6c-kr-c784-c554-b3d9:region_tutor,/tutor/kr-ad11-c8fc-kr-ad11-c0b0-ad6c-kr-c784-c554-b3d9/region_tutor,READY_AS_IS,true,광주,55,true,C:\프로젝트\tutorplan\output\tutor\kr-ad11-c8fc-kr-ad11-c0b0-ad6c-kr-c784-c554-b3d9\region_tutor\index.html,True,GENERATED_K
candidate:tutor:kr-ad11-c8fc-kr-ad11-c0b0-ad6c-kr-c555-cd0c-b3d9:region_tutor,/tutor/kr-ad11-c8fc-kr-ad11-c0b0-ad6c-kr-c555-cd0c-b3d9/region_tutor,READY_AS_IS,true,광주,56,true,C:\프로젝트\tutorplan\output\tutor\kr-ad11-c8fc-kr-ad11-c0b0-ad6c-kr-c555-cd0c-b3d9\region_tutor\index.html,True,GENERATED_K
candidate:tutor:kr-ad11-c8fc-kr-ad11-c0b0-ad6c-kr-c6d0-c0b0-b3d9:region_tutor,/tutor/kr-ad11-c8fc-kr-ad11-c0b0-ad6c-kr-c6d0-c0b0-b3d9/region_tutor,READY_AS_IS,true,광주,57,true,C:\프로젝트\tutorplan\output\tutor\kr-ad11-c8fc-kr-ad11-c0b0-ad6c-kr-c6d0-c0b0-b3d9\region_tutor\index.html,True,GENERATED_K
candidate:tutor:kr-ad11-c8fc-kr-ad11-c0b0-ad6c-kr-c911-d765-b3d9:region_tutor,/tutor/kr-ad11-c8fc-kr-ad11-c0b0-ad6c-kr-c911-d765-b3d9/region_tutor,READY_AS_IS,true,광주,58,true,C:\프로젝트\tutorplan\output\tutor\kr-ad11-c8fc-kr-ad11-c0b0-ad6c-kr-c911-d765-b3d9\region_tutor\index.html,True,GENERATED_K
candidate:tutor:kr-ad11-c8fc-kr-ad11-c0b0-ad6c-kr-c720-b3d9:region_tutor,/tutor/kr-ad11-c8fc-kr-ad11-c0b0-ad6c-kr-c720-b3d9/region_tutor,READY_AS_IS,true,광주,59,true,C:\프로젝트\tutorplan\output\tutor\kr-ad11-c8fc-kr-ad11-c0b0-ad6c-kr-c720-b3d9\region_tutor\index.html,True,GENERATED_K
candidate:tutor:kr-ad11-c8fc-kr-ad11-c0b0-ad6c-kr-b204-bb38-b3d9:region_tutor,/tutor/kr-ad11-c8fc-kr-ad11-c0b0-ad6c-kr-b204-bb38-b3d9/region_tutor,READY_AS_IS,true,광주,60,true,C:\프로젝트\tutorplan\output\tutor\kr-ad11-c8fc-kr-ad11-c0b0-ad6c-kr-b204-bb38-b3d9\region_tutor\index.html,True,GENERATED_K
candidate:tutor:kr-ad11-c8fc-kr-ad11-c0b0-ad6c-kr-c784-b3d9:region_tutor,/tutor/kr-ad11-c8fc-kr-ad11-c0b0-ad6c-kr-c784-b3d9/region_tutor,READY_AS_IS,true,광주,61,true,C:\프로젝트\tutorplan\output\tutor\kr-ad11-c8fc-kr-ad11-c0b0-ad6c-kr-c784-b3d9\region_tutor\index.html,True,GENERATED_K
candidate:tutor:kr-ad11-c8fc-kr-ad11-c0b0-ad6c-kr-c2e0-c548-b3d9:region_tutor,/tutor/kr-ad11-c8fc-kr-ad11-c0b0-ad6c-kr-c2e0-c548-b3d9/region_tutor,READY_AS_IS,true,광주,62,true,C:\프로젝트\tutorplan\output\tutor\kr-ad11-c8fc-kr-ad11-c0b0-ad6c-kr-c2e0-c548-b3d9\region_tutor\index.html,True,GENERATED_K
candidate:tutor:kr-ad11-c8fc-kr-ad11-c0b0-ad6c-kr-c6a9-bd09-b3d9:region_tutor,/tutor/kr-ad11-c8fc-kr-ad11-c0b0-ad6c-kr-c6a9-bd09-b3d9/region_tutor,READY_AS_IS,true,광주,63,true,C:\프로젝트\tutorplan\output\tutor\kr-ad11-c8fc-kr-ad11-c0b0-ad6c-kr-c6a9-bd09-b3d9\region_tutor\index.html,True,GENERATED_K
candidate:tutor:kr-ad11-c8fc-kr-ad11-c0b0-ad6c-kr-c6b4-c554-b3d9:region_tutor,/tutor/kr-ad11-c8fc-kr-ad11-c0b0-ad6c-kr-c6b4-c554-b3d9/region_tutor,READY_AS_IS,true,광주,64,true,C:\프로젝트\tutorplan\output\tutor\kr-ad11-c8fc-kr-ad11-c0b0-ad6c-kr-c6b4-c554-b3d9\region_tutor\index.html,True,GENERATED_K
candidate:tutor:kr-ad11-c8fc-kr-ad11-c0b0-ad6c-kr-bd81-ad6c-b3d9-b9bc-b3d9:region_tutor,/tutor/kr-ad11-c8fc-kr-ad11-c0b0-ad6c-kr-bd81-ad6c-b3d9-b9bc-b3d9/region_tutor,READY_AS_IS,true,광주,65,true,C:\프로젝트\tutorplan\output\tutor\kr-ad11-c8fc-kr-ad11-c0b0-ad6c-kr-bd81-ad6c-b3d9-b9bc-b3d9\region_tutor\index.html,True,GENERATED_K
candidate:tutor:kr-ad11-c8fc-kr-ad11-c0b0-ad6c-kr-c0bc-ac01-b3d9:region_tutor,/tutor/kr-ad11-c8fc-kr-ad11-c0b0-ad6c-kr-c0bc-ac01-b3d9/region_tutor,READY_AS_IS,true,광주,66,true,C:\프로젝트\tutorplan\output\tutor\kr-ad11-c8fc-kr-ad11-c0b0-ad6c-kr-c0bc-ac01-b3d9\region_tutor\index.html,True,GENERATED_K
candidate:tutor:kr-ad11-c8fc-kr-ad11-c0b0-ad6c-kr-b9e4-ace1-b3d9:region_tutor,/tutor/kr-ad11-c8fc-kr-ad11-c0b0-ad6c-kr-b9e4-ace1-b3d9/region_tutor,READY_AS_IS,true,광주,67,true,C:\프로젝트\tutorplan\output\tutor\kr-ad11-c8fc-kr-ad11-c0b0-ad6c-kr-b9e4-ace1-b3d9\region_tutor\index.html,True,GENERATED_K
candidate:tutor:kr-ad11-c8fc-kr-ad11-c0b0-ad6c-kr-c624-ce58-b3d9:region_tutor,/tutor/kr-ad11-c8fc-kr-ad11-c0b0-ad6c-kr-c624-ce58-b3d9/region_tutor,READY_AS_IS,true,광주,68,true,C:\프로젝트\tutorplan\output\tutor\kr-ad11-c8fc-kr-ad11-c0b0-ad6c-kr-c624-ce58-b3d9\region_tutor\index.html,True,GENERATED_K
candidate:tutor:kr-ad11-c8fc-kr-ad11-c0b0-ad6c-kr-bb38-d765-b3d9:region_tutor,/tutor/kr-ad11-c8fc-kr-ad11-c0b0-ad6c-kr-bb38-d765-b3d9/region_tutor,READY_AS_IS,true,광주,69,true,C:\프로젝트\tutorplan\output\tutor\kr-ad11-c8fc-kr-ad11-c0b0-ad6c-kr-bb38-d765-b3d9\region_tutor\index.html,True,GENERATED_K
candidate:tutor:kr-ad11-c8fc-kr-ad11-c0b0-ad6c-kr-b450-c554-b3d9:region_tutor,/tutor/kr-ad11-c8fc-kr-ad11-c0b0-ad6c-kr-b450-c554-b3d9/region_tutor,READY_AS_IS,true,광주,70,true,C:\프로젝트\tutorplan\output\tutor\kr-ad11-c8fc-kr-ad11-c0b0-ad6c-kr-b450-c554-b3d9\region_tutor\index.html,True,GENERATED_K
candidate:tutor:kr-ad11-c8fc-kr-ad11-c0b0-ad6c-kr-ac01-d654-b3d9:region_tutor,/tutor/kr-ad11-c8fc-kr-ad11-c0b0-ad6c-kr-ac01-d654-b3d9/region_tutor,READY_AS_IS,true,광주,71,true,C:\프로젝트\tutorplan\output\tutor\kr-ad11-c8fc-kr-ad11-c0b0-ad6c-kr-ac01-d654-b3d9\region_tutor\index.html,True,GENERATED_K
candidate:tutor:kr-ad11-c8fc-kr-ad11-c0b0-ad6c-kr-c77c-ace1-b3d9:region_tutor,/tutor/kr-ad11-c8fc-kr-ad11-c0b0-ad6c-kr-c77c-ace1-b3d9/region_tutor,READY_AS_IS,true,광주,72,true,C:\프로젝트\tutorplan\output\tutor\kr-ad11-c8fc-kr-ad11-c0b0-ad6c-kr-c77c-ace1-b3d9\region_tutor\index.html,True,GENERATED_K
candidate:tutor:kr-ad11-c8fc-kr-ad11-c0b0-ad6c-kr-c591-c0b0-b3d9:region_tutor,/tutor/kr-ad11-c8fc-kr-ad11-c0b0-ad6c-kr-c591-c0b0-b3d9/region_tutor,READY_AS_IS,true,광주,73,true,C:\프로젝트\tutorplan\output\tutor\kr-ad11-c8fc-kr-ad11-c0b0-ad6c-kr-c591-c0b0-b3d9\region_tutor\index.html,True,GENERATED_K
candidate:tutor:kr-ad11-c8fc-kr-ad11-c0b0-ad6c-kr-c5f0-c81c-b3d9:region_tutor,/tutor/kr-ad11-c8fc-kr-ad11-c0b0-ad6c-kr-c5f0-c81c-b3d9/region_tutor,READY_AS_IS,true,광주,74,true,C:\프로젝트\tutorplan\output\tutor\kr-ad11-c8fc-kr-ad11-c0b0-ad6c-kr-c5f0-c81c-b3d9\region_tutor\index.html,True,GENERATED_K
candidate:tutor:kr-ad11-c8fc-kr-ad11-c0b0-ad6c-kr-c2e0-c6a9-b3d9:region_tutor,/tutor/kr-ad11-c8fc-kr-ad11-c0b0-ad6c-kr-c2e0-c6a9-b3d9/region_tutor,READY_AS_IS,true,광주,75,true,C:\프로젝트\tutorplan\output\tutor\kr-ad11-c8fc-kr-ad11-c0b0-ad6c-kr-c2e0-c6a9-b3d9\region_tutor\index.html,True,GENERATED_K
candidate:tutor:kr-ad11-c8fc-kr-ad11-c0b0-ad6c-kr-c6a9-b450-b3d9:region_tutor,/tutor/kr-ad11-c8fc-kr-ad11-c0b0-ad6c-kr-c6a9-b450-b3d9/region_tutor,READY_AS_IS,true,광주,76,true,C:\프로젝트\tutorplan\output\tutor\kr-ad11-c8fc-kr-ad11-c0b0-ad6c-kr-c6a9-b450-b3d9\region_tutor\index.html,True,GENERATED_K
candidate:tutor:kr-ad11-c8fc-kr-ad11-c0b0-ad6c-kr-bcf8-cd0c-b3d9:region_tutor,/tutor/kr-ad11-c8fc-kr-ad11-c0b0-ad6c-kr-bcf8-cd0c-b3d9/region_tutor,READY_AS_IS,true,광주,77,true,C:\프로젝트\tutorplan\output\tutor\kr-ad11-c8fc-kr-ad11-c0b0-ad6c-kr-bcf8-cd0c-b3d9\region_tutor\index.html,True,GENERATED_K
candidate:tutor:kr-ad11-c8fc-kr-ad11-c0b0-ad6c-kr-c6d4-cd9c-b3d9:region_tutor,/tutor/kr-ad11-c8fc-kr-ad11-c0b0-ad6c-kr-c6d4-cd9c-b3d9/region_tutor,READY_AS_IS,true,광주,78,true,C:\프로젝트\tutorplan\output\tutor\kr-ad11-c8fc-kr-ad11-c0b0-ad6c-kr-c6d4-cd9c-b3d9\region_tutor\index.html,True,GENERATED_K
candidate:tutor:kr-ad11-c8fc-kr-ad11-c0b0-ad6c-kr-b300-cd0c-b3d9:region_tutor,/tutor/kr-ad11-c8fc-kr-ad11-c0b0-ad6c-kr-b300-cd0c-b3d9/region_tutor,READY_AS_IS,true,광주,79,true,C:\프로젝트\tutorplan\output\tutor\kr-ad11-c8fc-kr-ad11-c0b0-ad6c-kr-b300-cd0c-b3d9\region_tutor\index.html,True,GENERATED_K
candidate:tutor:kr-ad11-c8fc-kr-ad11-c0b0-ad6c-kr-c624-b8e1-b3d9:region_tutor,/tutor/kr-ad11-c8fc-kr-ad11-c0b0-ad6c-kr-c624-b8e1-b3d9/region_tutor,READY_AS_IS,true,광주,80,true,C:\프로젝트\tutorplan\output\tutor\kr-ad11-c8fc-kr-ad11-c0b0-ad6c-kr-c624-b8e1-b3d9\region_tutor\index.html,True,GENERATED_K
candidate:tutor:kr-ad11-c8fc-kr-ad11-c0b0-ad6c-kr-c9c0-c57c-b3d9:region_tutor,/tutor/kr-ad11-c8fc-kr-ad11-c0b0-ad6c-kr-c9c0-c57c-b3d9/region_tutor,READY_AS_IS,true,광주,81,true,C:\프로젝트\tutorplan\output\tutor\kr-ad11-c8fc-kr-ad11-c0b0-ad6c-kr-c9c0-c57c-b3d9\region_tutor\index.html,True,GENERATED_K
candidate:tutor:kr-ad11-c8fc-kr-ad11-c0b0-ad6c-kr-d0dc-b839-b3d9:region_tutor,/tutor/kr-ad11-c8fc-kr-ad11-c0b0-ad6c-kr-d0dc-b839-b3d9/region_tutor,READY_AS_IS,true,광주,82,true,C:\프로젝트\tutorplan\output\tutor\kr-ad11-c8fc-kr-ad11-c0b0-ad6c-kr-d0dc-b839-b3d9\region_tutor\index.html,True,GENERATED_K
candidate:tutor:kr-ad11-c8fc-kr-ad11-c0b0-ad6c-kr-c218-ace1-b3d9:region_tutor,/tutor/kr-ad11-c8fc-kr-ad11-c0b0-ad6c-kr-c218-ace1-b3d9/region_tutor,READY_AS_IS,true,광주,83,true,C:\프로젝트\tutorplan\output\tutor\kr-ad11-c8fc-kr-ad11-c0b0-ad6c-kr-c218-ace1-b3d9\region_tutor\index.html,True,GENERATED_K
candidate:tutor:kr-ad11-c8fc-kr-ad11-c0b0-ad6c-kr-d6a8-b839-b3d9:region_tutor,/tutor/kr-ad11-c8fc-kr-ad11-c0b0-ad6c-kr-d6a8-b839-b3d9/region_tutor,READY_AS_IS,true,광주,84,true,C:\프로젝트\tutorplan\output\tutor\kr-ad11-c8fc-kr-ad11-c0b0-ad6c-kr-d6a8-b839-b3d9\region_tutor\index.html,True,GENERATED_K
candidate:tutor:kr-ad11-c8fc-kr-ad11-c0b0-ad6c-kr-c1a1-c815-b3d9:region_tutor,/tutor/kr-ad11-c8fc-kr-ad11-c0b0-ad6c-kr-c1a1-c815-b3d9/region_tutor,READY_AS_IS,true,광주,85,true,C:\프로젝트\tutorplan\output\tutor\kr-ad11-c8fc-kr-ad11-c0b0-ad6c-kr-c1a1-c815-b3d9\region_tutor\index.html,True,GENERATED_K
candidate:tutor:kr-ad11-c8fc-kr-ad11-c0b0-ad6c-kr-b3c4-c0b0-b3d9:region_tutor,/tutor/kr-ad11-c8fc-kr-ad11-c0b0-ad6c-kr-b3c4-c0b0-b3d9/region_tutor,READY_AS_IS,true,광주,86,true,C:\프로젝트\tutorplan\output\tutor\kr-ad11-c8fc-kr-ad11-c0b0-ad6c-kr-b3c4-c0b0-b3d9\region_tutor\index.html,True,GENERATED_K
candidate:tutor:kr-ad11-c8fc-kr-ad11-c0b0-ad6c-kr-c2e0-d765-b3d9:region_tutor,/tutor/kr-ad11-c8fc-kr-ad11-c0b0-ad6c-kr-c2e0-d765-b3d9/region_tutor,READY_AS_IS,true,광주,87,true,C:\프로젝트\tutorplan\output\tutor\kr-ad11-c8fc-kr-ad11-c0b0-ad6c-kr-c2e0-d765-b3d9\region_tutor\index.html,True,GENERATED_K
candidate:tutor:kr-ad11-c8fc-kr-ad11-c0b0-ad6c-kr-c6b0-c0b0-b3d9:region_tutor,/tutor/kr-ad11-c8fc-kr-ad11-c0b0-ad6c-kr-c6b0-c0b0-b3d9/region_tutor,READY_AS_IS,true,광주,88,true,C:\프로젝트\tutorplan\output\tutor\kr-ad11-c8fc-kr-ad11-c0b0-ad6c-kr-c6b0-c0b0-b3d9\region_tutor\index.html,True,GENERATED_K
candidate:tutor:kr-ad11-c8fc-kr-ad11-c0b0-ad6c-kr-c6d4-ace1-b3d9:region_tutor,/tutor/kr-ad11-c8fc-kr-ad11-c0b0-ad6c-kr-c6d4-ace1-b3d9/region_tutor,READY_AS_IS,true,광주,89,true,C:\프로젝트\tutorplan\output\tutor\kr-ad11-c8fc-kr-ad11-c0b0-ad6c-kr-c6d4-ace1-b3d9\region_tutor\index.html,True,GENERATED_K
candidate:tutor:kr-ad11-c8fc-kr-ad11-c0b0-ad6c-kr-c6b4-b0a8-b3d9:region_tutor,/tutor/kr-ad11-c8fc-kr-ad11-c0b0-ad6c-kr-c6b4-b0a8-b3d9/region_tutor,READY_AS_IS,true,광주,90,true,C:\프로젝트\tutorplan\output\tutor\kr-ad11-c8fc-kr-ad11-c0b0-ad6c-kr-c6b4-b0a8-b3d9\region_tutor\index.html,True,GENERATED_K
candidate:tutor:kr-ad11-c8fc-kr-ad11-c0b0-ad6c-kr-c30d-c554-b3d9:region_tutor,/tutor/kr-ad11-c8fc-kr-ad11-c0b0-ad6c-kr-c30d-c554-b3d9/region_tutor,READY_AS_IS,true,광주,91,true,C:\프로젝트\tutorplan\output\tutor\kr-ad11-c8fc-kr-ad11-c0b0-ad6c-kr-c30d-c554-b3d9\region_tutor\index.html,True,GENERATED_K
candidate:tutor:kr-ad11-c8fc-kr-ad11-c0b0-ad6c-kr-c0b0-c6d4-b3d9:region_tutor,/tutor/kr-ad11-c8fc-kr-ad11-c0b0-ad6c-kr-c0b0-c6d4-b3d9/region_tutor,READY_AS_IS,true,광주,92,true,C:\프로젝트\tutorplan\output\tutor\kr-ad11-c8fc-kr-ad11-c0b0-ad6c-kr-c0b0-c6d4-b3d9\region_tutor\index.html,True,GENERATED_K
candidate:tutor:kr-ad11-c8fc-kr-ad11-c0b0-ad6c-kr-c2e0-cc3d-b3d9:region_tutor,/tutor/kr-ad11-c8fc-kr-ad11-c0b0-ad6c-kr-c2e0-cc3d-b3d9/region_tutor,READY_AS_IS,true,광주,93,true,C:\프로젝트\tutorplan\output\tutor\kr-ad11-c8fc-kr-ad11-c0b0-ad6c-kr-c2e0-cc3d-b3d9\region_tutor\index.html,True,GENERATED_K
candidate:tutor:kr-ad11-c8fc-kr-ad11-c0b0-ad6c-kr-c2e0-ac00-b3d9:region_tutor,/tutor/kr-ad11-c8fc-kr-ad11-c0b0-ad6c-kr-c2e0-ac00-b3d9/region_tutor,READY_AS_IS,true,광주,94,true,C:\프로젝트\tutorplan\output\tutor\kr-ad11-c8fc-kr-ad11-c0b0-ad6c-kr-c2e0-ac00-b3d9\region_tutor\index.html,True,GENERATED_K
candidate:tutor:kr-ad11-c8fc-kr-ad11-c0b0-ad6c-kr-c218-c644-b3d9:region_tutor,/tutor/kr-ad11-c8fc-kr-ad11-c0b0-ad6c-kr-c218-c644-b3d9/region_tutor,READY_AS_IS,true,광주,95,true,C:\프로젝트\tutorplan\output\tutor\kr-ad11-c8fc-kr-ad11-c0b0-ad6c-kr-c218-c644-b3d9\region_tutor\index.html,True,GENERATED_K
candidate:tutor:kr-ad11-c8fc-kr-ad11-c0b0-ad6c-kr-c7a5-b355-b3d9:region_tutor,/tutor/kr-ad11-c8fc-kr-ad11-c0b0-ad6c-kr-c7a5-b355-b3d9/region_tutor,READY_AS_IS,true,광주,96,true,C:\프로젝트\tutorplan\output\tutor\kr-ad11-c8fc-kr-ad11-c0b0-ad6c-kr-c7a5-b355-b3d9\region_tutor\index.html,True,GENERATED_K
candidate:tutor:kr-ad11-c8fc-kr-ad11-c0b0-ad6c-kr-d751-c11d-b3d9:region_tutor,/tutor/kr-ad11-c8fc-kr-ad11-c0b0-ad6c-kr-d751-c11d-b3d9/region_tutor,READY_AS_IS,true,광주,97,true,C:\프로젝트\tutorplan\output\tutor\kr-ad11-c8fc-kr-ad11-c0b0-ad6c-kr-d751-c11d-b3d9\region_tutor\index.html,True,GENERATED_K
candidate:tutor:kr-ad11-c8fc-kr-ad11-c0b0-ad6c-kr-d558-b0a8-b3d9:region_tutor,/tutor/kr-ad11-c8fc-kr-ad11-c0b0-ad6c-kr-d558-b0a8-b3d9/region_tutor,READY_AS_IS,true,광주,98,true,C:\프로젝트\tutorplan\output\tutor\kr-ad11-c8fc-kr-ad11-c0b0-ad6c-kr-d558-b0a8-b3d9\region_tutor\index.html,True,GENERATED_K
candidate:tutor:kr-ad11-c8fc-kr-ad11-c0b0-ad6c-kr-c7a5-c218-b3d9:region_tutor,/tutor/kr-ad11-c8fc-kr-ad11-c0b0-ad6c-kr-c7a5-c218-b3d9/region_tutor,READY_AS_IS,true,광주,99,true,C:\프로젝트\tutorplan\output\tutor\kr-ad11-c8fc-kr-ad11-c0b0-ad6c-kr-c7a5-c218-b3d9\region_tutor\index.html,True,GENERATED_K
candidate:tutor:kr-ad11-c8fc-kr-ad11-c0b0-ad6c-kr-c548-ccad-b3d9:region_tutor,/tutor/kr-ad11-c8fc-kr-ad11-c0b0-ad6c-kr-c548-ccad-b3d9/region_tutor,READY_AS_IS,true,광주,100,true,C:\프로젝트\tutorplan\output\tutor\kr-ad11-c8fc-kr-ad11-c0b0-ad6c-kr-c548-ccad-b3d9\region_tutor\index.html,True,GENERATED_K
candidate:tutor:kr-ad11-c8fc-kr-ad11-c0b0-ad6c-kr-c624-c120-b3d9:region_tutor,/tutor/kr-ad11-c8fc-kr-ad11-c0b0-ad6c-kr-c624-c120-b3d9/region_tutor,READY_AS_IS,true,광주,101,true,C:\프로젝트\tutorplan\output\tutor\kr-ad11-c8fc-kr-ad11-c0b0-ad6c-kr-c624-c120-b3d9\region_tutor\index.html,True,GENERATED_K
candidate:tutor:kr-ad11-c8fc-kr-ad11-c0b0-ad6c-kr-be44-c544-b3d9:region_tutor,/tutor/kr-ad11-c8fc-kr-ad11-c0b0-ad6c-kr-be44-c544-b3d9/region_tutor,READY_AS_IS,true,광주,102,true,C:\프로젝트\tutorplan\output\tutor\kr-ad11-c8fc-kr-ad11-c0b0-ad6c-kr-be44-c544-b3d9\region_tutor\index.html,True,GENERATED_K
candidate:tutor:kr-ad11-c8fc-kr-ad11-c0b0-ad6c-kr-c6d4-c804-b3d9:region_tutor,/tutor/kr-ad11-c8fc-kr-ad11-c0b0-ad6c-kr-c6d4-c804-b3d9/region_tutor,READY_AS_IS,true,광주,103,true,C:\프로젝트\tutorplan\output\tutor\kr-ad11-c8fc-kr-ad11-c0b0-ad6c-kr-c6d4-c804-b3d9\region_tutor\index.html,True,GENERATED_K
candidate:tutor:kr-ad11-c8fc-kr-ad11-c0b0-ad6c-kr-ace0-b8e1-b3d9:region_tutor,/tutor/kr-ad11-c8fc-kr-ad11-c0b0-ad6c-kr-ace0-b8e1-b3d9/region_tutor,READY_AS_IS,true,광주,104,true,C:\프로젝트\tutorplan\output\tutor\kr-ad11-c8fc-kr-ad11-c0b0-ad6c-kr-ace0-b8e1-b3d9\region_tutor\index.html,True,GENERATED_K
candidate:tutor:kr-ad11-c8fc-kr-ad11-c0b0-ad6c-kr-c9c0-c8fd-b3d9:region_tutor,/tutor/kr-ad11-c8fc-kr-ad11-c0b0-ad6c-kr-c9c0-c8fd-b3d9/region_tutor,READY_AS_IS,true,광주,105,true,C:\프로젝트\tutorplan\output\tutor\kr-ad11-c8fc-kr-ad11-c0b0-ad6c-kr-c9c0-c8fd-b3d9\region_tutor\index.html,True,GENERATED_K
candidate:tutor:kr-ad11-c8fc-kr-ad11-c0b0-ad6c-kr-c6a9-b3d9:region_tutor,/tutor/kr-ad11-c8fc-kr-ad11-c0b0-ad6c-kr-c6a9-b3d9/region_tutor,READY_AS_IS,true,광주,106,true,C:\프로젝트\tutorplan\output\tutor\kr-ad11-c8fc-kr-ad11-c0b0-ad6c-kr-c6a9-b3d9\region_tutor\index.html,True,GENERATED_K
candidate:tutor:kr-ad11-c8fc-kr-ad11-c0b0-ad6c-kr-ba85-d654-b3d9:region_tutor,/tutor/kr-ad11-c8fc-kr-ad11-c0b0-ad6c-kr-ba85-d654-b3d9/region_tutor,READY_AS_IS,true,광주,107,true,C:\프로젝트\tutorplan\output\tutor\kr-ad11-c8fc-kr-ad11-c0b0-ad6c-kr-ba85-d654-b3d9\region_tutor\index.html,True,GENERATED_K
candidate:tutor:kr-ad11-c8fc-kr-ad11-c0b0-ad6c-kr-ad11-c0b0-ad6c-b3d9-b9bc-b3d9:region_tutor,/tutor/kr-ad11-c8fc-kr-ad11-c0b0-ad6c-kr-ad11-c0b0-ad6c-b3d9-b9bc-b3d9/region_tutor,READY_AS_IS,true,광주,108,true,C:\프로젝트\tutorplan\output\tutor\kr-ad11-c8fc-kr-ad11-c0b0-ad6c-kr-ad11-c0b0-ad6c-b3d9-b9bc-b3d9\region_tutor\index.html,True,GENERATED_K
candidate:tutor:kr-ad11-c8fc-kr-ad11-c0b0-ad6c-kr-c120-c554-b3d9:region_tutor,/tutor/kr-ad11-c8fc-kr-ad11-c0b0-ad6c-kr-c120-c554-b3d9/region_tutor,READY_AS_IS,true,광주,109,true,C:\프로젝트\tutorplan\output\tutor\kr-ad11-c8fc-kr-ad11-c0b0-ad6c-kr-c120-c554-b3d9\region_tutor\index.html,True,GENERATED_K
candidate:tutor:kr-ad11-c8fc-kr-ad11-c0b0-ad6c-kr-d3c9-b3d9:region_tutor,/tutor/kr-ad11-c8fc-kr-ad11-c0b0-ad6c-kr-d3c9-b3d9/region_tutor,READY_AS_IS,true,광주,110,true,C:\프로젝트\tutorplan\output\tutor\kr-ad11-c8fc-kr-ad11-c0b0-ad6c-kr-d3c9-b3d9\region_tutor\index.html,True,GENERATED_K
candidate:tutor:kr-ad11-c8fc-kr-ad11-c0b0-ad6c-kr-c625-b3d9:region_tutor,/tutor/kr-ad11-c8fc-kr-ad11-c0b0-ad6c-kr-c625-b3d9/region_tutor,READY_AS_IS,true,광주,111,true,C:\프로젝트\tutorplan\output\tutor\kr-ad11-c8fc-kr-ad11-c0b0-ad6c-kr-c625-b3d9\region_tutor\index.html,True,GENERATED_K
candidate:tutor:kr-ad11-c8fc-kr-ad11-c0b0-ad6c-kr-c0bc-ac70-b3d9:region_tutor,/tutor/kr-ad11-c8fc-kr-ad11-c0b0-ad6c-kr-c0bc-ac70-b3d9/region_tutor,READY_AS_IS,true,광주,112,true,C:\프로젝트\tutorplan\output\tutor\kr-ad11-c8fc-kr-ad11-c0b0-ad6c-kr-c0bc-ac70-b3d9\region_tutor\index.html,True,GENERATED_K
candidate:tutor:kr-ad11-c8fc-kr-ad11-c0b0-ad6c-kr-bcf8-b355-b3d9:region_tutor,/tutor/kr-ad11-c8fc-kr-ad11-c0b0-ad6c-kr-bcf8-b355-b3d9/region_tutor,READY_AS_IS,true,광주,113,true,C:\프로젝트\tutorplan\output\tutor\kr-ad11-c8fc-kr-ad11-c0b0-ad6c-kr-bcf8-b355-b3d9\region_tutor\index.html,True,GENERATED_K
candidate:tutor:kr-ad11-c8fc-kr-ad11-c0b0-ad6c-kr-bcf5-b8e1-b3d9:region_tutor,/tutor/kr-ad11-c8fc-kr-ad11-c0b0-ad6c-kr-bcf5-b8e1-b3d9/region_tutor,READY_AS_IS,true,광주,114,true,C:\프로젝트\tutorplan\output\tutor\kr-ad11-c8fc-kr-ad11-c0b0-ad6c-kr-bcf5-b8e1-b3d9\region_tutor\index.html,True,GENERATED_K
candidate:tutor:kr-ad11-c8fc-kr-ad11-c0b0-ad6c-kr-c784-ace1-b3d9:region_tutor,/tutor/kr-ad11-c8fc-kr-ad11-c0b0-ad6c-kr-c784-ace1-b3d9/region_tutor,READY_AS_IS,true,광주,115,true,C:\프로젝트\tutorplan\output\tutor\kr-ad11-c8fc-kr-ad11-c0b0-ad6c-kr-c784-ace1-b3d9\region_tutor\index.html,True,GENERATED_K
candidate:tutor:kr-ad11-c8fc-kr-ad11-c0b0-ad6c-kr-b3d9-d638-b3d9:region_tutor,/tutor/kr-ad11-c8fc-kr-ad11-c0b0-ad6c-kr-b3d9-d638-b3d9/region_tutor,READY_AS_IS,true,광주,116,true,C:\프로젝트\tutorplan\output\tutor\kr-ad11-c8fc-kr-ad11-c0b0-ad6c-kr-b3d9-d638-b3d9\region_tutor\index.html,True,GENERATED_K
candidate:tutor:kr-ad11-c8fc-kr-ad11-c0b0-ad6c-kr-c0bc-b3c4-b3d9:region_tutor,/tutor/kr-ad11-c8fc-kr-ad11-c0b0-ad6c-kr-c0bc-b3c4-b3d9/region_tutor,READY_AS_IS,true,광주,117,true,C:\프로젝트\tutorplan\output\tutor\kr-ad11-c8fc-kr-ad11-c0b0-ad6c-kr-c0bc-b3c4-b3d9\region_tutor\index.html,True,GENERATED_K
candidate:tutor:seoul:region_tutor,/tutor/seoul/region_tutor,HOLD,false,서울,2,false,C:\프로젝트\tutorplan\output\tutor\seoul\region_tutor\index.html,False,HOLD_NO_FILE
candidate:tutor:seoul-gangnam:region_tutor,/tutor/seoul-gangnam/region_tutor,HOLD,false,서울,3,false,C:\프로젝트\tutorplan\output\tutor\seoul-gangnam\region_tutor\index.html,False,HOLD_NO_FILE
candidate:tutor:seoul-kr-ac15-b3d9-ad6c:region_tutor,/tutor/seoul-kr-ac15-b3d9-ad6c/region_tutor,HOLD,false,서울,4,false,C:\프로젝트\tutorplan\output\tutor\seoul-kr-ac15-b3d9-ad6c\region_tutor\index.html,False,HOLD_NO_FILE
candidate:tutor:seoul-kr-ac15-bd81-ad6c:region_tutor,/tutor/seoul-kr-ac15-bd81-ad6c/region_tutor,HOLD,false,서울,5,false,C:\프로젝트\tutorplan\output\tutor\seoul-kr-ac15-bd81-ad6c\region_tutor\index.html,False,HOLD_NO_FILE
candidate:tutor:seoul-kr-ac15-c11c-ad6c:region_tutor,/tutor/seoul-kr-ac15-c11c-ad6c/region_tutor,HOLD,false,서울,6,false,C:\프로젝트\tutorplan\output\tutor\seoul-kr-ac15-c11c-ad6c\region_tutor\index.html,False,HOLD_NO_FILE
candidate:tutor:seoul-kr-ad00-c545-ad6c:region_tutor,/tutor/seoul-kr-ad00-c545-ad6c/region_tutor,HOLD,false,서울,7,false,C:\프로젝트\tutorplan\output\tutor\seoul-kr-ad00-c545-ad6c\region_tutor\index.html,False,HOLD_NO_FILE
candidate:tutor:seoul-kr-ad11-c9c4-ad6c:region_tutor,/tutor/seoul-kr-ad11-c9c4-ad6c/region_tutor,HOLD,false,서울,8,false,C:\프로젝트\tutorplan\output\tutor\seoul-kr-ad11-c9c4-ad6c\region_tutor\index.html,False,HOLD_NO_FILE
candidate:tutor:seoul-kr-ad6c-b85c-ad6c:region_tutor,/tutor/seoul-kr-ad6c-b85c-ad6c/region_tutor,HOLD,false,서울,9,false,C:\프로젝트\tutorplan\output\tutor\seoul-kr-ad6c-b85c-ad6c\region_tutor\index.html,False,HOLD_NO_FILE
candidate:tutor:seoul-kr-ae08-cc9c-ad6c:region_tutor,/tutor/seoul-kr-ae08-cc9c-ad6c/region_tutor,HOLD,false,서울,10,false,C:\프로젝트\tutorplan\output\tutor\seoul-kr-ae08-cc9c-ad6c\region_tutor\index.html,False,HOLD_NO_FILE
candidate:tutor:seoul-kr-b178-c6d0-ad6c:region_tutor,/tutor/seoul-kr-b178-c6d0-ad6c/region_tutor,HOLD,false,서울,11,false,C:\프로젝트\tutorplan\output\tutor\seoul-kr-b178-c6d0-ad6c\region_tutor\index.html,False,HOLD_NO_FILE
candidate:tutor:seoul-kr-b3c4-bd09-ad6c:region_tutor,/tutor/seoul-kr-b3c4-bd09-ad6c/region_tutor,HOLD,false,서울,12,false,C:\프로젝트\tutorplan\output\tutor\seoul-kr-b3c4-bd09-ad6c\region_tutor\index.html,False,HOLD_NO_FILE
candidate:tutor:seoul-kr-b3d9-b300-bb38-ad6c:region_tutor,/tutor/seoul-kr-b3d9-b300-bb38-ad6c/region_tutor,HOLD,false,서울,13,false,C:\프로젝트\tutorplan\output\tutor\seoul-kr-b3d9-b300-bb38-ad6c\region_tutor\index.html,False,HOLD_NO_FILE
candidate:tutor:seoul-kr-b3d9-c791-ad6c:region_tutor,/tutor/seoul-kr-b3d9-c791-ad6c/region_tutor,HOLD,false,서울,14,false,C:\프로젝트\tutorplan\output\tutor\seoul-kr-b3d9-c791-ad6c\region_tutor\index.html,False,HOLD_NO_FILE
candidate:tutor:seoul-kr-b9c8-d3ec-ad6c:region_tutor,/tutor/seoul-kr-b9c8-d3ec-ad6c/region_tutor,HOLD,false,서울,15,false,C:\프로젝트\tutorplan\output\tutor\seoul-kr-b9c8-d3ec-ad6c\region_tutor\index.html,False,HOLD_NO_FILE
candidate:tutor:seoul-kr-c11c-b300-bb38-ad6c:region_tutor,/tutor/seoul-kr-c11c-b300-bb38-ad6c/region_tutor,HOLD,false,서울,16,false,C:\프로젝트\tutorplan\output\tutor\seoul-kr-c11c-b300-bb38-ad6c\region_tutor\index.html,False,HOLD_NO_FILE
candidate:tutor:seoul-kr-c11c-cd08-ad6c:region_tutor,/tutor/seoul-kr-c11c-cd08-ad6c/region_tutor,HOLD,false,서울,17,false,C:\프로젝트\tutorplan\output\tutor\seoul-kr-c11c-cd08-ad6c\region_tutor\index.html,False,HOLD_NO_FILE
candidate:tutor:seoul-kr-c131-b3d9-ad6c:region_tutor,/tutor/seoul-kr-c131-b3d9-ad6c/region_tutor,HOLD,false,서울,18,false,C:\프로젝트\tutorplan\output\tutor\seoul-kr-c131-b3d9-ad6c\region_tutor\index.html,False,HOLD_NO_FILE
candidate:tutor:seoul-kr-c131-bd81-ad6c:region_tutor,/tutor/seoul-kr-c131-bd81-ad6c/region_tutor,HOLD,false,서울,19,false,C:\프로젝트\tutorplan\output\tutor\seoul-kr-c131-bd81-ad6c\region_tutor\index.html,False,HOLD_NO_FILE
candidate:tutor:seoul-kr-c1a1-d30c-ad6c:region_tutor,/tutor/seoul-kr-c1a1-d30c-ad6c/region_tutor,HOLD,false,서울,20,false,C:\프로젝트\tutorplan\output\tutor\seoul-kr-c1a1-d30c-ad6c\region_tutor\index.html,False,HOLD_NO_FILE
candidate:tutor:seoul-kr-c591-cc9c-ad6c:region_tutor,/tutor/seoul-kr-c591-cc9c-ad6c/region_tutor,HOLD,false,서울,21,false,C:\프로젝트\tutorplan\output\tutor\seoul-kr-c591-cc9c-ad6c\region_tutor\index.html,False,HOLD_NO_FILE
candidate:tutor:seoul-kr-c601-b4f1-d3ec-ad6c:region_tutor,/tutor/seoul-kr-c601-b4f1-d3ec-ad6c/region_tutor,HOLD,false,서울,22,false,C:\프로젝트\tutorplan\output\tutor\seoul-kr-c601-b4f1-d3ec-ad6c\region_tutor\index.html,False,HOLD_NO_FILE
candidate:tutor:seoul-kr-c6a9-c0b0-ad6c:region_tutor,/tutor/seoul-kr-c6a9-c0b0-ad6c/region_tutor,HOLD,false,서울,23,false,C:\프로젝트\tutorplan\output\tutor\seoul-kr-c6a9-c0b0-ad6c\region_tutor\index.html,False,HOLD_NO_FILE
candidate:tutor:seoul-kr-c740-d3c9-ad6c:region_tutor,/tutor/seoul-kr-c740-d3c9-ad6c/region_tutor,HOLD,false,서울,24,false,C:\프로젝트\tutorplan\output\tutor\seoul-kr-c740-d3c9-ad6c\region_tutor\index.html,False,HOLD_NO_FILE
candidate:tutor:seoul-kr-c885-b85c-ad6c:region_tutor,/tutor/seoul-kr-c885-b85c-ad6c/region_tutor,HOLD,false,서울,25,false,C:\프로젝트\tutorplan\output\tutor\seoul-kr-c885-b85c-ad6c\region_tutor\index.html,False,HOLD_NO_FILE
candidate:tutor:seoul-kr-c11c-c6b8-c911-ad6c:region_tutor,/tutor/seoul-kr-c11c-c6b8-c911-ad6c/region_tutor,HOLD,false,서울,26,false,C:\프로젝트\tutorplan\output\tutor\seoul-kr-c11c-c6b8-c911-ad6c\region_tutor\index.html,False,HOLD_NO_FILE
candidate:tutor:seoul-kr-c911-b791-ad6c:region_tutor,/tutor/seoul-kr-c911-b791-ad6c/region_tutor,HOLD,false,서울,27,false,C:\프로젝트\tutorplan\output\tutor\seoul-kr-c911-b791-ad6c\region_tutor\index.html,False,HOLD_NO_FILE
candidate:tutor:seoul-gangnam-kr-ac1c-d3ec-b3d9:region_tutor,/tutor/seoul-gangnam-kr-ac1c-d3ec-b3d9/region_tutor,HOLD,false,서울,28,false,C:\프로젝트\tutorplan\output\tutor\seoul-gangnam-kr-ac1c-d3ec-b3d9\region_tutor\index.html,False,HOLD_NO_FILE
candidate:tutor:seoul-gangnam-kr-b17c-d604-b3d9:region_tutor,/tutor/seoul-gangnam-kr-b17c-d604-b3d9/region_tutor,HOLD,false,서울,29,false,C:\프로젝트\tutorplan\output\tutor\seoul-gangnam-kr-b17c-d604-b3d9\region_tutor\index.html,False,HOLD_NO_FILE
candidate:tutor:seoul-gangnam-daechi:region_tutor,/tutor/seoul-gangnam-daechi/region_tutor,HOLD,false,서울,30,false,C:\프로젝트\tutorplan\output\tutor\seoul-gangnam-daechi\region_tutor\index.html,False,HOLD_NO_FILE
candidate:tutor:seoul-kr-c911-b791-ad6c-kr-b3c4-ace1-b3d9:region_tutor,/tutor/seoul-kr-c911-b791-ad6c-kr-b3c4-ace1-b3d9/region_tutor,HOLD,false,서울,31,false,C:\프로젝트\tutorplan\output\tutor\seoul-kr-c911-b791-ad6c-kr-b3c4-ace1-b3d9\region_tutor\index.html,False,HOLD_NO_FILE
candidate:tutor:seoul-kr-c911-b791-ad6c-kr-c0bc-c131-b3d9:region_tutor,/tutor/seoul-kr-c911-b791-ad6c-kr-c0bc-c131-b3d9/region_tutor,HOLD,false,서울,32,false,C:\프로젝트\tutorplan\output\tutor\seoul-kr-c911-b791-ad6c-kr-c0bc-c131-b3d9\region_tutor\index.html,False,HOLD_NO_FILE
candidate:tutor:seoul-kr-c911-b791-ad6c-kr-c138-ace1-b3d9:region_tutor,/tutor/seoul-kr-c911-b791-ad6c-kr-c138-ace1-b3d9/region_tutor,HOLD,false,서울,33,false,C:\프로젝트\tutorplan\output\tutor\seoul-kr-c911-b791-ad6c-kr-c138-ace1-b3d9\region_tutor\index.html,False,HOLD_NO_FILE
candidate:tutor:seoul-kr-c911-b791-ad6c-kr-c218-c11c-b3d9:region_tutor,/tutor/seoul-kr-c911-b791-ad6c-kr-c218-c11c-b3d9/region_tutor,HOLD,false,서울,34,false,C:\프로젝트\tutorplan\output\tutor\seoul-kr-c911-b791-ad6c-kr-c218-c11c-b3d9\region_tutor\index.html,False,HOLD_NO_FILE
candidate:tutor:seoul-kr-c911-b791-ad6c-kr-c2e0-c0ac-b3d9:region_tutor,/tutor/seoul-kr-c911-b791-ad6c-kr-c2e0-c0ac-b3d9/region_tutor,HOLD,false,서울,35,false,C:\프로젝트\tutorplan\output\tutor\seoul-kr-c911-b791-ad6c-kr-c2e0-c0ac-b3d9\region_tutor\index.html,False,HOLD_NO_FILE
candidate:tutor:seoul-kr-c911-b791-ad6c-kr-c555-ad6c-c815-b3d9:region_tutor,/tutor/seoul-kr-c911-b791-ad6c-kr-c555-ad6c-c815-b3d9/region_tutor,HOLD,false,서울,36,false,C:\프로젝트\tutorplan\output\tutor\seoul-kr-c911-b791-ad6c-kr-c555-ad6c-c815-b3d9\region_tutor\index.html,False,HOLD_NO_FILE
candidate:tutor:seoul-kr-c911-b791-ad6c-kr-c5ed-c0bc-b3d9:region_tutor,/tutor/seoul-kr-c911-b791-ad6c-kr-c5ed-c0bc-b3d9/region_tutor,HOLD,false,서울,37,false,C:\프로젝트\tutorplan\output\tutor\seoul-kr-c911-b791-ad6c-kr-c5ed-c0bc-b3d9\region_tutor\index.html,False,HOLD_NO_FILE
candidate:tutor:seoul-kr-c911-b791-ad6c-kr-c728-d604-b3d9:region_tutor,/tutor/seoul-kr-c911-b791-ad6c-kr-c728-d604-b3d9/region_tutor,HOLD,false,서울,38,false,C:\프로젝트\tutorplan\output\tutor\seoul-kr-c911-b791-ad6c-kr-c728-d604-b3d9\region_tutor\index.html,False,HOLD_NO_FILE
candidate:tutor:seoul-kr-c911-b791-ad6c-kr-c77c-c6d0-b3d9:region_tutor,/tutor/seoul-kr-c911-b791-ad6c-kr-c77c-c6d0-b3d9/region_tutor,HOLD,false,서울,39,false,C:\프로젝트\tutorplan\output\tutor\seoul-kr-c911-b791-ad6c-kr-c77c-c6d0-b3d9\region_tutor\index.html,False,HOLD_NO_FILE
candidate:tutor:seoul-kr-c911-b791-ad6c-kr-c790-ace1-b3d9:region_tutor,/tutor/seoul-kr-c911-b791-ad6c-kr-c790-ace1-b3d9/region_tutor,HOLD,false,서울,40,false,C:\프로젝트\tutorplan\output\tutor\seoul-kr-c911-b791-ad6c-kr-c790-ace1-b3d9\region_tutor\index.html,False,HOLD_NO_FILE
candidate:tutor:seoul-kr-c911-b791-ad6c-kr-ccad-b2f4-b3d9:region_tutor,/tutor/seoul-kr-c911-b791-ad6c-kr-ccad-b2f4-b3d9/region_tutor,HOLD,false,서울,41,false,C:\프로젝트\tutorplan\output\tutor\seoul-kr-c911-b791-ad6c-kr-ccad-b2f4-b3d9\region_tutor\index.html,False,HOLD_NO_FILE
candidate:tutor:seoul-kr-c911-b791-ad6c-kr-ac15-c77c-b3d9:region_tutor,/tutor/seoul-kr-c911-b791-ad6c-kr-ac15-c77c-b3d9/region_tutor,HOLD,false,서울,42,false,C:\프로젝트\tutorplan\output\tutor\seoul-kr-c911-b791-ad6c-kr-ac15-c77c-b3d9\region_tutor\index.html,False,HOLD_NO_FILE
candidate:tutor:seoul-kr-c911-b791-ad6c-kr-ace0-b355-b3d9:region_tutor,/tutor/seoul-kr-c911-b791-ad6c-kr-ace0-b355-b3d9/region_tutor,HOLD,false,서울,43,false,C:\프로젝트\tutorplan\output\tutor\seoul-kr-c911-b791-ad6c-kr-ace0-b355-b3d9\region_tutor\index.html,False,HOLD_NO_FILE
candidate:tutor:seoul-kr-c911-b791-ad6c-kr-ae38-b3d9:region_tutor,/tutor/seoul-kr-c911-b791-ad6c-kr-ae38-b3d9/region_tutor,HOLD,false,서울,44,false,C:\프로젝트\tutorplan\output\tutor\seoul-kr-c911-b791-ad6c-kr-ae38-b3d9\region_tutor\index.html,False,HOLD_NO_FILE
candidate:tutor:seoul-kr-c911-b791-ad6c-kr-b454-cd0c-b3d9:region_tutor,/tutor/seoul-kr-c911-b791-ad6c-kr-b454-cd0c-b3d9/region_tutor,HOLD,false,서울,45,false,C:\프로젝트\tutorplan\output\tutor\seoul-kr-c911-b791-ad6c-kr-b454-cd0c-b3d9\region_tutor\index.html,False,HOLD_NO_FILE
candidate:tutor:seoul-kr-c911-b791-ad6c-kr-ba85-c77c-b3d9:region_tutor,/tutor/seoul-kr-c911-b791-ad6c-kr-ba85-c77c-b3d9/region_tutor,HOLD,false,서울,46,false,C:\프로젝트\tutorplan\output\tutor\seoul-kr-c911-b791-ad6c-kr-ba85-c77c-b3d9\region_tutor\index.html,False,HOLD_NO_FILE
candidate:tutor:seoul-kr-c911-b791-ad6c-kr-c0c1-c77c-b3d9:region_tutor,/tutor/seoul-kr-c911-b791-ad6c-kr-c0c1-c77c-b3d9/region_tutor,HOLD,false,서울,47,false,C:\프로젝트\tutorplan\output\tutor\seoul-kr-c911-b791-ad6c-kr-c0c1-c77c-b3d9\region_tutor\index.html,False,HOLD_NO_FILE
candidate:tutor:seoul-kr-c911-b791-ad6c-kr-c131-b0b4-b3d9:region_tutor,/tutor/seoul-kr-c911-b791-ad6c-kr-c131-b0b4-b3d9/region_tutor,HOLD,false,서울,48,false,C:\프로젝트\tutorplan\output\tutor\seoul-kr-c911-b791-ad6c-kr-c131-b0b4-b3d9\region_tutor\index.html,False,HOLD_NO_FILE
candidate:tutor:seoul-kr-c911-b791-ad6c-kr-c554-c0ac-b3d9:region_tutor,/tutor/seoul-kr-c911-b791-ad6c-kr-c554-c0ac-b3d9/region_tutor,HOLD,false,서울,49,false,C:\프로젝트\tutorplan\output\tutor\seoul-kr-c911-b791-ad6c-kr-c554-c0ac-b3d9\region_tutor\index.html,False,HOLD_NO_FILE
candidate:tutor:seoul-kr-c911-b791-ad6c-kr-cc9c-d638-b3d9:region_tutor,/tutor/seoul-kr-c911-b791-ad6c-kr-cc9c-d638-b3d9/region_tutor,HOLD,false,서울,50,false,C:\프로젝트\tutorplan\output\tutor\seoul-kr-c911-b791-ad6c-kr-cc9c-d638-b3d9\region_tutor\index.html,False,HOLD_NO_FILE
candidate:tutor:seoul-kr-c911-b791-ad6c-kr-bbf8-c544-b3d9:region_tutor,/tutor/seoul-kr-c911-b791-ad6c-kr-bbf8-c544-b3d9/region_tutor,HOLD,false,서울,51,false,C:\프로젝트\tutorplan\output\tutor\seoul-kr-c911-b791-ad6c-kr-bbf8-c544-b3d9\region_tutor\index.html,False,HOLD_NO_FILE
candidate:tutor:seoul-kr-c911-b791-ad6c-kr-bc88-b3d9:region_tutor,/tutor/seoul-kr-c911-b791-ad6c-kr-bc88-b3d9/region_tutor,HOLD,false,서울,52,false,C:\프로젝트\tutorplan\output\tutor\seoul-kr-c911-b791-ad6c-kr-bc88-b3d9\region_tutor\index.html,False,HOLD_NO_FILE
candidate:tutor:seoul-kr-c911-b791-ad6c-kr-c218-c720-b3d9:region_tutor,/tutor/seoul-kr-c911-b791-ad6c-kr-c218-c720-b3d9/region_tutor,HOLD,false,서울,53,false,C:\프로젝트\tutorplan\output\tutor\seoul-kr-c911-b791-ad6c-kr-c218-c720-b3d9\region_tutor\index.html,False,HOLD_NO_FILE
candidate:tutor:seoul-kr-c911-b791-ad6c-kr-c6b0-c774-b3d9:region_tutor,/tutor/seoul-kr-c911-b791-ad6c-kr-c6b0-c774-b3d9/region_tutor,HOLD,false,서울,54,false,C:\프로젝트\tutorplan\output\tutor\seoul-kr-c911-b791-ad6c-kr-c6b0-c774-b3d9\region_tutor\index.html,False,HOLD_NO_FILE
candidate:tutor:seoul-kr-c911-b791-ad6c-kr-ac00-c591-b3d9:region_tutor,/tutor/seoul-kr-c911-b791-ad6c-kr-ac00-c591-b3d9/region_tutor,HOLD,false,서울,55,false,C:\프로젝트\tutorplan\output\tutor\seoul-kr-c911-b791-ad6c-kr-ac00-c591-b3d9\region_tutor\index.html,False,HOLD_NO_FILE
candidate:tutor:seoul-kr-c911-b791-ad6c-kr-ac1c-d654-b3d9:region_tutor,/tutor/seoul-kr-c911-b791-ad6c-kr-ac1c-d654-b3d9/region_tutor,HOLD,false,서울,56,false,C:\프로젝트\tutorplan\output\tutor\seoul-kr-c911-b791-ad6c-kr-ac1c-d654-b3d9\region_tutor\index.html,False,HOLD_NO_FILE
candidate:tutor:seoul-kr-c911-b791-ad6c-kr-acf5-d56d-b3d9:region_tutor,/tutor/seoul-kr-c911-b791-ad6c-kr-acf5-d56d-b3d9/region_tutor,HOLD,false,서울,57,false,C:\프로젝트\tutorplan\output\tutor\seoul-kr-c911-b791-ad6c-kr-acf5-d56d-b3d9\region_tutor\index.html,False,HOLD_NO_FILE
candidate:tutor:seoul-kr-c911-b791-ad6c-kr-acfc-d574-b3d9:region_tutor,/tutor/seoul-kr-c911-b791-ad6c-kr-acfc-d574-b3d9/region_tutor,HOLD,false,서울,58,false,C:\프로젝트\tutorplan\output\tutor\seoul-kr-c911-b791-ad6c-kr-acfc-d574-b3d9\region_tutor\index.html,False,HOLD_NO_FILE
candidate:tutor:seoul-kr-c911-b791-ad6c-kr-b0b4-bc1c-c0b0-b3d9:region_tutor,/tutor/seoul-kr-c911-b791-ad6c-kr-b0b4-bc1c-c0b0-b3d9/region_tutor,HOLD,false,서울,59,false,C:\프로젝트\tutorplan\output\tutor\seoul-kr-c911-b791-ad6c-kr-b0b4-bc1c-c0b0-b3d9\region_tutor\index.html,False,HOLD_NO_FILE
candidate:tutor:seoul-kr-c911-b791-ad6c-kr-b4f1-cd0c-b3d9:region_tutor,/tutor/seoul-kr-c911-b791-ad6c-kr-b4f1-cd0c-b3d9/region_tutor,HOLD,false,서울,60,false,C:\프로젝트\tutorplan\output\tutor\seoul-kr-c911-b791-ad6c-kr-b4f1-cd0c-b3d9\region_tutor\index.html,False,HOLD_NO_FILE
candidate:tutor:seoul-kr-c911-b791-ad6c-kr-b9c8-ace1-b3d9:region_tutor,/tutor/seoul-kr-c911-b791-ad6c-kr-b9c8-ace1-b3d9/region_tutor,HOLD,false,서울,61,false,C:\프로젝트\tutorplan\output\tutor\seoul-kr-c911-b791-ad6c-kr-b9c8-ace1-b3d9\region_tutor\index.html,False,HOLD_NO_FILE
candidate:tutor:seoul-kr-c911-b791-ad6c-kr-bc29-d654-b3d9:region_tutor,/tutor/seoul-kr-c911-b791-ad6c-kr-bc29-d654-b3d9/region_tutor,HOLD,false,서울,62,false,C:\프로젝트\tutorplan\output\tutor\seoul-kr-c911-b791-ad6c-kr-bc29-d654-b3d9\region_tutor\index.html,False,HOLD_NO_FILE
candidate:tutor:seoul-kr-c911-b791-ad6c-kr-c5fc-cc3d-b3d9:region_tutor,/tutor/seoul-kr-c911-b791-ad6c-kr-c5fc-cc3d-b3d9/region_tutor,HOLD,false,서울,63,false,C:\프로젝트\tutorplan\output\tutor\seoul-kr-c911-b791-ad6c-kr-c5fc-cc3d-b3d9\region_tutor\index.html,False,HOLD_NO_FILE
candidate:tutor:seoul-kr-c911-b791-ad6c-kr-c624-ace1-b3d9:region_tutor,/tutor/seoul-kr-c911-b791-ad6c-kr-c624-ace1-b3d9/region_tutor,HOLD,false,서울,64,false,C:\프로젝트\tutorplan\output\tutor\seoul-kr-c911-b791-ad6c-kr-c624-ace1-b3d9\region_tutor\index.html,False,HOLD_NO_FILE
candidate:tutor:seoul-kr-c911-b791-ad6c-kr-c624-c1e0-b3d9:region_tutor,/tutor/seoul-kr-c911-b791-ad6c-kr-c624-c1e0-b3d9/region_tutor,HOLD,false,서울,65,false,C:\프로젝트\tutorplan\output\tutor\seoul-kr-c911-b791-ad6c-kr-c624-c1e0-b3d9\region_tutor\index.html,False,HOLD_NO_FILE
candidate:tutor:seoul-kr-c911-b791-ad6c-kr-c678-bc1c-c0b0-b3d9:region_tutor,/tutor/seoul-kr-c911-b791-ad6c-kr-c678-bc1c-c0b0-b3d9/region_tutor,HOLD,false,서울,66,false,C:\프로젝트\tutorplan\output\tutor\seoul-kr-c911-b791-ad6c-kr-c678-bc1c-c0b0-b3d9\region_tutor\index.html,False,HOLD_NO_FILE
candidate:tutor:seoul-kr-c911-b791-ad6c-kr-d654-ace1-b3d9:region_tutor,/tutor/seoul-kr-c911-b791-ad6c-kr-d654-ace1-b3d9/region_tutor,HOLD,false,서울,67,false,C:\프로젝트\tutorplan\output\tutor\seoul-kr-c911-b791-ad6c-kr-d654-ace1-b3d9\region_tutor\index.html,False,HOLD_NO_FILE
candidate:tutor:seoul-kr-c911-b791-ad6c-kr-b0a8-d604-b3d9:region_tutor,/tutor/seoul-kr-c911-b791-ad6c-kr-b0a8-d604-b3d9/region_tutor,HOLD,false,서울,68,false,C:\프로젝트\tutorplan\output\tutor\seoul-kr-c911-b791-ad6c-kr-b0a8-d604-b3d9\region_tutor\index.html,False,HOLD_NO_FILE
candidate:tutor:seoul-kr-c911-b791-ad6c-kr-bd09-cc9c-b3d9:region_tutor,/tutor/seoul-kr-c911-b791-ad6c-kr-bd09-cc9c-b3d9/region_tutor,HOLD,false,서울,69,false,C:\프로젝트\tutorplan\output\tutor\seoul-kr-c911-b791-ad6c-kr-bd09-cc9c-b3d9\region_tutor\index.html,False,HOLD_NO_FILE
candidate:tutor:seoul-kr-c911-b791-ad6c-kr-c2e0-b9bc-b3d9:region_tutor,/tutor/seoul-kr-c911-b791-ad6c-kr-c2e0-b9bc-b3d9/region_tutor,HOLD,false,서울,70,false,C:\프로젝트\tutorplan\output\tutor\seoul-kr-c911-b791-ad6c-kr-c2e0-b9bc-b3d9\region_tutor\index.html,False,HOLD_NO_FILE
candidate:tutor:seoul-kr-c911-b791-ad6c-kr-ad11-c7a5-b3d9:region_tutor,/tutor/seoul-kr-c911-b791-ad6c-kr-ad11-c7a5-b3d9/region_tutor,HOLD,false,서울,71,false,C:\프로젝트\tutorplan\output\tutor\seoul-kr-c911-b791-ad6c-kr-ad11-c7a5-b3d9\region_tutor\index.html,False,HOLD_NO_FILE
candidate:tutor:seoul-kr-c911-b791-ad6c-kr-ad6c-c758-b3d9:region_tutor,/tutor/seoul-kr-c911-b791-ad6c-kr-ad6c-c758-b3d9/region_tutor,HOLD,false,서울,72,false,C:\프로젝트\tutorplan\output\tutor\seoul-kr-c911-b791-ad6c-kr-ad6c-c758-b3d9\region_tutor\index.html,False,HOLD_NO_FILE
candidate:tutor:seoul-kr-c911-b791-ad6c-kr-ad70-c790-b3d9:region_tutor,/tutor/seoul-kr-c911-b791-ad6c-kr-ad70-c790-b3d9/region_tutor,HOLD,false,서울,73,false,C:\프로젝트\tutorplan\output\tutor\seoul-kr-c911-b791-ad6c-kr-ad70-c790-b3d9\region_tutor\index.html,False,HOLD_NO_FILE
candidate:tutor:seoul-kr-c911-b791-ad6c-kr-b2a5-b3d9:region_tutor,/tutor/seoul-kr-c911-b791-ad6c-kr-b2a5-b3d9/region_tutor,HOLD,false,서울,74,false,C:\프로젝트\tutorplan\output\tutor\seoul-kr-c911-b791-ad6c-kr-b2a5-b3d9\region_tutor\index.html,False,HOLD_NO_FILE
candidate:tutor:seoul-kr-c911-b791-ad6c-kr-c790-c591-b3d9:region_tutor,/tutor/seoul-kr-c911-b791-ad6c-kr-c790-c591-b3d9/region_tutor,HOLD,false,서울,75,false,C:\프로젝트\tutorplan\output\tutor\seoul-kr-c911-b791-ad6c-kr-c790-c591-b3d9\region_tutor\index.html,False,HOLD_NO_FILE
candidate:tutor:seoul-kr-c911-b791-ad6c-kr-c911-ace1-b3d9:region_tutor,/tutor/seoul-kr-c911-b791-ad6c-kr-c911-ace1-b3d9/region_tutor,HOLD,false,서울,76,false,C:\프로젝트\tutorplan\output\tutor\seoul-kr-c911-b791-ad6c-kr-c911-ace1-b3d9\region_tutor\index.html,False,HOLD_NO_FILE
candidate:tutor:seoul-kr-c911-b791-ad6c-kr-d654-c591-b3d9:region_tutor,/tutor/seoul-kr-c911-b791-ad6c-kr-d654-c591-b3d9/region_tutor,HOLD,false,서울,77,false,C:\프로젝트\tutorplan\output\tutor\seoul-kr-c911-b791-ad6c-kr-d654-c591-b3d9\region_tutor\index.html,False,HOLD_NO_FILE
candidate:tutor:seoul-kr-c911-b791-ad6c-kr-ac00-b9ac-bd09-b3d9:region_tutor,/tutor/seoul-kr-c911-b791-ad6c-kr-ac00-b9ac-bd09-b3d9/region_tutor,HOLD,false,서울,78,false,C:\프로젝트\tutorplan\output\tutor\seoul-kr-c911-b791-ad6c-kr-ac00-b9ac-bd09-b3d9\region_tutor\index.html,False,HOLD_NO_FILE
candidate:tutor:seoul-kr-c911-b791-ad6c-kr-ac1c-bd09-b3d9:region_tutor,/tutor/seoul-kr-c911-b791-ad6c-kr-ac1c-bd09-b3d9/region_tutor,HOLD,false,서울,79,false,C:\프로젝트\tutorplan\output\tutor\seoul-kr-c911-b791-ad6c-kr-ac1c-bd09-b3d9\region_tutor\index.html,False,HOLD_NO_FILE
candidate:tutor:seoul-kr-c911-b791-ad6c-kr-ace0-cc99-b3d9:region_tutor,/tutor/seoul-kr-c911-b791-ad6c-kr-ace0-cc99-b3d9/region_tutor,HOLD,false,서울,80,false,C:\프로젝트\tutorplan\output\tutor\seoul-kr-c911-b791-ad6c-kr-ace0-cc99-b3d9\region_tutor\index.html,False,HOLD_NO_FILE
candidate:tutor:seoul-kr-c911-b791-ad6c-kr-ad6c-b85c-b3d9:region_tutor,/tutor/seoul-kr-c911-b791-ad6c-kr-ad6c-b85c-b3d9/region_tutor,HOLD,false,서울,81,false,C:\프로젝트\tutorplan\output\tutor\seoul-kr-c911-b791-ad6c-kr-ad6c-b85c-b3d9\region_tutor\index.html,False,HOLD_NO_FILE
candidate:tutor:seoul-kr-c911-b791-ad6c-kr-ad81-b3d9:region_tutor,/tutor/seoul-kr-c911-b791-ad6c-kr-ad81-b3d9/region_tutor,HOLD,false,서울,82,false,C:\프로젝트\tutorplan\output\tutor\seoul-kr-c911-b791-ad6c-kr-ad81-b3d9\region_tutor\index.html,False,HOLD_NO_FILE
candidate:tutor:seoul-kr-c911-b791-ad6c-kr-c2e0-b3c4-b9bc-b3d9:region_tutor,/tutor/seoul-kr-c911-b791-ad6c-kr-c2e0-b3c4-b9bc-b3d9/region_tutor,HOLD,false,서울,83,false,C:\프로젝트\tutorplan\output\tutor\seoul-kr-c911-b791-ad6c-kr-c2e0-b3c4-b9bc-b3d9\region_tutor\index.html,False,HOLD_NO_FILE
candidate:tutor:seoul-kr-c911-b791-ad6c-kr-c624-b958-b3d9:region_tutor,/tutor/seoul-kr-c911-b791-ad6c-kr-c624-b958-b3d9/region_tutor,HOLD,false,서울,84,false,C:\프로젝트\tutorplan\output\tutor\seoul-kr-c911-b791-ad6c-kr-c624-b958-b3d9\region_tutor\index.html,False,HOLD_NO_FILE
candidate:tutor:seoul-kr-c911-b791-ad6c-kr-c628-c218-b3d9:region_tutor,/tutor/seoul-kr-c911-b791-ad6c-kr-c628-c218-b3d9/region_tutor,HOLD,false,서울,85,false,C:\프로젝트\tutorplan\output\tutor\seoul-kr-c911-b791-ad6c-kr-c628-c218-b3d9\region_tutor\index.html,False,HOLD_NO_FILE
candidate:tutor:seoul-kr-c911-b791-ad6c-kr-cc9c-c655-b3d9:region_tutor,/tutor/seoul-kr-c911-b791-ad6c-kr-cc9c-c655-b3d9/region_tutor,HOLD,false,서울,86,false,C:\프로젝트\tutorplan\output\tutor\seoul-kr-c911-b791-ad6c-kr-cc9c-c655-b3d9\region_tutor\index.html,False,HOLD_NO_FILE
candidate:tutor:seoul-kr-c911-b791-ad6c-kr-d56d-b3d9:region_tutor,/tutor/seoul-kr-c911-b791-ad6c-kr-d56d-b3d9/region_tutor,HOLD,false,서울,87,false,C:\프로젝트\tutorplan\output\tutor\seoul-kr-c911-b791-ad6c-kr-d56d-b3d9\region_tutor\index.html,False,HOLD_NO_FILE
candidate:tutor:seoul-kr-c911-b791-ad6c-kr-ac00-c0b0-b3d9:region_tutor,/tutor/seoul-kr-c911-b791-ad6c-kr-ac00-c0b0-b3d9/region_tutor,HOLD,false,서울,88,false,C:\프로젝트\tutorplan\output\tutor\seoul-kr-c911-b791-ad6c-kr-ac00-c0b0-b3d9\region_tutor\index.html,False,HOLD_NO_FILE
candidate:tutor:seoul-kr-c911-b791-ad6c-kr-b3c5-c0b0-b3d9:region_tutor,/tutor/seoul-kr-c911-b791-ad6c-kr-b3c5-c0b0-b3d9/region_tutor,HOLD,false,서울,89,false,C:\프로젝트\tutorplan\output\tutor\seoul-kr-c911-b791-ad6c-kr-b3c5-c0b0-b3d9\region_tutor\index.html,False,HOLD_NO_FILE
candidate:tutor:seoul-kr-c911-b791-ad6c-kr-c2dc-d765-b3d9:region_tutor,/tutor/seoul-kr-c911-b791-ad6c-kr-c2dc-d765-b3d9/region_tutor,HOLD,false,서울,90,false,C:\프로젝트\tutorplan\output\tutor\seoul-kr-c911-b791-ad6c-kr-c2dc-d765-b3d9\region_tutor\index.html,False,HOLD_NO_FILE
candidate:tutor:seoul-kr-c911-b791-ad6c-kr-acf5-b989-b3d9:region_tutor,/tutor/seoul-kr-c911-b791-ad6c-kr-acf5-b989-b3d9/region_tutor,HOLD,false,서울,91,false,C:\프로젝트\tutorplan\output\tutor\seoul-kr-c911-b791-ad6c-kr-acf5-b989-b3d9\region_tutor\index.html,False,HOLD_NO_FILE
candidate:tutor:seoul-kr-c911-b791-ad6c-kr-c0c1-acc4-b3d9:region_tutor,/tutor/seoul-kr-c911-b791-ad6c-kr-c0c1-acc4-b3d9/region_tutor,HOLD,false,서울,92,false,C:\프로젝트\tutorplan\output\tutor\seoul-kr-c911-b791-ad6c-kr-c0c1-acc4-b3d9\region_tutor\index.html,False,HOLD_NO_FILE
candidate:tutor:seoul-kr-c911-b791-ad6c-kr-c6d4-acc4-b3d9:region_tutor,/tutor/seoul-kr-c911-b791-ad6c-kr-c6d4-acc4-b3d9/region_tutor,HOLD,false,서울,93,false,C:\프로젝트\tutorplan\output\tutor\seoul-kr-c911-b791-ad6c-kr-c6d4-acc4-b3d9\region_tutor\index.html,False,HOLD_NO_FILE
candidate:tutor:seoul-kr-c911-b791-ad6c-kr-c911-acc4-b3d9:region_tutor,/tutor/seoul-kr-c911-b791-ad6c-kr-c911-acc4-b3d9/region_tutor,HOLD,false,서울,94,false,C:\프로젝트\tutorplan\output\tutor\seoul-kr-c911-b791-ad6c-kr-c911-acc4-b3d9\region_tutor\index.html,False,HOLD_NO_FILE
candidate:tutor:seoul-kr-c911-b791-ad6c-kr-d558-acc4-b3d9:region_tutor,/tutor/seoul-kr-c911-b791-ad6c-kr-d558-acc4-b3d9/region_tutor,HOLD,false,서울,95,false,C:\프로젝트\tutorplan\output\tutor\seoul-kr-c911-b791-ad6c-kr-d558-acc4-b3d9\region_tutor\index.html,False,HOLD_NO_FILE
candidate:tutor:seoul-kr-c911-b791-ad6c-kr-b3c4-bd09-b3d9:region_tutor,/tutor/seoul-kr-c911-b791-ad6c-kr-b3c4-bd09-b3d9/region_tutor,HOLD,false,서울,96,false,C:\프로젝트\tutorplan\output\tutor\seoul-kr-c911-b791-ad6c-kr-b3c4-bd09-b3d9\region_tutor\index.html,False,HOLD_NO_FILE
candidate:tutor:seoul-kr-c911-b791-ad6c-kr-bc29-d559-b3d9:region_tutor,/tutor/seoul-kr-c911-b791-ad6c-kr-bc29-d559-b3d9/region_tutor,HOLD,false,서울,97,false,C:\프로젝트\tutorplan\output\tutor\seoul-kr-c911-b791-ad6c-kr-bc29-d559-b3d9\region_tutor\index.html,False,HOLD_NO_FILE
candidate:tutor:seoul-kr-c911-b791-ad6c-kr-c30d-bb38-b3d9:region_tutor,/tutor/seoul-kr-c911-b791-ad6c-kr-c30d-bb38-b3d9/region_tutor,HOLD,false,서울,98,false,C:\프로젝트\tutorplan\output\tutor\seoul-kr-c911-b791-ad6c-kr-c30d-bb38-b3d9\region_tutor\index.html,False,HOLD_NO_FILE
candidate:tutor:seoul-kr-c911-b791-ad6c-kr-cc3d-b3d9:region_tutor,/tutor/seoul-kr-c911-b791-ad6c-kr-cc3d-b3d9/region_tutor,HOLD,false,서울,99,false,C:\프로젝트\tutorplan\output\tutor\seoul-kr-c911-b791-ad6c-kr-cc3d-b3d9\region_tutor\index.html,False,HOLD_NO_FILE
candidate:tutor:seoul-kr-c911-b791-ad6c-kr-b2f5-c2ed-b9ac-b3d9:region_tutor,/tutor/seoul-kr-c911-b791-ad6c-kr-b2f5-c2ed-b9ac-b3d9/region_tutor,HOLD,false,서울,100,false,C:\프로젝트\tutorplan\output\tutor\seoul-kr-c911-b791-ad6c-kr-b2f5-c2ed-b9ac-b3d9\region_tutor\index.html,False,HOLD_NO_FILE
candidate:tutor:seoul-kr-c911-b791-ad6c-kr-c2e0-c124-b3d9:region_tutor,/tutor/seoul-kr-c911-b791-ad6c-kr-c2e0-c124-b3d9/region_tutor,HOLD,false,서울,101,false,C:\프로젝트\tutorplan\output\tutor\seoul-kr-c911-b791-ad6c-kr-c2e0-c124-b3d9\region_tutor\index.html,False,HOLD_NO_FILE
candidate:tutor:seoul-kr-c911-b791-ad6c-kr-c6a9-b450-b3d9:region_tutor,/tutor/seoul-kr-c911-b791-ad6c-kr-c6a9-b450-b3d9/region_tutor,HOLD,false,서울,102,false,C:\프로젝트\tutorplan\output\tutor\seoul-kr-c911-b791-ad6c-kr-c6a9-b450-b3d9\region_tutor\index.html,False,HOLD_NO_FILE
candidate:tutor:seoul-kr-c911-b791-ad6c-kr-c774-bb38-b3d9:region_tutor,/tutor/seoul-kr-c911-b791-ad6c-kr-c774-bb38-b3d9/region_tutor,HOLD,false,서울,103,false,C:\프로젝트\tutorplan\output\tutor\seoul-kr-c911-b791-ad6c-kr-c774-bb38-b3d9\region_tutor\index.html,False,HOLD_NO_FILE
candidate:tutor:seoul-kr-c911-b791-ad6c-kr-c7a5-c548-b3d9:region_tutor,/tutor/seoul-kr-c911-b791-ad6c-kr-c7a5-c548-b3d9/region_tutor,HOLD,false,서울,104,false,C:\프로젝트\tutorplan\output\tutor\seoul-kr-c911-b791-ad6c-kr-c7a5-c548-b3d9\region_tutor\index.html,False,HOLD_NO_FILE
candidate:tutor:seoul-kr-c911-b791-ad6c-kr-c804-b18d-b3d9:region_tutor,/tutor/seoul-kr-c911-b791-ad6c-kr-c804-b18d-b3d9/region_tutor,HOLD,false,서울,105,false,C:\프로젝트\tutorplan\output\tutor\seoul-kr-c911-b791-ad6c-kr-c804-b18d-b3d9\region_tutor\index.html,False,HOLD_NO_FILE
candidate:tutor:seoul-kr-c911-b791-ad6c-kr-c81c-ae30-b3d9:region_tutor,/tutor/seoul-kr-c911-b791-ad6c-kr-c81c-ae30-b3d9/region_tutor,HOLD,false,서울,106,false,C:\프로젝트\tutorplan\output\tutor\seoul-kr-c911-b791-ad6c-kr-c81c-ae30-b3d9\region_tutor\index.html,False,HOLD_NO_FILE
candidate:tutor:seoul-kr-c911-b791-ad6c-kr-ccad-b7c9-b9ac-b3d9:region_tutor,/tutor/seoul-kr-c911-b791-ad6c-kr-ccad-b7c9-b9ac-b3d9/region_tutor,HOLD,false,서울,107,false,C:\프로젝트\tutorplan\output\tutor\seoul-kr-c911-b791-ad6c-kr-ccad-b7c9-b9ac-b3d9\region_tutor\index.html,False,HOLD_NO_FILE
candidate:tutor:seoul-kr-c911-b791-ad6c-kr-d68c-ae30-b3d9:region_tutor,/tutor/seoul-kr-c911-b791-ad6c-kr-d68c-ae30-b3d9/region_tutor,HOLD,false,서울,108,false,C:\프로젝트\tutorplan\output\tutor\seoul-kr-c911-b791-ad6c-kr-d68c-ae30-b3d9\region_tutor\index.html,False,HOLD_NO_FILE
candidate:tutor:seoul-kr-c911-b791-ad6c-kr-d718-acbd-b3d9:region_tutor,/tutor/seoul-kr-c911-b791-ad6c-kr-d718-acbd-b3d9/region_tutor,HOLD,false,서울,109,false,C:\프로젝트\tutorplan\output\tutor\seoul-kr-c911-b791-ad6c-kr-d718-acbd-b3d9\region_tutor\index.html,False,HOLD_NO_FILE
candidate:tutor:seoul-kr-c911-b791-ad6c-kr-b178-b7c9-c9c4-b3d9:region_tutor,/tutor/seoul-kr-c911-b791-ad6c-kr-b178-b7c9-c9c4-b3d9/region_tutor,HOLD,false,서울,110,false,C:\프로젝트\tutorplan\output\tutor\seoul-kr-c911-b791-ad6c-kr-b178-b7c9-c9c4-b3d9\region_tutor\index.html,False,HOLD_NO_FILE
candidate:tutor:seoul-kr-c911-b791-ad6c-kr-b300-bc29-b3d9:region_tutor,/tutor/seoul-kr-c911-b791-ad6c-kr-b300-bc29-b3d9/region_tutor,HOLD,false,서울,111,false,C:\프로젝트\tutorplan\output\tutor\seoul-kr-c911-b791-ad6c-kr-b300-bc29-b3d9\region_tutor\index.html,False,HOLD_NO_FILE
candidate:tutor:seoul-kr-c911-b791-ad6c-kr-b3d9-c791-b3d9:region_tutor,/tutor/seoul-kr-c911-b791-ad6c-kr-b3d9-c791-b3d9/region_tutor,HOLD,false,서울,112,false,C:\프로젝트\tutorplan\output\tutor\seoul-kr-c911-b791-ad6c-kr-b3d9-c791-b3d9\region_tutor\index.html,False,HOLD_NO_FILE
candidate:tutor:seoul-kr-c911-b791-ad6c-kr-bcf8-b3d9:region_tutor,/tutor/seoul-kr-c911-b791-ad6c-kr-bcf8-b3d9/region_tutor,HOLD,false,서울,113,false,C:\프로젝트\tutorplan\output\tutor\seoul-kr-c911-b791-ad6c-kr-bcf8-b3d9\region_tutor\index.html,False,HOLD_NO_FILE
candidate:tutor:seoul-kr-c911-b791-ad6c-kr-c0ac-b2f9-b3d9:region_tutor,/tutor/seoul-kr-c911-b791-ad6c-kr-c0ac-b2f9-b3d9/region_tutor,HOLD,false,서울,114,false,C:\프로젝트\tutorplan\output\tutor\seoul-kr-c911-b791-ad6c-kr-c0ac-b2f9-b3d9\region_tutor\index.html,False,HOLD_NO_FILE
candidate:tutor:seoul-kr-c911-b791-ad6c-kr-c0c1-b3c4-b3d9:region_tutor,/tutor/seoul-kr-c911-b791-ad6c-kr-c0c1-b3c4-b3d9/region_tutor,HOLD,false,서울,115,false,C:\프로젝트\tutorplan\output\tutor\seoul-kr-c911-b791-ad6c-kr-c0c1-b3c4-b3d9\region_tutor\index.html,False,HOLD_NO_FILE
candidate:tutor:seoul-kr-c911-b791-ad6c-kr-c2e0-b300-bc29-b3d9:region_tutor,/tutor/seoul-kr-c911-b791-ad6c-kr-c2e0-b300-bc29-b3d9/region_tutor,HOLD,false,서울,116,false,C:\프로젝트\tutorplan\output\tutor\seoul-kr-c911-b791-ad6c-kr-c2e0-b300-bc29-b3d9\region_tutor\index.html,False,HOLD_NO_FILE
candidate:tutor:seoul-kr-c911-b791-ad6c-kr-d751-c11d-b3d9:region_tutor,/tutor/seoul-kr-c911-b791-ad6c-kr-d751-c11d-b3d9/region_tutor,HOLD,false,서울,117,false,C:\프로젝트\tutorplan\output\tutor\seoul-kr-c911-b791-ad6c-kr-d751-c11d-b3d9\region_tutor\index.html,False,HOLD_NO_FILE
candidate:tutor:seoul-kr-c911-b791-ad6c-kr-acf5-b355-b3d9:region_tutor,/tutor/seoul-kr-c911-b791-ad6c-kr-acf5-b355-b3d9/region_tutor,HOLD,false,서울,118,false,C:\프로젝트\tutorplan\output\tutor\seoul-kr-c911-b791-ad6c-kr-acf5-b355-b3d9\region_tutor\index.html,False,HOLD_NO_FILE
candidate:tutor:seoul-kr-c911-b791-ad6c-kr-ad6c-c218-b3d9:region_tutor,/tutor/seoul-kr-c911-b791-ad6c-kr-ad6c-c218-b3d9/region_tutor,HOLD,false,서울,119,false,C:\프로젝트\tutorplan\output\tutor\seoul-kr-c911-b791-ad6c-kr-ad6c-c218-b3d9\region_tutor\index.html,False,HOLD_NO_FILE
candidate:tutor:seoul-kr-c911-b791-ad6c-kr-b178-ace0-c0b0-b3d9:region_tutor,/tutor/seoul-kr-c911-b791-ad6c-kr-b178-ace0-c0b0-b3d9/region_tutor,HOLD,false,서울,120,false,C:\프로젝트\tutorplan\output\tutor\seoul-kr-c911-b791-ad6c-kr-b178-ace0-c0b0-b3d9\region_tutor\index.html,False,HOLD_NO_FILE
candidate:tutor:seoul-kr-c911-b791-ad6c-kr-b2f9-c778-b3d9:region_tutor,/tutor/seoul-kr-c911-b791-ad6c-kr-b2f9-c778-b3d9/region_tutor,HOLD,false,서울,121,false,C:\프로젝트\tutorplan\output\tutor\seoul-kr-c911-b791-ad6c-kr-b2f9-c778-b3d9\region_tutor\index.html,False,HOLD_NO_FILE
candidate:tutor:seoul-kr-c911-b791-ad6c-kr-b300-d765-b3d9:region_tutor,/tutor/seoul-kr-c911-b791-ad6c-kr-b300-d765-b3d9/region_tutor,HOLD,false,서울,122,false,C:\프로젝트\tutorplan\output\tutor\seoul-kr-c911-b791-ad6c-kr-b300-d765-b3d9\region_tutor\index.html,False,HOLD_NO_FILE
candidate:tutor:seoul-kr-c911-b791-ad6c-kr-b3c4-d654-b3d9:region_tutor,/tutor/seoul-kr-c911-b791-ad6c-kr-b3c4-d654-b3d9/region_tutor,HOLD,false,서울,123,false,C:\프로젝트\tutorplan\output\tutor\seoul-kr-c911-b791-ad6c-kr-b3c4-d654-b3d9\region_tutor\index.html,False,HOLD_NO_FILE
candidate:tutor:seoul-kr-c911-b791-ad6c-kr-b3d9-ad50-b3d9:region_tutor,/tutor/seoul-kr-c911-b791-ad6c-kr-b3d9-ad50-b3d9/region_tutor,HOLD,false,서울,124,false,C:\프로젝트\tutorplan\output\tutor\seoul-kr-c911-b791-ad6c-kr-b3d9-ad50-b3d9\region_tutor\index.html,False,HOLD_NO_FILE
candidate:tutor:seoul-kr-c911-b791-ad6c-kr-b9c8-d3ec-b3d9:region_tutor,/tutor/seoul-kr-c911-b791-ad6c-kr-b9c8-d3ec-b3d9/region_tutor,HOLD,false,서울,125,false,C:\프로젝트\tutorplan\output\tutor\seoul-kr-c911-b791-ad6c-kr-b9c8-d3ec-b3d9\region_tutor\index.html,False,HOLD_NO_FILE
candidate:tutor:seoul-kr-c911-b791-ad6c-kr-b9dd-c6d0-b3d9:region_tutor,/tutor/seoul-kr-c911-b791-ad6c-kr-b9dd-c6d0-b3d9/region_tutor,HOLD,false,서울,126,false,C:\프로젝트\tutorplan\output\tutor\seoul-kr-c911-b791-ad6c-kr-b9dd-c6d0-b3d9\region_tutor\index.html,False,HOLD_NO_FILE
candidate:tutor:seoul-kr-c911-b791-ad6c-kr-c0c1-c218-b3d9:region_tutor,/tutor/seoul-kr-c911-b791-ad6c-kr-c0c1-c218-b3d9/region_tutor,HOLD,false,서울,127,false,C:\프로젝트\tutorplan\output\tutor\seoul-kr-c911-b791-ad6c-kr-c0c1-c218-b3d9\region_tutor\index.html,False,HOLD_NO_FILE
candidate:tutor:seoul-kr-c911-b791-ad6c-kr-c0c1-c554-b3d9:region_tutor,/tutor/seoul-kr-c911-b791-ad6c-kr-c0c1-c554-b3d9/region_tutor,HOLD,false,서울,128,false,C:\프로젝트\tutorplan\output\tutor\seoul-kr-c911-b791-ad6c-kr-c0c1-c554-b3d9\region_tutor\index.html,False,HOLD_NO_FILE
candidate:tutor:seoul-kr-c911-b791-ad6c-kr-c11c-ad50-b3d9:region_tutor,/tutor/seoul-kr-c911-b791-ad6c-kr-c11c-ad50-b3d9/region_tutor,HOLD,false,서울,129,false,C:\프로젝트\tutorplan\output\tutor\seoul-kr-c911-b791-ad6c-kr-c11c-ad50-b3d9\region_tutor\index.html,False,HOLD_NO_FILE
candidate:tutor:seoul-kr-c911-b791-ad6c-kr-c131-c0b0-b3d9:region_tutor,/tutor/seoul-kr-c911-b791-ad6c-kr-c131-c0b0-b3d9/region_tutor,HOLD,false,서울,130,false,C:\프로젝트\tutorplan\output\tutor\seoul-kr-c911-b791-ad6c-kr-c131-c0b0-b3d9\region_tutor\index.html,False,HOLD_NO_FILE
candidate:tutor:seoul-kr-c911-b791-ad6c-kr-c2e0-acf5-b355-b3d9:region_tutor,/tutor/seoul-kr-c911-b791-ad6c-kr-c2e0-acf5-b355-b3d9/region_tutor,HOLD,false,서울,131,false,C:\프로젝트\tutorplan\output\tutor\seoul-kr-c911-b791-ad6c-kr-c2e0-acf5-b355-b3d9\region_tutor\index.html,False,HOLD_NO_FILE
candidate:tutor:seoul-kr-c911-b791-ad6c-kr-c2e0-c218-b3d9:region_tutor,/tutor/seoul-kr-c911-b791-ad6c-kr-c2e0-c218-b3d9/region_tutor,HOLD,false,서울,132,false,C:\프로젝트\tutorplan\output\tutor\seoul-kr-c911-b791-ad6c-kr-c2e0-c218-b3d9\region_tutor\index.html,False,HOLD_NO_FILE
candidate:tutor:seoul-kr-c911-b791-ad6c-kr-c544-d604-b3d9:region_tutor,/tutor/seoul-kr-c911-b791-ad6c-kr-c544-d604-b3d9/region_tutor,HOLD,false,서울,133,false,C:\프로젝트\tutorplan\output\tutor\seoul-kr-c911-b791-ad6c-kr-c544-d604-b3d9\region_tutor\index.html,False,HOLD_NO_FILE
candidate:tutor:seoul-kr-c911-b791-ad6c-kr-c5f0-b0a8-b3d9:region_tutor,/tutor/seoul-kr-c911-b791-ad6c-kr-c5f0-b0a8-b3d9/region_tutor,HOLD,false,서울,134,false,C:\프로젝트\tutorplan\output\tutor\seoul-kr-c911-b791-ad6c-kr-c5f0-b0a8-b3d9\region_tutor\index.html,False,HOLD_NO_FILE
candidate:tutor:seoul-kr-c911-b791-ad6c-kr-c5fc-b9ac-b3d9:region_tutor,/tutor/seoul-kr-c911-b791-ad6c-kr-c5fc-b9ac-b3d9/region_tutor,HOLD,false,서울,135,false,C:\프로젝트\tutorplan\output\tutor\seoul-kr-c911-b791-ad6c-kr-c5fc-b9ac-b3d9\region_tutor\index.html,False,HOLD_NO_FILE
candidate:tutor:seoul-kr-c911-b791-ad6c-kr-c6a9-ac15-b3d9:region_tutor,/tutor/seoul-kr-c911-b791-ad6c-kr-c6a9-ac15-b3d9/region_tutor,HOLD,false,서울,136,false,C:\프로젝트\tutorplan\output\tutor\seoul-kr-c911-b791-ad6c-kr-c6a9-ac15-b3d9\region_tutor\index.html,False,HOLD_NO_FILE
candidate:tutor:seoul-kr-c911-b791-ad6c-kr-c911-b3d9:region_tutor,/tutor/seoul-kr-c911-b791-ad6c-kr-c911-b3d9/region_tutor,HOLD,false,서울,137,false,C:\프로젝트\tutorplan\output\tutor\seoul-kr-c911-b791-ad6c-kr-c911-b3d9\region_tutor\index.html,False,HOLD_NO_FILE
candidate:tutor:seoul-kr-c911-b791-ad6c-kr-cc3d-c804-b3d9:region_tutor,/tutor/seoul-kr-c911-b791-ad6c-kr-cc3d-c804-b3d9/region_tutor,HOLD,false,서울,138,false,C:\프로젝트\tutorplan\output\tutor\seoul-kr-c911-b791-ad6c-kr-cc3d-c804-b3d9\region_tutor\index.html,False,HOLD_NO_FILE
candidate:tutor:seoul-kr-c911-b791-ad6c-kr-d1a0-c815-b3d9:region_tutor,/tutor/seoul-kr-c911-b791-ad6c-kr-d1a0-c815-b3d9/region_tutor,HOLD,false,서울,139,false,C:\프로젝트\tutorplan\output\tutor\seoul-kr-c911-b791-ad6c-kr-d1a0-c815-b3d9\region_tutor\index.html,False,HOLD_NO_FILE
candidate:tutor:seoul-kr-c911-b791-ad6c-kr-d569-c815-b3d9:region_tutor,/tutor/seoul-kr-c911-b791-ad6c-kr-d569-c815-b3d9/region_tutor,HOLD,false,서울,140,false,C:\프로젝트\tutorplan\output\tutor\seoul-kr-c911-b791-ad6c-kr-d569-c815-b3d9\region_tutor\index.html,False,HOLD_NO_FILE
candidate:tutor:seoul-kr-c911-b791-ad6c-kr-d604-c11d-b3d9:region_tutor,/tutor/seoul-kr-c911-b791-ad6c-kr-d604-c11d-b3d9/region_tutor,HOLD,false,서울,141,false,C:\프로젝트\tutorplan\output\tutor\seoul-kr-c911-b791-ad6c-kr-d604-c11d-b3d9\region_tutor\index.html,False,HOLD_NO_FILE
candidate:tutor:seoul-kr-c911-b791-ad6c-kr-b0a8-ac00-c88c-b3d9:region_tutor,/tutor/seoul-kr-c911-b791-ad6c-kr-b0a8-ac00-c88c-b3d9/region_tutor,HOLD,false,서울,142,false,C:\프로젝트\tutorplan\output\tutor\seoul-kr-c911-b791-ad6c-kr-b0a8-ac00-c88c-b3d9\region_tutor\index.html,False,HOLD_NO_FILE
candidate:tutor:seoul-kr-c911-b791-ad6c-kr-b0c9-cc9c-b3d9:region_tutor,/tutor/seoul-kr-c911-b791-ad6c-kr-b0c9-cc9c-b3d9/region_tutor,HOLD,false,서울,143,false,C:\프로젝트\tutorplan\output\tutor\seoul-kr-c911-b791-ad6c-kr-b0c9-cc9c-b3d9\region_tutor\index.html,False,HOLD_NO_FILE
candidate:tutor:seoul-kr-c911-b791-ad6c-kr-b300-c2e0-b3d9:region_tutor,/tutor/seoul-kr-c911-b791-ad6c-kr-b300-c2e0-b3d9/region_tutor,HOLD,false,서울,144,false,C:\프로젝트\tutorplan\output\tutor\seoul-kr-c911-b791-ad6c-kr-b300-c2e0-b3d9\region_tutor\index.html,False,HOLD_NO_FILE
candidate:tutor:seoul-kr-c911-b791-ad6c-kr-b300-d604-b3d9:region_tutor,/tutor/seoul-kr-c911-b791-ad6c-kr-b300-d604-b3d9/region_tutor,HOLD,false,서울,145,false,C:\프로젝트\tutorplan\output\tutor\seoul-kr-c911-b791-ad6c-kr-b300-d604-b3d9\region_tutor\index.html,False,HOLD_NO_FILE
candidate:tutor:seoul-kr-c911-b791-ad6c-kr-bbf8-adfc-b3d9:region_tutor,/tutor/seoul-kr-c911-b791-ad6c-kr-bbf8-adfc-b3d9/region_tutor,HOLD,false,서울,146,false,C:\프로젝트\tutorplan\output\tutor\seoul-kr-c911-b791-ad6c-kr-bbf8-adfc-b3d9\region_tutor\index.html,False,HOLD_NO_FILE
candidate:tutor:seoul-kr-c911-b791-ad6c-kr-bd09-c6d0-b3d9:region_tutor,/tutor/seoul-kr-c911-b791-ad6c-kr-bd09-c6d0-b3d9/region_tutor,HOLD,false,서울,147,false,C:\프로젝트\tutorplan\output\tutor\seoul-kr-c911-b791-ad6c-kr-bd09-c6d0-b3d9\region_tutor\index.html,False,HOLD_NO_FILE
candidate:tutor:seoul-kr-c911-b791-ad6c-kr-bd81-ac00-c88c-b3d9:region_tutor,/tutor/seoul-kr-c911-b791-ad6c-kr-bd81-ac00-c88c-b3d9/region_tutor,HOLD,false,서울,148,false,C:\프로젝트\tutorplan\output\tutor\seoul-kr-c911-b791-ad6c-kr-bd81-ac00-c88c-b3d9\region_tutor\index.html,False,HOLD_NO_FILE
candidate:tutor:seoul-kr-c911-b791-ad6c-kr-bd81-c544-d604-b3d9:region_tutor,/tutor/seoul-kr-c911-b791-ad6c-kr-bd81-c544-d604-b3d9/region_tutor,HOLD,false,서울,149,false,C:\프로젝트\tutorplan\output\tutor\seoul-kr-c911-b791-ad6c-kr-bd81-c544-d604-b3d9\region_tutor\index.html,False,HOLD_NO_FILE
candidate:tutor:seoul-kr-c911-b791-ad6c-kr-c2e0-cd0c-b3d9:region_tutor,/tutor/seoul-kr-c911-b791-ad6c-kr-c2e0-cd0c-b3d9/region_tutor,HOLD,false,서울,150,false,C:\프로젝트\tutorplan\output\tutor\seoul-kr-c911-b791-ad6c-kr-c2e0-cd0c-b3d9\region_tutor\index.html,False,HOLD_NO_FILE
candidate:tutor:seoul-kr-c911-b791-ad6c-kr-c5f0-d76c-b3d9:region_tutor,/tutor/seoul-kr-c911-b791-ad6c-kr-c5f0-d76c-b3d9/region_tutor,HOLD,false,서울,151,false,C:\프로젝트\tutorplan\output\tutor\seoul-kr-c911-b791-ad6c-kr-c5f0-d76c-b3d9\region_tutor\index.html,False,HOLD_NO_FILE
candidate:tutor:seoul-kr-c911-b791-ad6c-kr-c601-cc9c-b3d9:region_tutor,/tutor/seoul-kr-c911-b791-ad6c-kr-c601-cc9c-b3d9/region_tutor,HOLD,false,서울,152,false,C:\프로젝트\tutorplan\output\tutor\seoul-kr-c911-b791-ad6c-kr-c601-cc9c-b3d9\region_tutor\index.html,False,HOLD_NO_FILE
candidate:tutor:seoul-kr-c911-b791-ad6c-kr-c625-cc9c-b3d9:region_tutor,/tutor/seoul-kr-c911-b791-ad6c-kr-c625-cc9c-b3d9/region_tutor,HOLD,false,서울,153,false,C:\프로젝트\tutorplan\output\tutor\seoul-kr-c911-b791-ad6c-kr-c625-cc9c-b3d9\region_tutor\index.html,False,HOLD_NO_FILE
candidate:tutor:seoul-kr-c911-b791-ad6c-kr-cc3d-cc9c-b3d9:region_tutor,/tutor/seoul-kr-c911-b791-ad6c-kr-cc3d-cc9c-b3d9/region_tutor,HOLD,false,서울,154,false,C:\프로젝트\tutorplan\output\tutor\seoul-kr-c911-b791-ad6c-kr-cc3d-cc9c-b3d9\region_tutor\index.html,False,HOLD_NO_FILE
candidate:tutor:seoul-kr-c911-b791-ad6c-kr-cc9c-c5f0-b3d9:region_tutor,/tutor/seoul-kr-c911-b791-ad6c-kr-cc9c-c5f0-b3d9/region_tutor,HOLD,false,서울,155,false,C:\프로젝트\tutorplan\output\tutor\seoul-kr-c911-b791-ad6c-kr-cc9c-c5f0-b3d9\region_tutor\index.html,False,HOLD_NO_FILE
candidate:tutor:seoul-kr-c911-b791-ad6c-kr-cda9-c815-b85c-b3d9:region_tutor,/tutor/seoul-kr-c911-b791-ad6c-kr-cda9-c815-b85c-b3d9/region_tutor,HOLD,false,서울,156,false,C:\프로젝트\tutorplan\output\tutor\seoul-kr-c911-b791-ad6c-kr-cda9-c815-b85c-b3d9\region_tutor\index.html,False,HOLD_NO_FILE
candidate:tutor:seoul-kr-c911-b791-ad6c-kr-d569-b3d9:region_tutor,/tutor/seoul-kr-c911-b791-ad6c-kr-d569-b3d9/region_tutor,HOLD,false,서울,157,false,C:\프로젝트\tutorplan\output\tutor\seoul-kr-c911-b791-ad6c-kr-d569-b3d9\region_tutor\index.html,False,HOLD_NO_FILE
candidate:tutor:seoul-kr-c911-b791-ad6c-kr-d604-c800-b3d9:region_tutor,/tutor/seoul-kr-c911-b791-ad6c-kr-d604-c800-b3d9/region_tutor,HOLD,false,서울,158,false,C:\프로젝트\tutorplan\output\tutor\seoul-kr-c911-b791-ad6c-kr-d604-c800-b3d9\region_tutor\index.html,False,HOLD_NO_FILE
candidate:tutor:seoul-kr-c911-b791-ad6c-kr-d64d-c740-b3d9:region_tutor,/tutor/seoul-kr-c911-b791-ad6c-kr-d64d-c740-b3d9/region_tutor,HOLD,false,서울,159,false,C:\프로젝트\tutorplan\output\tutor\seoul-kr-c911-b791-ad6c-kr-d64d-c740-b3d9\region_tutor\index.html,False,HOLD_NO_FILE
candidate:tutor:seoul-kr-c911-b791-ad6c-kr-d64d-c81c-b3d9:region_tutor,/tutor/seoul-kr-c911-b791-ad6c-kr-d64d-c81c-b3d9/region_tutor,HOLD,false,서울,160,false,C:\프로젝트\tutorplan\output\tutor\seoul-kr-c911-b791-ad6c-kr-d64d-c81c-b3d9\region_tutor\index.html,False,HOLD_NO_FILE
candidate:tutor:seoul-kr-c911-b791-ad6c-kr-b0b4-ace1-b3d9:region_tutor,/tutor/seoul-kr-c911-b791-ad6c-kr-b0b4-ace1-b3d9/region_tutor,HOLD,false,서울,161,false,C:\프로젝트\tutorplan\output\tutor\seoul-kr-c911-b791-ad6c-kr-b0b4-ace1-b3d9\region_tutor\index.html,False,HOLD_NO_FILE
candidate:tutor:seoul-kr-c911-b791-ad6c-kr-bc18-d3ec-b3d9:region_tutor,/tutor/seoul-kr-c911-b791-ad6c-kr-bc18-d3ec-b3d9/region_tutor,HOLD,false,서울,162,false,C:\프로젝트\tutorplan\output\tutor\seoul-kr-c911-b791-ad6c-kr-bc18-d3ec-b3d9\region_tutor\index.html,False,HOLD_NO_FILE
candidate:tutor:seoul-kr-c911-b791-ad6c-kr-bc29-bc30-b3d9:region_tutor,/tutor/seoul-kr-c911-b791-ad6c-kr-bc29-bc30-b3d9/region_tutor,HOLD,false,서울,163,false,C:\프로젝트\tutorplan\output\tutor\seoul-kr-c911-b791-ad6c-kr-bc29-bc30-b3d9\region_tutor\index.html,False,HOLD_NO_FILE
candidate:tutor:seoul-kr-c911-b791-ad6c-kr-c11c-cd08-b3d9:region_tutor,/tutor/seoul-kr-c911-b791-ad6c-kr-c11c-cd08-b3d9/region_tutor,HOLD,false,서울,164,false,C:\프로젝트\tutorplan\output\tutor\seoul-kr-c911-b791-ad6c-kr-c11c-cd08-b3d9\region_tutor\index.html,False,HOLD_NO_FILE
candidate:tutor:seoul-kr-c911-b791-ad6c-kr-c2e0-c6d0-b3d9:region_tutor,/tutor/seoul-kr-c911-b791-ad6c-kr-c2e0-c6d0-b3d9/region_tutor,HOLD,false,서울,165,false,C:\프로젝트\tutorplan\output\tutor\seoul-kr-c911-b791-ad6c-kr-c2e0-c6d0-b3d9\region_tutor\index.html,False,HOLD_NO_FILE
candidate:tutor:seoul-kr-c911-b791-ad6c-kr-c591-c7ac-b3d9:region_tutor,/tutor/seoul-kr-c911-b791-ad6c-kr-c591-c7ac-b3d9/region_tutor,HOLD,false,서울,166,false,C:\프로젝트\tutorplan\output\tutor\seoul-kr-c911-b791-ad6c-kr-c591-c7ac-b3d9\region_tutor\index.html,False,HOLD_NO_FILE
candidate:tutor:seoul-kr-c911-b791-ad6c-kr-c5fc-ace1-b3d9:region_tutor,/tutor/seoul-kr-c911-b791-ad6c-kr-c5fc-ace1-b3d9/region_tutor,HOLD,false,서울,167,false,C:\프로젝트\tutorplan\output\tutor\seoul-kr-c911-b791-ad6c-kr-c5fc-ace1-b3d9\region_tutor\index.html,False,HOLD_NO_FILE
candidate:tutor:seoul-kr-c911-b791-ad6c-kr-c6b0-ba74-b3d9:region_tutor,/tutor/seoul-kr-c911-b791-ad6c-kr-c6b0-ba74-b3d9/region_tutor,HOLD,false,서울,168,false,C:\프로젝트\tutorplan\output\tutor\seoul-kr-c911-b791-ad6c-kr-c6b0-ba74-b3d9\region_tutor\index.html,False,HOLD_NO_FILE
candidate:tutor:seoul-kr-c911-b791-ad6c-kr-c6d0-c9c0-b3d9:region_tutor,/tutor/seoul-kr-c911-b791-ad6c-kr-c6d0-c9c0-b3d9/region_tutor,HOLD,false,서울,169,false,C:\프로젝트\tutorplan\output\tutor\seoul-kr-c911-b791-ad6c-kr-c6d0-c9c0-b3d9\region_tutor\index.html,False,HOLD_NO_FILE
candidate:tutor:seoul-kr-c911-b791-ad6c-kr-c7a0-c6d0-b3d9:region_tutor,/tutor/seoul-kr-c911-b791-ad6c-kr-c7a0-c6d0-b3d9/region_tutor,HOLD,false,서울,170,false,C:\프로젝트\tutorplan\output\tutor\seoul-kr-c911-b791-ad6c-kr-c7a0-c6d0-b3d9\region_tutor\index.html,False,HOLD_NO_FILE
candidate:tutor:seoul-kr-c911-b791-ad6c-kr-ae08-d638-b3d9:region_tutor,/tutor/seoul-kr-c911-b791-ad6c-kr-ae08-d638-b3d9/region_tutor,HOLD,false,서울,171,false,C:\프로젝트\tutorplan\output\tutor\seoul-kr-c911-b791-ad6c-kr-ae08-d638-b3d9\region_tutor\index.html,False,HOLD_NO_FILE
candidate:tutor:seoul-kr-c911-b791-ad6c-kr-b3c4-c120-b3d9:region_tutor,/tutor/seoul-kr-c911-b791-ad6c-kr-b3c4-c120-b3d9/region_tutor,HOLD,false,서울,172,false,C:\프로젝트\tutorplan\output\tutor\seoul-kr-c911-b791-ad6c-kr-b3c4-c120-b3d9\region_tutor\index.html,False,HOLD_NO_FILE
candidate:tutor:seoul-kr-c911-b791-ad6c-kr-b9c8-c7a5-b3d9:region_tutor,/tutor/seoul-kr-c911-b791-ad6c-kr-b9c8-c7a5-b3d9/region_tutor,HOLD,false,서울,173,false,C:\프로젝트\tutorplan\output\tutor\seoul-kr-c911-b791-ad6c-kr-b9c8-c7a5-b3d9\region_tutor\index.html,False,HOLD_NO_FILE
candidate:tutor:seoul-kr-c911-b791-ad6c-kr-c0ac-adfc-b3d9:region_tutor,/tutor/seoul-kr-c911-b791-ad6c-kr-c0ac-adfc-b3d9/region_tutor,HOLD,false,서울,174,false,C:\프로젝트\tutorplan\output\tutor\seoul-kr-c911-b791-ad6c-kr-c0ac-adfc-b3d9\region_tutor\index.html,False,HOLD_NO_FILE
candidate:tutor:seoul-kr-c911-b791-ad6c-kr-c0c1-c655-c2ed-b9ac-b3d9:region_tutor,/tutor/seoul-kr-c911-b791-ad6c-kr-c0c1-c655-c2ed-b9ac-b3d9/region_tutor,HOLD,false,서울,175,false,C:\프로젝트\tutorplan\output\tutor\seoul-kr-c911-b791-ad6c-kr-c0c1-c655-c2ed-b9ac-b3d9\region_tutor\index.html,False,HOLD_NO_FILE
candidate:tutor:seoul-kr-c911-b791-ad6c-kr-c131-c218-b3d9:region_tutor,/tutor/seoul-kr-c911-b791-ad6c-kr-c131-c218-b3d9/region_tutor,HOLD,false,서울,176,false,C:\프로젝트\tutorplan\output\tutor\seoul-kr-c911-b791-ad6c-kr-c131-c218-b3d9\region_tutor\index.html,False,HOLD_NO_FILE
candidate:tutor:seoul-kr-c911-b791-ad6c-kr-c1a1-c815-b3d9:region_tutor,/tutor/seoul-kr-c911-b791-ad6c-kr-c1a1-c815-b3d9/region_tutor,HOLD,false,서울,177,false,C:\프로젝트\tutorplan\output\tutor\seoul-kr-c911-b791-ad6c-kr-c1a1-c815-b3d9\region_tutor\index.html,False,HOLD_NO_FILE
candidate:tutor:seoul-kr-c911-b791-ad6c-kr-c625-c218-b3d9:region_tutor,/tutor/seoul-kr-c911-b791-ad6c-kr-c625-c218-b3d9/region_tutor,HOLD,false,서울,178,false,C:\프로젝트\tutorplan\output\tutor\seoul-kr-c911-b791-ad6c-kr-c625-c218-b3d9\region_tutor\index.html,False,HOLD_NO_FILE
candidate:tutor:seoul-kr-c911-b791-ad6c-kr-c6a9-b2f5-b3d9:region_tutor,/tutor/seoul-kr-c911-b791-ad6c-kr-c6a9-b2f5-b3d9/region_tutor,HOLD,false,서울,179,false,C:\프로젝트\tutorplan\output\tutor\seoul-kr-c911-b791-ad6c-kr-c6a9-b2f5-b3d9\region_tutor\index.html,False,HOLD_NO_FILE
candidate:tutor:seoul-kr-c911-b791-ad6c-kr-c751-bd09-b3d9:region_tutor,/tutor/seoul-kr-c911-b791-ad6c-kr-c751-bd09-b3d9/region_tutor,HOLD,false,서울,180,false,C:\프로젝트\tutorplan\output\tutor\seoul-kr-c911-b791-ad6c-kr-c751-bd09-b3d9\region_tutor\index.html,False,HOLD_NO_FILE
candidate:tutor:seoul-kr-c911-b791-ad6c-kr-d558-c655-c2ed-b9ac-b3d9:region_tutor,/tutor/seoul-kr-c911-b791-ad6c-kr-d558-c655-c2ed-b9ac-b3d9/region_tutor,HOLD,false,서울,181,false,C:\프로젝트\tutorplan\output\tutor\seoul-kr-c911-b791-ad6c-kr-d558-c655-c2ed-b9ac-b3d9\region_tutor\index.html,False,HOLD_NO_FILE
candidate:tutor:seoul-kr-c911-b791-ad6c-kr-d589-b2f9-b3d9:region_tutor,/tutor/seoul-kr-c911-b791-ad6c-kr-d589-b2f9-b3d9/region_tutor,HOLD,false,서울,182,false,C:\프로젝트\tutorplan\output\tutor\seoul-kr-c911-b791-ad6c-kr-d589-b2f9-b3d9\region_tutor\index.html,False,HOLD_NO_FILE
candidate:tutor:seoul-kr-c911-b791-ad6c-kr-d64d-c775-b3d9:region_tutor,/tutor/seoul-kr-c911-b791-ad6c-kr-d64d-c775-b3d9/region_tutor,HOLD,false,서울,183,false,C:\프로젝트\tutorplan\output\tutor\seoul-kr-c911-b791-ad6c-kr-d64d-c775-b3d9\region_tutor\index.html,False,HOLD_NO_FILE
candidate:tutor:seoul-kr-c911-b791-ad6c-kr-ae38-c74c-b3d9:region_tutor,/tutor/seoul-kr-c911-b791-ad6c-kr-ae38-c74c-b3d9/region_tutor,HOLD,false,서울,184,false,C:\프로젝트\tutorplan\output\tutor\seoul-kr-c911-b791-ad6c-kr-ae38-c74c-b3d9\region_tutor\index.html,False,HOLD_NO_FILE
candidate:tutor:seoul-kr-c911-b791-ad6c-kr-b3c8-c554-b3d9:region_tutor,/tutor/seoul-kr-c911-b791-ad6c-kr-b3c8-c554-b3d9/region_tutor,HOLD,false,서울,185,false,C:\프로젝트\tutorplan\output\tutor\seoul-kr-c911-b791-ad6c-kr-b3c8-c554-b3d9\region_tutor\index.html,False,HOLD_NO_FILE
candidate:tutor:seoul-kr-c911-b791-ad6c-kr-b3d9-c120-b3d9:region_tutor,/tutor/seoul-kr-c911-b791-ad6c-kr-b3d9-c120-b3d9/region_tutor,HOLD,false,서울,186,false,C:\프로젝트\tutorplan\output\tutor\seoul-kr-c911-b791-ad6c-kr-b3d9-c120-b3d9\region_tutor\index.html,False,HOLD_NO_FILE
candidate:tutor:seoul-kr-c911-b791-ad6c-kr-bcf4-bb38-b3d9:region_tutor,/tutor/seoul-kr-c911-b791-ad6c-kr-bcf4-bb38-b3d9/region_tutor,HOLD,false,서울,187,false,C:\프로젝트\tutorplan\output\tutor\seoul-kr-c911-b791-ad6c-kr-bcf4-bb38-b3d9\region_tutor\index.html,False,HOLD_NO_FILE
candidate:tutor:seoul-kr-c911-b791-ad6c-kr-c0bc-c120-b3d9:region_tutor,/tutor/seoul-kr-c911-b791-ad6c-kr-c0bc-c120-b3d9/region_tutor,HOLD,false,서울,188,false,C:\프로젝트\tutorplan\output\tutor\seoul-kr-c911-b791-ad6c-kr-c0bc-c120-b3d9\region_tutor\index.html,False,HOLD_NO_FILE
candidate:tutor:seoul-kr-c911-b791-ad6c-kr-c0c1-c6d4-ace1-b3d9:region_tutor,/tutor/seoul-kr-c911-b791-ad6c-kr-c0c1-c6d4-ace1-b3d9/region_tutor,HOLD,false,서울,189,false,C:\프로젝트\tutorplan\output\tutor\seoul-kr-c911-b791-ad6c-kr-c0c1-c6d4-ace1-b3d9\region_tutor\index.html,False,HOLD_NO_FILE
candidate:tutor:seoul-kr-c911-b791-ad6c-kr-c11d-ad00-b3d9:region_tutor,/tutor/seoul-kr-c911-b791-ad6c-kr-c11d-ad00-b3d9/region_tutor,HOLD,false,서울,190,false,C:\프로젝트\tutorplan\output\tutor\seoul-kr-c911-b791-ad6c-kr-c11d-ad00-b3d9\region_tutor\index.html,False,HOLD_NO_FILE
candidate:tutor:seoul-kr-c911-b791-ad6c-kr-c131-bd81-b3d9:region_tutor,/tutor/seoul-kr-c911-b791-ad6c-kr-c131-bd81-b3d9/region_tutor,HOLD,false,서울,191,false,C:\프로젝트\tutorplan\output\tutor\seoul-kr-c911-b791-ad6c-kr-c131-bd81-b3d9\region_tutor\index.html,False,HOLD_NO_FILE
candidate:tutor:seoul-kr-c911-b791-ad6c-kr-c548-c554-b3d9:region_tutor,/tutor/seoul-kr-c911-b791-ad6c-kr-c548-c554-b3d9/region_tutor,HOLD,false,서울,192,false,C:\프로젝트\tutorplan\output\tutor\seoul-kr-c911-b791-ad6c-kr-c548-c554-b3d9\region_tutor\index.html,False,HOLD_NO_FILE
candidate:tutor:seoul-kr-c911-b791-ad6c-kr-c7a5-c704-b3d9:region_tutor,/tutor/seoul-kr-c911-b791-ad6c-kr-c7a5-c704-b3d9/region_tutor,HOLD,false,서울,193,false,C:\프로젝트\tutorplan\output\tutor\seoul-kr-c911-b791-ad6c-kr-c7a5-c704-b3d9\region_tutor\index.html,False,HOLD_NO_FILE
candidate:tutor:seoul-kr-c911-b791-ad6c-kr-c815-b989-b3d9:region_tutor,/tutor/seoul-kr-c911-b791-ad6c-kr-c815-b989-b3d9/region_tutor,HOLD,false,서울,194,false,C:\프로젝트\tutorplan\output\tutor\seoul-kr-c911-b791-ad6c-kr-c815-b989-b3d9\region_tutor\index.html,False,HOLD_NO_FILE
candidate:tutor:seoul-kr-c911-b791-ad6c-kr-c885-c554-b3d9:region_tutor,/tutor/seoul-kr-c911-b791-ad6c-kr-c885-c554-b3d9/region_tutor,HOLD,false,서울,195,false,C:\프로젝트\tutorplan\output\tutor\seoul-kr-c911-b791-ad6c-kr-c885-c554-b3d9\region_tutor\index.html,False,HOLD_NO_FILE
candidate:tutor:seoul-kr-c911-b791-ad6c-kr-d558-c6d4-ace1-b3d9:region_tutor,/tutor/seoul-kr-c911-b791-ad6c-kr-d558-c6d4-ace1-b3d9/region_tutor,HOLD,false,서울,196,false,C:\프로젝트\tutorplan\output\tutor\seoul-kr-c911-b791-ad6c-kr-d558-c6d4-ace1-b3d9\region_tutor\index.html,False,HOLD_NO_FILE
candidate:tutor:seoul-kr-c911-b791-ad6c-kr-ac00-b77d-b3d9:region_tutor,/tutor/seoul-kr-c911-b791-ad6c-kr-ac00-b77d-b3d9/region_tutor,HOLD,false,서울,197,false,C:\프로젝트\tutorplan\output\tutor\seoul-kr-c911-b791-ad6c-kr-ac00-b77d-b3d9\region_tutor\index.html,False,HOLD_NO_FILE
candidate:tutor:seoul-kr-c911-b791-ad6c-kr-ac70-c5ec-b3d9:region_tutor,/tutor/seoul-kr-c911-b791-ad6c-kr-ac70-c5ec-b3d9/region_tutor,HOLD,false,서울,198,false,C:\프로젝트\tutorplan\output\tutor\seoul-kr-c911-b791-ad6c-kr-ac70-c5ec-b3d9\region_tutor\index.html,False,HOLD_NO_FILE
candidate:tutor:seoul-kr-c911-b791-ad6c-kr-b9c8-cc9c-b3d9:region_tutor,/tutor/seoul-kr-c911-b791-ad6c-kr-b9c8-cc9c-b3d9/region_tutor,HOLD,false,서울,199,false,C:\프로젝트\tutorplan\output\tutor\seoul-kr-c911-b791-ad6c-kr-b9c8-cc9c-b3d9\region_tutor\index.html,False,HOLD_NO_FILE
candidate:tutor:seoul-kr-c911-b791-ad6c-kr-bb38-c815-b3d9:region_tutor,/tutor/seoul-kr-c911-b791-ad6c-kr-bb38-c815-b3d9/region_tutor,HOLD,false,서울,200,false,C:\프로젝트\tutorplan\output\tutor\seoul-kr-c911-b791-ad6c-kr-bb38-c815-b3d9\region_tutor\index.html,False,HOLD_NO_FILE
candidate:tutor:seoul-kr-c911-b791-ad6c-kr-bc29-c774-b3d9:region_tutor,/tutor/seoul-kr-c911-b791-ad6c-kr-bc29-c774-b3d9/region_tutor,HOLD,false,서울,201,false,C:\프로젝트\tutorplan\output\tutor\seoul-kr-c911-b791-ad6c-kr-bc29-c774-b3d9\region_tutor\index.html,False,HOLD_NO_FILE
candidate:tutor:seoul-kr-c911-b791-ad6c-kr-c0bc-c804-b3d9:region_tutor,/tutor/seoul-kr-c911-b791-ad6c-kr-c0bc-c804-b3d9/region_tutor,HOLD,false,서울,202,false,C:\프로젝트\tutorplan\output\tutor\seoul-kr-c911-b791-ad6c-kr-c0bc-c804-b3d9\region_tutor\index.html,False,HOLD_NO_FILE
candidate:tutor:seoul-kr-c911-b791-ad6c-kr-c11d-cd0c-b3d9:region_tutor,/tutor/seoul-kr-c911-b791-ad6c-kr-c11d-cd0c-b3d9/region_tutor,HOLD,false,서울,203,false,C:\프로젝트\tutorplan\output\tutor\seoul-kr-c911-b791-ad6c-kr-c11d-cd0c-b3d9\region_tutor\index.html,False,HOLD_NO_FILE
candidate:tutor:seoul-kr-c911-b791-ad6c-kr-c1a1-d30c-b3d9:region_tutor,/tutor/seoul-kr-c911-b791-ad6c-kr-c1a1-d30c-b3d9/region_tutor,HOLD,false,서울,204,false,C:\프로젝트\tutorplan\output\tutor\seoul-kr-c911-b791-ad6c-kr-c1a1-d30c-b3d9\region_tutor\index.html,False,HOLD_NO_FILE
candidate:tutor:seoul-kr-c911-b791-ad6c-kr-c2e0-cc9c-b3d9:region_tutor,/tutor/seoul-kr-c911-b791-ad6c-kr-c2e0-cc9c-b3d9/region_tutor,HOLD,false,서울,205,false,C:\프로젝트\tutorplan\output\tutor\seoul-kr-c911-b791-ad6c-kr-c2e0-cc9c-b3d9\region_tutor\index.html,False,HOLD_NO_FILE
candidate:tutor:seoul-kr-c911-b791-ad6c-kr-c624-ae08-b3d9:region_tutor,/tutor/seoul-kr-c911-b791-ad6c-kr-c624-ae08-b3d9/region_tutor,HOLD,false,서울,206,false,C:\프로젝트\tutorplan\output\tutor\seoul-kr-c911-b791-ad6c-kr-c624-ae08-b3d9\region_tutor\index.html,False,HOLD_NO_FILE
candidate:tutor:seoul-kr-c911-b791-ad6c-kr-c7a0-c2e4-b3d9:region_tutor,/tutor/seoul-kr-c911-b791-ad6c-kr-c7a0-c2e4-b3d9/region_tutor,HOLD,false,서울,207,false,C:\프로젝트\tutorplan\output\tutor\seoul-kr-c911-b791-ad6c-kr-c7a0-c2e4-b3d9\region_tutor\index.html,False,HOLD_NO_FILE
candidate:tutor:seoul-kr-c911-b791-ad6c-kr-c7a5-c9c0-b3d9:region_tutor,/tutor/seoul-kr-c911-b791-ad6c-kr-c7a5-c9c0-b3d9/region_tutor,HOLD,false,서울,208,false,C:\프로젝트\tutorplan\output\tutor\seoul-kr-c911-b791-ad6c-kr-c7a5-c9c0-b3d9\region_tutor\index.html,False,HOLD_NO_FILE
candidate:tutor:seoul-kr-c911-b791-ad6c-kr-d48d-b0a9-b3d9:region_tutor,/tutor/seoul-kr-c911-b791-ad6c-kr-d48d-b0a9-b3d9/region_tutor,HOLD,false,서울,209,false,C:\프로젝트\tutorplan\output\tutor\seoul-kr-c911-b791-ad6c-kr-d48d-b0a9-b3d9\region_tutor\index.html,False,HOLD_NO_FILE
candidate:tutor:seoul-kr-c911-b791-ad6c-kr-c704-b840-b3d9:region_tutor,/tutor/seoul-kr-c911-b791-ad6c-kr-c704-b840-b3d9/region_tutor,HOLD,false,서울,210,false,C:\프로젝트\tutorplan\output\tutor\seoul-kr-c911-b791-ad6c-kr-c704-b840-b3d9\region_tutor\index.html,False,HOLD_NO_FILE
candidate:tutor:seoul-kr-c911-b791-ad6c-kr-baa9-b3d9:region_tutor,/tutor/seoul-kr-c911-b791-ad6c-kr-baa9-b3d9/region_tutor,HOLD,false,서울,211,false,C:\프로젝트\tutorplan\output\tutor\seoul-kr-c911-b791-ad6c-kr-baa9-b3d9\region_tutor\index.html,False,HOLD_NO_FILE
candidate:tutor:seoul-kr-c911-b791-ad6c-kr-c2e0-c6d4-b3d9:region_tutor,/tutor/seoul-kr-c911-b791-ad6c-kr-c2e0-c6d4-b3d9/region_tutor,HOLD,false,서울,212,false,C:\프로젝트\tutorplan\output\tutor\seoul-kr-c911-b791-ad6c-kr-c2e0-c6d4-b3d9\region_tutor\index.html,False,HOLD_NO_FILE
candidate:tutor:seoul-kr-c911-b791-ad6c-kr-c2e0-c815-b3d9:region_tutor,/tutor/seoul-kr-c911-b791-ad6c-kr-c2e0-c815-b3d9/region_tutor,HOLD,false,서울,213,false,C:\프로젝트\tutorplan\output\tutor\seoul-kr-c911-b791-ad6c-kr-c2e0-c815-b3d9\region_tutor\index.html,False,HOLD_NO_FILE
candidate:tutor:seoul-kr-c911-b791-ad6c-kr-b2f9-c0b0-b3d9:region_tutor,/tutor/seoul-kr-c911-b791-ad6c-kr-b2f9-c0b0-b3d9/region_tutor,HOLD,false,서울,214,false,C:\프로젝트\tutorplan\output\tutor\seoul-kr-c911-b791-ad6c-kr-b2f9-c0b0-b3d9\region_tutor\index.html,False,HOLD_NO_FILE
candidate:tutor:seoul-kr-c911-b791-ad6c-kr-b300-b9bc-b3d9:region_tutor,/tutor/seoul-kr-c911-b791-ad6c-kr-b300-b9bc-b3d9/region_tutor,HOLD,false,서울,215,false,C:\프로젝트\tutorplan\output\tutor\seoul-kr-c911-b791-ad6c-kr-b300-b9bc-b3d9\region_tutor\index.html,False,HOLD_NO_FILE
candidate:tutor:seoul-kr-c911-b791-ad6c-kr-b3c4-b9bc-b3d9:region_tutor,/tutor/seoul-kr-c911-b791-ad6c-kr-b3c4-b9bc-b3d9/region_tutor,HOLD,false,서울,216,false,C:\프로젝트\tutorplan\output\tutor\seoul-kr-c911-b791-ad6c-kr-b3c4-b9bc-b3d9\region_tutor\index.html,False,HOLD_NO_FILE
candidate:tutor:seoul-kr-c911-b791-ad6c-kr-bb38-b798-b3d9:region_tutor,/tutor/seoul-kr-c911-b791-ad6c-kr-bb38-b798-b3d9/region_tutor,HOLD,false,서울,217,false,C:\프로젝트\tutorplan\output\tutor\seoul-kr-c911-b791-ad6c-kr-bb38-b798-b3d9\region_tutor\index.html,False,HOLD_NO_FILE
candidate:tutor:seoul-kr-c911-b791-ad6c-kr-c2e0-ae38-b3d9:region_tutor,/tutor/seoul-kr-c911-b791-ad6c-kr-c2e0-ae38-b3d9/region_tutor,HOLD,false,서울,218,false,C:\프로젝트\tutorplan\output\tutor\seoul-kr-c911-b791-ad6c-kr-c2e0-ae38-b3d9\region_tutor\index.html,False,HOLD_NO_FILE
candidate:tutor:seoul-kr-c911-b791-ad6c-kr-c591-d3c9-b3d9:region_tutor,/tutor/seoul-kr-c911-b791-ad6c-kr-c591-d3c9-b3d9/region_tutor,HOLD,false,서울,219,false,C:\프로젝트\tutorplan\output\tutor\seoul-kr-c911-b791-ad6c-kr-c591-d3c9-b3d9\region_tutor\index.html,False,HOLD_NO_FILE
candidate:tutor:seoul-kr-c911-b791-ad6c-kr-c5ec-c758-b3c4-b3d9:region_tutor,/tutor/seoul-kr-c911-b791-ad6c-kr-c5ec-c758-b3c4-b3d9/region_tutor,HOLD,false,서울,220,false,C:\프로젝트\tutorplan\output\tutor\seoul-kr-c911-b791-ad6c-kr-c5ec-c758-b3c4-b3d9\region_tutor\index.html,False,HOLD_NO_FILE
candidate:tutor:seoul-kr-c911-b791-ad6c-kr-c601-b4f1-d3ec-b3d9:region_tutor,/tutor/seoul-kr-c911-b791-ad6c-kr-c601-b4f1-d3ec-b3d9/region_tutor,HOLD,false,서울,221,false,C:\프로젝트\tutorplan\output\tutor\seoul-kr-c911-b791-ad6c-kr-c601-b4f1-d3ec-b3d9\region_tutor\index.html,False,HOLD_NO_FILE
candidate:tutor:seoul-kr-c911-b791-ad6c-kr-ac08-c6d4-b3d9:region_tutor,/tutor/seoul-kr-c911-b791-ad6c-kr-ac08-c6d4-b3d9/region_tutor,HOLD,false,서울,222,false,C:\프로젝트\tutorplan\output\tutor\seoul-kr-c911-b791-ad6c-kr-ac08-c6d4-b3d9\region_tutor\index.html,False,HOLD_NO_FILE
candidate:tutor:seoul-kr-c911-b791-ad6c-kr-b0a8-c601-b3d9:region_tutor,/tutor/seoul-kr-c911-b791-ad6c-kr-b0a8-c601-b3d9/region_tutor,HOLD,false,서울,223,false,C:\프로젝트\tutorplan\output\tutor\seoul-kr-c911-b791-ad6c-kr-b0a8-c601-b3d9\region_tutor\index.html,False,HOLD_NO_FILE
candidate:tutor:seoul-kr-c911-b791-ad6c-kr-b3c4-c6d0-b3d9:region_tutor,/tutor/seoul-kr-c911-b791-ad6c-kr-b3c4-c6d0-b3d9/region_tutor,HOLD,false,서울,224,false,C:\프로젝트\tutorplan\output\tutor\seoul-kr-c911-b791-ad6c-kr-b3c4-c6d0-b3d9\region_tutor\index.html,False,HOLD_NO_FILE
candidate:tutor:seoul-kr-c911-b791-ad6c-kr-b3d9-be59-ace0-b3d9:region_tutor,/tutor/seoul-kr-c911-b791-ad6c-kr-b3d9-be59-ace0-b3d9/region_tutor,HOLD,false,서울,225,false,C:\프로젝트\tutorplan\output\tutor\seoul-kr-c911-b791-ad6c-kr-b3d9-be59-ace0-b3d9\region_tutor\index.html,False,HOLD_NO_FILE
candidate:tutor:seoul-kr-c911-b791-ad6c-kr-b3d9-c790-b3d9:region_tutor,/tutor/seoul-kr-c911-b791-ad6c-kr-b3d9-c790-b3d9/region_tutor,HOLD,false,서울,226,false,C:\프로젝트\tutorplan\output\tutor\seoul-kr-c911-b791-ad6c-kr-b3d9-c790-b3d9\region_tutor\index.html,False,HOLD_NO_FILE
candidate:tutor:seoul-kr-c911-b791-ad6c-kr-bb38-bc30-b3d9:region_tutor,/tutor/seoul-kr-c911-b791-ad6c-kr-bb38-bc30-b3d9/region_tutor,HOLD,false,서울,227,false,C:\프로젝트\tutorplan\output\tutor\seoul-kr-c911-b791-ad6c-kr-bb38-bc30-b3d9\region_tutor\index.html,False,HOLD_NO_FILE
candidate:tutor:seoul-kr-c911-b791-ad6c-kr-bcf4-ad11-b3d9:region_tutor,/tutor/seoul-kr-c911-b791-ad6c-kr-bcf4-ad11-b3d9/region_tutor,HOLD,false,서울,228,false,C:\프로젝트\tutorplan\output\tutor\seoul-kr-c911-b791-ad6c-kr-bcf4-ad11-b3d9\region_tutor\index.html,False,HOLD_NO_FILE
candidate:tutor:seoul-kr-c911-b791-ad6c-kr-c0b0-cc9c-b3d9:region_tutor,/tutor/seoul-kr-c911-b791-ad6c-kr-c0b0-cc9c-b3d9/region_tutor,HOLD,false,서울,229,false,C:\프로젝트\tutorplan\output\tutor\seoul-kr-c911-b791-ad6c-kr-c0b0-cc9c-b3d9\region_tutor\index.html,False,HOLD_NO_FILE
candidate:tutor:seoul-kr-c911-b791-ad6c-kr-c11c-acc4-b3d9:region_tutor,/tutor/seoul-kr-c911-b791-ad6c-kr-c11c-acc4-b3d9/region_tutor,HOLD,false,서울,230,false,C:\프로젝트\tutorplan\output\tutor\seoul-kr-c911-b791-ad6c-kr-c11c-acc4-b3d9\region_tutor\index.html,False,HOLD_NO_FILE
candidate:tutor:seoul-kr-c911-b791-ad6c-kr-c11c-be59-ace0-b3d9:region_tutor,/tutor/seoul-kr-c911-b791-ad6c-kr-c11c-be59-ace0-b3d9/region_tutor,HOLD,false,서울,231,false,C:\프로젝트\tutorplan\output\tutor\seoul-kr-c911-b791-ad6c-kr-c11c-be59-ace0-b3d9\region_tutor\index.html,False,HOLD_NO_FILE
candidate:tutor:seoul-kr-c911-b791-ad6c-kr-c2e0-acc4-b3d9:region_tutor,/tutor/seoul-kr-c911-b791-ad6c-kr-c2e0-acc4-b3d9/region_tutor,HOLD,false,서울,232,false,C:\프로젝트\tutorplan\output\tutor\seoul-kr-c911-b791-ad6c-kr-c2e0-acc4-b3d9\region_tutor\index.html,False,HOLD_NO_FILE
candidate:tutor:seoul-kr-c911-b791-ad6c-kr-c2e0-cc3d-b3d9:region_tutor,/tutor/seoul-kr-c911-b791-ad6c-kr-c2e0-cc3d-b3d9/region_tutor,HOLD,false,서울,233,false,C:\프로젝트\tutorplan\output\tutor\seoul-kr-c911-b791-ad6c-kr-c2e0-cc3d-b3d9\region_tutor\index.html,False,HOLD_NO_FILE
candidate:tutor:seoul-kr-c911-b791-ad6c-kr-c6a9-bb38-b3d9:region_tutor,/tutor/seoul-kr-c911-b791-ad6c-kr-c6a9-bb38-b3d9/region_tutor,HOLD,false,서울,234,false,C:\프로젝트\tutorplan\output\tutor\seoul-kr-c911-b791-ad6c-kr-c6a9-bb38-b3d9\region_tutor\index.html,False,HOLD_NO_FILE
candidate:tutor:seoul-kr-c911-b791-ad6c-kr-c6a9-c0b0-b3d9:region_tutor,/tutor/seoul-kr-c911-b791-ad6c-kr-c6a9-c0b0-b3d9/region_tutor,HOLD,false,서울,235,false,C:\프로젝트\tutorplan\output\tutor\seoul-kr-c911-b791-ad6c-kr-c6a9-c0b0-b3d9\region_tutor\index.html,False,HOLD_NO_FILE
candidate:tutor:seoul-kr-c911-b791-ad6c-kr-c6d0-d6a8-b85c-b3d9:region_tutor,/tutor/seoul-kr-c911-b791-ad6c-kr-c6d0-d6a8-b85c-b3d9/region_tutor,HOLD,false,서울,236,false,C:\프로젝트\tutorplan\output\tutor\seoul-kr-c911-b791-ad6c-kr-c6d0-d6a8-b85c-b3d9\region_tutor\index.html,False,HOLD_NO_FILE
candidate:tutor:seoul-kr-c911-b791-ad6c-kr-c774-cd0c-b3d9:region_tutor,/tutor/seoul-kr-c911-b791-ad6c-kr-c774-cd0c-b3d9/region_tutor,HOLD,false,서울,237,false,C:\프로젝트\tutorplan\output\tutor\seoul-kr-c911-b791-ad6c-kr-c774-cd0c-b3d9\region_tutor\index.html,False,HOLD_NO_FILE
candidate:tutor:seoul-kr-c911-b791-ad6c-kr-c774-d0dc-c6d0-b3d9:region_tutor,/tutor/seoul-kr-c911-b791-ad6c-kr-c774-d0dc-c6d0-b3d9/region_tutor,HOLD,false,서울,238,false,C:\프로젝트\tutorplan\output\tutor\seoul-kr-c911-b791-ad6c-kr-c774-d0dc-c6d0-b3d9\region_tutor\index.html,False,HOLD_NO_FILE
candidate:tutor:seoul-kr-c911-b791-ad6c-kr-c8fc-c131-b3d9:region_tutor,/tutor/seoul-kr-c911-b791-ad6c-kr-c8fc-c131-b3d9/region_tutor,HOLD,false,서울,239,false,C:\프로젝트\tutorplan\output\tutor\seoul-kr-c911-b791-ad6c-kr-c8fc-c131-b3d9\region_tutor\index.html,False,HOLD_NO_FILE
candidate:tutor:seoul-kr-c911-b791-ad6c-kr-ccad-c554-b3d9:region_tutor,/tutor/seoul-kr-c911-b791-ad6c-kr-ccad-c554-b3d9/region_tutor,HOLD,false,서울,240,false,C:\프로젝트\tutorplan\output\tutor\seoul-kr-c911-b791-ad6c-kr-ccad-c554-b3d9\region_tutor\index.html,False,HOLD_NO_FILE
candidate:tutor:seoul-kr-c911-b791-ad6c-kr-ccad-d30c-b3d9:region_tutor,/tutor/seoul-kr-c911-b791-ad6c-kr-ccad-d30c-b3d9/region_tutor,HOLD,false,서울,241,false,C:\프로젝트\tutorplan\output\tutor\seoul-kr-c911-b791-ad6c-kr-ccad-d30c-b3d9\region_tutor\index.html,False,HOLD_NO_FILE
candidate:tutor:seoul-kr-c911-b791-ad6c-kr-d55c-ac15-b85c-b3d9:region_tutor,/tutor/seoul-kr-c911-b791-ad6c-kr-d55c-ac15-b85c-b3d9/region_tutor,HOLD,false,서울,242,false,C:\프로젝트\tutorplan\output\tutor\seoul-kr-c911-b791-ad6c-kr-d55c-ac15-b85c-b3d9\region_tutor\index.html,False,HOLD_NO_FILE
candidate:tutor:seoul-kr-c911-b791-ad6c-kr-d55c-b0a8-b3d9:region_tutor,/tutor/seoul-kr-c911-b791-ad6c-kr-d55c-b0a8-b3d9/region_tutor,HOLD,false,서울,243,false,C:\프로젝트\tutorplan\output\tutor\seoul-kr-c911-b791-ad6c-kr-d55c-b0a8-b3d9\region_tutor\index.html,False,HOLD_NO_FILE
candidate:tutor:seoul-kr-c911-b791-ad6c-kr-d6a8-cc3d-b3d9:region_tutor,/tutor/seoul-kr-c911-b791-ad6c-kr-d6a8-cc3d-b3d9/region_tutor,HOLD,false,서울,244,false,C:\프로젝트\tutorplan\output\tutor\seoul-kr-c911-b791-ad6c-kr-d6a8-cc3d-b3d9\region_tutor\index.html,False,HOLD_NO_FILE
candidate:tutor:seoul-kr-c911-b791-ad6c-kr-d6c4-c554-b3d9:region_tutor,/tutor/seoul-kr-c911-b791-ad6c-kr-d6c4-c554-b3d9/region_tutor,HOLD,false,서울,245,false,C:\프로젝트\tutorplan\output\tutor\seoul-kr-c911-b791-ad6c-kr-d6c4-c554-b3d9\region_tutor\index.html,False,HOLD_NO_FILE
candidate:tutor:seoul-kr-c911-b791-ad6c-kr-ac08-d604-b3d9:region_tutor,/tutor/seoul-kr-c911-b791-ad6c-kr-ac08-d604-b3d9/region_tutor,HOLD,false,서울,246,false,C:\프로젝트\tutorplan\output\tutor\seoul-kr-c911-b791-ad6c-kr-ac08-d604-b3d9\region_tutor\index.html,False,HOLD_NO_FILE
candidate:tutor:seoul-kr-c911-b791-ad6c-kr-ad6c-c0b0-b3d9:region_tutor,/tutor/seoul-kr-c911-b791-ad6c-kr-ad6c-c0b0-b3d9/region_tutor,HOLD,false,서울,247,false,C:\프로젝트\tutorplan\output\tutor\seoul-kr-c911-b791-ad6c-kr-ad6c-c0b0-b3d9\region_tutor\index.html,False,HOLD_NO_FILE
candidate:tutor:seoul-kr-c911-b791-ad6c-kr-b179-bc88-b3d9:region_tutor,/tutor/seoul-kr-c911-b791-ad6c-kr-b179-bc88-b3d9/region_tutor,HOLD,false,서울,248,false,C:\프로젝트\tutorplan\output\tutor\seoul-kr-c911-b791-ad6c-kr-b179-bc88-b3d9\region_tutor\index.html,False,HOLD_NO_FILE
candidate:tutor:seoul-kr-c911-b791-ad6c-kr-b300-c870-b3d9:region_tutor,/tutor/seoul-kr-c911-b791-ad6c-kr-b300-c870-b3d9/region_tutor,HOLD,false,서울,249,false,C:\프로젝트\tutorplan\output\tutor\seoul-kr-c911-b791-ad6c-kr-b300-c870-b3d9\region_tutor\index.html,False,HOLD_NO_FILE
candidate:tutor:seoul-kr-c911-b791-ad6c-kr-bd88-ad11-b3d9:region_tutor,/tutor/seoul-kr-c911-b791-ad6c-kr-bd88-ad11-b3d9/region_tutor,HOLD,false,서울,250,false,C:\프로젝트\tutorplan\output\tutor\seoul-kr-c911-b791-ad6c-kr-bd88-ad11-b3d9\region_tutor\index.html,False,HOLD_NO_FILE
candidate:tutor:seoul-kr-c911-b791-ad6c-kr-c218-c0c9-b3d9:region_tutor,/tutor/seoul-kr-c911-b791-ad6c-kr-c218-c0c9-b3d9/region_tutor,HOLD,false,서울,251,false,C:\프로젝트\tutorplan\output\tutor\seoul-kr-c911-b791-ad6c-kr-c218-c0c9-b3d9\region_tutor\index.html,False,HOLD_NO_FILE
candidate:tutor:seoul-kr-c911-b791-ad6c-kr-c5ed-cd0c-b3d9:region_tutor,/tutor/seoul-kr-c911-b791-ad6c-kr-c5ed-cd0c-b3d9/region_tutor,HOLD,false,서울,253,false,C:\프로젝트\tutorplan\output\tutor\seoul-kr-c911-b791-ad6c-kr-c5ed-cd0c-b3d9\region_tutor\index.html,False,HOLD_NO_FILE
candidate:tutor:seoul-kr-c911-b791-ad6c-kr-c751-c554-b3d9:region_tutor,/tutor/seoul-kr-c911-b791-ad6c-kr-c751-c554-b3d9/region_tutor,HOLD,false,서울,254,false,C:\프로젝트\tutorplan\output\tutor\seoul-kr-c911-b791-ad6c-kr-c751-c554-b3d9\region_tutor\index.html,False,HOLD_NO_FILE
candidate:tutor:seoul-kr-c911-b791-ad6c-kr-c99d-c0b0-b3d9:region_tutor,/tutor/seoul-kr-c911-b791-ad6c-kr-c99d-c0b0-b3d9/region_tutor,HOLD,false,서울,255,false,C:\프로젝트\tutorplan\output\tutor\seoul-kr-c911-b791-ad6c-kr-c99d-c0b0-b3d9\region_tutor\index.html,False,HOLD_NO_FILE
candidate:tutor:seoul-kr-c911-b791-ad6c-kr-c9c4-ad00-b3d9:region_tutor,/tutor/seoul-kr-c911-b791-ad6c-kr-c9c4-ad00-b3d9/region_tutor,HOLD,false,서울,256,false,C:\프로젝트\tutorplan\output\tutor\seoul-kr-c911-b791-ad6c-kr-c9c4-ad00-b3d9\region_tutor\index.html,False,HOLD_NO_FILE
candidate:tutor:seoul-kr-c911-b791-ad6c-kr-ac00-d68c-b3d9:region_tutor,/tutor/seoul-kr-c911-b791-ad6c-kr-ac00-d68c-b3d9/region_tutor,HOLD,false,서울,257,false,C:\프로젝트\tutorplan\output\tutor\seoul-kr-c911-b791-ad6c-kr-ac00-d68c-b3d9\region_tutor\index.html,False,HOLD_NO_FILE
candidate:tutor:seoul-kr-c911-b791-ad6c-kr-acac-c9c0-b3d9:region_tutor,/tutor/seoul-kr-c911-b791-ad6c-kr-acac-c9c0-b3d9/region_tutor,HOLD,false,서울,258,false,C:\프로젝트\tutorplan\output\tutor\seoul-kr-c911-b791-ad6c-kr-acac-c9c0-b3d9\region_tutor\index.html,False,HOLD_NO_FILE
candidate:tutor:seoul-kr-c911-b791-ad6c-kr-acbd-c6b4-b3d9:region_tutor,/tutor/seoul-kr-c911-b791-ad6c-kr-acbd-c6b4-b3d9/region_tutor,HOLD,false,서울,259,false,C:\프로젝트\tutorplan\output\tutor\seoul-kr-c911-b791-ad6c-kr-acbd-c6b4-b3d9\region_tutor\index.html,False,HOLD_NO_FILE
candidate:tutor:seoul-kr-c911-b791-ad6c-kr-acc4-b3d9:region_tutor,/tutor/seoul-kr-c911-b791-ad6c-kr-acc4-b3d9/region_tutor,HOLD,false,서울,260,false,C:\프로젝트\tutorplan\output\tutor\seoul-kr-c911-b791-ad6c-kr-acc4-b3d9\region_tutor\index.html,False,HOLD_NO_FILE
candidate:tutor:seoul-kr-c911-b791-ad6c-kr-acf5-d3c9-b3d9:region_tutor,/tutor/seoul-kr-c911-b791-ad6c-kr-acf5-d3c9-b3d9/region_tutor,HOLD,false,서울,261,false,C:\프로젝트\tutorplan\output\tutor\seoul-kr-c911-b791-ad6c-kr-acf5-d3c9-b3d9\region_tutor\index.html,False,HOLD_NO_FILE
candidate:tutor:seoul-kr-c911-b791-ad6c-kr-ad00-c218-b3d9:region_tutor,/tutor/seoul-kr-c911-b791-ad6c-kr-ad00-c218-b3d9/region_tutor,HOLD,false,서울,262,false,C:\프로젝트\tutorplan\output\tutor\seoul-kr-c911-b791-ad6c-kr-ad00-c218-b3d9\region_tutor\index.html,False,HOLD_NO_FILE
candidate:tutor:seoul-kr-c911-b791-ad6c-kr-ad00-cca0-b3d9:region_tutor,/tutor/seoul-kr-c911-b791-ad6c-kr-ad00-cca0-b3d9/region_tutor,HOLD,false,서울,263,false,C:\프로젝트\tutorplan\output\tutor\seoul-kr-c911-b791-ad6c-kr-ad00-cca0-b3d9\region_tutor\index.html,False,HOLD_NO_FILE
candidate:tutor:seoul-kr-c911-b791-ad6c-kr-ad00-d6c8-b3d9:region_tutor,/tutor/seoul-kr-c911-b791-ad6c-kr-ad00-d6c8-b3d9/region_tutor,HOLD,false,서울,264,false,C:\프로젝트\tutorplan\output\tutor\seoul-kr-c911-b791-ad6c-kr-ad00-d6c8-b3d9\region_tutor\index.html,False,HOLD_NO_FILE
candidate:tutor:seoul-kr-c911-b791-ad6c-kr-ad50-b0a8-b3d9:region_tutor,/tutor/seoul-kr-c911-b791-ad6c-kr-ad50-b0a8-b3d9/region_tutor,HOLD,false,서울,265,false,C:\프로젝트\tutorplan\output\tutor\seoul-kr-c911-b791-ad6c-kr-ad50-b0a8-b3d9\region_tutor\index.html,False,HOLD_NO_FILE
candidate:tutor:seoul-kr-c911-b791-ad6c-kr-ad50-bd81-b3d9:region_tutor,/tutor/seoul-kr-c911-b791-ad6c-kr-ad50-bd81-b3d9/region_tutor,HOLD,false,서울,266,false,C:\프로젝트\tutorplan\output\tutor\seoul-kr-c911-b791-ad6c-kr-ad50-bd81-b3d9\region_tutor\index.html,False,HOLD_NO_FILE
candidate:tutor:seoul-kr-c911-b791-ad6c-kr-ad6c-ae30-b3d9:region_tutor,/tutor/seoul-kr-c911-b791-ad6c-kr-ad6c-ae30-b3d9/region_tutor,HOLD,false,서울,267,false,C:\프로젝트\tutorplan\output\tutor\seoul-kr-c911-b791-ad6c-kr-ad6c-ae30-b3d9\region_tutor\index.html,False,HOLD_NO_FILE
candidate:tutor:seoul-kr-c911-b791-ad6c-kr-ad81-c815-b3d9:region_tutor,/tutor/seoul-kr-c911-b791-ad6c-kr-ad81-c815-b3d9/region_tutor,HOLD,false,서울,268,false,C:\프로젝트\tutorplan\output\tutor\seoul-kr-c911-b791-ad6c-kr-ad81-c815-b3d9\region_tutor\index.html,False,HOLD_NO_FILE
candidate:tutor:seoul-kr-c911-b791-ad6c-kr-ad8c-b18d-b3d9:region_tutor,/tutor/seoul-kr-c911-b791-ad6c-kr-ad8c-b18d-b3d9/region_tutor,HOLD,false,서울,269,false,C:\프로젝트\tutorplan\output\tutor\seoul-kr-c911-b791-ad6c-kr-ad8c-b18d-b3d9\region_tutor\index.html,False,HOLD_NO_FILE
candidate:tutor:seoul-kr-c911-b791-ad6c-kr-b099-c6d0-b3d9:region_tutor,/tutor/seoul-kr-c911-b791-ad6c-kr-b099-c6d0-b3d9/region_tutor,HOLD,false,서울,270,false,C:\프로젝트\tutorplan\output\tutor\seoul-kr-c911-b791-ad6c-kr-b099-c6d0-b3d9\region_tutor\index.html,False,HOLD_NO_FILE
candidate:tutor:seoul-kr-c911-b791-ad6c-kr-b0b4-c218-b3d9:region_tutor,/tutor/seoul-kr-c911-b791-ad6c-kr-b0b4-c218-b3d9/region_tutor,HOLD,false,서울,271,false,C:\프로젝트\tutorplan\output\tutor\seoul-kr-c911-b791-ad6c-kr-b0b4-c218-b3d9\region_tutor\index.html,False,HOLD_NO_FILE
candidate:tutor:seoul-kr-c911-b791-ad6c-kr-b0b4-c790-b3d9:region_tutor,/tutor/seoul-kr-c911-b791-ad6c-kr-b0b4-c790-b3d9/region_tutor,HOLD,false,서울,272,false,C:\프로젝트\tutorplan\output\tutor\seoul-kr-c911-b791-ad6c-kr-b0b4-c790-b3d9\region_tutor\index.html,False,HOLD_NO_FILE
candidate:tutor:seoul-kr-c911-b791-ad6c-kr-b204-c0c1-b3d9:region_tutor,/tutor/seoul-kr-c911-b791-ad6c-kr-b204-c0c1-b3d9/region_tutor,HOLD,false,서울,273,false,C:\프로젝트\tutorplan\output\tutor\seoul-kr-c911-b791-ad6c-kr-b204-c0c1-b3d9\region_tutor\index.html,False,HOLD_NO_FILE
candidate:tutor:seoul-kr-c911-b791-ad6c-kr-b204-d558-b3d9:region_tutor,/tutor/seoul-kr-c911-b791-ad6c-kr-b204-d558-b3d9/region_tutor,HOLD,false,서울,274,false,C:\프로젝트\tutorplan\output\tutor\seoul-kr-c911-b791-ad6c-kr-b204-d558-b3d9\region_tutor\index.html,False,HOLD_NO_FILE
candidate:tutor:seoul-kr-c911-b791-ad6c-kr-b2f9-c8fc-b3d9:region_tutor,/tutor/seoul-kr-c911-b791-ad6c-kr-b2f9-c8fc-b3d9/region_tutor,HOLD,false,서울,275,false,C:\프로젝트\tutorplan\output\tutor\seoul-kr-c911-b791-ad6c-kr-b2f9-c8fc-b3d9\region_tutor\index.html,False,HOLD_NO_FILE
candidate:tutor:seoul-kr-c911-b791-ad6c-kr-b3c4-b834-b3d9:region_tutor,/tutor/seoul-kr-c911-b791-ad6c-kr-b3c4-b834-b3d9/region_tutor,HOLD,false,서울,276,false,C:\프로젝트\tutorplan\output\tutor\seoul-kr-c911-b791-ad6c-kr-b3c4-b834-b3d9\region_tutor\index.html,False,HOLD_NO_FILE
candidate:tutor:seoul-kr-c911-b791-ad6c-kr-b3c8-c758-b3d9:region_tutor,/tutor/seoul-kr-c911-b791-ad6c-kr-b3c8-c758-b3d9/region_tutor,HOLD,false,서울,277,false,C:\프로젝트\tutorplan\output\tutor\seoul-kr-c911-b791-ad6c-kr-b3c8-c758-b3d9\region_tutor\index.html,False,HOLD_NO_FILE
candidate:tutor:seoul-kr-c911-b791-ad6c-kr-b3d9-c22d-b3d9:region_tutor,/tutor/seoul-kr-c911-b791-ad6c-kr-b3d9-c22d-b3d9/region_tutor,HOLD,false,서울,278,false,C:\프로젝트\tutorplan\output\tutor\seoul-kr-c911-b791-ad6c-kr-b3d9-c22d-b3d9\region_tutor\index.html,False,HOLD_NO_FILE
candidate:tutor:seoul-kr-c911-b791-ad6c-kr-ba85-b95c-b3d9:region_tutor,/tutor/seoul-kr-c911-b791-ad6c-kr-ba85-b95c-b3d9/region_tutor,HOLD,false,서울,279,false,C:\프로젝트\tutorplan\output\tutor\seoul-kr-c911-b791-ad6c-kr-ba85-b95c-b3d9\region_tutor\index.html,False,HOLD_NO_FILE
candidate:tutor:seoul-kr-c911-b791-ad6c-kr-bb34-c545-b3d9:region_tutor,/tutor/seoul-kr-c911-b791-ad6c-kr-bb34-c545-b3d9/region_tutor,HOLD,false,서울,280,false,C:\프로젝트\tutorplan\output\tutor\seoul-kr-c911-b791-ad6c-kr-bb34-c545-b3d9\region_tutor\index.html,False,HOLD_NO_FILE
candidate:tutor:seoul-kr-c911-b791-ad6c-kr-bb18-b3d9:region_tutor,/tutor/seoul-kr-c911-b791-ad6c-kr-bb18-b3d9/region_tutor,HOLD,false,서울,281,false,C:\프로젝트\tutorplan\output\tutor\seoul-kr-c911-b791-ad6c-kr-bb18-b3d9\region_tutor\index.html,False,HOLD_NO_FILE
candidate:tutor:seoul-kr-c911-b791-ad6c-kr-bd09-c775-b3d9:region_tutor,/tutor/seoul-kr-c911-b791-ad6c-kr-bd09-c775-b3d9/region_tutor,HOLD,false,서울,282,false,C:\프로젝트\tutorplan\output\tutor\seoul-kr-c911-b791-ad6c-kr-bd09-c775-b3d9\region_tutor\index.html,False,HOLD_NO_FILE
candidate:tutor:seoul-kr-c911-b791-ad6c-kr-bd80-c554-b3d9:region_tutor,/tutor/seoul-kr-c911-b791-ad6c-kr-bd80-c554-b3d9/region_tutor,HOLD,false,서울,283,false,C:\프로젝트\tutorplan\output\tutor\seoul-kr-c911-b791-ad6c-kr-bd80-c554-b3d9\region_tutor\index.html,False,HOLD_NO_FILE
candidate:tutor:seoul-kr-c911-b791-ad6c-kr-c0ac-ac04-b3d9:region_tutor,/tutor/seoul-kr-c911-b791-ad6c-kr-c0ac-ac04-b3d9/region_tutor,HOLD,false,서울,284,false,C:\프로젝트\tutorplan\output\tutor\seoul-kr-c911-b791-ad6c-kr-c0ac-ac04-b3d9\region_tutor\index.html,False,HOLD_NO_FILE
candidate:tutor:seoul-kr-c911-b791-ad6c-kr-c0ac-c9c1-b3d9:region_tutor,/tutor/seoul-kr-c911-b791-ad6c-kr-c0ac-c9c1-b3d9/region_tutor,HOLD,false,서울,285,false,C:\프로젝트\tutorplan\output\tutor\seoul-kr-c911-b791-ad6c-kr-c0ac-c9c1-b3d9\region_tutor\index.html,False,HOLD_NO_FILE
candidate:tutor:seoul-kr-c911-b791-ad6c-kr-c0bc-ccad-b3d9:region_tutor,/tutor/seoul-kr-c911-b791-ad6c-kr-c0bc-ccad-b3d9/region_tutor,HOLD,false,서울,286,false,C:\프로젝트\tutorplan\output\tutor\seoul-kr-c911-b791-ad6c-kr-c0bc-ccad-b3d9\region_tutor\index.html,False,HOLD_NO_FILE
candidate:tutor:seoul-kr-c911-b791-ad6c-kr-c11c-b9b0-b3d9:region_tutor,/tutor/seoul-kr-c911-b791-ad6c-kr-c11c-b9b0-b3d9/region_tutor,HOLD,false,서울,287,false,C:\프로젝트\tutorplan\output\tutor\seoul-kr-c911-b791-ad6c-kr-c11c-b9b0-b3d9\region_tutor\index.html,False,HOLD_NO_FILE
candidate:tutor:seoul-kr-c911-b791-ad6c-kr-c138-c885-b85c:region_tutor,/tutor/seoul-kr-c911-b791-ad6c-kr-c138-c885-b85c/region_tutor,HOLD,false,서울,288,false,C:\프로젝트\tutorplan\output\tutor\seoul-kr-c911-b791-ad6c-kr-c138-c885-b85c\region_tutor\index.html,False,HOLD_NO_FILE
candidate:tutor:seoul-kr-c911-b791-ad6c-kr-c18c-aca9-b3d9:region_tutor,/tutor/seoul-kr-c911-b791-ad6c-kr-c18c-aca9-b3d9/region_tutor,HOLD,false,서울,289,false,C:\프로젝트\tutorplan\output\tutor\seoul-kr-c911-b791-ad6c-kr-c18c-aca9-b3d9\region_tutor\index.html,False,HOLD_NO_FILE
candidate:tutor:seoul-kr-c911-b791-ad6c-kr-c1a1-c6d4-b3d9:region_tutor,/tutor/seoul-kr-c911-b791-ad6c-kr-c1a1-c6d4-b3d9/region_tutor,HOLD,false,서울,290,false,C:\프로젝트\tutorplan\output\tutor\seoul-kr-c911-b791-ad6c-kr-c1a1-c6d4-b3d9\region_tutor\index.html,False,HOLD_NO_FILE
candidate:tutor:seoul-kr-c911-b791-ad6c-kr-c218-c1a1-b3d9:region_tutor,/tutor/seoul-kr-c911-b791-ad6c-kr-c218-c1a1-b3d9/region_tutor,HOLD,false,서울,291,false,C:\프로젝트\tutorplan\output\tutor\seoul-kr-c911-b791-ad6c-kr-c218-c1a1-b3d9\region_tutor\index.html,False,HOLD_NO_FILE
candidate:tutor:seoul-kr-c911-b791-ad6c-kr-c22d-c778-b3d9:region_tutor,/tutor/seoul-kr-c911-b791-ad6c-kr-c22d-c778-b3d9/region_tutor,HOLD,false,서울,292,false,C:\프로젝트\tutorplan\output\tutor\seoul-kr-c911-b791-ad6c-kr-c22d-c778-b3d9\region_tutor\index.html,False,HOLD_NO_FILE
candidate:tutor:seoul-kr-c911-b791-ad6c-kr-c2e0-bb38-b85c-b3d9:region_tutor,/tutor/seoul-kr-c911-b791-ad6c-kr-c2e0-bb38-b85c-b3d9/region_tutor,HOLD,false,서울,293,false,C:\프로젝트\tutorplan\output\tutor\seoul-kr-c911-b791-ad6c-kr-c2e0-bb38-b85c-b3d9\region_tutor\index.html,False,HOLD_NO_FILE
candidate:tutor:seoul-kr-c911-b791-ad6c-kr-c2e0-c601-b3d9:region_tutor,/tutor/seoul-kr-c911-b791-ad6c-kr-c2e0-c601-b3d9/region_tutor,HOLD,false,서울,294,false,C:\프로젝트\tutorplan\output\tutor\seoul-kr-c911-b791-ad6c-kr-c2e0-c601-b3d9\region_tutor\index.html,False,HOLD_NO_FILE
candidate:tutor:seoul-kr-c911-b791-ad6c-kr-c548-ad6d-b3d9:region_tutor,/tutor/seoul-kr-c911-b791-ad6c-kr-c548-ad6d-b3d9/region_tutor,HOLD,false,서울,295,false,C:\프로젝트\tutorplan\output\tutor\seoul-kr-c911-b791-ad6c-kr-c548-ad6d-b3d9\region_tutor\index.html,False,HOLD_NO_FILE
candidate:tutor:seoul-kr-c911-b791-ad6c-kr-c5f0-ac74-b3d9:region_tutor,/tutor/seoul-kr-c911-b791-ad6c-kr-c5f0-ac74-b3d9/region_tutor,HOLD,false,서울,296,false,C:\프로젝트\tutorplan\output\tutor\seoul-kr-c911-b791-ad6c-kr-c5f0-ac74-b3d9\region_tutor\index.html,False,HOLD_NO_FILE
candidate:tutor:seoul-kr-c911-b791-ad6c-kr-c5f0-c9c0-b3d9:region_tutor,/tutor/seoul-kr-c911-b791-ad6c-kr-c5f0-c9c0-b3d9/region_tutor,HOLD,false,서울,297,false,C:\프로젝트\tutorplan\output\tutor\seoul-kr-c911-b791-ad6c-kr-c5f0-c9c0-b3d9\region_tutor\index.html,False,HOLD_NO_FILE
candidate:tutor:seoul-kr-c911-b791-ad6c-kr-c608-c9c0-b3d9:region_tutor,/tutor/seoul-kr-c911-b791-ad6c-kr-c608-c9c0-b3d9/region_tutor,HOLD,false,서울,298,false,C:\프로젝트\tutorplan\output\tutor\seoul-kr-c911-b791-ad6c-kr-c608-c9c0-b3d9\region_tutor\index.html,False,HOLD_NO_FILE
candidate:tutor:seoul-kr-c911-b791-ad6c-kr-c625-c778-b3d9:region_tutor,/tutor/seoul-kr-c911-b791-ad6c-kr-c625-c778-b3d9/region_tutor,HOLD,false,서울,299,false,C:\프로젝트\tutorplan\output\tutor\seoul-kr-c911-b791-ad6c-kr-c625-c778-b3d9\region_tutor\index.html,False,HOLD_NO_FILE
candidate:tutor:seoul-kr-c911-b791-ad6c-kr-c640-b8e1-b3d9:region_tutor,/tutor/seoul-kr-c911-b791-ad6c-kr-c640-b8e1-b3d9/region_tutor,HOLD,false,서울,300,false,C:\프로젝트\tutorplan\output\tutor\seoul-kr-c911-b791-ad6c-kr-c640-b8e1-b3d9\region_tutor\index.html,False,HOLD_NO_FILE
candidate:tutor:seoul-kr-c911-b791-ad6c-kr-c6b4-b2c8-b3d9:region_tutor,/tutor/seoul-kr-c911-b791-ad6c-kr-c6b4-b2c8-b3d9/region_tutor,HOLD,false,서울,301,false,C:\프로젝트\tutorplan\output\tutor\seoul-kr-c911-b791-ad6c-kr-c6b4-b2c8-b3d9\region_tutor\index.html,False,HOLD_NO_FILE
candidate:tutor:seoul-kr-c911-b791-ad6c-kr-c6d0-b0a8-b3d9:region_tutor,/tutor/seoul-kr-c911-b791-ad6c-kr-c6d0-b0a8-b3d9/region_tutor,HOLD,false,서울,302,false,C:\프로젝트\tutorplan\output\tutor\seoul-kr-c911-b791-ad6c-kr-c6d0-b0a8-b3d9\region_tutor\index.html,False,HOLD_NO_FILE
candidate:tutor:seoul-kr-c911-b791-ad6c-kr-c6d0-c11c-b3d9:region_tutor,/tutor/seoul-kr-c911-b791-ad6c-kr-c6d0-c11c-b3d9/region_tutor,HOLD,false,서울,303,false,C:\프로젝트\tutorplan\output\tutor\seoul-kr-c911-b791-ad6c-kr-c6d0-c11c-b3d9\region_tutor\index.html,False,HOLD_NO_FILE
candidate:tutor:seoul-kr-c911-b791-ad6c-kr-c774-d654-b3d9:region_tutor,/tutor/seoul-kr-c911-b791-ad6c-kr-c774-d654-b3d9/region_tutor,HOLD,false,서울,304,false,C:\프로젝트\tutorplan\output\tutor\seoul-kr-c911-b791-ad6c-kr-c774-d654-b3d9\region_tutor\index.html,False,HOLD_NO_FILE
candidate:tutor:seoul-kr-c911-b791-ad6c-kr-c775-c120-b3d9:region_tutor,/tutor/seoul-kr-c911-b791-ad6c-kr-c775-c120-b3d9/region_tutor,HOLD,false,서울,305,false,C:\프로젝트\tutorplan\output\tutor\seoul-kr-c911-b791-ad6c-kr-c775-c120-b3d9\region_tutor\index.html,False,HOLD_NO_FILE
candidate:tutor:seoul-kr-c911-b791-ad6c-kr-c778-c0ac-b3d9:region_tutor,/tutor/seoul-kr-c911-b791-ad6c-kr-c778-c0ac-b3d9/region_tutor,HOLD,false,서울,306,false,C:\프로젝트\tutorplan\output\tutor\seoul-kr-c911-b791-ad6c-kr-c778-c0ac-b3d9\region_tutor\index.html,False,HOLD_NO_FILE
candidate:tutor:seoul-kr-c911-b791-ad6c-kr-c778-c758-b3d9:region_tutor,/tutor/seoul-kr-c911-b791-ad6c-kr-c778-c758-b3d9/region_tutor,HOLD,false,서울,307,false,C:\프로젝트\tutorplan\output\tutor\seoul-kr-c911-b791-ad6c-kr-c778-c758-b3d9\region_tutor\index.html,False,HOLD_NO_FILE
candidate:tutor:seoul-kr-c911-b791-ad6c-kr-c7a5-c0ac-b3d9:region_tutor,/tutor/seoul-kr-c911-b791-ad6c-kr-c7a5-c0ac-b3d9/region_tutor,HOLD,false,서울,308,false,C:\프로젝트\tutorplan\output\tutor\seoul-kr-c911-b791-ad6c-kr-c7a5-c0ac-b3d9\region_tutor\index.html,False,HOLD_NO_FILE
candidate:tutor:seoul-kr-c911-b791-ad6c-kr-c7ac-b3d9:region_tutor,/tutor/seoul-kr-c911-b791-ad6c-kr-c7ac-b3d9/region_tutor,HOLD,false,서울,309,false,C:\프로젝트\tutorplan\output\tutor\seoul-kr-c911-b791-ad6c-kr-c7ac-b3d9\region_tutor\index.html,False,HOLD_NO_FILE
candidate:tutor:seoul-kr-c911-b791-ad6c-kr-c801-c120-b3d9:region_tutor,/tutor/seoul-kr-c911-b791-ad6c-kr-c801-c120-b3d9/region_tutor,HOLD,false,서울,310,false,C:\프로젝트\tutorplan\output\tutor\seoul-kr-c911-b791-ad6c-kr-c801-c120-b3d9\region_tutor\index.html,False,HOLD_NO_FILE
candidate:tutor:seoul-kr-c911-b791-ad6c-kr-c885-b85c-b3d9:region_tutor,/tutor/seoul-kr-c911-b791-ad6c-kr-c885-b85c-b3d9/region_tutor,HOLD,false,서울,311,false,C:\프로젝트\tutorplan\output\tutor\seoul-kr-c911-b791-ad6c-kr-c885-b85c-b3d9\region_tutor\index.html,False,HOLD_NO_FILE
candidate:tutor:seoul-kr-c911-b791-ad6c-kr-c911-d559-b3d9:region_tutor,/tutor/seoul-kr-c911-b791-ad6c-kr-c911-d559-b3d9/region_tutor,HOLD,false,서울,312,false,C:\프로젝트\tutorplan\output\tutor\seoul-kr-c911-b791-ad6c-kr-c911-d559-b3d9\region_tutor\index.html,False,HOLD_NO_FILE
candidate:tutor:seoul-kr-c911-b791-ad6c-kr-cc3d-c131-b3d9:region_tutor,/tutor/seoul-kr-c911-b791-ad6c-kr-cc3d-c131-b3d9/region_tutor,HOLD,false,서울,313,false,C:\프로젝트\tutorplan\output\tutor\seoul-kr-c911-b791-ad6c-kr-cc3d-c131-b3d9\region_tutor\index.html,False,HOLD_NO_FILE
candidate:tutor:seoul-kr-c911-b791-ad6c-kr-cc3d-c2e0-b3d9:region_tutor,/tutor/seoul-kr-c911-b791-ad6c-kr-cc3d-c2e0-b3d9/region_tutor,HOLD,false,서울,314,false,C:\프로젝트\tutorplan\output\tutor\seoul-kr-c911-b791-ad6c-kr-cc3d-c2e0-b3d9\region_tutor\index.html,False,HOLD_NO_FILE
candidate:tutor:seoul-kr-c911-b791-ad6c-kr-ccad-c6b4-b3d9:region_tutor,/tutor/seoul-kr-c911-b791-ad6c-kr-ccad-c6b4-b3d9/region_tutor,HOLD,false,서울,315,false,C:\프로젝트\tutorplan\output\tutor\seoul-kr-c911-b791-ad6c-kr-ccad-c6b4-b3d9\region_tutor\index.html,False,HOLD_NO_FILE
candidate:tutor:seoul-kr-c911-b791-ad6c-kr-ccad-c9c4-b3d9:region_tutor,/tutor/seoul-kr-c911-b791-ad6c-kr-ccad-c9c4-b3d9/region_tutor,HOLD,false,서울,316,false,C:\프로젝트\tutorplan\output\tutor\seoul-kr-c911-b791-ad6c-kr-ccad-c9c4-b3d9\region_tutor\index.html,False,HOLD_NO_FILE
candidate:tutor:seoul-kr-c911-b791-ad6c-kr-ccb4-bd80-b3d9:region_tutor,/tutor/seoul-kr-c911-b791-ad6c-kr-ccb4-bd80-b3d9/region_tutor,HOLD,false,서울,317,false,C:\프로젝트\tutorplan\output\tutor\seoul-kr-c911-b791-ad6c-kr-ccb4-bd80-b3d9\region_tutor\index.html,False,HOLD_NO_FILE
candidate:tutor:seoul-kr-c911-b791-ad6c-kr-cda9-c2e0-b3d9:region_tutor,/tutor/seoul-kr-c911-b791-ad6c-kr-cda9-c2e0-b3d9/region_tutor,HOLD,false,서울,318,false,C:\프로젝트\tutorplan\output\tutor\seoul-kr-c911-b791-ad6c-kr-cda9-c2e0-b3d9\region_tutor\index.html,False,HOLD_NO_FILE
candidate:tutor:seoul-kr-c911-b791-ad6c-kr-d1b5-c758-b3d9:region_tutor,/tutor/seoul-kr-c911-b791-ad6c-kr-d1b5-c758-b3d9/region_tutor,HOLD,false,서울,319,false,C:\프로젝트\tutorplan\output\tutor\seoul-kr-c911-b791-ad6c-kr-d1b5-c758-b3d9\region_tutor\index.html,False,HOLD_NO_FILE
candidate:tutor:seoul-kr-c911-b791-ad6c-kr-d1b5-c778-b3d9:region_tutor,/tutor/seoul-kr-c911-b791-ad6c-kr-d1b5-c778-b3d9/region_tutor,HOLD,false,서울,320,false,C:\프로젝트\tutorplan\output\tutor\seoul-kr-c911-b791-ad6c-kr-d1b5-c778-b3d9\region_tutor\index.html,False,HOLD_NO_FILE
candidate:tutor:seoul-kr-c911-b791-ad6c-kr-d314-d310-b3d9:region_tutor,/tutor/seoul-kr-c911-b791-ad6c-kr-d314-d310-b3d9/region_tutor,HOLD,false,서울,321,false,C:\프로젝트\tutorplan\output\tutor\seoul-kr-c911-b791-ad6c-kr-d314-d310-b3d9\region_tutor\index.html,False,HOLD_NO_FILE
candidate:tutor:seoul-kr-c911-b791-ad6c-kr-d3c9-b3d9:region_tutor,/tutor/seoul-kr-c911-b791-ad6c-kr-d3c9-b3d9/region_tutor,HOLD,false,서울,322,false,C:\프로젝트\tutorplan\output\tutor\seoul-kr-c911-b791-ad6c-kr-d3c9-b3d9\region_tutor\index.html,False,HOLD_NO_FILE
candidate:tutor:seoul-kr-c911-b791-ad6c-kr-d3c9-cc3d-b3d9:region_tutor,/tutor/seoul-kr-c911-b791-ad6c-kr-d3c9-cc3d-b3d9/region_tutor,HOLD,false,서울,323,false,C:\프로젝트\tutorplan\output\tutor\seoul-kr-c911-b791-ad6c-kr-d3c9-cc3d-b3d9\region_tutor\index.html,False,HOLD_NO_FILE
candidate:tutor:seoul-kr-c911-b791-ad6c-kr-d544-c6b4-b3d9:region_tutor,/tutor/seoul-kr-c911-b791-ad6c-kr-d544-c6b4-b3d9/region_tutor,HOLD,false,서울,324,false,C:\프로젝트\tutorplan\output\tutor\seoul-kr-c911-b791-ad6c-kr-d544-c6b4-b3d9\region_tutor\index.html,False,HOLD_NO_FILE
candidate:tutor:seoul-kr-c911-b791-ad6c-kr-d589-cd0c-b3d9:region_tutor,/tutor/seoul-kr-c911-b791-ad6c-kr-d589-cd0c-b3d9/region_tutor,HOLD,false,서울,325,false,C:\프로젝트\tutorplan\output\tutor\seoul-kr-c911-b791-ad6c-kr-d589-cd0c-b3d9\region_tutor\index.html,False,HOLD_NO_FILE
candidate:tutor:seoul-kr-c911-b791-ad6c-kr-d61c-d654-b3d9:region_tutor,/tutor/seoul-kr-c911-b791-ad6c-kr-d61c-d654-b3d9/region_tutor,HOLD,false,서울,326,false,C:\프로젝트\tutorplan\output\tutor\seoul-kr-c911-b791-ad6c-kr-d61c-d654-b3d9\region_tutor\index.html,False,HOLD_NO_FILE
candidate:tutor:seoul-kr-c911-b791-ad6c-kr-d64d-c9c0-b3d9:region_tutor,/tutor/seoul-kr-c911-b791-ad6c-kr-d64d-c9c0-b3d9/region_tutor,HOLD,false,서울,327,false,C:\프로젝트\tutorplan\output\tutor\seoul-kr-c911-b791-ad6c-kr-d64d-c9c0-b3d9\region_tutor\index.html,False,HOLD_NO_FILE
candidate:tutor:seoul-kr-c911-b791-ad6c-kr-d64d-d30c-b3d9:region_tutor,/tutor/seoul-kr-c911-b791-ad6c-kr-d64d-d30c-b3d9/region_tutor,HOLD,false,서울,328,false,C:\프로젝트\tutorplan\output\tutor\seoul-kr-c911-b791-ad6c-kr-d64d-d30c-b3d9\region_tutor\index.html,False,HOLD_NO_FILE
candidate:tutor:seoul-kr-c911-b791-ad6c-kr-d654-b3d9:region_tutor,/tutor/seoul-kr-c911-b791-ad6c-kr-d654-b3d9/region_tutor,HOLD,false,서울,329,false,C:\프로젝트\tutorplan\output\tutor\seoul-kr-c911-b791-ad6c-kr-d654-b3d9\region_tutor\index.html,False,HOLD_NO_FILE
candidate:tutor:seoul-kr-c911-b791-ad6c-kr-d6a8-c790-b3d9:region_tutor,/tutor/seoul-kr-c911-b791-ad6c-kr-d6a8-c790-b3d9/region_tutor,HOLD,false,서울,330,false,C:\프로젝트\tutorplan\output\tutor\seoul-kr-c911-b791-ad6c-kr-d6a8-c790-b3d9\region_tutor\index.html,False,HOLD_NO_FILE
candidate:tutor:seoul-kr-c911-b791-ad6c-kr-d6a8-c81c-b3d9:region_tutor,/tutor/seoul-kr-c911-b791-ad6c-kr-d6a8-c81c-b3d9/region_tutor,HOLD,false,서울,331,false,C:\프로젝트\tutorplan\output\tutor\seoul-kr-c911-b791-ad6c-kr-d6a8-c81c-b3d9\region_tutor\index.html,False,HOLD_NO_FILE
candidate:tutor:seoul-kr-c911-b791-ad6c-kr-d6c8-c815-b3d9:region_tutor,/tutor/seoul-kr-c911-b791-ad6c-kr-d6c8-c815-b3d9/region_tutor,HOLD,false,서울,332,false,C:\프로젝트\tutorplan\output\tutor\seoul-kr-c911-b791-ad6c-kr-d6c8-c815-b3d9\region_tutor\index.html,False,HOLD_NO_FILE
candidate:tutor:seoul-kr-c911-b791-ad6c-kr-ad11-d76c-b3d9:region_tutor,/tutor/seoul-kr-c911-b791-ad6c-kr-ad11-d76c-b3d9/region_tutor,HOLD,false,서울,333,false,C:\프로젝트\tutorplan\output\tutor\seoul-kr-c911-b791-ad6c-kr-ad11-d76c-b3d9\region_tutor\index.html,False,HOLD_NO_FILE
candidate:tutor:seoul-kr-c911-b791-ad6c-kr-b0a8-b300-bb38-b85c-b3d9:region_tutor,/tutor/seoul-kr-c911-b791-ad6c-kr-b0a8-b300-bb38-b85c-b3d9/region_tutor,HOLD,false,서울,334,false,C:\프로젝트\tutorplan\output\tutor\seoul-kr-c911-b791-ad6c-kr-b0a8-b300-bb38-b85c-b3d9\region_tutor\index.html,False,HOLD_NO_FILE
candidate:tutor:seoul-kr-c911-b791-ad6c-kr-b0a8-c0b0-b3d9:region_tutor,/tutor/seoul-kr-c911-b791-ad6c-kr-b0a8-c0b0-b3d9/region_tutor,HOLD,false,서울,335,false,C:\프로젝트\tutorplan\output\tutor\seoul-kr-c911-b791-ad6c-kr-b0a8-c0b0-b3d9\region_tutor\index.html,False,HOLD_NO_FILE
candidate:tutor:seoul-kr-c911-b791-ad6c-kr-b0a8-cc3d-b3d9:region_tutor,/tutor/seoul-kr-c911-b791-ad6c-kr-b0a8-cc3d-b3d9/region_tutor,HOLD,false,서울,336,false,C:\프로젝트\tutorplan\output\tutor\seoul-kr-c911-b791-ad6c-kr-b0a8-cc3d-b3d9\region_tutor\index.html,False,HOLD_NO_FILE
candidate:tutor:seoul-kr-c911-b791-ad6c-kr-b2e4-b3d9:region_tutor,/tutor/seoul-kr-c911-b791-ad6c-kr-b2e4-b3d9/region_tutor,HOLD,false,서울,337,false,C:\프로젝트\tutorplan\output\tutor\seoul-kr-c911-b791-ad6c-kr-b2e4-b3d9\region_tutor\index.html,False,HOLD_NO_FILE
candidate:tutor:seoul-kr-c911-b791-ad6c-kr-b9cc-b9ac-b3d9:region_tutor,/tutor/seoul-kr-c911-b791-ad6c-kr-b9cc-b9ac-b3d9/region_tutor,HOLD,false,서울,338,false,C:\프로젝트\tutorplan\output\tutor\seoul-kr-c911-b791-ad6c-kr-b9cc-b9ac-b3d9\region_tutor\index.html,False,HOLD_NO_FILE
candidate:tutor:seoul-kr-c911-b791-ad6c-kr-ba85-b3d9:region_tutor,/tutor/seoul-kr-c911-b791-ad6c-kr-ba85-b3d9/region_tutor,HOLD,false,서울,339,false,C:\프로젝트\tutorplan\output\tutor\seoul-kr-c911-b791-ad6c-kr-ba85-b3d9\region_tutor\index.html,False,HOLD_NO_FILE
candidate:tutor:seoul-kr-c911-b791-ad6c-kr-bb34-ad50-b3d9:region_tutor,/tutor/seoul-kr-c911-b791-ad6c-kr-bb34-ad50-b3d9/region_tutor,HOLD,false,서울,340,false,C:\프로젝트\tutorplan\output\tutor\seoul-kr-c911-b791-ad6c-kr-bb34-ad50-b3d9\region_tutor\index.html,False,HOLD_NO_FILE
candidate:tutor:seoul-kr-c911-b791-ad6c-kr-bb35-c815-b3d9:region_tutor,/tutor/seoul-kr-c911-b791-ad6c-kr-bb35-c815-b3d9/region_tutor,HOLD,false,서울,341,false,C:\프로젝트\tutorplan\output\tutor\seoul-kr-c911-b791-ad6c-kr-bb35-c815-b3d9\region_tutor\index.html,False,HOLD_NO_FILE
candidate:tutor:seoul-kr-c911-b791-ad6c-kr-bc29-c0b0-b3d9:region_tutor,/tutor/seoul-kr-c911-b791-ad6c-kr-bc29-c0b0-b3d9/region_tutor,HOLD,false,서울,342,false,C:\프로젝트\tutorplan\output\tutor\seoul-kr-c911-b791-ad6c-kr-bc29-c0b0-b3d9\region_tutor\index.html,False,HOLD_NO_FILE
candidate:tutor:seoul-kr-c911-b791-ad6c-kr-bd09-b798-b3d9:region_tutor,/tutor/seoul-kr-c911-b791-ad6c-kr-bd09-b798-b3d9/region_tutor,HOLD,false,서울,343,false,C:\프로젝트\tutorplan\output\tutor\seoul-kr-c911-b791-ad6c-kr-bd09-b798-b3d9\region_tutor\index.html,False,HOLD_NO_FILE
candidate:tutor:seoul-kr-c911-b791-ad6c-kr-bd81-cc3d-b3d9:region_tutor,/tutor/seoul-kr-c911-b791-ad6c-kr-bd81-cc3d-b3d9/region_tutor,HOLD,false,서울,344,false,C:\프로젝트\tutorplan\output\tutor\seoul-kr-c911-b791-ad6c-kr-bd81-cc3d-b3d9\region_tutor\index.html,False,HOLD_NO_FILE
candidate:tutor:seoul-kr-c911-b791-ad6c-kr-c0b0-b9bc-b3d9:region_tutor,/tutor/seoul-kr-c911-b791-ad6c-kr-c0b0-b9bc-b3d9/region_tutor,HOLD,false,서울,345,false,C:\프로젝트\tutorplan\output\tutor\seoul-kr-c911-b791-ad6c-kr-c0b0-b9bc-b3d9\region_tutor\index.html,False,HOLD_NO_FILE
candidate:tutor:seoul-kr-c911-b791-ad6c-kr-c11c-c18c-bb38-b3d9:region_tutor,/tutor/seoul-kr-c911-b791-ad6c-kr-c11c-c18c-bb38-b3d9/region_tutor,HOLD,false,서울,346,false,C:\프로젝트\tutorplan\output\tutor\seoul-kr-c911-b791-ad6c-kr-c11c-c18c-bb38-b3d9\region_tutor\index.html,False,HOLD_NO_FILE
candidate:tutor:seoul-kr-c911-b791-ad6c-kr-c18c-acf5-b3d9:region_tutor,/tutor/seoul-kr-c911-b791-ad6c-kr-c18c-acf5-b3d9/region_tutor,HOLD,false,서울,347,false,C:\프로젝트\tutorplan\output\tutor\seoul-kr-c911-b791-ad6c-kr-c18c-acf5-b3d9\region_tutor\index.html,False,HOLD_NO_FILE
candidate:tutor:seoul-kr-c911-b791-ad6c-kr-c218-d45c-b3d9:region_tutor,/tutor/seoul-kr-c911-b791-ad6c-kr-c218-d45c-b3d9/region_tutor,HOLD,false,서울,348,false,C:\프로젝트\tutorplan\output\tutor\seoul-kr-c911-b791-ad6c-kr-c218-d45c-b3d9\region_tutor\index.html,False,HOLD_NO_FILE
candidate:tutor:seoul-kr-c911-b791-ad6c-kr-c218-d558-b3d9:region_tutor,/tutor/seoul-kr-c911-b791-ad6c-kr-c218-d558-b3d9/region_tutor,HOLD,false,서울,349,false,C:\프로젝트\tutorplan\output\tutor\seoul-kr-c911-b791-ad6c-kr-c218-d558-b3d9\region_tutor\index.html,False,HOLD_NO_FILE
candidate:tutor:seoul-kr-c911-b791-ad6c-kr-c21c-d654-b3d9:region_tutor,/tutor/seoul-kr-c911-b791-ad6c-kr-c21c-d654-b3d9/region_tutor,HOLD,false,서울,350,false,C:\프로젝트\tutorplan\output\tutor\seoul-kr-c911-b791-ad6c-kr-c21c-d654-b3d9\region_tutor\index.html,False,HOLD_NO_FILE
candidate:tutor:seoul-kr-c911-b791-ad6c-kr-c2e0-b2f9-b3d9:region_tutor,/tutor/seoul-kr-c911-b791-ad6c-kr-c2e0-b2f9-b3d9/region_tutor,HOLD,false,서울,351,false,C:\프로젝트\tutorplan\output\tutor\seoul-kr-c911-b791-ad6c-kr-c2e0-b2f9-b3d9\region_tutor\index.html,False,HOLD_NO_FILE
candidate:tutor:seoul-kr-c911-b791-ad6c-kr-c30d-b9bc-b3d9:region_tutor,/tutor/seoul-kr-c911-b791-ad6c-kr-c30d-b9bc-b3d9/region_tutor,HOLD,false,서울,352,false,C:\프로젝트\tutorplan\output\tutor\seoul-kr-c911-b791-ad6c-kr-c30d-b9bc-b3d9\region_tutor\index.html,False,HOLD_NO_FILE
candidate:tutor:seoul-kr-c911-b791-ad6c-kr-c608-ad00-b3d9:region_tutor,/tutor/seoul-kr-c911-b791-ad6c-kr-c608-ad00-b3d9/region_tutor,HOLD,false,서울,353,false,C:\프로젝트\tutorplan\output\tutor\seoul-kr-c911-b791-ad6c-kr-c608-ad00-b3d9\region_tutor\index.html,False,HOLD_NO_FILE
candidate:tutor:seoul-kr-c911-b791-ad6c-kr-c608-c7a5-b3d9:region_tutor,/tutor/seoul-kr-c911-b791-ad6c-kr-c608-c7a5-b3d9/region_tutor,HOLD,false,서울,354,false,C:\프로젝트\tutorplan\output\tutor\seoul-kr-c911-b791-ad6c-kr-c608-c7a5-b3d9\region_tutor\index.html,False,HOLD_NO_FILE
candidate:tutor:seoul-kr-c911-b791-ad6c-kr-c624-c7a5-b3d9:region_tutor,/tutor/seoul-kr-c911-b791-ad6c-kr-c624-c7a5-b3d9/region_tutor,HOLD,false,서울,355,false,C:\프로젝트\tutorplan\output\tutor\seoul-kr-c911-b791-ad6c-kr-c624-c7a5-b3d9\region_tutor\index.html,False,HOLD_NO_FILE
candidate:tutor:seoul-kr-c911-b791-ad6c-kr-c744-c9c0-b85c-b3d9:region_tutor,/tutor/seoul-kr-c911-b791-ad6c-kr-c744-c9c0-b85c-b3d9/region_tutor,HOLD,false,서울,356,false,C:\프로젝트\tutorplan\output\tutor\seoul-kr-c911-b791-ad6c-kr-c744-c9c0-b85c-b3d9\region_tutor\index.html,False,HOLD_NO_FILE
candidate:tutor:seoul-kr-c911-b791-ad6c-kr-c758-c8fc-b85c-b3d9:region_tutor,/tutor/seoul-kr-c911-b791-ad6c-kr-c758-c8fc-b85c-b3d9/region_tutor,HOLD,false,서울,357,false,C:\프로젝트\tutorplan\output\tutor\seoul-kr-c911-b791-ad6c-kr-c758-c8fc-b85c-b3d9\region_tutor\index.html,False,HOLD_NO_FILE
candidate:tutor:seoul-kr-c911-b791-ad6c-kr-c778-d604-b3d9:region_tutor,/tutor/seoul-kr-c911-b791-ad6c-kr-c778-d604-b3d9/region_tutor,HOLD,false,서울,358,false,C:\프로젝트\tutorplan\output\tutor\seoul-kr-c911-b791-ad6c-kr-c778-d604-b3d9\region_tutor\index.html,False,HOLD_NO_FILE
candidate:tutor:seoul-kr-c911-b791-ad6c-kr-c785-c815-b3d9:region_tutor,/tutor/seoul-kr-c911-b791-ad6c-kr-c785-c815-b3d9/region_tutor,HOLD,false,서울,359,false,C:\프로젝트\tutorplan\output\tutor\seoul-kr-c911-b791-ad6c-kr-c785-c815-b3d9\region_tutor\index.html,False,HOLD_NO_FILE
candidate:tutor:seoul-kr-c911-b791-ad6c-kr-c7a5-ad50-b3d9:region_tutor,/tutor/seoul-kr-c911-b791-ad6c-kr-c7a5-ad50-b3d9/region_tutor,HOLD,false,서울,360,false,C:\프로젝트\tutorplan\output\tutor\seoul-kr-c911-b791-ad6c-kr-c7a5-ad50-b3d9\region_tutor\index.html,False,HOLD_NO_FILE
candidate:tutor:seoul-kr-c911-b791-ad6c-kr-c7a5-cda9-b3d9:region_tutor,/tutor/seoul-kr-c911-b791-ad6c-kr-c7a5-cda9-b3d9/region_tutor,HOLD,false,서울,361,false,C:\프로젝트\tutorplan\output\tutor\seoul-kr-c911-b791-ad6c-kr-c7a5-cda9-b3d9\region_tutor\index.html,False,HOLD_NO_FILE
candidate:tutor:seoul-kr-c911-b791-ad6c-kr-c800-b3d9:region_tutor,/tutor/seoul-kr-c911-b791-ad6c-kr-c800-b3d9/region_tutor,HOLD,false,서울,362,false,C:\프로젝트\tutorplan\output\tutor\seoul-kr-c911-b791-ad6c-kr-c800-b3d9\region_tutor\index.html,False,HOLD_NO_FILE
candidate:tutor:seoul-kr-c911-b791-ad6c-kr-c815-b3d9:region_tutor,/tutor/seoul-kr-c911-b791-ad6c-kr-c815-b3d9/region_tutor,HOLD,false,서울,363,false,C:\프로젝트\tutorplan\output\tutor\seoul-kr-c911-b791-ad6c-kr-c815-b3d9\region_tutor\index.html,False,HOLD_NO_FILE
candidate:tutor:seoul-kr-c911-b791-ad6c-kr-c8fc-ad50-b3d9:region_tutor,/tutor/seoul-kr-c911-b791-ad6c-kr-c8fc-ad50-b3d9/region_tutor,HOLD,false,서울,364,false,C:\프로젝트\tutorplan\output\tutor\seoul-kr-c911-b791-ad6c-kr-c8fc-ad50-b3d9\region_tutor\index.html,False,HOLD_NO_FILE
candidate:tutor:seoul-kr-c911-b791-ad6c-kr-c8fc-c790-b3d9:region_tutor,/tutor/seoul-kr-c911-b791-ad6c-kr-c8fc-c790-b3d9/region_tutor,HOLD,false,서울,365,false,C:\프로젝트\tutorplan\output\tutor\seoul-kr-c911-b791-ad6c-kr-c8fc-c790-b3d9\region_tutor\index.html,False,HOLD_NO_FILE
candidate:tutor:seoul-kr-c911-b791-ad6c-kr-c911-b9bc-b3d9:region_tutor,/tutor/seoul-kr-c911-b791-ad6c-kr-c911-b9bc-b3d9/region_tutor,HOLD,false,서울,366,false,C:\프로젝트\tutorplan\output\tutor\seoul-kr-c911-b791-ad6c-kr-c911-b9bc-b3d9\region_tutor\index.html,False,HOLD_NO_FILE
candidate:tutor:seoul-kr-c911-b791-ad6c-kr-cd08-b3d9:region_tutor,/tutor/seoul-kr-c911-b791-ad6c-kr-cd08-b3d9/region_tutor,HOLD,false,서울,367,false,C:\프로젝트\tutorplan\output\tutor\seoul-kr-c911-b791-ad6c-kr-cd08-b3d9\region_tutor\index.html,False,HOLD_NO_FILE
candidate:tutor:seoul-kr-c911-b791-ad6c-kr-cda9-bb34-b85c-b3d9:region_tutor,/tutor/seoul-kr-c911-b791-ad6c-kr-cda9-bb34-b85c-b3d9/region_tutor,HOLD,false,서울,368,false,C:\프로젝트\tutorplan\output\tutor\seoul-kr-c911-b791-ad6c-kr-cda9-bb34-b85c-b3d9\region_tutor\index.html,False,HOLD_NO_FILE
candidate:tutor:seoul-kr-c911-b791-ad6c-kr-d0dc-d3c9-b85c-b3d9:region_tutor,/tutor/seoul-kr-c911-b791-ad6c-kr-d0dc-d3c9-b85c-b3d9/region_tutor,HOLD,false,서울,369,false,C:\프로젝트\tutorplan\output\tutor\seoul-kr-c911-b791-ad6c-kr-d0dc-d3c9-b85c-b3d9\region_tutor\index.html,False,HOLD_NO_FILE
candidate:tutor:seoul-kr-c911-b791-ad6c-kr-d544-b3d9:region_tutor,/tutor/seoul-kr-c911-b791-ad6c-kr-d544-b3d9/region_tutor,HOLD,false,서울,370,false,C:\프로젝트\tutorplan\output\tutor\seoul-kr-c911-b791-ad6c-kr-d544-b3d9\region_tutor\index.html,False,HOLD_NO_FILE
candidate:tutor:seoul-kr-c911-b791-ad6c-kr-d669-d559-b3d9:region_tutor,/tutor/seoul-kr-c911-b791-ad6c-kr-d669-d559-b3d9/region_tutor,HOLD,false,서울,371,false,C:\프로젝트\tutorplan\output\tutor\seoul-kr-c911-b791-ad6c-kr-d669-d559-b3d9\region_tutor\index.html,False,HOLD_NO_FILE
candidate:tutor:seoul-kr-c911-b791-ad6c-kr-d68c-d604-b3d9:region_tutor,/tutor/seoul-kr-c911-b791-ad6c-kr-d68c-d604-b3d9/region_tutor,HOLD,false,서울,372,false,C:\프로젝트\tutorplan\output\tutor\seoul-kr-c911-b791-ad6c-kr-d68c-d604-b3d9\region_tutor\index.html,False,HOLD_NO_FILE
candidate:tutor:seoul-kr-c911-b791-ad6c-kr-b9dd-c6b0-b3d9:region_tutor,/tutor/seoul-kr-c911-b791-ad6c-kr-b9dd-c6b0-b3d9/region_tutor,HOLD,false,서울,373,false,C:\프로젝트\tutorplan\output\tutor\seoul-kr-c911-b791-ad6c-kr-b9dd-c6b0-b3d9\region_tutor\index.html,False,HOLD_NO_FILE
candidate:tutor:seoul-kr-c911-b791-ad6c-kr-ba74-baa9-b3d9:region_tutor,/tutor/seoul-kr-c911-b791-ad6c-kr-ba74-baa9-b3d9/region_tutor,HOLD,false,서울,374,false,C:\프로젝트\tutorplan\output\tutor\seoul-kr-c911-b791-ad6c-kr-ba74-baa9-b3d9\region_tutor\index.html,False,HOLD_NO_FILE
candidate:tutor:seoul-kr-c911-b791-ad6c-kr-bb35-b3d9:region_tutor,/tutor/seoul-kr-c911-b791-ad6c-kr-bb35-b3d9/region_tutor,HOLD,false,서울,375,false,C:\프로젝트\tutorplan\output\tutor\seoul-kr-c911-b791-ad6c-kr-bb35-b3d9\region_tutor\index.html,False,HOLD_NO_FILE
candidate:tutor:seoul-kr-c911-b791-ad6c-kr-c0c1-bd09-b3d9:region_tutor,/tutor/seoul-kr-c911-b791-ad6c-kr-c0c1-bd09-b3d9/region_tutor,HOLD,false,서울,376,false,C:\프로젝트\tutorplan\output\tutor\seoul-kr-c911-b791-ad6c-kr-c0c1-bd09-b3d9\region_tutor\index.html,False,HOLD_NO_FILE
candidate:tutor:seoul-kr-c911-b791-ad6c-kr-c2e0-b0b4-b3d9:region_tutor,/tutor/seoul-kr-c911-b791-ad6c-kr-c2e0-b0b4-b3d9/region_tutor,HOLD,false,서울,377,false,C:\프로젝트\tutorplan\output\tutor\seoul-kr-c911-b791-ad6c-kr-c2e0-b0b4-b3d9\region_tutor\index.html,False,HOLD_NO_FILE
candidate:tutor:seoul-kr-c911-b791-ad6c-kr-c911-d654-b3d9:region_tutor,/tutor/seoul-kr-c911-b791-ad6c-kr-c911-d654-b3d9/region_tutor,HOLD,false,서울,378,false,C:\프로젝트\tutorplan\output\tutor\seoul-kr-c911-b791-ad6c-kr-c911-d654-b3d9\region_tutor\index.html,False,HOLD_NO_FILE
candidate:tutor:kr-b300-ad6c-kr-b300-ad6c-c911-ad6c-kr-c74d-b0b4-b3d9:region_tutor,/tutor/kr-b300-ad6c-kr-b300-ad6c-c911-ad6c-kr-c74d-b0b4-b3d9/region_tutor,HOLD,false,대구,20,false,C:\프로젝트\tutorplan\output\tutor\kr-b300-ad6c-kr-b300-ad6c-c911-ad6c-kr-c74d-b0b4-b3d9\region_tutor\index.html,False,HOLD_NO_FILE
candidate:tutor:kr-b300-ad6c-kr-b300-ad6c-c911-ad6c-kr-bcf8-b3d9:region_tutor,/tutor/kr-b300-ad6c-kr-b300-ad6c-c911-ad6c-kr-bcf8-b3d9/region_tutor,HOLD,false,대구,31,false,C:\프로젝트\tutorplan\output\tutor\kr-b300-ad6c-kr-b300-ad6c-c911-ad6c-kr-bcf8-b3d9\region_tutor\index.html,False,HOLD_NO_FILE
candidate:tutor:kr-b300-ad6c-kr-b300-ad6c-c911-ad6c-kr-b2e4-c0ac-c74d:region_tutor,/tutor/kr-b300-ad6c-kr-b300-ad6c-c911-ad6c-kr-b2e4-c0ac-c74d/region_tutor,HOLD,false,대구,45,false,C:\프로젝트\tutorplan\output\tutor\kr-b300-ad6c-kr-b300-ad6c-c911-ad6c-kr-b2e4-c0ac-c74d\region_tutor\index.html,False,HOLD_NO_FILE
candidate:tutor:kr-b300-ad6c-kr-b300-ad6c-c911-ad6c-kr-c0ac-bcf5-b3d9:region_tutor,/tutor/kr-b300-ad6c-kr-b300-ad6c-c911-ad6c-kr-c0ac-bcf5-b3d9/region_tutor,HOLD,false,대구,51,false,C:\프로젝트\tutorplan\output\tutor\kr-b300-ad6c-kr-b300-ad6c-c911-ad6c-kr-c0ac-bcf5-b3d9\region_tutor\index.html,False,HOLD_NO_FILE
candidate:tutor:kr-b300-ad6c-kr-b300-ad6c-c911-ad6c-kr-c9c0-bb18-b3d9:region_tutor,/tutor/kr-b300-ad6c-kr-b300-ad6c-c911-ad6c-kr-c9c0-bb18-b3d9/region_tutor,HOLD,false,대구,58,false,C:\프로젝트\tutorplan\output\tutor\kr-b300-ad6c-kr-b300-ad6c-c911-ad6c-kr-c9c0-bb18-b3d9\region_tutor\index.html,False,HOLD_NO_FILE
candidate:tutor:kr-b300-ad6c-kr-b300-ad6c-c911-ad6c-kr-be44-c0b0-b3d9:region_tutor,/tutor/kr-b300-ad6c-kr-b300-ad6c-c911-ad6c-kr-be44-c0b0-b3d9/region_tutor,HOLD,false,대구,61,false,C:\프로젝트\tutorplan\output\tutor\kr-b300-ad6c-kr-b300-ad6c-c911-ad6c-kr-be44-c0b0-b3d9\region_tutor\index.html,False,HOLD_NO_FILE
candidate:tutor:kr-b300-ad6c-kr-b300-ad6c-c911-ad6c-kr-bc94-bb3c-b3d9:region_tutor,/tutor/kr-b300-ad6c-kr-b300-ad6c-c911-ad6c-kr-bc94-bb3c-b3d9/region_tutor,HOLD,false,대구,69,false,C:\프로젝트\tutorplan\output\tutor\kr-b300-ad6c-kr-b300-ad6c-c911-ad6c-kr-bc94-bb3c-b3d9\region_tutor\index.html,False,HOLD_NO_FILE
candidate:tutor:kr-b300-ad6c-kr-b300-ad6c-c911-ad6c-kr-c0ac-c6d4-b3d9:region_tutor,/tutor/kr-b300-ad6c-kr-b300-ad6c-c911-ad6c-kr-c0ac-c6d4-b3d9/region_tutor,HOLD,false,대구,72,false,C:\프로젝트\tutorplan\output\tutor\kr-b300-ad6c-kr-b300-ad6c-c911-ad6c-kr-c0ac-c6d4-b3d9\region_tutor\index.html,False,HOLD_NO_FILE
candidate:tutor:kr-b300-ad6c-kr-b300-ad6c-c911-ad6c-kr-d30c-b3d9:region_tutor,/tutor/kr-b300-ad6c-kr-b300-ad6c-c911-ad6c-kr-d30c-b3d9/region_tutor,HOLD,false,대구,79,false,C:\프로젝트\tutorplan\output\tutor\kr-b300-ad6c-kr-b300-ad6c-c911-ad6c-kr-d30c-b3d9\region_tutor\index.html,False,HOLD_NO_FILE
candidate:tutor:kr-b300-ad6c-kr-c0ac-d558-ad6c:region_tutor,/tutor/kr-b300-ad6c-kr-c0ac-d558-ad6c/region_tutor,HOLD,false,대구,106,false,C:\프로젝트\tutorplan\output\tutor\kr-b300-ad6c-kr-c0ac-d558-ad6c\region_tutor\index.html,False,HOLD_NO_FILE
candidate:tutor:kr-b300-ad6c-kr-d574-c6b4-b300-ad6c-kr-c120-b3d9:region_tutor,/tutor/kr-b300-ad6c-kr-d574-c6b4-b300-ad6c-kr-c120-b3d9/region_tutor,HOLD,false,대구,118,false,C:\프로젝트\tutorplan\output\tutor\kr-b300-ad6c-kr-d574-c6b4-b300-ad6c-kr-c120-b3d9\region_tutor\index.html,False,HOLD_NO_FILE
candidate:tutor:kr-b300-ad6c-kr-d574-c6b4-b300-ad6c-kr-c7a5-c804-b3d9:region_tutor,/tutor/kr-b300-ad6c-kr-d574-c6b4-b300-ad6c-kr-c7a5-c804-b3d9/region_tutor,HOLD,false,대구,120,false,C:\프로젝트\tutorplan\output\tutor\kr-b300-ad6c-kr-d574-c6b4-b300-ad6c-kr-c7a5-c804-b3d9\region_tutor\index.html,False,HOLD_NO_FILE
candidate:tutor:kr-b300-ad6c-kr-d574-c6b4-b300-ad6c-kr-c6a9-d638-b3d9:region_tutor,/tutor/kr-b300-ad6c-kr-d574-c6b4-b300-ad6c-kr-c6a9-d638-b3d9/region_tutor,HOLD,false,대구,126,false,C:\프로젝트\tutorplan\output\tutor\kr-b300-ad6c-kr-d574-c6b4-b300-ad6c-kr-c6a9-d638-b3d9\region_tutor\index.html,False,HOLD_NO_FILE
candidate:tutor:kr-b300-ad6c-kr-d574-c6b4-b300-ad6c-kr-bd80-c0b0-c0ac-c9c1-b3d9:region_tutor,/tutor/kr-b300-ad6c-kr-d574-c6b4-b300-ad6c-kr-bd80-c0b0-c0ac-c9c1-b3d9/region_tutor,HOLD,false,대구,130,false,C:\프로젝트\tutorplan\output\tutor\kr-b300-ad6c-kr-d574-c6b4-b300-ad6c-kr-bd80-c0b0-c0ac-c9c1-b3d9\region_tutor\index.html,False,HOLD_NO_FILE
candidate:tutor:kr-b300-ad6c-kr-d574-c6b4-b300-ad6c-kr-ad6c-d3ec-b3d9:region_tutor,/tutor/kr-b300-ad6c-kr-d574-c6b4-b300-ad6c-kr-ad6c-d3ec-b3d9/region_tutor,HOLD,false,대구,143,false,C:\프로젝트\tutorplan\output\tutor\kr-b300-ad6c-kr-d574-c6b4-b300-ad6c-kr-ad6c-d3ec-b3d9\region_tutor\index.html,False,HOLD_NO_FILE
candidate:tutor:kr-b300-ad6c-kr-d574-c6b4-b300-ad6c-kr-c8fc-b840-b3d9:region_tutor,/tutor/kr-b300-ad6c-kr-d574-c6b4-b300-ad6c-kr-c8fc-b840-b3d9/region_tutor,HOLD,false,대구,150,false,C:\프로젝트\tutorplan\output\tutor\kr-b300-ad6c-kr-d574-c6b4-b300-ad6c-kr-c8fc-b840-b3d9\region_tutor\index.html,False,HOLD_NO_FILE
candidate:tutor:kr-b300-ad6c-kr-d574-c6b4-b300-ad6c-kr-c6b0-b3d9:region_tutor,/tutor/kr-b300-ad6c-kr-d574-c6b4-b300-ad6c-kr-c6b0-b3d9/region_tutor,HOLD,false,대구,162,false,C:\프로젝트\tutorplan\output\tutor\kr-b300-ad6c-kr-d574-c6b4-b300-ad6c-kr-c6b0-b3d9\region_tutor\index.html,False,HOLD_NO_FILE
candidate:tutor:kr-b300-ad6c-kr-b300-c804-c911-ad6c-kr-ac00-c218-c6d0-b3d9:region_tutor,/tutor/kr-b300-ad6c-kr-b300-c804-c911-ad6c-kr-ac00-c218-c6d0-b3d9/region_tutor,HOLD,false,대구,182,false,C:\프로젝트\tutorplan\output\tutor\kr-b300-ad6c-kr-b300-c804-c911-ad6c-kr-ac00-c218-c6d0-b3d9\region_tutor\index.html,False,HOLD_NO_FILE
candidate:tutor:kr-b300-ad6c-kr-b300-c804-c911-ad6c-kr-ac00-c7a5-b3d9:region_tutor,/tutor/kr-b300-ad6c-kr-b300-c804-c911-ad6c-kr-ac00-c7a5-b3d9/region_tutor,HOLD,false,대구,183,false,C:\프로젝트\tutorplan\output\tutor\kr-b300-ad6c-kr-b300-c804-c911-ad6c-kr-ac00-c7a5-b3d9\region_tutor\index.html,False,HOLD_NO_FILE
candidate:tutor:kr-b300-ad6c-kr-b300-c804-c911-ad6c-kr-ad00-c800-b3d9:region_tutor,/tutor/kr-b300-ad6c-kr-b300-c804-c911-ad6c-kr-ad00-c800-b3d9/region_tutor,HOLD,false,대구,185,false,C:\프로젝트\tutorplan\output\tutor\kr-b300-ad6c-kr-b300-c804-c911-ad6c-kr-ad00-c800-b3d9\region_tutor\index.html,False,HOLD_NO_FILE
candidate:tutor:kr-b300-ad6c-kr-b300-c804-c911-ad6c-kr-b3c4-c548-b3d9:region_tutor,/tutor/kr-b300-ad6c-kr-b300-c804-c911-ad6c-kr-b3c4-c548-b3d9/region_tutor,HOLD,false,대구,189,false,C:\프로젝트\tutorplan\output\tutor\kr-b300-ad6c-kr-b300-c804-c911-ad6c-kr-b3c4-c548-b3d9\region_tutor\index.html,False,HOLD_NO_FILE
candidate:tutor:kr-b300-ad6c-kr-b300-c804-c911-ad6c-kr-ad81-b3d9:region_tutor,/tutor/kr-b300-ad6c-kr-b300-c804-c911-ad6c-kr-ad81-b3d9/region_tutor,HOLD,false,대구,197,false,C:\프로젝트\tutorplan\output\tutor\kr-b300-ad6c-kr-b300-c804-c911-ad6c-kr-ad81-b3d9\region_tutor\index.html,False,HOLD_NO_FILE
candidate:tutor:kr-b300-ad6c-kr-b300-c804-c911-ad6c-kr-b300-d765-b3d9:region_tutor,/tutor/kr-b300-ad6c-kr-b300-c804-c911-ad6c-kr-b300-d765-b3d9/region_tutor,HOLD,false,대구,211,false,C:\프로젝트\tutorplan\output\tutor\kr-b300-ad6c-kr-b300-c804-c911-ad6c-kr-b300-d765-b3d9\region_tutor\index.html,False,HOLD_NO_FILE
candidate:tutor:kr-b300-ad6c-kr-b300-c804-c911-ad6c-kr-c911-cd0c-b3d9:region_tutor,/tutor/kr-b300-ad6c-kr-b300-c804-c911-ad6c-kr-c911-cd0c-b3d9/region_tutor,HOLD,false,대구,213,false,C:\프로젝트\tutorplan\output\tutor\kr-b300-ad6c-kr-b300-c804-c911-ad6c-kr-c911-cd0c-b3d9\region_tutor\index.html,False,HOLD_NO_FILE
candidate:tutor:kr-b300-ad6c-kr-b178-c740-c9c0-ad6c-kr-d14c-d06c-b178-bca8-b9ac:region_tutor,/tutor/kr-b300-ad6c-kr-b178-c740-c9c0-ad6c-kr-d14c-d06c-b178-bca8-b9ac/region_tutor,HOLD,false,대구,218,false,C:\프로젝트\tutorplan\output\tutor\kr-b300-ad6c-kr-b178-c740-c9c0-ad6c-kr-d14c-d06c-b178-bca8-b9ac\region_tutor\index.html,False,HOLD_NO_FILE
candidate:tutor:kr-b300-ad6c-kr-b178-c740-c9c0-ad6c-kr-c740-d589-b3d9:region_tutor,/tutor/kr-b300-ad6c-kr-b178-c740-c9c0-ad6c-kr-c740-d589-b3d9/region_tutor,HOLD,false,대구,219,false,C:\프로젝트\tutorplan\output\tutor\kr-b300-ad6c-kr-b178-c740-c9c0-ad6c-kr-c740-d589-b3d9\region_tutor\index.html,False,HOLD_NO_FILE
candidate:tutor:kr-b300-ad6c-kr-ad11-c8fc-c11c-ad6c-kr-ad11-c8fc-c1a1-c815-b3d9:region_tutor,/tutor/kr-b300-ad6c-kr-ad11-c8fc-c11c-ad6c-kr-ad11-c8fc-c1a1-c815-b3d9/region_tutor,HOLD,false,대구,236,false,C:\프로젝트\tutorplan\output\tutor\kr-b300-ad6c-kr-ad11-c8fc-c11c-ad6c-kr-ad11-c8fc-c1a1-c815-b3d9\region_tutor\index.html,False,HOLD_NO_FILE
candidate:tutor:kr-b300-ad6c-kr-ad11-c8fc-c11c-ad6c-kr-bd09-c120-b3d9:region_tutor,/tutor/kr-b300-ad6c-kr-ad11-c8fc-c11c-ad6c-kr-bd09-c120-b3d9/region_tutor,HOLD,false,대구,242,false,C:\프로젝트\tutorplan\output\tutor\kr-b300-ad6c-kr-ad11-c8fc-c11c-ad6c-kr-bd09-c120-b3d9\region_tutor\index.html,False,HOLD_NO_FILE
candidate:tutor:kr-b300-ad6c-kr-ad11-c8fc-c11c-ad6c-kr-ae08-d638-b3d9:region_tutor,/tutor/kr-b300-ad6c-kr-ad11-c8fc-c11c-ad6c-kr-ae08-d638-b3d9/region_tutor,HOLD,false,대구,260,false,C:\프로젝트\tutorplan\output\tutor\kr-b300-ad6c-kr-ad11-c8fc-c11c-ad6c-kr-ae08-d638-b3d9\region_tutor\index.html,False,HOLD_NO_FILE
candidate:tutor:kr-b300-ad6c-kr-c218-c644-c9c0-ad6c:region_tutor,/tutor/kr-b300-ad6c-kr-c218-c644-c9c0-ad6c/region_tutor,HOLD,false,대구,277,false,C:\프로젝트\tutorplan\output\tutor\kr-b300-ad6c-kr-c218-c644-c9c0-ad6c\region_tutor\index.html,False,HOLD_NO_FILE
candidate:tutor:kr-b300-ad6c-kr-c644-c0b0-ad6c-kr-ae08-c554-b3d9:region_tutor,/tutor/kr-b300-ad6c-kr-c644-c0b0-ad6c-kr-ae08-c554-b3d9/region_tutor,HOLD,false,대구,290,false,C:\프로젝트\tutorplan\output\tutor\kr-b300-ad6c-kr-c644-c0b0-ad6c-kr-ae08-c554-b3d9\region_tutor\index.html,False,HOLD_NO_FILE
candidate:tutor:kr-b300-ad6c-kr-c644-c0b0-ad6c-kr-c11c-c2e0-b3d9:region_tutor,/tutor/kr-b300-ad6c-kr-c644-c0b0-ad6c-kr-c11c-c2e0-b3d9/region_tutor,HOLD,false,대구,296,false,C:\프로젝트\tutorplan\output\tutor\kr-b300-ad6c-kr-c644-c0b0-ad6c-kr-c11c-c2e0-b3d9\region_tutor\index.html,False,HOLD_NO_FILE
candidate:tutor:kr-b300-ad6c-kr-c644-c0b0-ad6c-kr-c11c-c644-c2e0-b3d9:region_tutor,/tutor/kr-b300-ad6c-kr-c644-c0b0-ad6c-kr-c11c-c644-c2e0-b3d9/region_tutor,HOLD,false,대구,297,false,C:\프로젝트\tutorplan\output\tutor\kr-b300-ad6c-kr-c644-c0b0-ad6c-kr-c11c-c644-c2e0-b3d9\region_tutor\index.html,False,HOLD_NO_FILE
candidate:tutor:kr-b300-ad6c-kr-d6a8-c790-c9c0-ad6c-kr-c2e0-c2dc-ac00-c9c0:region_tutor,/tutor/kr-b300-ad6c-kr-d6a8-c790-c9c0-ad6c-kr-c2e0-c2dc-ac00-c9c0/region_tutor,HOLD,false,대구,304,false,C:\프로젝트\tutorplan\output\tutor\kr-b300-ad6c-kr-d6a8-c790-c9c0-ad6c-kr-c2e0-c2dc-ac00-c9c0\region_tutor\index.html,False,HOLD_NO_FILE
candidate:tutor:kr-b300-ad6c-kr-c9c0-c815-c9c0-ad6c-kr-d1f4-acc4-b3d9:region_tutor,/tutor/kr-b300-ad6c-kr-c9c0-c815-c9c0-ad6c-kr-d1f4-acc4-b3d9/region_tutor,HOLD,false,대구,338,false,C:\프로젝트\tutorplan\output\tutor\kr-b300-ad6c-kr-c9c0-c815-c9c0-ad6c-kr-d1f4-acc4-b3d9\region_tutor\index.html,False,HOLD_NO_FILE
candidate:tutor:kr-b300-ad6c-kr-d1f4-acc4-c9c0-ad6c:region_tutor,/tutor/kr-b300-ad6c-kr-d1f4-acc4-c9c0-ad6c/region_tutor,HOLD,false,대구,340,false,C:\프로젝트\tutorplan\output\tutor\kr-b300-ad6c-kr-d1f4-acc4-c9c0-ad6c\region_tutor\index.html,False,HOLD_NO_FILE
candidate:tutor:kr-b300-ad6c-kr-bbf8-cd94-d640-ad6c:region_tutor,/tutor/kr-b300-ad6c-kr-bbf8-cd94-d640-ad6c/region_tutor,HOLD,false,대구,350,false,C:\프로젝트\tutorplan\output\tutor\kr-b300-ad6c-kr-bbf8-cd94-d640-ad6c\region_tutor\index.html,False,HOLD_NO_FILE
candidate:tutor:kr-b300-ad6c-kr-c778-cc9c-c11c-ad6c:region_tutor,/tutor/kr-b300-ad6c-kr-c778-cc9c-c11c-ad6c/region_tutor,HOLD,false,대구,352,false,C:\프로젝트\tutorplan\output\tutor\kr-b300-ad6c-kr-c778-cc9c-c11c-ad6c\region_tutor\index.html,False,HOLD_NO_FILE
candidate:tutor:kr-b300-ad6c-kr-c778-cc9c-b3d9-ad6c-kr-b3c4-d654-b3d9:region_tutor,/tutor/kr-b300-ad6c-kr-c778-cc9c-b3d9-ad6c-kr-b3c4-d654-b3d9/region_tutor,HOLD,false,대구,366,false,C:\프로젝트\tutorplan\output\tutor\kr-b300-ad6c-kr-c778-cc9c-b3d9-ad6c-kr-b3c4-d654-b3d9\region_tutor\index.html,False,HOLD_NO_FILE
candidate:tutor:kr-b300-ad6c-kr-c778-cc9c-b3d9-ad6c-kr-c6a9-d604-b3d9:region_tutor,/tutor/kr-b300-ad6c-kr-c778-cc9c-b3d9-ad6c-kr-c6a9-d604-b3d9/region_tutor,HOLD,false,대구,369,false,C:\프로젝트\tutorplan\output\tutor\kr-b300-ad6c-kr-c778-cc9c-b3d9-ad6c-kr-c6a9-d604-b3d9\region_tutor\index.html,False,HOLD_NO_FILE
candidate:tutor:kr-b300-ad6c-kr-c778-cc9c-b3d9-ad6c-kr-bd80-ac1c-b3d9:region_tutor,/tutor/kr-b300-ad6c-kr-c778-cc9c-b3d9-ad6c-kr-bd80-ac1c-b3d9/region_tutor,HOLD,false,대구,373,false,C:\프로젝트\tutorplan\output\tutor\kr-b300-ad6c-kr-c778-cc9c-b3d9-ad6c-kr-bd80-ac1c-b3d9\region_tutor\index.html,False,HOLD_NO_FILE
candidate:tutor:kr-b300-ad6c-kr-c778-cc9c-b3d9-ad6c-kr-c0b0-ace1-b3d9:region_tutor,/tutor/kr-b300-ad6c-kr-c778-cc9c-b3d9-ad6c-kr-c0b0-ace1-b3d9/region_tutor,HOLD,false,대구,375,false,C:\프로젝트\tutorplan\output\tutor\kr-b300-ad6c-kr-c778-cc9c-b3d9-ad6c-kr-c0b0-ace1-b3d9\region_tutor\index.html,False,HOLD_NO_FILE
candidate:tutor:kr-b300-ad6c-kr-c778-cc9c-b3d9-ad6c-kr-c778-cc9c-bd88-b85c-b3d9:region_tutor,/tutor/kr-b300-ad6c-kr-c778-cc9c-b3d9-ad6c-kr-c778-cc9c-bd88-b85c-b3d9/region_tutor,HOLD,false,대구,382,false,C:\프로젝트\tutorplan\output\tutor\kr-b300-ad6c-kr-c778-cc9c-b3d9-ad6c-kr-c778-cc9c-bd88-b85c-b3d9\region_tutor\index.html,False,HOLD_NO_FILE
candidate:tutor:kr-b300-ad6c-kr-c778-cc9c-b3d9-ad6c-kr-c911-c0b0-b3d9:region_tutor,/tutor/kr-b300-ad6c-kr-c778-cc9c-b3d9-ad6c-kr-c911-c0b0-b3d9/region_tutor,HOLD,false,대구,396,false,C:\프로젝트\tutorplan\output\tutor\kr-b300-ad6c-kr-c778-cc9c-b3d9-ad6c-kr-c911-c0b0-b3d9\region_tutor\index.html,False,HOLD_NO_FILE
candidate:tutor:kr-b300-ad6c-kr-bd80-d3c9-c9c0-ad6c:region_tutor,/tutor/kr-b300-ad6c-kr-bd80-d3c9-c9c0-ad6c/region_tutor,HOLD,false,대구,409,false,C:\프로젝트\tutorplan\output\tutor\kr-b300-ad6c-kr-bd80-d3c9-c9c0-ad6c\region_tutor\index.html,False,HOLD_NO_FILE
candidate:tutor:kr-b300-ad6c-kr-b9c8-c804-c9c0-ad6c:region_tutor,/tutor/kr-b300-ad6c-kr-b9c8-c804-c9c0-ad6c/region_tutor,HOLD,false,대구,415,false,C:\프로젝트\tutorplan\output\tutor\kr-b300-ad6c-kr-b9c8-c804-c9c0-ad6c\region_tutor\index.html,False,HOLD_NO_FILE
candidate:tutor:kr-b300-ad6c-kr-b3d9-b0a8-ad6c:region_tutor,/tutor/kr-b300-ad6c-kr-b3d9-b0a8-ad6c/region_tutor,HOLD,false,대구,430,false,C:\프로젝트\tutorplan\output\tutor\kr-b300-ad6c-kr-b3d9-b0a8-ad6c\region_tutor\index.html,False,HOLD_NO_FILE
candidate:tutor:kr-b300-ad6c-kr-c11c-bd81-ad6c-kr-c6a9-ace1-b3d9:region_tutor,/tutor/kr-b300-ad6c-kr-c11c-bd81-ad6c-kr-c6a9-ace1-b3d9/region_tutor,HOLD,false,대구,434,false,C:\프로젝트\tutorplan\output\tutor\kr-b300-ad6c-kr-c11c-bd81-ad6c-kr-c6a9-ace1-b3d9\region_tutor\index.html,False,HOLD_NO_FILE
candidate:tutor:kr-b300-ad6c-kr-c11c-bd81-ad6c-kr-c30d-c6a9-b3d9:region_tutor,/tutor/kr-b300-ad6c-kr-c11c-bd81-ad6c-kr-c30d-c6a9-b3d9/region_tutor,HOLD,false,대구,442,false,C:\프로젝트\tutorplan\output\tutor\kr-b300-ad6c-kr-c11c-bd81-ad6c-kr-c30d-c6a9-b3d9\region_tutor\index.html,False,HOLD_NO_FILE
candidate:tutor:kr-b300-ad6c-kr-d765-b355-ad6c-kr-c6a9-c554-b3d9:region_tutor,/tutor/kr-b300-ad6c-kr-d765-b355-ad6c-kr-c6a9-c554-b3d9/region_tutor,HOLD,false,대구,468,false,C:\프로젝트\tutorplan\output\tutor\kr-b300-ad6c-kr-d765-b355-ad6c-kr-c6a9-c554-b3d9\region_tutor\index.html,False,HOLD_NO_FILE
candidate:tutor:kr-b300-ad6c-kr-d765-b355-ad6c-kr-bd84-d3c9-b3d9:region_tutor,/tutor/kr-b300-ad6c-kr-d765-b355-ad6c-kr-bd84-d3c9-b3d9/region_tutor,HOLD,false,대구,472,false,C:\프로젝트\tutorplan\output\tutor\kr-b300-ad6c-kr-d765-b355-ad6c-kr-bd84-d3c9-b3d9\region_tutor\index.html,False,HOLD_NO_FILE
candidate:tutor:kr-b300-ad6c-kr-d765-b355-ad6c-kr-be44-d558-b3d9:region_tutor,/tutor/kr-b300-ad6c-kr-d765-b355-ad6c-kr-be44-d558-b3d9/region_tutor,HOLD,false,대구,484,false,C:\프로젝트\tutorplan\output\tutor\kr-b300-ad6c-kr-d765-b355-ad6c-kr-be44-d558-b3d9\region_tutor\index.html,False,HOLD_NO_FILE
candidate:tutor:kr-b300-c804-kr-b3d9-ad6c-kr-c2e0-cd0c-b3d9:region_tutor,/tutor/kr-b300-c804-kr-b3d9-ad6c-kr-c2e0-cd0c-b3d9/region_tutor,HOLD,false,대전,32,false,C:\프로젝트\tutorplan\output\tutor\kr-b300-c804-kr-b3d9-ad6c-kr-c2e0-cd0c-b3d9\region_tutor\index.html,False,HOLD_NO_FILE
